seed,sid,truth,scenario,pred,alert_class,top,latency_us
2026081401,41ce02d2-64ab-6f47-a862-879f530fe32f,0,benign_public,0,NoAlert,A_PUBLIC,64.104
2026081401,89589a72-e88c-8389-271a-837ec1ba1367,0,benign_login,0,NoAlert,A_AUTH,26.002
2026081401,c07a8fac-ae89-6080-b3d3-4e68b6fb96ed,0,benign_login,0,NoAlert,A_AUTH,11.501
2026081401,2ef6a603-4b1d-727f-3874-2be33915d50c,0,benign_status,0,NoAlert,A_STATUS,11.7
2026081401,db95b708-5378-891f-02c0-fe33c74ebf49,0,benign_public,0,NoAlert,A_PUBLIC,10.601
2026081401,bea4766a-a9df-0110-f5a6-e2ccdc197452,1,bruteforce,0,NoAlert,A_AUTH_FAIL_SINGLE,17.601
2026081401,216d1931-1e7c-ee3f-11f3-1fe00060c638,1,bruteforce,0,NoAlert,A_AUTH_FAIL_SINGLE,19.402
2026081401,076f740a-5700-0cb2-3bf7-8bd741d9329e,1,bruteforce,0,NoAlert,A_AUTH_FAIL_SINGLE,21.401
2026081401,534e86a7-d1e2-4457-407a-3d18f5c1b5d3,1,bruteforce,1,Violation,D_BRUTEFORCE,12.1
2026081401,26675da2-9ca6-1bf6-4dd3-769bfed7d996,1,bruteforce,1,Violation,D_BRUTEFORCE,10.0
2026081401,a1386286-cc41-b95d-75b0-9c65b201cd43,1,path_traversal,1,Violation,D_TRAVERSAL,7.101
2026081401,79bff895-b534-71e3-7d61-7bca6104725c,0,benign_status,0,NoAlert,A_STATUS,6.8
2026081401,db01a7a6-788f-ce76-cb05-98b0faf15f0f,0,benign_status,0,NoAlert,A_STATUS,6.501
2026081401,ec4b96e4-813f-bdb8-fab7-536decda1213,0,benign_status,0,NoAlert,A_STATUS,9.9
2026081401,743fa34c-f2da-ce93-5a72-da68b4f85d27,0,benign_login,0,NoAlert,A_AUTH,6.301
2026081401,70e6a0d2-0860-df19-051a-5c580f297a59,0,benign_public,0,NoAlert,A_PUBLIC,6.1
2026081401,54d15417-5b81-c80d-5687-9bd74b2ad467,0,benign_public,0,NoAlert,A_PUBLIC,5.801
2026081401,9dad4c9a-d54e-c4ed-72c9-17f83180a6e3,1,bruteforce,0,NoAlert,A_AUTH_FAIL_SINGLE,8.1
2026081401,a18ab21a-5647-f6ed-497a-b09832e8f539,1,bruteforce,0,NoAlert,A_AUTH_FAIL_SINGLE,8.101
2026081401,2407c035-b3b8-2aa3-e89e-0f9e26361d74,1,bruteforce,0,NoAlert,A_AUTH_FAIL_SINGLE,8.6
2026081401,7bd087cd-8ca1-06f2-7def-f019f0ebefa9,1,bruteforce,1,Violation,D_BRUTEFORCE,8.5
2026081401,bf4c3538-69d4-cb08-12d1-c231daf6322b,1,bruteforce,1,Violation,D_BRUTEFORCE,8.501
2026081401,160bd378-60d8-da55-bbfe-5bf68ef1d745,0,benign_login,0,NoAlert,A_AUTH,6.0
2026081401,436915cc-d54a-7daf-e539-ed18f34c3d13,0,benign_public,0,NoAlert,A_PUBLIC,5.901
2026081401,0cfd8bcb-83bf-d926-fa9b-a2a2a106e559,0,benign_status,0,NoAlert,A_STATUS,5.7
2026081401,a41d7d6d-6beb-759b-6ad9-f298c0802538,0,benign_status,0,NoAlert,A_STATUS,5.7
2026081401,38467720-b41c-45d6-b651-8916d3b327a1,0,benign_login,0,NoAlert,A_AUTH,6.101
2026081401,b52d776c-57c7-8b85-7217-6d150075f863,1,bruteforce,0,NoAlert,A_AUTH_FAIL_SINGLE,7.5
2026081401,ac25a983-ccfb-726c-0a1f-eb2f7151a611,1,bruteforce,0,NoAlert,A_AUTH_FAIL_SINGLE,7.601
2026081401,a0b91940-22f6-c13c-08a7-6e82ad63b75a,1,bruteforce,0,NoAlert,A_AUTH_FAIL_SINGLE,7.3
2026081401,0e0c304d-2201-66b4-1062-c6bf3593b95b,1,bruteforce,1,Violation,D_BRUTEFORCE,8.1
2026081401,def99d98-3812-826d-cd88-5ced11767c33,1,bruteforce,1,Violation,D_BRUTEFORCE,8.101
2026081401,8cfcb50e-61fe-f49c-b4f6-4538f0f30641,0,benign_login,0,NoAlert,A_AUTH,6.1
2026081401,b80077aa-e9c0-c2f4-4ba1-7fe5c14ff6cf,0,benign_public,0,NoAlert,A_PUBLIC,17.701
2026081401,8c6d0d68-11a8-65ad-49df-06c1205b5280,0,benign_public,0,NoAlert,A_PUBLIC,5.901
2026081401,077debbc-e229-ee86-e89c-3e77f346f33e,0,benign_status,0,NoAlert,A_STATUS,5.7
2026081401,5aec84c1-96aa-1ece-4307-6ea37dd6f074,0,benign_login,0,NoAlert,A_AUTH,5.801
2026081401,ad58bfa2-34e7-d2ff-4157-90eb94430cb0,0,benign_status,0,NoAlert,A_STATUS,7.8
2026081401,fdefe86d-7637-576b-fb61-fc82b5c3af03,0,benign_status,0,NoAlert,A_STATUS,5.901
2026081401,9fb7cf97-6286-dbd2-fa30-a670550fdfd6,0,benign_status,0,NoAlert,A_STATUS,6.0
2026081401,bf41e3d9-ca34-2865-0403-e0e7358ebb1b,0,benign_login,0,NoAlert,A_AUTH,6.4
2026081401,9777e7a1-642e-62ee-3412-ac35a3c1f0ef,1,bruteforce,0,NoAlert,A_AUTH_FAIL_SINGLE,8.9
2026081401,ef251eae-520d-ad98-3670-d55bcfe1e789,1,bruteforce,0,NoAlert,A_AUTH_FAIL_SINGLE,8.501
2026081401,daa9a670-462d-b73e-3d99-059191793430,1,bruteforce,0,NoAlert,A_AUTH_FAIL_SINGLE,7.7
2026081401,8aadced6-82f8-8e59-35a6-7e13792c4a36,1,bruteforce,1,Violation,D_BRUTEFORCE,8.401
2026081401,4544a2ef-bdfb-14d3-f793-b3010db02eed,1,bruteforce,1,Violation,D_BRUTEFORCE,9.901
2026081401,d99a2150-1a7e-9947-4bd5-1e601e536097,0,benign_status,0,NoAlert,A_STATUS,6.3
2026081401,ef052db6-0c9b-d880-49d7-a64b1bf7c135,0,benign_status,0,NoAlert,A_STATUS,5.9
2026081401,0f7cbed2-bcd4-8a40-2972-144a313ff83a,0,benign_login,0,NoAlert,A_AUTH,5.9
2026081401,69b66db0-1155-0a0d-d8fd-fa762d693458,0,benign_login,0,NoAlert,A_AUTH,5.9
2026081401,4aac0a3c-baa4-9b22-0bf5-42e3df8272d2,0,benign_login,0,NoAlert,A_AUTH,5.701
2026081401,6e0ca9ec-426d-4c92-9ea9-45a7b2b24c07,0,benign_status,0,NoAlert,A_STATUS,5.9
2026081401,acf65e05-47c6-01bf-f305-c8dfbae510fb,0,benign_login,0,NoAlert,A_AUTH,7.601
2026081401,7ed71be0-4453-9611-ab85-dcf0b1b4aa29,0,benign_login,0,NoAlert,A_AUTH,6.5
2026081401,777ba336-3a1f-158b-4290-c42d974d28a3,0,benign_status,0,NoAlert,A_STATUS,10.701
2026081401,f89e0b33-c4d8-a24a-b040-c1a5365328a9,0,benign_login,0,NoAlert,A_AUTH,8.301
2026081401,ec1ede45-c109-9735-8bb0-70bcaa1a87f8,0,benign_login,0,NoAlert,A_AUTH,6.3
2026081401,3ad77cbc-b828-f686-4cdc-852d2f150b75,0,benign_status,0,NoAlert,A_STATUS,5.701
2026081401,2f400882-7f50-a431-695b-88082faf9d08,1,bruteforce,0,NoAlert,A_AUTH_FAIL_SINGLE,8.8
2026081401,f6327eb4-d730-ee35-0573-b0fa3748f856,1,bruteforce,0,NoAlert,A_AUTH_FAIL_SINGLE,7.701
2026081401,1089d2f2-58c7-b10c-7e3b-3439bff5704c,1,bruteforce,0,NoAlert,A_AUTH_FAIL_SINGLE,7.8
2026081401,eba9d7e6-7e60-c76d-8b84-bdf31100b0be,1,bruteforce,1,Violation,D_BRUTEFORCE,8.401
2026081401,c9d7836a-c647-06e6-a417-24380ddf4ca1,1,bruteforce,1,Violation,D_BRUTEFORCE,8.3
2026081401,a1cee52d-4707-0911-cefa-b3bb1c7031eb,0,benign_status,0,NoAlert,A_STATUS,6.2
2026081401,38e96f25-00fc-44ae-b063-edafbcf241c3,0,benign_login,0,NoAlert,A_AUTH,6.4
2026081401,a961f42c-c251-e5a4-b16f-234fc84b6db9,0,benign_public,0,NoAlert,A_PUBLIC,6.0
2026081401,250383cc-ca9b-794d-2caf-5ec520f4f294,0,benign_login,0,NoAlert,A_AUTH,6.3
2026081401,db32c7fb-c1d1-f089-70f5-d7ab5ffef4e0,1,bruteforce,0,NoAlert,A_AUTH_FAIL_SINGLE,7.5
2026081401,40345044-8504-c0de-c282-e7826e66c36c,1,bruteforce,0,NoAlert,A_AUTH_FAIL_SINGLE,8.001
2026081401,349b00ad-be35-f48d-0765-db1cdc5ef426,1,bruteforce,0,NoAlert,A_AUTH_FAIL_SINGLE,7.6
2026081401,4184a1bb-93eb-ca1c-c13c-07af0e28b5dc,1,bruteforce,1,Violation,D_BRUTEFORCE,8.601
2026081401,59e479fe-a3d3-87ae-aa4b-702e52f36e02,1,bruteforce,1,Violation,D_BRUTEFORCE,8.5
2026081401,9a6ce277-19a4-9e95-9b67-9d37837fa1df,0,benign_login,0,NoAlert,A_AUTH,6.801
2026081401,b8154558-4c66-5797-f123-bd8fef4f0978,0,benign_public,0,NoAlert,A_PUBLIC,5.9
2026081401,1e12278f-77cf-4511-4a38-ffcdd53e107f,1,bruteforce,0,NoAlert,A_AUTH_FAIL_SINGLE,8.301
2026081401,2d2c04ab-f816-5806-c875-4ee8d76f72ab,1,bruteforce,0,NoAlert,A_AUTH_FAIL_SINGLE,7.3
2026081401,96108fa7-8a22-c160-7651-80757d0e4532,1,bruteforce,0,NoAlert,A_AUTH_FAIL_SINGLE,7.801
2026081401,c9616dd8-f49d-66ac-ea8c-a71ea4c02110,1,bruteforce,1,Violation,D_BRUTEFORCE,8.301
2026081401,3ba41ba1-fe6d-8888-4bc6-876148704d96,1,bruteforce,1,Violation,D_BRUTEFORCE,8.4
2026081401,aa958d3b-7308-3ef9-7a64-c246e9ad9021,0,benign_login,0,NoAlert,A_AUTH,6.001
2026081401,c1f740e6-5079-3512-d5ac-34b3cea61b5e,0,benign_login,0,NoAlert,A_AUTH,6.4
2026081401,821a55c0-cba8-d51a-6701-4783b80b619e,1,command_probe,1,Violation,D_COMMAND,6.501
2026081401,4b3c5a2b-b1eb-86d3-0867-7f481c486746,1,bruteforce,0,NoAlert,A_AUTH_FAIL_SINGLE,7.7
2026081401,1735882c-a65a-25a8-5ef2-713a7cb22b90,1,bruteforce,0,NoAlert,A_AUTH_FAIL_SINGLE,7.501
2026081401,f56a6120-c564-8d90-22de-79722afc9b3c,1,bruteforce,0,NoAlert,A_AUTH_FAIL_SINGLE,7.4
2026081401,07482bb0-3f68-448f-88f6-5a9ee33d1ee3,1,bruteforce,1,Violation,D_BRUTEFORCE,8.401
2026081401,2e20ac21-bc2f-4337-aa5a-926ead285f35,1,bruteforce,1,Violation,D_BRUTEFORCE,8.3
2026081401,507405b9-6446-9422-e92b-b5f4387e9173,0,benign_login,0,NoAlert,A_AUTH,5.9
2026081401,82f4e802-3a63-1ef0-cddd-f4ff16fcbe60,0,benign_login,0,NoAlert,A_AUTH,5.9
2026081401,1492706d-62e8-00c1-b81a-b61e43a6894a,1,bruteforce,0,NoAlert,A_AUTH_FAIL_SINGLE,7.501
2026081401,816a981a-9a96-28b9-4e08-e8051f46afdb,1,bruteforce,0,NoAlert,A_AUTH_FAIL_SINGLE,7.2
2026081401,fa86d464-25b5-c57a-016a-ce1968c16ae4,1,bruteforce,0,NoAlert,A_AUTH_FAIL_SINGLE,8.001
2026081401,a2dac5e6-985c-5c16-8559-5602683af9aa,1,bruteforce,1,Violation,D_BRUTEFORCE,8.401
2026081401,466a7638-a11b-acaa-cecc-b3b089e18893,1,bruteforce,1,Violation,D_BRUTEFORCE,9.0
2026081401,943bd1f8-6d82-2bf7-a332-cc882a562581,0,benign_login,0,NoAlert,A_AUTH,6.201
2026081401,44e7e391-3717-1171-05bf-61764a35bc42,0,benign_login,0,NoAlert,A_AUTH,5.7
2026081401,efa466b6-8275-bed8-dd96-80e90bbb85a3,1,admin_probe,1,Violation,D_ADMIN,7.801
2026081401,a74c58fe-a349-59eb-ca34-ba7115c98e12,0,benign_public,0,NoAlert,A_PUBLIC,6.1
2026081401,5be5af5d-8f50-dcfe-c710-d1072edbd1f7,0,benign_login,0,NoAlert,A_AUTH,6.101
2026081401,19ebb8e0-d9aa-8278-dc87-65a50e40165e,0,benign_public,0,NoAlert,A_PUBLIC,6.4
2026081401,4a0b1476-ee19-e25d-137d-b2ae8b2cf0a2,0,benign_login,0,NoAlert,A_AUTH,6.201
2026081401,3e7f068d-3bf3-0a77-c2f1-03824b63311a,0,benign_public,0,NoAlert,A_PUBLIC,6.0
2026081401,7f39a798-e6ed-0eec-a85a-b09ba0b758e1,0,benign_status,0,NoAlert,A_STATUS,6.1
2026081401,a769df82-6a9d-3e4b-37c9-18af977abdf1,0,benign_public,0,NoAlert,A_PUBLIC,5.6
2026081401,8d3b8aef-630b-cb9e-49d5-f1a2d6251c78,0,benign_public,0,NoAlert,A_PUBLIC,5.6
2026081401,6766fc61-bea6-fc6d-2273-3726e3ff1635,0,benign_status,0,NoAlert,A_STATUS,6.701
2026081401,15f2bf6d-c5ca-cad2-ae47-0805b59733fd,0,benign_status,0,NoAlert,A_STATUS,5.9
2026081401,38a82763-c828-c378-6e3e-011a55391abd,1,bruteforce,0,NoAlert,A_AUTH_FAIL_SINGLE,7.901
2026081401,f77a6346-e65f-8b80-6b4a-bfe9eae7b989,1,bruteforce,0,NoAlert,A_AUTH_FAIL_SINGLE,7.6
2026081401,26b03cee-6717-56fb-edca-c5db9b93de67,1,bruteforce,0,NoAlert,A_AUTH_FAIL_SINGLE,7.501
2026081401,5ed9d5a3-52f6-2695-5bcf-4d6fe6f1fe37,1,bruteforce,1,Violation,D_BRUTEFORCE,8.501
2026081401,525526f8-0fbc-873b-604f-430fafe755ef,1,bruteforce,1,Violation,D_BRUTEFORCE,8.7
2026081401,38280dc0-7be7-05e9-ebea-579004fc8cac,0,benign_status,0,NoAlert,A_STATUS,6.401
2026081401,46cb01d6-abbb-e33d-cc0c-c008fc9e0966,0,benign_login,0,NoAlert,A_AUTH,6.3
2026081401,0cab531c-2a59-9dfe-9f44-b523bce47233,1,bruteforce,0,NoAlert,A_AUTH_FAIL_SINGLE,7.601
2026081401,f4858c9d-bbb5-6954-974f-27befd4467b6,1,bruteforce,0,NoAlert,A_AUTH_FAIL_SINGLE,7.9
2026081401,dc7107e5-db71-d065-7cdd-daf7dc21a626,1,bruteforce,0,NoAlert,A_AUTH_FAIL_SINGLE,7.601
2026081401,899dd87b-1897-a267-a0e1-d174636d5bf6,1,bruteforce,1,Violation,D_BRUTEFORCE,8.4
2026081401,9f439d85-8e56-7faa-d306-d92e969f0fdf,1,bruteforce,1,Violation,D_BRUTEFORCE,8.301
2026081401,995aad65-3078-4565-1800-f03c5d703816,0,benign_public,0,NoAlert,A_PUBLIC,6.0
2026081401,2efa23e7-2b5f-deb9-0479-01c0f7d9bd4e,1,path_traversal,1,Violation,D_TRAVERSAL,6.601
2026081401,eb2df694-f23a-ab75-6414-0966c5412889,0,benign_login,0,NoAlert,A_AUTH,5.9
2026081401,08638deb-9ed9-07eb-1bfa-5799527050ec,0,benign_login,0,NoAlert,A_AUTH,6.001
2026081401,41ebc486-2fe1-3bb6-59e7-b2b4fe082f0a,0,benign_public,0,NoAlert,A_PUBLIC,6.1
2026081401,37bf0e59-5847-8ba3-f11f-8452926f90bf,0,benign_login,0,NoAlert,A_AUTH,5.801
2026081401,759d83aa-b029-412e-09bf-1888b9c54758,0,benign_status,0,NoAlert,A_STATUS,6.7
2026081401,484a8704-68f5-1a2f-35b3-142921246b4d,0,benign_public,0,NoAlert,A_PUBLIC,9.401
2026081401,a84c9fd6-89b0-10bd-08b4-47442b52277f,0,benign_login,0,NoAlert,A_AUTH,9.0
2026081401,1a68e79a-7681-14d7-e6c1-ea6f1f9b964d,0,benign_login,0,NoAlert,A_AUTH,9.7
2026081401,4fe87fb6-f896-e246-1d91-b561d85b6d08,0,benign_login,0,NoAlert,A_AUTH,8.601
2026081401,a0df75c8-0e25-c52b-54fa-3353258331eb,0,benign_status,0,NoAlert,A_STATUS,9.301
2026081401,c5d6150d-ee31-39d3-06e9-4bcbd83b7769,0,benign_status,0,NoAlert,A_STATUS,9.7
2026081401,b3222265-4c8c-a1a8-0ecb-bfadee056e50,0,benign_public,0,NoAlert,A_PUBLIC,102.407
2026081401,ef4ed77a-0bf3-a7dc-e9ce-54809173d0c1,0,benign_status,0,NoAlert,A_STATUS,67.004
2026081401,9652b380-d1d2-0f2c-5664-a4c021d5ac5b,1,command_probe,1,Violation,D_COMMAND,15.501
2026081401,939e40cf-496d-d458-f564-0a35674ccdc5,0,benign_public,0,NoAlert,A_PUBLIC,10.901
2026081401,d9c41ebc-47d7-ad69-c859-8ea147500f56,0,benign_login,0,NoAlert,A_AUTH,8.801
2026081401,adcb4026-0d94-fbe2-848e-b1614df30eb1,0,benign_public,0,NoAlert,A_PUBLIC,6.5
2026081401,0480b300-4c1c-614c-f633-38b417cb2fbe,0,benign_status,0,NoAlert,A_STATUS,6.101
2026081401,cbdc0ca0-9ba9-1147-34d3-10579dfaa1d5,0,benign_status,0,NoAlert,A_STATUS,6.0
2026081401,26b5ab5d-ac02-1470-8ae6-dcf670c7490e,0,benign_public,0,NoAlert,A_PUBLIC,21.401
2026081401,2e640d22-cb4f-e1d2-c327-d8ca3670c441,0,benign_public,0,NoAlert,A_PUBLIC,26.701
2026081401,dd5dba20-a0b3-ff6f-875a-738f93fb782c,0,benign_login,0,NoAlert,A_AUTH,6.201
2026081401,2f610e51-00ed-b242-47b6-f8a16c907c91,0,benign_public,0,NoAlert,A_PUBLIC,6.0
2026081401,880d153c-6461-4515-b340-c710a5492e37,0,benign_status,0,NoAlert,A_STATUS,6.001
2026081401,49b31d8c-dc52-c2fb-5adb-4ed7d2fd5249,0,benign_login,0,NoAlert,A_AUTH,5.7
2026081401,88f394d1-bdf3-6f63-32cc-7e6f3a041247,0,benign_status,0,NoAlert,A_STATUS,21.801
2026081401,4abf15aa-b546-205e-34ea-b37e5fab3f2e,1,admin_probe,1,Violation,D_ADMIN,6.501
2026081401,5a258214-e8e3-4a02-f140-ade05ff48ceb,1,path_traversal,1,Violation,D_TRAVERSAL,5.8
2026081401,66f87b5f-7614-18f7-450c-686cc3fd2fee,0,benign_login,0,NoAlert,A_AUTH,5.7
2026081401,1732973c-780b-bb19-f8b7-41bcf765d380,1,admin_probe,1,Violation,D_ADMIN,6.0
2026081401,f68ec9af-a0b7-4474-a423-49847beb9126,0,benign_public,0,NoAlert,A_PUBLIC,6.801
2026081401,e9d33d87-5694-02a8-b150-b5bbc44acfb3,0,benign_status,0,NoAlert,A_STATUS,5.6
2026081401,7a491c51-0541-b054-3709-ec75b494edb6,0,benign_public,0,NoAlert,A_PUBLIC,5.601
2026081401,03ff85a3-7239-4cc0-c209-7383887330e0,0,benign_login,0,NoAlert,A_AUTH,5.8
2026081401,bfbf06b7-e77b-7131-bfe3-3803053dfa7b,1,bruteforce,0,NoAlert,A_AUTH_FAIL_SINGLE,10.901
2026081401,2e169cd9-21bb-410d-c2f0-9c6701232006,1,bruteforce,0,NoAlert,A_AUTH_FAIL_SINGLE,8.1
2026081401,4cf101f2-be9d-aaa5-f14a-73d374ef3c17,1,bruteforce,0,NoAlert,A_AUTH_FAIL_SINGLE,7.701
2026081401,3d2395cc-0343-a29e-69a8-c2b127e45ee6,1,bruteforce,1,Violation,D_BRUTEFORCE,9.201
2026081401,f9ea5e7b-c313-76e5-be8b-b4bab5ec35bc,1,bruteforce,1,Violation,D_BRUTEFORCE,8.6
2026081401,60736350-9717-2694-e712-ff070ab46705,0,benign_login,0,NoAlert,A_AUTH,23.002
2026081401,6e5a6aba-c071-c115-ada5-969ccd3a1b31,0,benign_login,0,NoAlert,A_AUTH,6.1
2026081401,5f5bdcc5-3e78-3c6c-b5af-0c08167cdd1f,0,benign_public,0,NoAlert,A_PUBLIC,5.601
2026081401,db84611a-eb52-d7ee-bd23-e7a4e229b61c,1,bruteforce,0,NoAlert,A_AUTH_FAIL_SINGLE,7.6
2026081401,49b16bc3-5a9e-286c-7eb4-43b72c706928,1,bruteforce,0,NoAlert,A_AUTH_FAIL_SINGLE,7.701
2026081401,964319e6-8374-9c29-a4eb-53ae127dc157,1,bruteforce,0,NoAlert,A_AUTH_FAIL_SINGLE,19.301
2026081401,c37eae7f-d738-5b62-b2d1-263e66eb081f,1,bruteforce,1,Violation,D_BRUTEFORCE,8.501
2026081401,9fea1409-d6b7-4693-776b-fe2c407fbcca,1,bruteforce,1,Violation,D_BRUTEFORCE,8.2
2026081401,8f69c38c-6082-2ad8-37ab-5911934d952c,0,benign_status,0,NoAlert,A_STATUS,6.001
2026081401,94c39177-c4c9-2de0-af26-9dfeaeaf6bfa,0,benign_login,0,NoAlert,A_AUTH,5.6
2026081401,afc22748-c460-b240-d27d-7c7b74bbc041,0,benign_status,0,NoAlert,A_STATUS,5.7
2026081401,fa7967a9-97b4-a27a-e377-3ad4487a15a6,0,benign_login,0,NoAlert,A_AUTH,5.701
2026081401,7dd8b102-2662-3742-d269-7473f933bf70,0,benign_public,0,NoAlert,A_PUBLIC,5.6
2026081401,eeae489b-d013-75ae-3c72-9746820e6a18,1,admin_probe,1,Violation,D_ADMIN,6.201
2026081401,3f7822c0-76d4-f7c1-204a-fd9329971e4e,0,benign_status,0,NoAlert,A_STATUS,5.8
2026081401,ddfa263e-2e9a-b298-f92b-25e44b41a654,1,bruteforce,0,NoAlert,A_AUTH_FAIL_SINGLE,7.601
2026081401,b8106b11-5ba6-cc0e-8887-7abb0974e3cb,1,bruteforce,0,NoAlert,A_AUTH_FAIL_SINGLE,9.5
2026081401,26b34430-486b-3854-eb47-0fab7eea214b,1,bruteforce,0,NoAlert,A_AUTH_FAIL_SINGLE,7.601
2026081401,215e81c6-2b8b-308f-fe2d-4726ef5bca71,1,bruteforce,1,Violation,D_BRUTEFORCE,8.2
2026081401,9869413f-f39e-de54-c601-23583da1853a,1,bruteforce,1,Violation,D_BRUTEFORCE,8.3
2026081401,2974cf63-4211-bb12-0857-fdd03f23683b,1,admin_probe,1,Violation,D_ADMIN,6.101
2026081401,2189b0a2-d92d-cfc1-e3d6-6f58e22ab470,0,benign_status,0,NoAlert,A_STATUS,5.9
2026081401,3db4e022-f4d6-4c93-374f-a03b3789dd21,0,benign_status,0,NoAlert,A_STATUS,5.9
2026081401,452290fb-ca66-8b5a-296d-d97ca32704ca,1,bruteforce,0,NoAlert,A_AUTH_FAIL_SINGLE,7.301
2026081401,5c6493a3-7259-9b1e-b1a2-5cc8784fc493,1,bruteforce,0,NoAlert,A_AUTH_FAIL_SINGLE,7.5
2026081401,4dc16323-26da-daba-edb0-e715c3b5e75a,1,bruteforce,0,NoAlert,A_AUTH_FAIL_SINGLE,7.301
2026081401,4c11a812-8f2e-e541-8004-af9c502dea5c,1,bruteforce,1,Violation,D_BRUTEFORCE,8.101
2026081401,87287125-7091-8b92-c08f-7fde21752044,1,bruteforce,1,Violation,D_BRUTEFORCE,8.1
2026081401,30be0758-5bfb-f77e-875d-6b96488aa6da,0,benign_public,0,NoAlert,A_PUBLIC,5.901
2026081401,2d454ebd-2b5d-6c91-3f15-c87422aa5102,0,benign_login,0,NoAlert,A_AUTH,5.6
2026081401,91facf92-4a6a-58f9-2724-2e34df24ac71,0,benign_status,0,NoAlert,A_STATUS,5.6
2026081401,e97eecf8-bba8-b5de-37d1-52ee8e1813ec,0,benign_status,0,NoAlert,A_STATUS,5.501
2026081401,4b7f3e34-6c53-dfff-45b6-6b101ab32a0a,0,benign_login,0,NoAlert,A_AUTH,5.6
2026081401,169abf1c-bdef-75d3-73fe-3f32341dfc64,0,benign_login,0,NoAlert,A_AUTH,5.501
2026081401,e57571e8-ad89-7f5a-4ab1-d341a0cf99dc,0,benign_status,0,NoAlert,A_STATUS,5.6
2026081401,305cce67-1300-9954-1d9b-10db74be81c3,1,path_traversal,1,Violation,D_TRAVERSAL,5.8
2026081401,5e527f9b-cb9a-987a-e83f-63154fdc0ad3,0,benign_status,0,NoAlert,A_STATUS,5.601
2026081401,153709ef-c8ca-603c-1804-5f7df38b33c3,0,benign_public,0,NoAlert,A_PUBLIC,5.6
2026081401,1c12c0f0-6817-0c8e-5e0d-97e48bf287dc,0,benign_login,0,NoAlert,A_AUTH,5.301
2026081401,881fd36a-75fc-7bf3-1cdb-c99dfc605888,0,benign_public,0,NoAlert,A_PUBLIC,5.5
2026081401,df858b21-9b4c-3f98-da87-ddb8d6730bc1,0,benign_public,0,NoAlert,A_PUBLIC,5.7
2026081401,8989c82a-c240-65d6-4e55-f1e51a803baa,0,benign_login,0,NoAlert,A_AUTH,5.7
2026081401,921380b5-09b5-9c27-25a8-8a082f827dfc,0,benign_public,0,NoAlert,A_PUBLIC,5.4
2026081401,88b40d5c-0566-8eea-7133-7b2bad3b39f9,0,benign_public,0,NoAlert,A_PUBLIC,5.501
2026081401,9777ad4f-476f-5a12-4782-fd8d3a2311fa,0,benign_login,0,NoAlert,A_AUTH,5.6
2026081401,a1cf4024-f87b-5624-356f-d06a96d0da9d,0,benign_login,0,NoAlert,A_AUTH,5.5
2026081401,09c6d5fc-8ebd-a799-786f-68690027b021,0,benign_status,0,NoAlert,A_STATUS,5.5
2026081401,b3097103-70c1-84a7-57be-63d24ace1d56,1,bruteforce,0,NoAlert,A_AUTH_FAIL_SINGLE,7.7
2026081401,eed087cf-1efe-1744-04a0-1bda92deeab2,1,bruteforce,0,NoAlert,A_AUTH_FAIL_SINGLE,7.201
2026081401,2781a8cf-f892-5816-75e3-d6a152ccbfdf,1,bruteforce,0,NoAlert,A_AUTH_FAIL_SINGLE,7.3
2026081401,272aa50c-440a-6992-aa91-7c88eb759e6d,1,bruteforce,1,Violation,D_BRUTEFORCE,8.201
2026081401,c2fc594b-cee5-a052-abe2-91cd7dae3763,1,bruteforce,1,Violation,D_BRUTEFORCE,8.301
2026081401,11bea277-8f92-a711-4b83-7f05ea2d49be,0,benign_status,0,NoAlert,A_STATUS,5.8
2026081401,3897183e-7777-b3fd-fcc2-7f52ef9a3d79,0,benign_public,0,NoAlert,A_PUBLIC,6.1
2026081401,373036ba-1e0b-cda9-db33-6a21a3eaf3f4,0,benign_status,0,NoAlert,A_STATUS,5.8
2026081401,fb472fcf-6f85-6519-c83b-d4af785b3200,0,benign_public,0,NoAlert,A_PUBLIC,5.6
2026081401,48e2516d-5365-4c85-fda3-e3dfd046c8b5,0,benign_login,0,NoAlert,A_AUTH,27.102
2026081401,178c5e08-8c0e-300b-450d-9773960567f3,0,benign_public,0,NoAlert,A_PUBLIC,5.7
2026081401,0589fea8-d978-3b47-f249-a03ae2ffee3c,0,benign_public,0,NoAlert,A_PUBLIC,5.9
2026081401,8c4b9f12-df85-b2f3-c81a-1cb51a238ab7,0,benign_public,0,NoAlert,A_PUBLIC,5.6
2026081401,db6e2070-7e25-9c08-12f9-e3415c95a2a1,0,benign_public,0,NoAlert,A_PUBLIC,5.601
2026081401,b7239f2a-64ee-865b-f53c-364461e89c27,1,bruteforce,0,NoAlert,A_AUTH_FAIL_SINGLE,21.701
2026081401,29ed1c7a-f3f1-0227-1521-949be445b6b1,1,bruteforce,0,NoAlert,A_AUTH_FAIL_SINGLE,8.201
2026081401,bbde05e6-8ef9-43e3-7423-79ebe0849b4c,1,bruteforce,0,NoAlert,A_AUTH_FAIL_SINGLE,7.5
2026081401,334f06d2-be80-e224-5bd3-bff0aae6bfe9,1,bruteforce,1,Violation,D_BRUTEFORCE,8.801
2026081401,290279f0-e176-3b44-83c2-bc021215f851,1,bruteforce,1,Violation,D_BRUTEFORCE,8.7
2026081401,b714d255-ddff-bd5c-a58b-d94abedd65a0,0,benign_status,0,NoAlert,A_STATUS,6.1
2026081401,8c6f4065-4a6d-9981-9f4e-ae7722ebf3a2,0,benign_public,0,NoAlert,A_PUBLIC,5.9
2026081401,161a9b1f-602b-ab18-2c3c-8b4acc6919d2,0,benign_status,0,NoAlert,A_STATUS,6.001
2026081401,e409e63e-9de1-b59e-b2b1-3d90a7e39dbe,0,benign_status,0,NoAlert,A_STATUS,6.1
2026081401,21e7d708-6d69-670e-807b-a32aff117dbc,0,benign_status,0,NoAlert,A_STATUS,5.401
2026081401,6aec880d-cdad-a87f-8b81-ff114325ed67,0,benign_login,0,NoAlert,A_AUTH,5.6
2026081401,9e6dc140-1cf3-67c1-f358-11305f85fdc3,0,benign_status,0,NoAlert,A_STATUS,5.5
2026081401,449b7b3a-e338-0b28-017a-d437f7bc5755,0,benign_login,0,NoAlert,A_AUTH,5.8
2026081401,a26dfe90-2979-e23b-3824-373f66152288,1,bruteforce,0,NoAlert,A_AUTH_FAIL_SINGLE,7.6
2026081401,5314a6a6-076a-0d2a-bb24-3fc6acb4dae9,1,bruteforce,0,NoAlert,A_AUTH_FAIL_SINGLE,7.801
2026081401,3f024014-277d-3617-7636-4543e8a3b6e8,1,bruteforce,0,NoAlert,A_AUTH_FAIL_SINGLE,7.401
2026081401,299a9802-d738-7a41-d603-25d092d029b2,1,bruteforce,1,Violation,D_BRUTEFORCE,8.0
2026081401,eab79893-c450-58d5-07ea-bf8f2f4ef816,1,bruteforce,1,Violation,D_BRUTEFORCE,8.101
2026081401,6fbe0bfb-6b81-d8c7-f4e8-cf0d7e572a21,0,benign_public,0,NoAlert,A_PUBLIC,5.7
2026081401,2b771711-27f6-3932-a77a-77f87f4f72c0,0,benign_public,0,NoAlert,A_PUBLIC,5.5
2026081401,de39a9ce-b530-fe1b-9330-866158ccc7c8,1,bruteforce,0,NoAlert,A_AUTH_FAIL_SINGLE,7.001
2026081401,aff275ab-9880-5bd3-d3cf-a78b5f94b1a1,1,bruteforce,0,NoAlert,A_AUTH_FAIL_SINGLE,7.3
2026081401,f671892f-c015-ade6-df5b-9ee76eb590ce,1,bruteforce,0,NoAlert,A_AUTH_FAIL_SINGLE,7.201
2026081401,2fd8fa57-4588-b392-7ad4-bbfac2954ed0,1,bruteforce,1,Violation,D_BRUTEFORCE,7.901
2026081401,2316f118-f384-d98a-01ad-c90c5ccb0716,1,bruteforce,1,Violation,D_BRUTEFORCE,8.1
2026081401,3109fecc-0ccc-23f5-e980-d8a167c785ca,0,benign_public,0,NoAlert,A_PUBLIC,5.7
2026081401,728c2c32-3d4f-c6a9-58a3-100655ac37d5,0,benign_public,0,NoAlert,A_PUBLIC,5.7
2026081401,b7743991-fd7a-dd6a-f897-d41a28b2f073,0,benign_public,0,NoAlert,A_PUBLIC,5.6
2026081401,c3802927-8adb-8320-9a3d-bad72421d042,0,benign_public,0,NoAlert,A_PUBLIC,5.501
2026081401,96702d7e-ba00-479d-ff7d-7ceb65d87dcb,1,admin_probe,1,Violation,D_ADMIN,6.0
2026081401,775dde2c-17c6-a84a-78af-6de06cceefb8,0,benign_login,0,NoAlert,A_AUTH,5.501
2026081401,b2c84f67-223a-3572-0a48-8847897c9058,0,benign_status,0,NoAlert,A_STATUS,5.5
2026081401,71e175ee-0b5a-f728-50f4-9543cb8b69fb,1,bruteforce,0,NoAlert,A_AUTH_FAIL_SINGLE,7.6
2026081401,85cc21c4-51fe-fdad-3dc9-9e68655f8474,1,bruteforce,0,NoAlert,A_AUTH_FAIL_SINGLE,7.6
2026081401,cee7299c-8bdb-a819-81c3-b5ab33eed4d2,1,bruteforce,0,NoAlert,A_AUTH_FAIL_SINGLE,7.201
2026081401,13e714fd-e517-c98e-eb27-03fa332fc22e,1,bruteforce,1,Violation,D_BRUTEFORCE,8.1
2026081401,3c80836e-3465-7586-bbb4-32cf789a5fcd,1,bruteforce,1,Violation,D_BRUTEFORCE,8.101
2026081401,2486ec80-e30a-f4e5-dd03-c8da5f83aaa1,0,benign_status,0,NoAlert,A_STATUS,6.0
2026081401,96dc046b-a341-622d-45f7-87b0cd10455f,1,path_traversal,1,Violation,D_TRAVERSAL,6.001
2026081401,6e08b8e6-eab1-447f-2810-bbee8f5067d8,0,benign_public,0,NoAlert,A_PUBLIC,5.6
2026081401,303a2b29-4eba-ddb4-bf47-80784f6faddf,1,admin_probe,1,Violation,D_ADMIN,5.9
2026081401,7e742c53-bf2b-1c98-d800-746ebeee5f1b,0,benign_public,0,NoAlert,A_PUBLIC,5.601
2026081401,38b1382e-d97d-c47c-e599-c548d41bde4b,0,benign_public,0,NoAlert,A_PUBLIC,5.8
2026081401,cd3b8a40-ac59-4f2d-bea1-6429f66e5c51,0,benign_login,0,NoAlert,A_AUTH,5.801
2026081401,b8157bdc-84f6-3bbd-7371-cbcb2d7ecd63,0,benign_public,0,NoAlert,A_PUBLIC,5.7
2026081401,19c733e8-5ae5-7727-b313-3f612ea07331,0,benign_login,0,NoAlert,A_AUTH,5.5
2026081401,912f5271-62d4-9557-07e9-bb2b9b4ebb8e,0,benign_public,0,NoAlert,A_PUBLIC,5.901
2026081401,a23ca17a-c753-8078-5de0-11356114e24d,0,benign_status,0,NoAlert,A_STATUS,5.6
2026081401,9de16f8a-a70a-87d7-c540-2d76a212455d,0,benign_status,0,NoAlert,A_STATUS,5.701
2026081401,0884c024-b030-a1a5-dc6f-4c4e37d17d00,0,benign_login,0,NoAlert,A_AUTH,5.6
2026081401,9dc6fbe1-d712-58a6-e383-839a59702507,0,benign_login,0,NoAlert,A_AUTH,5.4
2026081401,78065778-db98-b1e7-e9e1-83c4555709bc,0,benign_public,0,NoAlert,A_PUBLIC,5.6
2026081401,d479b82e-0211-5db9-c23e-520e51e10565,0,benign_login,0,NoAlert,A_AUTH,5.8
2026081401,22a939fe-6da2-29a0-f76c-f9fb64b58be5,0,benign_status,0,NoAlert,A_STATUS,5.701
2026081401,fe18c76e-0698-8298-2c08-a563b1f478c1,0,benign_login,0,NoAlert,A_AUTH,5.7
2026081401,c5036bd0-ac63-2166-cf29-861e822577fb,0,benign_status,0,NoAlert,A_STATUS,5.501
2026081401,03137972-97f9-5d95-ef1d-4fea031238bc,0,benign_status,0,NoAlert,A_STATUS,5.5
2026081401,aca935af-7be7-c365-dadd-9c2032ac9e39,0,benign_status,0,NoAlert,A_STATUS,5.5
2026081401,1773e26c-082f-eade-add2-0d6ffd79d65b,0,benign_login,0,NoAlert,A_AUTH,5.701
2026081401,167a850f-0d3f-06d8-1f1c-12e9c7fa8e48,1,path_traversal,1,Violation,D_TRAVERSAL,5.7
2026081401,d9789ec8-44cf-f348-c473-f5f6dfa05dd8,0,benign_public,0,NoAlert,A_PUBLIC,5.601
2026081401,2801a30b-65ee-d457-1a3e-9ed30199df2a,0,benign_status,0,NoAlert,A_STATUS,5.5
2026081401,94b7acf4-e459-2098-714d-1e3a6347e9e5,0,benign_status,0,NoAlert,A_STATUS,5.6
2026081401,885ecc7e-036a-f9b5-17cf-877842855894,0,benign_status,0,NoAlert,A_STATUS,5.601
2026081401,7ed9edb8-9d35-bf9f-2523-5b9e74f06bb1,0,benign_status,0,NoAlert,A_STATUS,5.4
2026081401,f0672fda-d808-c411-621b-f514278a1d43,0,benign_status,0,NoAlert,A_STATUS,5.301
2026081401,55bacd3e-4137-e9bc-135c-2e6aec0bba57,0,benign_status,0,NoAlert,A_STATUS,5.4
2026081401,731ab3dc-d123-e62d-2e6c-cec04f170a97,0,benign_status,0,NoAlert,A_STATUS,5.4
2026081401,edd5b870-0eec-98bb-77cf-b192c2b2981b,0,benign_status,0,NoAlert,A_STATUS,5.301
2026081401,3dfd5ea6-fabe-3e17-0733-c6043ebfaf80,0,benign_status,0,NoAlert,A_STATUS,5.4
2026081401,320b0288-bf80-2343-670d-540863f4b49c,0,benign_public,0,NoAlert,A_PUBLIC,8.301
2026081401,b4746f09-c3de-b10a-57cb-6db4fefa6137,0,benign_public,0,NoAlert,A_PUBLIC,5.7
2026081401,ba5024fc-dd53-ff37-612d-d392b1e897ec,0,benign_public,0,NoAlert,A_PUBLIC,5.6
2026081401,b95c7722-9e86-1e67-3fdc-b2607b00c70d,1,command_probe,1,Violation,D_COMMAND,5.7
2026081401,c0e00bf8-6c0c-c482-1c11-fc94e29e1f4d,1,admin_probe,1,Violation,D_ADMIN,6.0
2026081401,072a2dad-d282-cfcb-8ef4-9d2feb6232d3,0,benign_status,0,NoAlert,A_STATUS,5.401
2026081401,954efcff-8006-ec67-773f-90353dcba06d,0,benign_public,0,NoAlert,A_PUBLIC,5.5
2026081401,7092e960-c770-767d-ced1-763fed4d5902,0,benign_status,0,NoAlert,A_STATUS,5.5
2026081401,82899f94-3e06-5df4-5550-e73cefcf5028,0,benign_public,0,NoAlert,A_PUBLIC,5.5
2026081402,4e1d34ef-c45a-2e5f-cc25-3ce3aeee1936,1,bruteforce,0,NoAlert,A_AUTH_FAIL_SINGLE,38.402
2026081402,8541223d-880e-fc2d-3500-cbeb94200727,1,bruteforce,0,NoAlert,A_AUTH_FAIL_SINGLE,11.701
2026081402,7351166c-0a59-955b-a446-eb04b5843eb0,1,bruteforce,0,NoAlert,A_AUTH_FAIL_SINGLE,9.201
2026081402,0c91fcdb-b807-d361-a0af-e8f7d91c393f,1,bruteforce,1,Violation,D_BRUTEFORCE,9.5
2026081402,f05adf73-0cd6-36e6-ac78-667b8925d43f,1,bruteforce,1,Violation,D_BRUTEFORCE,9.5
2026081402,3d53f074-af4c-78e4-85e4-191fe8872f38,1,command_probe,1,Violation,D_COMMAND,8.201
2026081402,0749ee11-1c02-dd6f-7383-52021a6b4774,0,benign_status,0,NoAlert,A_STATUS,6.9
2026081402,ac74d634-77d2-6b75-3fa1-3786abc8eb34,0,benign_login,0,NoAlert,A_AUTH,6.401
2026081402,703fcc99-f0fb-a22e-53fb-51148b2bd79d,0,benign_public,0,NoAlert,A_PUBLIC,6.1
2026081402,29f5f023-2057-f16b-658b-de9853287546,0,benign_login,0,NoAlert,A_AUTH,6.301
2026081402,8fe5e8ae-24f1-4586-1803-878b0fc44f03,1,admin_probe,1,Violation,D_ADMIN,6.1
2026081402,64a8c7c7-4a3f-f504-4759-0aabd8af67a7,0,benign_status,0,NoAlert,A_STATUS,6.301
2026081402,d4dac450-0e84-fc56-dbd1-acef05fd4641,0,benign_status,0,NoAlert,A_STATUS,6.1
2026081402,a6745c7c-b3ba-7249-90cd-9480d06e1efd,0,benign_login,0,NoAlert,A_AUTH,5.8
2026081402,2ae9c5ca-ba45-15ab-7da0-4009cf2bec0c,0,benign_public,0,NoAlert,A_PUBLIC,5.801
2026081402,5696f5f3-1c49-b841-7934-11ea0d2e9114,0,benign_public,0,NoAlert,A_PUBLIC,5.7
2026081402,ad04e430-d6a3-3dea-a52b-d4986340676f,0,benign_public,0,NoAlert,A_PUBLIC,5.701
2026081402,6159b9e9-02da-139a-803d-be7f2cf0c180,0,benign_public,0,NoAlert,A_PUBLIC,5.7
2026081402,7f2414b7-aced-5ca5-5169-5ce4d6f10bc1,0,benign_public,0,NoAlert,A_PUBLIC,5.5
2026081402,d241ced3-d23e-db00-1ef0-fa452246f4cb,0,benign_status,0,NoAlert,A_STATUS,5.9
2026081402,82e7d447-d8ec-c9af-f532-7e7d35c629db,0,benign_login,0,NoAlert,A_AUTH,5.8
2026081402,39f09a28-79be-6ca8-ed7c-bebc9e728551,0,benign_status,0,NoAlert,A_STATUS,5.601
2026081402,05bff5d2-fdc3-f3cb-8d2c-18c8e3daada5,0,benign_public,0,NoAlert,A_PUBLIC,5.6
2026081402,1db2ec36-d030-0863-aee2-0535542b38e3,0,benign_status,0,NoAlert,A_STATUS,5.501
2026081402,d455197d-8a0c-4f15-8481-ff224fae02bd,0,benign_public,0,NoAlert,A_PUBLIC,5.5
2026081402,a78d4ee8-6650-ef94-9f50-7cafa06ef399,0,benign_public,0,NoAlert,A_PUBLIC,5.5
2026081402,c95e009e-3955-03f1-6a91-a918e87fe6d5,0,benign_public,0,NoAlert,A_PUBLIC,5.601
2026081402,f5be174b-d33e-b1f9-5064-0c21d10c3afa,0,benign_login,0,NoAlert,A_AUTH,5.7
2026081402,500708e1-3086-ab57-7ffc-b87cc87f02a9,0,benign_status,0,NoAlert,A_STATUS,5.601
2026081402,5e552afc-ee10-5ec4-3743-295e29a5aa06,0,benign_public,0,NoAlert,A_PUBLIC,5.6
2026081402,7f6999b8-dd7f-6863-2c5a-f94922b741ad,0,benign_status,0,NoAlert,A_STATUS,5.6
2026081402,e23b3bbe-2997-e02c-988e-6d4f1d7d8d32,0,benign_status,0,NoAlert,A_STATUS,5.601
2026081402,6ee3be0f-8b8e-6b77-e502-7be401bc9eb7,0,benign_public,0,NoAlert,A_PUBLIC,5.5
2026081402,69877b4f-7195-7572-e46b-90144a61de55,1,bruteforce,0,NoAlert,A_AUTH_FAIL_SINGLE,8.401
2026081402,02ebf1c7-e728-b295-fee0-ade1a653d1f4,1,bruteforce,0,NoAlert,A_AUTH_FAIL_SINGLE,7.8
2026081402,8a397b21-159e-728b-757f-6dcb14a273f1,1,bruteforce,0,NoAlert,A_AUTH_FAIL_SINGLE,7.801
2026081402,8848e8cc-c9be-4924-7c1c-49f4b2204f2c,1,bruteforce,1,Violation,D_BRUTEFORCE,8.5
2026081402,3a3f628e-1532-d2ec-14b9-aad3884986e0,1,bruteforce,1,Violation,D_BRUTEFORCE,8.6
2026081402,f4e0f877-ee7f-744c-04aa-eebcb57fe956,0,benign_login,0,NoAlert,A_AUTH,6.001
2026081402,e06be780-69a9-9170-f82c-d9d7549e3ef5,0,benign_public,0,NoAlert,A_PUBLIC,5.9
2026081402,6f984f20-be6e-5401-53fb-9c880e4e3992,0,benign_status,0,NoAlert,A_STATUS,5.9
2026081402,e96ef333-a706-7e87-a1fb-3f69fcc66798,0,benign_public,0,NoAlert,A_PUBLIC,5.701
2026081402,32d65af5-835a-981e-b1aa-411f26b3f46f,0,benign_status,0,NoAlert,A_STATUS,5.7
2026081402,95fab701-3cc7-1fbb-9c71-1f7518dd87e8,0,benign_public,0,NoAlert,A_PUBLIC,5.901
2026081402,244f8c0c-535e-14f0-fe6f-123f21115287,0,benign_status,0,NoAlert,A_STATUS,5.8
2026081402,5bdae4de-009e-6938-d059-9e6b6c66cca5,0,benign_public,0,NoAlert,A_PUBLIC,5.7
2026081402,00a3a685-c169-d6da-f2e4-54996592e3de,0,benign_status,0,NoAlert,A_STATUS,5.601
2026081402,b0360cc8-4a83-9beb-e6c3-c5d192de4501,0,benign_login,0,NoAlert,A_AUTH,5.7
2026081402,12d6b5d5-68ac-10bb-0fc6-d7e82a6b9660,0,benign_login,0,NoAlert,A_AUTH,5.701
2026081402,ba9ac6fc-9579-a6a9-b19f-d6ff174c7f5a,0,benign_login,0,NoAlert,A_AUTH,5.6
2026081402,630893e5-3f03-df7f-8861-c14cda087fce,0,benign_status,0,NoAlert,A_STATUS,5.6
2026081402,435cd132-51f4-f4bf-0133-d0a5afb6e21c,0,benign_status,0,NoAlert,A_STATUS,5.5
2026081402,b5f086f1-dcbc-d27b-aff3-5177dafe5ff4,0,benign_public,0,NoAlert,A_PUBLIC,5.7
2026081402,42e00de6-2295-29e0-d7b0-8dd09bd47322,0,benign_public,0,NoAlert,A_PUBLIC,5.901
2026081402,75e76ccd-b17c-0004-0b83-6312125d874c,0,benign_public,0,NoAlert,A_PUBLIC,5.6
2026081402,5b368a06-5366-2631-058c-d5c5d36a2b50,0,benign_public,0,NoAlert,A_PUBLIC,5.701
2026081402,b3ef7408-177e-9488-7e8b-095cd7a182d0,0,benign_status,0,NoAlert,A_STATUS,5.7
2026081402,387fbffa-c714-fd87-4ad0-3df664462e3a,0,benign_status,0,NoAlert,A_STATUS,5.7
2026081402,b1ad2911-9a16-ab6a-df4c-f4d2523f32d8,0,benign_public,0,NoAlert,A_PUBLIC,5.901
2026081402,2954c4a3-18c4-c347-ecf6-ecb30a73f1a2,0,benign_status,0,NoAlert,A_STATUS,5.7
2026081402,8469136c-5105-9799-c77e-5029180a3aa3,0,benign_status,0,NoAlert,A_STATUS,5.901
2026081402,e74646bc-5856-304d-6aad-afa94b188ee7,1,bruteforce,0,NoAlert,A_AUTH_FAIL_SINGLE,8.6
2026081402,e251c521-e237-f21c-da12-42890c3e0895,1,bruteforce,0,NoAlert,A_AUTH_FAIL_SINGLE,8.601
2026081402,4b769a3a-3b2b-a9e2-11d6-54a9fc60207e,1,bruteforce,0,NoAlert,A_AUTH_FAIL_SINGLE,8.2
2026081402,7fb32eed-f8ac-38da-7ff3-ca175ea2c3c7,1,bruteforce,1,Violation,D_BRUTEFORCE,8.801
2026081402,82ef1661-91b0-f996-051f-15e3886dcf16,1,bruteforce,1,Violation,D_BRUTEFORCE,9.001
2026081402,cd3e2227-3db0-d4b7-4db8-6b2c5e6dbce5,1,bruteforce,1,Violation,D_BRUTEFORCE,8.1
2026081402,fd9e2372-538b-2797-77fc-6c5475176a74,1,bruteforce,1,Violation,D_BRUTEFORCE,8.201
2026081402,c5f924bb-8bd6-b137-2635-9ecb00c9a627,1,bruteforce,1,Violation,D_BRUTEFORCE,8.3
2026081402,32cd9de1-75e4-2446-04d7-014589c7c6be,1,bruteforce,1,Violation,D_BRUTEFORCE,8.0
2026081402,0b398fa3-5d05-4b51-f538-f85b3e8d4fd2,1,bruteforce,1,Violation,D_BRUTEFORCE,8.001
2026081402,43b8e306-6b68-06d2-9f05-e534500bdc6c,0,benign_public,0,NoAlert,A_PUBLIC,5.9
2026081402,a76a05b0-427c-b78d-b097-ded1ec3a55c5,0,benign_login,0,NoAlert,A_AUTH,6.0
2026081402,e59e2acf-2857-b660-4c5e-05d700801ef5,0,benign_status,0,NoAlert,A_STATUS,5.9
2026081402,69fd99d4-4d35-16d1-57f1-cce4916a9a56,0,benign_status,0,NoAlert,A_STATUS,5.7
2026081402,1a267490-5a98-d743-ef25-bf77fdf62acf,1,admin_probe,1,Violation,D_ADMIN,5.901
2026081402,56e8a910-4513-574f-d3b0-b0cb233b1919,0,benign_public,0,NoAlert,A_PUBLIC,5.6
2026081402,a27d7077-450f-a900-1959-27f679587f62,0,benign_login,0,NoAlert,A_AUTH,5.801
2026081402,b4ea0a3d-7808-b3de-27a0-fae95fc7d16d,0,benign_public,0,NoAlert,A_PUBLIC,5.5
2026081402,ffbb7350-4312-d8cc-2344-b3ea01e3d6fa,0,benign_status,0,NoAlert,A_STATUS,5.5
2026081402,477babd5-eeb8-132f-d565-5cb99d330094,0,benign_status,0,NoAlert,A_STATUS,5.701
2026081402,156b8257-af7a-6f90-4300-53f58aa2aa1b,1,command_probe,1,Violation,D_COMMAND,5.9
2026081402,154f30ab-c8b7-70c8-3cfd-0bfff391552b,0,benign_status,0,NoAlert,A_STATUS,5.601
2026081402,d440269c-0255-c3aa-e2b6-77e727c71629,0,benign_public,0,NoAlert,A_PUBLIC,5.7
2026081402,ea31565c-c866-ec1f-b39e-1a003d986084,0,benign_status,0,NoAlert,A_STATUS,5.501
2026081402,71042a41-e4a6-75c3-6bfb-70217aeeec9a,0,benign_login,0,NoAlert,A_AUTH,5.7
2026081402,2be10e69-ba79-1f27-5797-dc124f3785da,0,benign_status,0,NoAlert,A_STATUS,5.8
2026081402,c9c08198-29ce-0c0e-9fcb-f62de80c5cca,0,benign_login,0,NoAlert,A_AUTH,5.801
2026081402,9f12cea8-b4be-c7a9-652e-584701215c15,0,benign_status,0,NoAlert,A_STATUS,6.4
2026081402,9c76f0c5-2237-f568-0844-055d32b98180,0,benign_public,0,NoAlert,A_PUBLIC,5.601
2026081402,e7d7f4ee-d646-c2c2-6522-ab1459d1c9c9,0,benign_login,0,NoAlert,A_AUTH,5.7
2026081402,422f3f8a-761c-ac1a-4803-7d11c4e52484,0,benign_status,0,NoAlert,A_STATUS,5.7
2026081402,a0e195d0-f111-2b49-144d-aa477203ed8a,0,benign_status,0,NoAlert,A_STATUS,6.001
2026081402,fedff3ce-d012-10b3-dd85-5325a6de8cf6,0,benign_status,0,NoAlert,A_STATUS,5.7
2026081402,b7d8b059-831a-eea4-9bd6-5379bdb6437c,0,benign_public,0,NoAlert,A_PUBLIC,5.801
2026081402,fa2e2af4-f2a2-8e0e-472d-7353d73b7592,0,benign_public,0,NoAlert,A_PUBLIC,5.8
2026081402,51874bad-a0d5-105c-cf5e-beaf4465f275,0,benign_status,0,NoAlert,A_STATUS,5.901
2026081402,8b0dafad-4989-a394-b0c3-e615aafa55c3,0,benign_login,0,NoAlert,A_AUTH,6.0
2026081402,22d4f46e-f904-9b0e-7920-54c82668e204,0,benign_public,0,NoAlert,A_PUBLIC,6.4
2026081402,1d9a8a7c-69ac-ca8c-dd52-7d3dfb2f7ba7,0,benign_public,0,NoAlert,A_PUBLIC,5.8
2026081402,07cc1184-2884-b202-503c-045b99ab333f,0,benign_status,0,NoAlert,A_STATUS,5.7
2026081402,636e2075-e948-9178-747e-ab9abe3c5107,0,benign_status,0,NoAlert,A_STATUS,26.602
2026081402,29455f16-f285-1936-10f6-89b243bf60ea,0,benign_login,0,NoAlert,A_AUTH,5.7
2026081402,79cc1eeb-2568-54d4-40e7-bd48e45845c7,0,benign_login,0,NoAlert,A_AUTH,6.1
2026081402,f41e7367-290f-43c1-3cae-fcba827193a3,0,benign_public,0,NoAlert,A_PUBLIC,6.0
2026081402,c2be7155-0932-2656-c92d-77399e94039c,1,bruteforce,0,NoAlert,A_AUTH_FAIL_SINGLE,8.501
2026081402,bccf7a8d-b32c-2876-cb86-109677279de6,1,bruteforce,0,NoAlert,A_AUTH_FAIL_SINGLE,8.101
2026081402,c0a5b2dd-19c4-1dc4-b2bc-456d15edd381,1,bruteforce,0,NoAlert,A_AUTH_FAIL_SINGLE,7.7
2026081402,35e23ea4-7de1-54ab-2fc1-e8ec82ecbf45,1,bruteforce,1,Violation,D_BRUTEFORCE,8.501
2026081402,2a8e13b4-2866-7bdb-8376-689762501127,1,bruteforce,1,Violation,D_BRUTEFORCE,8.7
2026081402,e7d5c167-52a6-7860-8c46-d5f37b2ee9a9,0,benign_login,0,NoAlert,A_AUTH,6.301
2026081402,02f003cb-d706-e3c3-a182-62977f17edf8,1,path_traversal,1,Violation,D_TRAVERSAL,7.2
2026081402,bfcdaf86-0a80-73e2-dffc-9be6fb0c2cf5,0,benign_status,0,NoAlert,A_STATUS,6.301
2026081402,a4c63436-aa75-3d7d-6fc6-11d47eb2e11a,0,benign_login,0,NoAlert,A_AUTH,6.4
2026081402,216e35ce-3246-792b-6631-d4b9815163f0,1,bruteforce,0,NoAlert,A_AUTH_FAIL_SINGLE,8.101
2026081402,bcfe5c1b-2b80-6d24-39c2-64e98ac83325,1,bruteforce,0,NoAlert,A_AUTH_FAIL_SINGLE,8.3
2026081402,c66b54b4-dc91-86f3-8339-b32e9398e679,1,bruteforce,0,NoAlert,A_AUTH_FAIL_SINGLE,8.701
2026081402,6305d711-9b3d-87a8-a957-b2695b50fc6f,1,bruteforce,1,Violation,D_BRUTEFORCE,8.801
2026081402,ab739698-5822-a0e5-76e4-4d87aba242ba,1,bruteforce,1,Violation,D_BRUTEFORCE,22.901
2026081402,040c75b4-2bbf-99a5-682e-de45025fdad1,0,benign_public,0,NoAlert,A_PUBLIC,6.101
2026081402,16df800f-386c-8ffb-0309-f9fabe9889f1,0,benign_status,0,NoAlert,A_STATUS,5.9
2026081402,990e3b76-39f0-c276-070d-263e6bd11e5f,0,benign_public,0,NoAlert,A_PUBLIC,5.8
2026081402,2b72eb93-cae7-e922-eed5-a9bece2efb93,1,admin_probe,1,Violation,D_ADMIN,6.001
2026081402,8f2f7f34-884c-a220-9548-e749e17f4286,1,bruteforce,0,NoAlert,A_AUTH_FAIL_SINGLE,7.9
2026081402,8c5407ef-0bd7-df5a-0214-33504af8e232,1,bruteforce,0,NoAlert,A_AUTH_FAIL_SINGLE,7.401
2026081402,dda6ea9c-7822-59d2-5dce-12a3186db0ee,1,bruteforce,0,NoAlert,A_AUTH_FAIL_SINGLE,7.4
2026081402,4341d0c7-415c-e229-9b37-03166f7da768,1,bruteforce,1,Violation,D_BRUTEFORCE,8.3
2026081402,ae7ff4ab-86ab-9235-38ae-f1291acf65b2,1,bruteforce,1,Violation,D_BRUTEFORCE,8.201
2026081402,d5fcd3ec-6517-7811-fcf0-887928690730,0,benign_public,0,NoAlert,A_PUBLIC,6.0
2026081402,44ffbb1a-cb7e-5522-c705-4b8385043e1a,0,benign_login,0,NoAlert,A_AUTH,6.101
2026081402,498e1e1f-e8ee-f7ef-3402-3caa486e6426,0,benign_status,0,NoAlert,A_STATUS,6.0
2026081402,cb42c49d-e0c9-dace-c7aa-1cea1b7d242b,0,benign_login,0,NoAlert,A_AUTH,6.0
2026081402,3f5e11ca-c18a-5742-8bb6-3306acaa5e91,0,benign_status,0,NoAlert,A_STATUS,5.701
2026081402,3a841de8-747a-46ff-c46b-bcaf3e7cfd12,1,bruteforce,0,NoAlert,A_AUTH_FAIL_SINGLE,7.5
2026081402,85d46257-e592-79c2-24b3-677ae4167796,1,bruteforce,0,NoAlert,A_AUTH_FAIL_SINGLE,7.501
2026081402,b2083792-799d-f855-3196-f57e74de1832,1,bruteforce,0,NoAlert,A_AUTH_FAIL_SINGLE,7.3
2026081402,fc907686-58de-6c9d-5c9e-385ede76aae7,1,bruteforce,1,Violation,D_BRUTEFORCE,8.301
2026081402,deb10bd1-0057-1a93-f23f-3205e08ed9de,1,bruteforce,1,Violation,D_BRUTEFORCE,8.101
2026081402,fdd383c9-b343-5912-1109-c439cbf2a812,0,benign_status,0,NoAlert,A_STATUS,5.8
2026081402,c761d4a1-8036-962d-2f33-4a99e476aab9,0,benign_public,0,NoAlert,A_PUBLIC,5.6
2026081402,7e92d6db-ac91-7505-31a7-8c4a0eafe605,0,benign_public,0,NoAlert,A_PUBLIC,5.701
2026081402,e362c57c-c29d-cec3-5f40-1f3736b028e1,0,benign_public,0,NoAlert,A_PUBLIC,5.6
2026081402,c0edf26b-443d-6dc6-53c7-1975a14eebd3,0,benign_public,0,NoAlert,A_PUBLIC,5.601
2026081402,bbb405be-b79e-c48e-039f-95a81ac9daf3,0,benign_login,0,NoAlert,A_AUTH,5.6
2026081402,0d7d6212-4804-bf89-2824-5ecaea9365e1,1,path_traversal,1,Violation,D_TRAVERSAL,5.801
2026081402,b51b8d30-87dd-90bc-b3a0-622884abefac,0,benign_login,0,NoAlert,A_AUTH,5.5
2026081402,813257fe-20e1-a8f2-76c5-bd596d6cd87e,0,benign_public,0,NoAlert,A_PUBLIC,5.7
2026081402,45605d04-ece6-1362-b94b-ac1c39d6d7f2,0,benign_status,0,NoAlert,A_STATUS,5.501
2026081402,14e4e6d3-1833-3561-8621-165ca31335ae,0,benign_public,0,NoAlert,A_PUBLIC,5.6
2026081402,684d0502-ec68-17ee-45a4-7b0b21914fb0,0,benign_public,0,NoAlert,A_PUBLIC,5.701
2026081402,4ef767ce-9aad-67d1-7747-c67322cd40cf,0,benign_status,0,NoAlert,A_STATUS,5.5
2026081402,18a6839a-8412-5560-4960-b68eb08baf4b,0,benign_login,0,NoAlert,A_AUTH,5.6
2026081402,f29ba854-96d8-67bd-79a9-42a7f6cb8efe,0,benign_login,0,NoAlert,A_AUTH,5.901
2026081402,a33d59a4-5098-4383-517b-df66752bb724,0,benign_login,0,NoAlert,A_AUTH,10.001
2026081402,868d990a-2539-f35f-4abc-9164dc23585e,0,benign_login,0,NoAlert,A_AUTH,6.1
2026081402,ad552aff-164b-a0b3-06bd-e3f83350306e,0,benign_login,0,NoAlert,A_AUTH,5.8
2026081402,cd00b68f-e656-a562-4340-38758c42e251,0,benign_status,0,NoAlert,A_STATUS,6.101
2026081402,40011268-9333-1a1d-9c4e-0342fe978825,0,benign_status,0,NoAlert,A_STATUS,6.0
2026081402,15b0c3d6-46e7-4ff0-1476-ffc3fe6ad891,0,benign_status,0,NoAlert,A_STATUS,5.801
2026081402,e8ac6a4f-4b92-bea6-1980-26b08326182a,0,benign_public,0,NoAlert,A_PUBLIC,5.7
2026081402,1068d4d5-b4e4-e747-e903-1434dd562fb5,1,bruteforce,0,NoAlert,A_AUTH_FAIL_SINGLE,7.801
2026081402,edb0e62e-5e46-e4bb-28d6-ca728ecc9592,1,bruteforce,0,NoAlert,A_AUTH_FAIL_SINGLE,7.6
2026081402,fd46405d-fbfa-5645-aeda-6a5f394a22e4,1,bruteforce,0,NoAlert,A_AUTH_FAIL_SINGLE,28.302
2026081402,72b51565-b326-e3c9-564d-5fde6f085913,1,bruteforce,1,Violation,D_BRUTEFORCE,8.401
2026081402,50e8f64d-44a1-a06c-341d-119e4971cc9a,1,bruteforce,1,Violation,D_BRUTEFORCE,8.3
2026081402,3b4fd27c-9dab-845e-d312-054c0dc24cf7,0,benign_public,0,NoAlert,A_PUBLIC,5.901
2026081402,cf83fc7c-2cff-a67e-9d1a-00db92e71d21,1,command_probe,1,Violation,D_COMMAND,5.9
2026081402,d7be23b9-3673-8ef1-d5c7-f9a028f73513,0,benign_status,0,NoAlert,A_STATUS,20.601
2026081402,be072b29-7fd1-6e89-d972-4d00b6a0a357,0,benign_status,0,NoAlert,A_STATUS,5.601
2026081402,73eadabe-305b-9b87-bc0d-32f91d4db88b,0,benign_login,0,NoAlert,A_AUTH,5.7
2026081402,e41d3e2d-1d46-ae9d-6283-f038dfb0bdef,0,benign_status,0,NoAlert,A_STATUS,5.701
2026081402,97becc58-67f9-6e15-a33b-1c8918f73ef1,0,benign_login,0,NoAlert,A_AUTH,5.6
2026081402,4a15874e-028e-2e35-c130-70f08353ddb0,0,benign_status,0,NoAlert,A_STATUS,5.6
2026081402,e2755c96-5a87-574b-8955-ea9227ba2d2f,0,benign_public,0,NoAlert,A_PUBLIC,5.6
2026081402,7401dfd0-cb64-edfe-5bb0-f5b7d6d7f900,0,benign_public,0,NoAlert,A_PUBLIC,5.6
2026081402,7279d31a-ac4a-61da-fb8e-4a1b7b88c511,0,benign_status,0,NoAlert,A_STATUS,5.501
2026081402,5128caba-52be-cd56-fb2d-b8ad0847f92d,1,bruteforce,0,NoAlert,A_AUTH_FAIL_SINGLE,7.6
2026081402,8885f7d8-bd96-8aa4-179e-eba6f14ec6d1,1,bruteforce,0,NoAlert,A_AUTH_FAIL_SINGLE,7.701
2026081402,bdceaf1c-043a-df71-8727-5499571ba2c4,1,bruteforce,0,NoAlert,A_AUTH_FAIL_SINGLE,7.4
2026081402,112aa768-49f8-238f-abac-392f83c13c35,1,bruteforce,1,Violation,D_BRUTEFORCE,8.301
2026081402,35f8e25b-9dad-b914-6a44-72c48f01ffec,1,bruteforce,1,Violation,D_BRUTEFORCE,8.2
2026081402,17cd91c4-d9e0-14aa-e5ba-0e00d655481f,0,benign_status,0,NoAlert,A_STATUS,6.0
2026081402,a55db0dd-b097-71da-e06f-7518188824fd,0,benign_login,0,NoAlert,A_AUTH,5.9
2026081402,52170e0c-8a15-7c54-26a9-701d74a7d0ef,0,benign_public,0,NoAlert,A_PUBLIC,5.801
2026081402,53e2a6d4-ae89-62e7-8aa0-85964bb07ae2,0,benign_login,0,NoAlert,A_AUTH,5.7
2026081402,4b47bc7d-279a-9681-7e6b-3720e45e5704,1,command_probe,1,Violation,D_COMMAND,5.901
2026081402,1d0d96d3-d0b4-0888-ccf0-65c536cc7d9e,0,benign_login,0,NoAlert,A_AUTH,27.301
2026081402,ccb46606-007f-fddc-2066-86e119c3f56c,1,bruteforce,0,NoAlert,A_AUTH_FAIL_SINGLE,7.601
2026081402,939893d7-e123-d932-5cbb-5c82a2cac456,1,bruteforce,0,NoAlert,A_AUTH_FAIL_SINGLE,7.5
2026081402,d1a3c1ef-6a48-432e-2b54-8d6574a7dbc3,1,bruteforce,0,NoAlert,A_AUTH_FAIL_SINGLE,7.6
2026081402,e113d3f9-f400-4e69-9e3c-fd9399343899,1,bruteforce,1,Violation,D_BRUTEFORCE,8.301
2026081402,45f32e44-7ac9-5725-5925-b478331c988e,1,bruteforce,1,Violation,D_BRUTEFORCE,8.0
2026081402,f074cf6e-0794-91a5-b103-aab8a30014c9,0,benign_public,0,NoAlert,A_PUBLIC,5.701
2026081402,ecccfd4b-0b82-1036-04cb-f7ff187af389,0,benign_login,0,NoAlert,A_AUTH,5.6
2026081402,066fdc7d-d718-7a27-437d-a5f90061df81,1,bruteforce,0,NoAlert,A_AUTH_FAIL_SINGLE,7.5
2026081402,94c1dcdc-2eb5-96a0-6b4b-ae57e4ddff52,1,bruteforce,0,NoAlert,A_AUTH_FAIL_SINGLE,7.9
2026081402,5cc2f0ec-5c2f-4bbf-8ea9-0433ae716714,1,bruteforce,0,NoAlert,A_AUTH_FAIL_SINGLE,7.201
2026081402,2a6113f4-ba37-0cda-1bf4-99b1b336c662,1,bruteforce,1,Violation,D_BRUTEFORCE,8.0
2026081402,ca7a2ca8-632b-412a-6d89-6948f2b8de88,1,bruteforce,1,Violation,D_BRUTEFORCE,24.802
2026081402,733fcab7-05cf-28a4-9f4d-1680c0685a1d,0,benign_public,0,NoAlert,A_PUBLIC,12.701
2026081402,e1535602-848f-0ec8-948c-0c3e9febedba,0,benign_public,0,NoAlert,A_PUBLIC,8.1
2026081402,2c121b08-0109-23ee-4227-d8436e5f0e13,0,benign_status,0,NoAlert,A_STATUS,6.401
2026081402,3e26e1a0-5e49-74a3-0b7d-474477e43c9e,1,path_traversal,1,Violation,D_TRAVERSAL,6.0
2026081402,6dc7ec2f-d577-aa96-6900-623c9001cabe,0,benign_login,0,NoAlert,A_AUTH,6.201
2026081402,9248ac36-9ded-e3ab-a0e9-46cf787c15ea,0,benign_login,0,NoAlert,A_AUTH,27.002
2026081402,94ddd25f-1453-f8a9-07df-539afcfae513,0,benign_login,0,NoAlert,A_AUTH,53.903
2026081402,dde19873-63aa-dca3-e8af-ad49fbae00c5,1,path_traversal,1,Violation,D_TRAVERSAL,6.701
2026081402,0845905e-ec58-9323-1909-530ffc752350,0,benign_public,0,NoAlert,A_PUBLIC,5.9
2026081402,25ad87e1-66f5-2d27-da5e-3a6fbc79392f,0,benign_status,0,NoAlert,A_STATUS,5.7
2026081402,554fe6c8-e70c-26f4-8507-c396a5fc3cea,0,benign_login,0,NoAlert,A_AUTH,6.001
2026081402,a088b4b4-bdd5-6354-a710-36f80f0fc94e,0,benign_login,0,NoAlert,A_AUTH,5.5
2026081402,f23528d2-dbb2-f6da-72e5-1cff516e8463,1,command_probe,1,Violation,D_COMMAND,5.801
2026081402,a7a37082-49a5-9ed0-577f-25a85e14dec1,0,benign_public,0,NoAlert,A_PUBLIC,5.6
2026081402,c273d441-cbbf-789b-e8af-24e9d4aa6208,0,benign_status,0,NoAlert,A_STATUS,5.7
2026081402,cf3906b3-412b-b97a-f58e-598f6ee6e106,0,benign_login,0,NoAlert,A_AUTH,5.701
2026081402,104e0632-57b8-b072-a141-61597769d126,0,benign_status,0,NoAlert,A_STATUS,5.8
2026081402,1ffb604a-3e55-cf76-a7c8-165fdcb0f307,0,benign_status,0,NoAlert,A_STATUS,5.701
2026081402,b07546bd-1f0e-5299-44c5-8dcff7259714,0,benign_public,0,NoAlert,A_PUBLIC,5.4
2026081402,214a6159-b615-d96f-d8e4-0bf246a4515d,0,benign_status,0,NoAlert,A_STATUS,5.6
2026081402,9bd2d8e5-c0e0-b5ff-22b9-560b64453b10,0,benign_login,0,NoAlert,A_AUTH,5.501
2026081402,f892a3e5-bb0f-c451-d412-55884ac99432,0,benign_status,0,NoAlert,A_STATUS,5.4
2026081402,0c9c9a19-0b86-4d35-d733-3ec66d562027,1,bruteforce,0,NoAlert,A_AUTH_FAIL_SINGLE,8.701
2026081402,0c7df380-4053-3062-e739-64abc25991b4,1,bruteforce,0,NoAlert,A_AUTH_FAIL_SINGLE,8.0
2026081402,e36cad5a-383b-966e-737f-6924f1b2d3b1,1,bruteforce,0,NoAlert,A_AUTH_FAIL_SINGLE,27.902
2026081402,0a7e5b10-1d85-dac9-9581-a363371a98fd,1,bruteforce,1,Violation,D_BRUTEFORCE,8.801
2026081402,38ed7e2c-6cac-cef3-84d6-24518066c09e,1,bruteforce,1,Violation,D_BRUTEFORCE,31.202
2026081402,29d5118f-685f-1d18-0b08-ba3e2f68c684,0,benign_login,0,NoAlert,A_AUTH,17.801
2026081402,35627e40-1a64-e800-c598-5a8cf7ed8ef1,0,benign_public,0,NoAlert,A_PUBLIC,23.202
2026081402,d817ccd1-126c-a653-9026-e8cbc909b1b6,0,benign_public,0,NoAlert,A_PUBLIC,6.9
2026081402,5b930d76-ab51-d263-983a-582c12590209,0,benign_login,0,NoAlert,A_AUTH,6.201
2026081402,f0768685-6b21-25c3-6b39-099e49fc4946,0,benign_public,0,NoAlert,A_PUBLIC,5.9
2026081402,d663e524-2543-7206-9368-a86e4892ae54,0,benign_status,0,NoAlert,A_STATUS,6.001
2026081402,9fcfdffc-3815-e6ac-228f-8a001b7be067,1,command_probe,1,Violation,D_COMMAND,6.3
2026081402,46c52088-0c3a-72ac-8175-25166981f1e2,0,benign_status,0,NoAlert,A_STATUS,6.101
2026081402,8664b807-a579-ee66-f5da-91c4a89305ff,0,benign_login,0,NoAlert,A_AUTH,5.8
2026081402,72014cc0-b9a5-1ae5-1373-941407e31ee1,0,benign_login,0,NoAlert,A_AUTH,5.9
2026081402,b8fb0ec2-e120-9471-71da-a07420a4fc7f,0,benign_login,0,NoAlert,A_AUTH,6.001
2026081402,c6acffb3-be23-02db-e3ab-783f9f148682,0,benign_status,0,NoAlert,A_STATUS,5.7
2026081402,24884859-f21e-1e9d-9c69-736025db9c1b,0,benign_public,0,NoAlert,A_PUBLIC,5.701
2026081402,d3743a52-9908-3831-ceb7-faab8273d8cd,0,benign_status,0,NoAlert,A_STATUS,5.7
2026081402,e7729b75-0afe-dd48-1fa5-831eff144f0c,0,benign_status,0,NoAlert,A_STATUS,5.701
2026081402,e4335305-ac36-66ef-c8d0-e1cbd127280b,0,benign_status,0,NoAlert,A_STATUS,5.7
2026081402,60489e52-24e6-45e3-88d9-63f1e5cf9f68,1,bruteforce,0,NoAlert,A_AUTH_FAIL_SINGLE,9.101
2026081402,ca7d49a1-6b7f-eb56-e60c-4b0ac8de0a6c,1,bruteforce,0,NoAlert,A_AUTH_FAIL_SINGLE,8.6
2026081402,c4f0e9d3-55e2-2ff8-8405-15c69b10c83a,1,bruteforce,0,NoAlert,A_AUTH_FAIL_SINGLE,8.201
2026081402,98ccb2a9-a50e-b4c2-cfb5-ad46ab361abb,1,bruteforce,1,Violation,D_BRUTEFORCE,9.0
2026081402,570807c2-48d2-76b8-6232-7b7ccde00d8a,1,bruteforce,1,Violation,D_BRUTEFORCE,8.701
2026081402,558c245d-635e-aff3-b8a8-433f47daa965,0,benign_status,0,NoAlert,A_STATUS,6.0
2026081402,effb6d3b-2d7c-91a4-bf26-b9102d494fc6,0,benign_login,0,NoAlert,A_AUTH,5.901
2026081402,4ea8599c-e4be-1344-a3fb-917dd8588665,0,benign_public,0,NoAlert,A_PUBLIC,5.7
2026081402,f4ddd190-8807-16b7-fa2a-5b45c9d61cb7,0,benign_status,0,NoAlert,A_STATUS,5.701
2026081402,1e290e21-4153-9cd3-9d34-701903be3327,0,benign_status,0,NoAlert,A_STATUS,5.6
2026081402,ad03bedc-5d16-55fc-aed4-599c3e0e36ea,0,benign_status,0,NoAlert,A_STATUS,5.6
2026081402,f9f9b0bf-8512-d93b-fe72-740635f3ba7d,0,benign_public,0,NoAlert,A_PUBLIC,5.701
2026081402,0efc097b-a741-3663-5ce6-afe91f1a66f5,1,bruteforce,0,NoAlert,A_AUTH_FAIL_SINGLE,7.8
2026081402,09c43199-99bc-726a-91d8-864309b3b841,1,bruteforce,0,NoAlert,A_AUTH_FAIL_SINGLE,7.901
2026081402,8a93458b-3ccf-abc4-f7c6-e7d605e3446a,1,bruteforce,0,NoAlert,A_AUTH_FAIL_SINGLE,7.7
2026081402,bee66819-55a6-c01e-3452-2f95d751e063,1,bruteforce,1,Violation,D_BRUTEFORCE,8.6
2026081402,7d411b4e-f16e-d939-5f37-656bf6a8761c,1,bruteforce,1,Violation,D_BRUTEFORCE,8.501
2026081402,7a1a3a36-794c-f4d6-0f27-623a0b21202e,0,benign_public,0,NoAlert,A_PUBLIC,6.0
2026081402,c896058b-ee88-ba01-306e-bcb93d9648c1,0,benign_login,0,NoAlert,A_AUTH,5.801
2026081402,2281d3e8-9607-d35e-f167-088109fd59f9,0,benign_public,0,NoAlert,A_PUBLIC,5.9
2026081402,510d3470-7fcf-a6b6-9188-91e2fae35e6b,1,bruteforce,0,NoAlert,A_AUTH_FAIL_SINGLE,7.5
2026081402,122e26e2-9ba0-6978-3c4e-96f161a1f9cc,1,bruteforce,0,NoAlert,A_AUTH_FAIL_SINGLE,7.5
2026081402,6c4fe4e5-1717-15ef-ca28-92b942930111,1,bruteforce,0,NoAlert,A_AUTH_FAIL_SINGLE,7.501
2026081402,c6f3df5f-2549-a024-975a-b5c164cfb332,1,bruteforce,1,Violation,D_BRUTEFORCE,8.1
2026081402,3bc4cebe-5ddb-5942-f407-4a73ca43ab29,1,bruteforce,1,Violation,D_BRUTEFORCE,8.201
2026081402,92555804-32bf-3417-8723-f2c3fc27fe58,0,benign_public,0,NoAlert,A_PUBLIC,6.0
2026081402,d830ce6c-f4ed-ff3d-818e-58ca9c4a425a,0,benign_login,0,NoAlert,A_AUTH,5.901
2026081402,aade8768-94ab-9ffd-410b-6928735b9b2c,0,benign_public,0,NoAlert,A_PUBLIC,5.8
2026081402,98c76914-b8e7-c891-1320-1ceb3de5dee9,0,benign_login,0,NoAlert,A_AUTH,5.7
2026081402,8a29bf07-a88e-6377-edd4-760d94df3679,0,benign_status,0,NoAlert,A_STATUS,5.601
2026081402,5bddb111-e06f-cd23-28e5-f5364d5972f0,0,benign_status,0,NoAlert,A_STATUS,5.6
2026081402,e63d6d5a-2a53-fe90-d021-227b02ab271c,0,benign_public,0,NoAlert,A_PUBLIC,5.401
2026081402,6482594a-fc5c-411e-9be1-da775db433a3,0,benign_login,0,NoAlert,A_AUTH,5.6
2026081402,3cff0ab9-366b-884d-af04-fa6425a02dd2,1,bruteforce,0,NoAlert,A_AUTH_FAIL_SINGLE,7.4
2026081402,172c5548-1569-8f19-4e80-3bb53f3e992c,1,bruteforce,0,NoAlert,A_AUTH_FAIL_SINGLE,7.5
2026081402,e9c56f0b-cdd2-fdac-9d17-837a37b36d52,1,bruteforce,0,NoAlert,A_AUTH_FAIL_SINGLE,7.401
2026081402,32e2582a-5c4b-cb58-17e1-ace62fe63135,1,bruteforce,1,Violation,D_BRUTEFORCE,8.4
2026081402,689c5401-374e-e0a3-b0fb-279b079f75bc,1,bruteforce,1,Violation,D_BRUTEFORCE,8.201
2026081402,70284a6c-2990-75f7-9f2e-625c5903b2ec,0,benign_public,0,NoAlert,A_PUBLIC,5.9
2026081402,853665e7-53f6-3bfa-2191-58189e97b3c2,1,bruteforce,1,Violation,D_BRUTEFORCE,8.001
2026081402,0e47ac2b-48f7-e836-b0e0-2b622c47e655,1,bruteforce,1,Violation,D_BRUTEFORCE,8.1
2026081402,0d5837f3-fc16-8f84-bccf-07ba3f68dad8,1,bruteforce,1,Violation,D_BRUTEFORCE,8.001
2026081402,efcc4b7f-d9f4-f417-1826-b46751a3a2bd,1,bruteforce,1,Violation,D_BRUTEFORCE,8.0
2026081402,d421837c-73de-b797-6ee9-488fde42f72a,1,bruteforce,1,Violation,D_BRUTEFORCE,8.001
2026081402,42b081aa-51ae-291c-a036-c2499f18ce7f,0,benign_status,0,NoAlert,A_STATUS,5.8
2026081402,6a1e131d-f655-cc1c-a58a-7102e74d2225,0,benign_status,0,NoAlert,A_STATUS,5.601
2026081402,301e0207-5c01-3269-f3ba-9d9b917fc3f5,0,benign_login,0,NoAlert,A_AUTH,5.8
2026081402,beda0350-c89e-fd8c-b743-031cf007ddc3,0,benign_public,0,NoAlert,A_PUBLIC,5.701
2026081402,6fae0fde-c255-d03c-75bb-66852d07f6d8,1,path_traversal,1,Violation,D_TRAVERSAL,6.6
2026081402,483fcb55-f79b-6724-e16b-1da0f0b6b76b,1,bruteforce,0,NoAlert,A_AUTH_FAIL_SINGLE,7.301
2026081402,b1ea4630-2573-ac14-a624-f923a4ba26a1,1,bruteforce,0,NoAlert,A_AUTH_FAIL_SINGLE,7.3
2026081402,a43495ed-e390-a148-ad0e-aa76e2fb3cfe,1,bruteforce,0,NoAlert,A_AUTH_FAIL_SINGLE,7.401
2026081402,a216fe5e-a2d3-fc6c-550b-a4ffd70519a7,1,bruteforce,1,Violation,D_BRUTEFORCE,8.1
2026081402,49eed353-0f75-8a56-f260-bdbc3e06563c,1,bruteforce,1,Violation,D_BRUTEFORCE,8.101
2026081402,0570d85b-2675-1501-b1e0-553ce64ee5e5,0,benign_public,0,NoAlert,A_PUBLIC,5.8
2026081402,a33ac61c-b33a-af27-ddfd-04270a4bd882,0,benign_status,0,NoAlert,A_STATUS,5.801
2026081402,0e53d947-5014-9096-9104-d5ff3d42ceed,0,benign_login,0,NoAlert,A_AUTH,6.0
2026081402,3ad26147-d55c-0a23-1691-1a0a851a8bc3,0,benign_login,0,NoAlert,A_AUTH,6.0
2026081403,cf9155d1-ec5e-cfe0-5cf3-8df14d2692f2,0,benign_login,0,NoAlert,A_AUTH,21.101
2026081403,24817e69-3674-21c9-1ec0-decaf3836d23,1,path_traversal,1,Violation,D_TRAVERSAL,10.001
2026081403,b1d496b0-c44e-ca08-2a0c-020364be26fa,0,benign_public,0,NoAlert,A_PUBLIC,7.601
2026081403,6e6333de-c026-e8d2-30c0-90f8e9f8c4e7,1,bruteforce,0,NoAlert,A_AUTH_FAIL_SINGLE,11.0
2026081403,c52a54f3-39fa-8776-9520-fc6009bbeb67,1,bruteforce,0,NoAlert,A_AUTH_FAIL_SINGLE,9.601
2026081403,39437190-d7f7-9326-f1c4-08175a4b05de,1,bruteforce,0,NoAlert,A_AUTH_FAIL_SINGLE,9.101
2026081403,186d7163-c025-36ad-25c0-eea625274f70,1,bruteforce,1,Violation,D_BRUTEFORCE,9.5
2026081403,d8ddf82e-d744-a87c-bd8d-95e93428f057,1,bruteforce,1,Violation,D_BRUTEFORCE,9.001
2026081403,841ff50b-9cc9-51d4-14a9-c34a3906d04e,0,benign_public,0,NoAlert,A_PUBLIC,6.6
2026081403,241d672b-0b15-b0a4-1f6b-df2c991ffb6c,0,benign_login,0,NoAlert,A_AUTH,6.601
2026081403,c2fbec28-7e3c-f81d-ce13-02e85904234a,1,bruteforce,0,NoAlert,A_AUTH_FAIL_SINGLE,8.1
2026081403,cbf1b185-f544-3dff-c4a3-82105b97313a,1,bruteforce,0,NoAlert,A_AUTH_FAIL_SINGLE,7.8
2026081403,1711b078-8e9d-337d-e201-4211fa51907a,1,bruteforce,0,NoAlert,A_AUTH_FAIL_SINGLE,7.801
2026081403,4e6892fa-81dc-4860-57b5-ee11eae7ef96,1,bruteforce,1,Violation,D_BRUTEFORCE,8.7
2026081403,2949bc7a-76a3-fea8-010f-31d413251d3a,1,bruteforce,1,Violation,D_BRUTEFORCE,8.201
2026081403,3b5d5976-a811-7522-698b-99cf338c90a9,1,command_probe,1,Violation,D_COMMAND,6.5
2026081403,032ddd7b-48cd-9698-0296-f9ad861c2129,0,benign_public,0,NoAlert,A_PUBLIC,6.101
2026081403,c185238c-5ee8-9ba4-61e8-453273af51aa,0,benign_status,0,NoAlert,A_STATUS,6.0
2026081403,f401c68f-a6ea-6761-1a5f-7d6e233cc86c,0,benign_public,0,NoAlert,A_PUBLIC,5.701
2026081403,a3e5982b-9663-c429-9e5f-fccda90a2d07,0,benign_public,0,NoAlert,A_PUBLIC,5.7
2026081403,4bc232d8-f058-0771-f13a-3b864541d334,0,benign_login,0,NoAlert,A_AUTH,5.8
2026081403,f030b00d-419a-488f-ac30-df38d2949734,0,benign_login,0,NoAlert,A_AUTH,5.901
2026081403,e81205e5-fa69-025f-5054-b07abd8c3249,0,benign_login,0,NoAlert,A_AUTH,6.1
2026081403,f5bd8f1b-540c-2572-d521-9ddcfbe34429,0,benign_public,0,NoAlert,A_PUBLIC,5.801
2026081403,1b6e36cb-9c25-69ec-e4a2-c32e0faa3d6a,0,benign_status,0,NoAlert,A_STATUS,6.0
2026081403,29a900a4-0eb3-1481-a2a4-890c1ef6b23f,0,benign_status,0,NoAlert,A_STATUS,6.101
2026081403,ef69da3e-abab-ed9d-5536-8a9e3dad7725,0,benign_status,0,NoAlert,A_STATUS,6.4
2026081403,8d63e20f-bd12-c34d-37b5-12ec0bb07c8f,1,command_probe,1,Violation,D_COMMAND,6.401
2026081403,d5d73dbc-23b0-4fa7-37b0-1acd8f983f3b,0,benign_public,0,NoAlert,A_PUBLIC,6.0
2026081403,3c7c3387-c2f1-3c6a-d06b-adb2e0009738,0,benign_public,0,NoAlert,A_PUBLIC,6.0
2026081403,48db621d-eb91-3b34-f227-3000a55112d8,0,benign_login,0,NoAlert,A_AUTH,5.801
2026081403,089e8756-8fc5-a184-1e91-241125ba87be,1,bruteforce,0,NoAlert,A_AUTH_FAIL_SINGLE,7.9
2026081403,94c75fb7-18a0-46ad-a451-f11713257aad,1,bruteforce,0,NoAlert,A_AUTH_FAIL_SINGLE,7.601
2026081403,545ee3e8-dbf7-b310-c51a-979c03896d07,1,bruteforce,0,NoAlert,A_AUTH_FAIL_SINGLE,7.4
2026081403,ea041afa-ceaf-f078-7c15-b37226adb024,1,bruteforce,1,Violation,D_BRUTEFORCE,8.5
2026081403,5d69ab84-781c-5d47-4de6-f2fbd5a30c92,1,bruteforce,1,Violation,D_BRUTEFORCE,8.701
2026081403,cf79a528-8726-0cb2-2abd-264867bde227,0,benign_status,0,NoAlert,A_STATUS,6.2
2026081403,bc4d91ee-17b7-9571-6fff-9788620a453a,0,benign_public,0,NoAlert,A_PUBLIC,6.001
2026081403,0322a98d-5464-75c4-2458-bbf6e311a1b1,0,benign_login,0,NoAlert,A_AUTH,6.0
2026081403,3c6a939e-41b5-5901-9c25-f3cf6ef78c53,0,benign_login,0,NoAlert,A_AUTH,5.8
2026081403,6db15650-5622-99f0-2795-665b84227828,0,benign_login,0,NoAlert,A_AUTH,5.701
2026081403,020cbcb5-bdc7-3f90-ef20-938d12b26c48,1,bruteforce,0,NoAlert,A_AUTH_FAIL_SINGLE,7.8
2026081403,1f77d74c-8649-2551-e1a0-6900de5a360e,1,bruteforce,0,NoAlert,A_AUTH_FAIL_SINGLE,7.501
2026081403,b9124b81-2ea5-96dd-fa47-6b39bd67dc58,1,bruteforce,0,NoAlert,A_AUTH_FAIL_SINGLE,7.5
2026081403,64b2db73-38b9-ac15-79b8-a103b6edad82,1,bruteforce,1,Violation,D_BRUTEFORCE,8.901
2026081403,05dd88e5-a1fb-72f1-f902-4dd41fe7be59,1,bruteforce,1,Violation,D_BRUTEFORCE,8.101
2026081403,1bcf6b6c-aa0f-8b22-d70f-be0acb63d8c2,0,benign_status,0,NoAlert,A_STATUS,6.1
2026081403,13ead0cf-55cd-9292-0993-163eb674e774,0,benign_public,0,NoAlert,A_PUBLIC,5.9
2026081403,79221ecc-94d0-e165-c4b9-609a2fa8f057,0,benign_login,0,NoAlert,A_AUTH,5.9
2026081403,53eca3ee-3cc2-0dec-0ad0-1a0244bcaf93,0,benign_login,0,NoAlert,A_AUTH,5.8
2026081403,b6958753-c560-97fc-b323-78776fa20965,0,benign_login,0,NoAlert,A_AUTH,5.601
2026081403,2cae9307-cf56-74a2-5193-cb1361abb4d0,0,benign_login,0,NoAlert,A_AUTH,6.3
2026081403,71766d56-3ed3-9e4f-5111-9f178b9f6a47,0,benign_status,0,NoAlert,A_STATUS,5.801
2026081403,86142b12-638b-61aa-a74c-a79adc16bbbd,0,benign_status,0,NoAlert,A_STATUS,5.8
2026081403,819e7048-330b-bdea-b992-e1de7f74e641,0,benign_status,0,NoAlert,A_STATUS,5.5
2026081403,58836cb6-d5bb-89d8-59ee-916b473f045c,0,benign_login,0,NoAlert,A_AUTH,5.701
2026081403,0b00b99a-cce3-6cd1-9207-c43fa7acf45c,0,benign_login,0,NoAlert,A_AUTH,5.7
2026081403,c019d8be-3fb9-2747-e606-8ac7e9c4a8d1,1,path_traversal,1,Violation,D_TRAVERSAL,5.801
2026081403,3292475c-d80d-e013-14b2-89c15d716c77,0,benign_status,0,NoAlert,A_STATUS,5.7
2026081403,f026dbc0-f169-24c6-6dad-567a09129f4d,0,benign_public,0,NoAlert,A_PUBLIC,5.601
2026081403,5bd5f24c-d00d-5f09-50d4-f45afb98d40b,1,path_traversal,1,Violation,D_TRAVERSAL,5.6
2026081403,84f60aef-5bbe-f906-2735-bb79f2a9f4b3,1,admin_probe,1,Violation,D_ADMIN,5.9
2026081403,9f0e1382-1b11-779e-6bed-df1e515d60da,0,benign_login,0,NoAlert,A_AUTH,5.801
2026081403,7d44118b-7836-4da1-5aaf-df521cb4640f,0,benign_status,0,NoAlert,A_STATUS,5.7
2026081403,9e49732c-82d3-f995-f589-6d72f7dce45a,0,benign_login,0,NoAlert,A_AUTH,5.601
2026081403,fe71e674-3301-7625-f08a-0c1b0c067c40,0,benign_status,0,NoAlert,A_STATUS,5.9
2026081403,9b6f66f5-f178-1d89-3027-d3d1f305afb1,0,benign_status,0,NoAlert,A_STATUS,5.9
2026081403,5935ee1e-8d5f-1633-acb8-9ef08046742d,1,bruteforce,0,NoAlert,A_AUTH_FAIL_SINGLE,7.9
2026081403,d2b841ca-f01e-4d1a-c814-a0a235ce31e5,1,bruteforce,0,NoAlert,A_AUTH_FAIL_SINGLE,7.701
2026081403,4176c92f-0a75-369a-c2c0-dce38aaab65d,1,bruteforce,0,NoAlert,A_AUTH_FAIL_SINGLE,7.5
2026081403,d64367ae-c22b-f33d-54b4-9977593cc5ff,1,bruteforce,1,Violation,D_BRUTEFORCE,8.201
2026081403,3bc5a4b8-30f5-b92b-ae50-fdc868a439ad,1,bruteforce,1,Violation,D_BRUTEFORCE,8.1
2026081403,8ff6be25-c58e-5a5e-f0e9-ed279d351801,0,benign_public,0,NoAlert,A_PUBLIC,8.901
2026081403,3fb1a4b1-f9fd-776b-086e-d3927834ef7d,0,benign_public,0,NoAlert,A_PUBLIC,6.1
2026081403,de2a82a3-dc66-c774-5316-4f61adedf034,0,benign_login,0,NoAlert,A_AUTH,5.801
2026081403,668375b1-0de7-5ded-ed62-bc785d313459,1,admin_probe,1,Violation,D_ADMIN,5.8
2026081403,7536c451-d92b-c0e5-2d7c-80cb63bceda3,0,benign_status,0,NoAlert,A_STATUS,5.601
2026081403,970be18b-d840-68b5-cbb5-78d886566bd2,0,benign_status,0,NoAlert,A_STATUS,5.8
2026081403,a213e84a-75f2-7833-841b-2f4d8c9ba46f,0,benign_public,0,NoAlert,A_PUBLIC,5.701
2026081403,d09cd54e-4810-b6e1-4559-dcf369b5b5d5,0,benign_status,0,NoAlert,A_STATUS,5.8
2026081403,a9fe39c5-0971-dd38-b381-5c11659731d3,0,benign_status,0,NoAlert,A_STATUS,5.7
2026081403,0ec35ef2-1f77-f3bd-1d9b-8b1abf642d59,0,benign_login,0,NoAlert,A_AUTH,5.601
2026081403,c91663cb-e192-1d25-4d87-ff4aaad3190c,1,bruteforce,0,NoAlert,A_AUTH_FAIL_SINGLE,7.4
2026081403,293f05a0-286a-776c-28d6-b7f50c6a7121,1,bruteforce,0,NoAlert,A_AUTH_FAIL_SINGLE,7.601
2026081403,81f2db94-10ff-164d-4a3c-be95097534e5,1,bruteforce,0,NoAlert,A_AUTH_FAIL_SINGLE,7.4
2026081403,d511220a-6027-c919-2aad-216d6ce9debd,1,bruteforce,1,Violation,D_BRUTEFORCE,8.301
2026081403,3bf60ddd-ecde-d966-c582-5f57b19c79c6,1,bruteforce,1,Violation,D_BRUTEFORCE,8.501
2026081403,e67d7738-e93f-c99b-664b-454d7b6b9e11,0,benign_status,0,NoAlert,A_STATUS,5.9
2026081403,81034e69-b24b-78ff-a8d8-030ac0dccf76,0,benign_login,0,NoAlert,A_AUTH,6.0
2026081403,5e324744-6691-770c-ee29-3e3d4593654c,0,benign_login,0,NoAlert,A_AUTH,6.001
2026081403,206fe836-95ae-b354-efed-3b82aaeef092,0,benign_login,0,NoAlert,A_AUTH,6.3
2026081403,543e79e3-3d59-13e1-e43f-7b72985d4d92,0,benign_status,0,NoAlert,A_STATUS,8.001
2026081403,bc32f663-7560-65ac-005e-65b1dd27d4e1,0,benign_public,0,NoAlert,A_PUBLIC,6.1
2026081403,61889179-37ce-5ddc-b697-d9460722d3ec,0,benign_login,0,NoAlert,A_AUTH,5.801
2026081403,0fe05478-bbf2-d820-8dda-dc4576a4ecf7,1,path_traversal,1,Violation,D_TRAVERSAL,5.9
2026081403,bdc5756a-1d6a-9c4b-f45e-e4b661ff4574,0,benign_login,0,NoAlert,A_AUTH,5.701
2026081403,58c66ca9-561a-5662-3f57-b7017ad47020,0,benign_public,0,NoAlert,A_PUBLIC,5.6
2026081403,a93d9290-0b28-5efd-4e7e-bdf79778e9e0,0,benign_public,0,NoAlert,A_PUBLIC,5.7
2026081403,3e17a8b1-7ca5-cdfe-5e93-8c348a6dc3ef,0,benign_login,0,NoAlert,A_AUTH,5.801
2026081403,7be2439b-2651-7022-d63f-bbf95e2f6e96,0,benign_status,0,NoAlert,A_STATUS,5.8
2026081403,b2ed28fe-cefc-cc73-2212-87b0e6874cb3,1,bruteforce,0,NoAlert,A_AUTH_FAIL_SINGLE,8.101
2026081403,0ab63aa8-5f8a-b3e9-6b2d-503aca80c6f4,1,bruteforce,0,NoAlert,A_AUTH_FAIL_SINGLE,7.6
2026081403,0ca0ccdc-8920-09b9-e747-183366f7f7f4,1,bruteforce,0,NoAlert,A_AUTH_FAIL_SINGLE,7.401
2026081403,4d2ca65f-d162-8217-b533-bb9168180d02,1,bruteforce,1,Violation,D_BRUTEFORCE,8.5
2026081403,01dc720a-5a9c-3969-f87a-80454fa39258,1,bruteforce,1,Violation,D_BRUTEFORCE,8.501
2026081403,7b017644-d1d7-50d4-3cb4-685ddec8b7b0,0,benign_public,0,NoAlert,A_PUBLIC,6.0
2026081403,82cc40a3-85c9-a42c-3b23-1aa4e04b6fb8,1,path_traversal,1,Violation,D_TRAVERSAL,6.1
2026081403,25b0bb24-c7d1-e7bd-516e-fdca5abb71aa,1,admin_probe,1,Violation,D_ADMIN,6.0
2026081403,26e9d967-dade-2149-b8b7-617420b91293,0,benign_public,0,NoAlert,A_PUBLIC,6.101
2026081403,c0c730e6-999d-4384-293c-7e23e70aece4,0,benign_status,0,NoAlert,A_STATUS,6.0
2026081403,687f7936-fdfb-2d10-201f-73912c4c87a0,0,benign_status,0,NoAlert,A_STATUS,6.401
2026081403,13f658e0-289d-2a0d-1f33-5755294923cb,0,benign_public,0,NoAlert,A_PUBLIC,6.3
2026081403,b67989b5-6c6f-3325-19e3-264bc5718de7,0,benign_login,0,NoAlert,A_AUTH,5.901
2026081403,07511fa9-e4a2-edea-e00b-be71f26782d0,0,benign_public,0,NoAlert,A_PUBLIC,5.7
2026081403,5c695e0d-5da5-db23-866b-4cca42c3fae8,0,benign_public,0,NoAlert,A_PUBLIC,5.4
2026081403,88b65a9e-4751-7a64-6cf2-40d8744b6060,0,benign_login,0,NoAlert,A_AUTH,5.701
2026081403,53cd3eca-0533-a425-5026-9a08ccf64d0a,0,benign_status,0,NoAlert,A_STATUS,5.6
2026081403,43b104c1-bf51-1f8b-256f-1b0220e46630,0,benign_status,0,NoAlert,A_STATUS,5.801
2026081403,7c47cf3f-a492-eac5-f389-e579a5ba47ab,0,benign_public,0,NoAlert,A_PUBLIC,5.4
2026081403,9142086d-661a-d8b0-5a7c-1627affe51da,1,bruteforce,0,NoAlert,A_AUTH_FAIL_SINGLE,7.801
2026081403,9611158f-292c-acb7-3015-e5c70597e2d8,1,bruteforce,0,NoAlert,A_AUTH_FAIL_SINGLE,7.3
2026081403,108341c5-a241-a7d5-bb15-5ea40763e874,1,bruteforce,0,NoAlert,A_AUTH_FAIL_SINGLE,7.801
2026081403,df1e0d1b-5607-9369-7d2a-a3c26380337a,1,bruteforce,1,Violation,D_BRUTEFORCE,8.2
2026081403,57d01d51-5d3d-3212-0619-7d1739c87973,1,bruteforce,1,Violation,D_BRUTEFORCE,8.001
2026081403,fcb90b67-72d4-beee-4d55-f5286aa919da,0,benign_login,0,NoAlert,A_AUTH,6.0
2026081403,55e76984-e791-1907-8a4a-43aa9017eccb,0,benign_login,0,NoAlert,A_AUTH,5.701
2026081403,c91a9fa4-19d9-54c6-6e22-535287aaacf9,0,benign_login,0,NoAlert,A_AUTH,5.7
2026081403,864077d0-3067-f8dc-1a78-67a7b129b3ee,1,bruteforce,0,NoAlert,A_AUTH_FAIL_SINGLE,7.401
2026081403,21b4b798-0650-68a1-8945-dbef5b96b1f1,1,bruteforce,0,NoAlert,A_AUTH_FAIL_SINGLE,7.2
2026081403,b6167799-ff27-03f9-4956-84946d9e4f0a,1,bruteforce,0,NoAlert,A_AUTH_FAIL_SINGLE,7.301
2026081403,52943284-1a77-5764-9da8-fd1cde64f930,1,bruteforce,1,Violation,D_BRUTEFORCE,8.0
2026081403,05ff3824-e00f-e86f-e0bf-cc60da677e2e,1,bruteforce,1,Violation,D_BRUTEFORCE,8.101
2026081403,a538befb-1e3f-2116-db23-163e7206a9ff,0,benign_login,0,NoAlert,A_AUTH,6.0
2026081403,325a73d4-7a0d-d2ba-b741-4bc8f9d86709,0,benign_login,0,NoAlert,A_AUTH,5.601
2026081403,6556852b-4518-7921-42c0-fceb432a1672,0,benign_login,0,NoAlert,A_AUTH,5.7
2026081403,ada073c8-82ce-254c-52f0-7f431649124f,0,benign_login,0,NoAlert,A_AUTH,5.6
2026081403,f2ba3bbf-9e0a-cc45-687e-69f8ecc1d731,0,benign_login,0,NoAlert,A_AUTH,5.9
2026081403,33a13570-a0b2-9631-a335-4af0b46fd9ec,1,bruteforce,0,NoAlert,A_AUTH_FAIL_SINGLE,7.3
2026081403,63b9c516-1a34-504b-421a-1e6746ee8605,1,bruteforce,0,NoAlert,A_AUTH_FAIL_SINGLE,7.201
2026081403,ebb2aa64-6df9-5f11-6fd5-b9f6718f7b7a,1,bruteforce,0,NoAlert,A_AUTH_FAIL_SINGLE,7.2
2026081403,880d5d6d-8901-87e7-9e0f-57d0537f50e6,1,bruteforce,1,Violation,D_BRUTEFORCE,7.9
2026081403,12ba2719-c0f0-ee8b-403d-8bfed8b3552d,1,bruteforce,1,Violation,D_BRUTEFORCE,8.201
2026081403,1f60ba62-289b-a815-1532-1f2aaf3adc31,0,benign_public,0,NoAlert,A_PUBLIC,6.1
2026081403,4cebacef-31ae-e627-7b01-808f65b86bf2,0,benign_login,0,NoAlert,A_AUTH,5.8
2026081403,f7a7cf7e-560d-9f73-6983-f83d42252c5a,0,benign_status,0,NoAlert,A_STATUS,5.901
2026081403,20888fb1-b7fd-0587-e06e-6c7d80060944,0,benign_login,0,NoAlert,A_AUTH,5.6
2026081403,ef583668-1ba8-472a-7635-b0fb50138fb3,0,benign_login,0,NoAlert,A_AUTH,5.901
2026081403,752114b4-e889-8212-0076-e5590c69d194,0,benign_public,0,NoAlert,A_PUBLIC,5.8
2026081403,13b5404e-81b9-960b-f545-180dd6980a59,0,benign_login,0,NoAlert,A_AUTH,5.901
2026081403,f1e756ed-bbdc-a46b-8b34-366e766cac9d,0,benign_status,0,NoAlert,A_STATUS,5.8
2026081403,e91933ab-9826-02b4-df5e-035b0ca86449,0,benign_login,0,NoAlert,A_AUTH,5.8
2026081403,e03dd643-e227-9ad6-9f20-4316d7435f82,0,benign_status,0,NoAlert,A_STATUS,5.501
2026081403,a8b01379-f5f8-44fd-9b05-92f85ba0c6dc,1,bruteforce,0,NoAlert,A_AUTH_FAIL_SINGLE,7.5
2026081403,5b0e6011-a4d5-574f-d779-1c581b90846e,1,bruteforce,0,NoAlert,A_AUTH_FAIL_SINGLE,7.501
2026081403,baa5db92-2783-47f7-26b7-706c613b245e,1,bruteforce,0,NoAlert,A_AUTH_FAIL_SINGLE,7.1
2026081403,ecc40c7f-bcb4-dad7-a1f0-87b853f9357e,1,bruteforce,1,Violation,D_BRUTEFORCE,8.101
2026081403,149b8462-b28c-b625-488b-5b4f628f9dd5,1,bruteforce,1,Violation,D_BRUTEFORCE,7.901
2026081403,6e030930-beab-8351-b364-9332a5ce2338,0,benign_status,0,NoAlert,A_STATUS,5.7
2026081403,a74b7756-f431-0caa-2597-2cfebf944775,0,benign_public,0,NoAlert,A_PUBLIC,5.6
2026081403,55c085c9-6c91-fe94-8491-91824b11a68e,0,benign_status,0,NoAlert,A_STATUS,5.501
2026081403,c0c516e9-5a07-38eb-2d19-b56e31ff9b01,0,benign_status,0,NoAlert,A_STATUS,5.8
2026081403,767aaf00-45ea-d9c7-92a3-464deae90c9c,0,benign_login,0,NoAlert,A_AUTH,6.001
2026081403,628a215d-cd28-a560-40a7-e3ba54bc7ab5,0,benign_status,0,NoAlert,A_STATUS,5.9
2026081403,df5da0e8-e59f-dba8-6348-126bb65e7e0c,0,benign_public,0,NoAlert,A_PUBLIC,5.801
2026081403,4a86642a-9f3c-28f9-9c75-5212410bf6a1,0,benign_public,0,NoAlert,A_PUBLIC,5.7
2026081403,22a70750-27e3-1f3c-4dc2-c94ba09d9580,0,benign_status,0,NoAlert,A_STATUS,6.0
2026081403,5526ca7f-0845-f836-af97-ab18c81f4bb7,0,benign_public,0,NoAlert,A_PUBLIC,5.701
2026081403,62532895-0938-9c5e-f66f-15f75a608ecf,0,benign_status,0,NoAlert,A_STATUS,6.2
2026081403,dc388b00-c733-94b4-b6ca-d862cba60491,0,benign_login,0,NoAlert,A_AUTH,6.201
2026081403,e10a4e19-775c-5642-9eb9-638e145ad8d4,0,benign_login,0,NoAlert,A_AUTH,9.3
2026081403,4e2c1720-6125-3423-3b01-5554149ef5ac,0,benign_status,0,NoAlert,A_STATUS,8.801
2026081403,4b7e452b-42cf-de93-5edf-101c42c5a6ca,0,benign_public,0,NoAlert,A_PUBLIC,8.501
2026081403,f62b2236-0149-8967-b914-93e1add60dc7,0,benign_login,0,NoAlert,A_AUTH,8.4
2026081403,31aa6649-6491-7e8d-b9c7-0b7461d615eb,0,benign_login,0,NoAlert,A_AUTH,9.301
2026081403,51096686-e638-362c-cc04-ab90be3e3bf4,0,benign_public,0,NoAlert,A_PUBLIC,10.001
2026081403,c1643863-5c85-8d30-d5bb-334e4cd04ff6,0,benign_public,0,NoAlert,A_PUBLIC,9.1
2026081403,674f43ad-4b21-54b2-90c2-672e1a362035,1,bruteforce,0,NoAlert,A_AUTH_FAIL_SINGLE,8.901
2026081403,772582df-f76b-325d-5b19-4fe1ba48493a,1,bruteforce,0,NoAlert,A_AUTH_FAIL_SINGLE,7.601
2026081403,0bdc4ba8-9724-b7d7-e3d1-7feec6efb930,1,bruteforce,0,NoAlert,A_AUTH_FAIL_SINGLE,75.704
2026081403,18b6d764-1223-5295-d6e3-6a4138455f77,1,bruteforce,1,Violation,D_BRUTEFORCE,12.9
2026081403,b822f805-66ff-74bb-6494-d289befa9746,1,bruteforce,1,Violation,D_BRUTEFORCE,10.301
2026081403,f2eff354-548e-e8ca-561d-b507889cafa5,0,benign_login,0,NoAlert,A_AUTH,6.801
2026081403,9d4cfd94-e514-f7f0-f85a-ae4edf0d935b,0,benign_login,0,NoAlert,A_AUTH,6.1
2026081403,b5bab42c-1362-bed5-a803-c35f2d1963d3,0,benign_status,0,NoAlert,A_STATUS,6.001
2026081403,04f79b2b-5f0f-99a4-f06a-88914a68fceb,0,benign_status,0,NoAlert,A_STATUS,6.1
2026081403,c9c5b8d1-fcbb-751f-706f-55223e298dc4,0,benign_login,0,NoAlert,A_AUTH,5.9
2026081403,5a91a0bc-2e9f-bf19-d038-c86c07d7aff5,0,benign_login,0,NoAlert,A_AUTH,5.901
2026081403,d48e7ff2-fd68-bf94-4f3a-4b926ddf9e1f,0,benign_public,0,NoAlert,A_PUBLIC,6.2
2026081403,bd4bb413-4fd5-f536-c702-81331425f058,1,bruteforce,0,NoAlert,A_AUTH_FAIL_SINGLE,8.001
2026081403,90b8ee76-bb0f-a7be-f6d4-114132a5ecf1,1,bruteforce,0,NoAlert,A_AUTH_FAIL_SINGLE,8.5
2026081403,3f1ce35e-5a2b-33a1-6276-c36f261b1949,1,bruteforce,0,NoAlert,A_AUTH_FAIL_SINGLE,8.001
2026081403,95e37073-4d4a-eb81-c83a-c52e4f9f821c,1,bruteforce,1,Violation,D_BRUTEFORCE,8.501
2026081403,b26fae5d-5299-da0f-5389-8e44f3e180d0,1,bruteforce,1,Violation,D_BRUTEFORCE,8.5
2026081403,7c6ff908-e1a8-3f13-7d03-046e85591570,0,benign_login,0,NoAlert,A_AUTH,5.901
2026081403,854ea5fc-c4a3-7e5d-c6a4-fa04c860d891,0,benign_public,0,NoAlert,A_PUBLIC,6.0
2026081403,5181b68f-3363-1eea-0db5-1060365dca72,0,benign_login,0,NoAlert,A_AUTH,5.8
2026081403,9eda8226-23b2-7f43-cb8a-3d64b0ba62ad,0,benign_status,0,NoAlert,A_STATUS,5.701
2026081403,8821434a-d873-b8e5-3876-3f808ad4edef,0,benign_status,0,NoAlert,A_STATUS,5.9
2026081403,4fd79532-c0f0-fd30-29a3-84c49a2b449d,0,benign_status,0,NoAlert,A_STATUS,6.001
2026081403,b0c0c4c0-b9ef-9dae-ad43-a80e5e00fda6,0,benign_status,0,NoAlert,A_STATUS,5.9
2026081403,d5604a53-7d63-ac86-a7b2-4dc059fcff37,0,benign_public,0,NoAlert,A_PUBLIC,5.901
2026081403,2266a56d-3ff6-6271-ee19-de3f9659fdb5,0,benign_login,0,NoAlert,A_AUTH,6.0
2026081403,ffd8d1f5-d8da-16e6-44bd-5f7f8bca2977,0,benign_status,0,NoAlert,A_STATUS,6.0
2026081403,d46098ec-400d-60ee-1735-2ebce1651fa2,0,benign_public,0,NoAlert,A_PUBLIC,20.301
2026081403,b91998a4-68f4-b4ac-9101-2699c6837a52,1,bruteforce,0,NoAlert,A_AUTH_FAIL_SINGLE,7.4
2026081403,b3e2cb8a-3d9b-acf5-e06c-8b04343c8bdd,1,bruteforce,0,NoAlert,A_AUTH_FAIL_SINGLE,28.302
2026081403,30f6afc3-eef3-6333-f5e8-c1f36aee2041,1,bruteforce,0,NoAlert,A_AUTH_FAIL_SINGLE,7.601
2026081403,c4ac2a61-a8d2-31dc-91b9-590042cf1c30,1,bruteforce,1,Violation,D_BRUTEFORCE,8.5
2026081403,d6c59858-01a1-4122-4ef8-5cf462c75980,1,bruteforce,1,Violation,D_BRUTEFORCE,8.501
2026081403,82ff458a-4e27-1fd2-ccf7-a36480c69afe,0,benign_status,0,NoAlert,A_STATUS,22.101
2026081403,64b20cbc-1af0-43f6-b0bc-c0db81935a79,0,benign_public,0,NoAlert,A_PUBLIC,6.001
2026081403,54428090-f082-365b-1bff-947b72f0bff7,1,bruteforce,0,NoAlert,A_AUTH_FAIL_SINGLE,7.5
2026081403,415e5563-82b7-8f08-373d-f68228d19a13,1,bruteforce,0,NoAlert,A_AUTH_FAIL_SINGLE,7.401
2026081403,be066648-bfb4-219e-32ad-2241d8005aba,1,bruteforce,0,NoAlert,A_AUTH_FAIL_SINGLE,7.701
2026081403,ba107eac-3dee-54aa-83d3-37a06ab65a18,1,bruteforce,1,Violation,D_BRUTEFORCE,8.3
2026081403,dfb72ad5-71f3-28df-ed50-c7cf96cb18d9,1,bruteforce,1,Violation,D_BRUTEFORCE,8.301
2026081403,37ff0cbe-f7a5-f7e7-1635-8037e18403b8,0,benign_status,0,NoAlert,A_STATUS,6.2
2026081403,dba85d7b-1760-0f83-c783-9f8e2c2347ae,0,benign_public,0,NoAlert,A_PUBLIC,6.001
2026081403,a9725e71-81e4-2617-642c-e90759fe1ff4,0,benign_public,0,NoAlert,A_PUBLIC,5.9
2026081403,4519202c-8e5f-d763-8414-b10a94898f7b,0,benign_status,0,NoAlert,A_STATUS,5.801
2026081403,1164a9de-7d8e-5786-a363-826438725b72,0,benign_login,0,NoAlert,A_AUTH,5.9
2026081403,ac521894-496f-d769-1df8-f1f11ce0719c,0,benign_public,0,NoAlert,A_PUBLIC,25.102
2026081403,f5724b36-c1ad-c277-33fe-ebe0c3ad7777,0,benign_public,0,NoAlert,A_PUBLIC,10.501
2026081403,5edfbefa-994b-8c17-91a1-33ec8b402150,0,benign_login,0,NoAlert,A_AUTH,7.3
2026081403,8ef73266-effd-0557-d7e2-ce8f364d7bc7,1,bruteforce,0,NoAlert,A_AUTH_FAIL_SINGLE,9.501
2026081403,25b196a3-2203-8a00-6ccf-d92af4ce5708,1,bruteforce,0,NoAlert,A_AUTH_FAIL_SINGLE,8.3
2026081403,08303d71-f88e-56fa-1d0e-fc011b753ca1,1,bruteforce,0,NoAlert,A_AUTH_FAIL_SINGLE,8.101
2026081403,24c0a632-de90-f0fb-fcfd-fdacc219f615,1,bruteforce,1,Violation,D_BRUTEFORCE,9.001
2026081403,e72ad337-e6f5-058c-55c4-5829789a9b40,1,bruteforce,1,Violation,D_BRUTEFORCE,8.8
2026081403,9b102562-446c-7e51-93f7-1cf34d3e23d7,1,admin_probe,1,Violation,D_ADMIN,40.703
2026081403,d795f4c3-c335-4d5a-f0ee-b55562e5a2f1,0,benign_status,0,NoAlert,A_STATUS,7.1
2026081403,c55f6972-a0b2-6183-9fbd-90c53d47881f,0,benign_status,0,NoAlert,A_STATUS,6.001
2026081403,44290c93-03ef-faaa-e819-c16f6d43cd2a,1,bruteforce,0,NoAlert,A_AUTH_FAIL_SINGLE,7.9
2026081403,fb99b1da-4926-4a34-1836-c66ac5f76eb3,1,bruteforce,0,NoAlert,A_AUTH_FAIL_SINGLE,8.001
2026081403,418905cf-29a2-bc21-45a8-a0a4b7c74bff,1,bruteforce,0,NoAlert,A_AUTH_FAIL_SINGLE,7.6
2026081403,33d5f731-f8f1-47e2-b14c-979f61d2bf8a,1,bruteforce,1,Violation,D_BRUTEFORCE,8.5
2026081403,c8bfcf3d-d66b-51c0-a2aa-a62e2dba56e9,1,bruteforce,1,Violation,D_BRUTEFORCE,8.501
2026081403,376500c9-4cbb-766f-6ebd-05d3db2266b3,0,benign_status,0,NoAlert,A_STATUS,6.0
2026081403,5501381d-2f2a-553b-53e9-6af7ccf0cc2e,0,benign_status,0,NoAlert,A_STATUS,5.901
2026081403,fb9a0f02-9d89-5119-a201-1405f62132ae,0,benign_status,0,NoAlert,A_STATUS,5.8
2026081403,2f1d379b-ce9c-8979-5951-58a123cd1e73,0,benign_public,0,NoAlert,A_PUBLIC,5.7
2026081403,4661d604-7e62-4bb1-f214-6a0e5fbbe1ad,0,benign_login,0,NoAlert,A_AUTH,5.801
2026081403,71b10d35-43ce-d737-3eb0-5511cf0a3106,0,benign_login,0,NoAlert,A_AUTH,5.7
2026081403,c9431623-cba8-1273-eab8-4f632476e4bb,0,benign_status,0,NoAlert,A_STATUS,5.801
2026081403,0efd2006-e076-30a3-a57d-18e37f3bd01b,0,benign_public,0,NoAlert,A_PUBLIC,5.8
2026081403,6604fa05-9d68-14e5-c40e-1db817270aa9,0,benign_public,0,NoAlert,A_PUBLIC,5.6
2026081403,55dab551-0006-c31c-075e-f17b3fe8284e,0,benign_status,0,NoAlert,A_STATUS,5.701
2026081403,2574115a-8ba0-91c3-9b79-ae49eb2cfdfe,1,bruteforce,0,NoAlert,A_AUTH_FAIL_SINGLE,7.7
2026081403,2e2f6df9-7917-546c-de4a-abed23b75f43,1,bruteforce,0,NoAlert,A_AUTH_FAIL_SINGLE,7.701
2026081403,8dfff2f8-d587-f3b2-cc74-f05503a32197,1,bruteforce,0,NoAlert,A_AUTH_FAIL_SINGLE,7.6
2026081403,65daa754-cb29-418c-3471-f1dfab27d58b,1,bruteforce,1,Violation,D_BRUTEFORCE,8.301
2026081403,904e0940-b90c-e683-08f2-638dd3e01ce2,1,bruteforce,1,Violation,D_BRUTEFORCE,8.401
2026081403,08b4dce5-aa72-36ef-89f4-89d359e04b6e,0,benign_login,0,NoAlert,A_AUTH,6.0
2026081403,dcc1fdeb-11a3-a40e-f9a9-4043db7c923d,0,benign_login,0,NoAlert,A_AUTH,6.2
2026081403,981850ef-7235-75c7-ccab-0a61c3310137,0,benign_login,0,NoAlert,A_AUTH,6.101
2026081403,70b02cab-8a21-60d7-da57-c7f320a391bf,0,benign_public,0,NoAlert,A_PUBLIC,5.9
2026081403,d15d5942-55a8-ce0b-7377-050fe67a787b,0,benign_public,0,NoAlert,A_PUBLIC,5.901
2026081403,62c96b3f-f3a6-a8d3-2981-c383a120971f,0,benign_login,0,NoAlert,A_AUTH,5.9
2026081403,fb015c93-35e4-39aa-6022-ecda4615fbce,0,benign_public,0,NoAlert,A_PUBLIC,6.001
2026081403,522f8658-4785-5004-f582-a478d7a65aa4,1,bruteforce,0,NoAlert,A_AUTH_FAIL_SINGLE,7.6
2026081403,d45ef171-5941-d8f0-d52b-866cc190fe19,1,bruteforce,0,NoAlert,A_AUTH_FAIL_SINGLE,7.701
2026081403,253abc86-7ec8-9f96-8ca5-1e8fa171392b,1,bruteforce,0,NoAlert,A_AUTH_FAIL_SINGLE,7.9
2026081403,25d350e1-f3b1-500b-d6ae-e1d77c9edf18,1,bruteforce,1,Violation,D_BRUTEFORCE,8.501
2026081403,13b8f592-10af-95f6-8174-02518c045a80,1,bruteforce,1,Violation,D_BRUTEFORCE,8.6
2026081403,f9c49063-c020-7458-f66f-265a31f3c73c,0,benign_public,0,NoAlert,A_PUBLIC,5.901
2026081403,bbaceff8-95da-ce3a-d776-904ec0556fa1,0,benign_status,0,NoAlert,A_STATUS,5.9
2026081403,b82f5397-65a8-c941-bc1b-e37cd7ce0b8a,0,benign_login,0,NoAlert,A_AUTH,6.001
2026081403,d2f50da3-a032-16f8-3d0d-b6a7bf734357,0,benign_public,0,NoAlert,A_PUBLIC,6.1
2026081403,c10884a9-486d-5ef7-7cc9-b9ba80052760,0,benign_login,0,NoAlert,A_AUTH,6.001
2026081403,95c2511a-8c54-4e9e-a0ee-20e28d8f6a76,0,benign_status,0,NoAlert,A_STATUS,5.9
2026081403,67458a2e-02e0-96f8-3487-fe97da7d5e74,0,benign_login,0,NoAlert,A_AUTH,6.0
2026081403,910419d8-05b0-b54a-2a45-65cc0a424bb3,0,benign_public,0,NoAlert,A_PUBLIC,6.001
2026081403,bc4ea2be-b086-f387-3b85-9ddc890b59cb,0,benign_public,0,NoAlert,A_PUBLIC,6.2
2026081403,d04e77ac-ff2c-0e7b-653f-c83a43dd2684,0,benign_login,0,NoAlert,A_AUTH,6.401
2026081403,efddf6ed-89a5-1e06-cb77-e7977d3fd35a,0,benign_login,0,NoAlert,A_AUTH,5.9
2026081403,272200d1-3dcc-3288-a194-a82c2e8a5c25,0,benign_status,0,NoAlert,A_STATUS,5.701
2026081403,b7b4cd75-6d4b-e7fe-b858-b4abbfd3305d,0,benign_status,0,NoAlert,A_STATUS,5.9
2026081403,2064e0de-7161-0829-6529-1832eab85d67,1,bruteforce,0,NoAlert,A_AUTH_FAIL_SINGLE,8.001
2026081403,58ff5c3e-8fd9-185b-2ff0-117addfc57e0,1,bruteforce,0,NoAlert,A_AUTH_FAIL_SINGLE,8.0
2026081403,bfbc22ea-a309-3045-c9b4-9700a0280000,1,bruteforce,0,NoAlert,A_AUTH_FAIL_SINGLE,7.901
2026081403,9b15871f-7d4d-c1a8-a481-ba5cfcf88bbf,1,bruteforce,1,Violation,D_BRUTEFORCE,8.8
2026081403,8c99f4f6-c105-5954-fe67-9cbe703ac8dd,1,bruteforce,1,Violation,D_BRUTEFORCE,8.601
2026081403,2d451ef4-9e7b-7b22-50f9-2046c5c625ab,0,benign_login,0,NoAlert,A_AUTH,6.2
2026081403,725f4c94-a220-758f-1038-64e0b5697b44,0,benign_login,0,NoAlert,A_AUTH,5.901
2026081403,860c2a1b-8f26-7c90-025d-7b9597fe06a0,0,benign_public,0,NoAlert,A_PUBLIC,5.9
2026081403,a52fe58d-5030-de0b-ff13-259db0e273a7,0,benign_login,0,NoAlert,A_AUTH,5.801
2026081403,9bb512e6-2b83-d395-5ba5-e2172b6ebe2b,1,bruteforce,0,NoAlert,A_AUTH_FAIL_SINGLE,7.5
2026081403,e4e3f7e4-85bb-3daf-a4fb-c8905185607e,1,bruteforce,0,NoAlert,A_AUTH_FAIL_SINGLE,7.701
2026081403,33cc09ed-3082-091f-7b5d-dc29b9ecfcac,1,bruteforce,0,NoAlert,A_AUTH_FAIL_SINGLE,7.4
2026081403,139c521f-6eda-2eaa-ee05-fd2953b17693,1,bruteforce,1,Violation,D_BRUTEFORCE,8.401
2026081403,fae6b1fc-cf00-a624-0f53-844600c7423d,1,bruteforce,1,Violation,D_BRUTEFORCE,8.4
2026081403,ed922279-ca2f-8c53-e184-4ece9ad13bda,0,benign_public,0,NoAlert,A_PUBLIC,5.901
2026081403,ad431300-9fa2-c685-98b1-be2bbdc4acc0,0,benign_status,0,NoAlert,A_STATUS,5.7
2026081403,5de652dd-d037-2227-ad2a-5593f6f30872,0,benign_status,0,NoAlert,A_STATUS,5.801
2026081403,f65d4f6d-b675-8673-44f6-532ab68e9d41,1,bruteforce,0,NoAlert,A_AUTH_FAIL_SINGLE,7.7
2026081403,48224008-0176-6944-a33f-ddddc0db8af5,1,bruteforce,0,NoAlert,A_AUTH_FAIL_SINGLE,7.701
2026081403,fe731ab7-f9b1-3878-407a-172981c51ac0,1,bruteforce,0,NoAlert,A_AUTH_FAIL_SINGLE,7.5
2026081403,32ed189b-9d8a-d312-cc3e-d2d54107c72c,1,bruteforce,1,Violation,D_BRUTEFORCE,8.401
2026081403,0e8e7b11-e9bd-4865-4351-4f718c575152,1,bruteforce,1,Violation,D_BRUTEFORCE,8.4
2026081403,9885b3a6-9281-99f8-3ce3-6960cde9b09b,0,benign_status,0,NoAlert,A_STATUS,6.101
2026081404,c2576ead-834a-a147-7e27-41549ad58015,0,benign_login,0,NoAlert,A_AUTH,22.302
2026081404,f9f60dea-40b3-961e-1d55-41d59f5b3618,0,benign_login,0,NoAlert,A_AUTH,9.401
2026081404,c62810d1-9240-b261-035f-db1ee28427ce,1,bruteforce,0,NoAlert,A_AUTH_FAIL_SINGLE,11.7
2026081404,3712c572-e84c-3e5a-1998-cf87165295ee,1,bruteforce,0,NoAlert,A_AUTH_FAIL_SINGLE,8.8
2026081404,3d15a849-1a9c-ab73-3164-60f08ddce544,1,bruteforce,0,NoAlert,A_AUTH_FAIL_SINGLE,8.301
2026081404,c7945a07-99b7-9ba3-436b-e80f8a246ff5,1,bruteforce,1,Violation,D_BRUTEFORCE,10.6
2026081404,8681a95b-fc5c-a2bb-5b7d-17232b35d1e4,1,bruteforce,1,Violation,D_BRUTEFORCE,9.201
2026081404,72483ac7-660c-b0f8-c54d-ca664bd268f4,0,benign_status,0,NoAlert,A_STATUS,6.701
2026081404,8f153a94-2a69-708c-39d5-cb1039ac5109,0,benign_public,0,NoAlert,A_PUBLIC,6.3
2026081404,e2b24b8f-bd26-6505-2176-b9a532cbebd9,0,benign_status,0,NoAlert,A_STATUS,6.3
2026081404,c5c509c2-c952-d2c0-c3d7-8b0d2a25d0fe,1,path_traversal,1,Violation,D_TRAVERSAL,6.3
2026081404,385e8728-5097-a8ef-9e9f-430bd4721603,0,benign_login,0,NoAlert,A_AUTH,6.4
2026081404,20f9e474-661d-7401-fbb2-5c82727d6a16,0,benign_status,0,NoAlert,A_STATUS,5.901
2026081404,b4445889-7f4b-1226-8258-cd7de0aaca4d,0,benign_public,0,NoAlert,A_PUBLIC,5.8
2026081404,99a3a954-b355-d611-d33e-d548346b9fdc,1,bruteforce,0,NoAlert,A_AUTH_FAIL_SINGLE,8.001
2026081404,76b82eab-06fd-97a6-a834-124863f77a19,1,bruteforce,0,NoAlert,A_AUTH_FAIL_SINGLE,8.0
2026081404,0fd5a3b8-562f-b90f-3149-067fe5b23029,1,bruteforce,0,NoAlert,A_AUTH_FAIL_SINGLE,7.701
2026081404,a2fb5502-2594-8979-a48f-272d4ba06f3d,1,bruteforce,1,Violation,D_BRUTEFORCE,8.4
2026081404,6703bfbc-0971-bb2d-a577-4b3684a1ad47,1,bruteforce,1,Violation,D_BRUTEFORCE,8.7
2026081404,e461e09c-c1f6-c166-e09f-810a59cfe835,0,benign_status,0,NoAlert,A_STATUS,6.101
2026081404,77e0ea05-e256-a8e0-2223-5db991c5a4d6,0,benign_status,0,NoAlert,A_STATUS,5.9
2026081404,1f4507b7-cf79-f652-5625-a98c6f32d9e1,0,benign_public,0,NoAlert,A_PUBLIC,5.8
2026081404,7d92c48c-7793-a632-a121-aa97cb897cbd,0,benign_status,0,NoAlert,A_STATUS,5.901
2026081404,00c011dd-55ad-2992-00eb-83ce29b303b7,0,benign_login,0,NoAlert,A_AUTH,6.0
2026081404,43c19b38-7bce-3d43-127c-f30c31e2b6cf,0,benign_public,0,NoAlert,A_PUBLIC,5.801
2026081404,9a2a387c-e72f-8fd7-c541-5ed0f23e88f4,0,benign_login,0,NoAlert,A_AUTH,5.8
2026081404,cdd9d621-3b85-4aa6-6e3e-35c8f1fff604,0,benign_status,0,NoAlert,A_STATUS,5.801
2026081404,202dd985-f21c-4520-5512-5191723b4ee3,0,benign_status,0,NoAlert,A_STATUS,6.0
2026081404,e8622636-7d1d-c430-c0e7-d835ac54d432,0,benign_public,0,NoAlert,A_PUBLIC,5.9
2026081404,69c16c9c-8125-1e9c-26d1-90580d6cce06,0,benign_login,0,NoAlert,A_AUTH,5.701
2026081404,e168e841-0082-0f0b-61f5-6ae8ae51e9dc,0,benign_public,0,NoAlert,A_PUBLIC,5.9
2026081404,475acf42-7b32-6fdf-6bff-6457f2dacf7b,0,benign_login,0,NoAlert,A_AUTH,6.301
2026081404,e097ad26-50f1-5bd0-e6a4-c0adbb6827d6,0,benign_status,0,NoAlert,A_STATUS,6.1
2026081404,829f6c72-e606-1948-399d-e2d5559cdd43,0,benign_status,0,NoAlert,A_STATUS,5.901
2026081404,ff16c5fc-9d90-897b-309b-28427c4ac41e,0,benign_status,0,NoAlert,A_STATUS,5.8
2026081404,0fb3f8ae-e852-49d3-daed-ec38638f1cb5,0,benign_status,0,NoAlert,A_STATUS,6.2
2026081404,15839658-5a67-4088-08f9-ec10898d1649,1,admin_probe,1,Violation,D_ADMIN,6.201
2026081404,b2ffc1d7-fbc4-4a4e-1dbf-0241edce8693,0,benign_status,0,NoAlert,A_STATUS,5.9
2026081404,1400a6d7-823f-c3e9-c63b-b6b8645518ac,0,benign_status,0,NoAlert,A_STATUS,6.001
2026081404,c49ff45c-b349-dabf-1023-306a84fc307e,0,benign_public,0,NoAlert,A_PUBLIC,5.9
2026081404,3210fe32-1c20-9e52-a464-53a2fdc480ea,0,benign_login,0,NoAlert,A_AUTH,6.001
2026081404,f8c1373b-0fc1-3cf2-ea5e-cbbd0b50c560,0,benign_login,0,NoAlert,A_AUTH,6.1
2026081404,a6f47426-0118-912d-fe95-a4aa43963d34,0,benign_login,0,NoAlert,A_AUTH,5.8
2026081404,1b58b084-de6c-2bd4-f521-d1c5c368afb9,0,benign_status,0,NoAlert,A_STATUS,5.7
2026081404,35fa9e5c-a088-5403-fff1-0f5fad519845,0,benign_public,0,NoAlert,A_PUBLIC,5.8
2026081404,71a59d8f-038c-a7d2-6481-ed4a1099d308,1,path_traversal,1,Violation,D_TRAVERSAL,6.101
2026081404,5e3d7682-b4d3-6c93-f484-8f15fbe67532,0,benign_login,0,NoAlert,A_AUTH,5.8
2026081404,f082f468-8db2-4901-fade-e93460994a7f,0,benign_login,0,NoAlert,A_AUTH,5.901
2026081404,dd4c0485-3554-dfa1-8ebe-47af2c53e55e,0,benign_status,0,NoAlert,A_STATUS,6.1
2026081404,b3988a3b-e3ab-8b8c-9688-1743af8841b0,1,bruteforce,0,NoAlert,A_AUTH_FAIL_SINGLE,8.201
2026081404,590bc93c-da2a-60ce-6b4c-de67df305180,1,bruteforce,0,NoAlert,A_AUTH_FAIL_SINGLE,8.0
2026081404,052f26b1-dee3-80c0-7578-1f6441ac6687,1,bruteforce,0,NoAlert,A_AUTH_FAIL_SINGLE,7.701
2026081404,14867882-999a-64ce-1d62-1a011e403a60,1,bruteforce,1,Violation,D_BRUTEFORCE,8.6
2026081404,005bb7de-bbfd-1620-15bd-c42a1031a80e,1,bruteforce,1,Violation,D_BRUTEFORCE,8.401
2026081404,e8029556-b218-f71f-5014-f1b1338671cb,0,benign_login,0,NoAlert,A_AUTH,6.1
2026081404,be04a6f0-49c0-69c1-d243-d5f63e6c7493,0,benign_status,0,NoAlert,A_STATUS,5.801
2026081404,04a1f5c7-3870-d50d-c7dc-fdd47a224842,0,benign_public,0,NoAlert,A_PUBLIC,6.1
2026081404,23d10658-6c01-0c6a-1ecf-410976c6de17,0,benign_public,0,NoAlert,A_PUBLIC,5.801
2026081404,6afff14b-9156-3170-73a4-c72c95766bd5,0,benign_public,0,NoAlert,A_PUBLIC,5.7
2026081404,e23120c3-dcf2-77d2-ea92-27bae71b838b,0,benign_status,0,NoAlert,A_STATUS,5.8
2026081404,e43821d5-ad1a-0399-bdc8-a90899c41cea,1,bruteforce,0,NoAlert,A_AUTH_FAIL_SINGLE,7.6
2026081404,bf2052bd-9ccf-2fb3-2319-a27a94a1bcf8,1,bruteforce,0,NoAlert,A_AUTH_FAIL_SINGLE,7.701
2026081404,f55b85fb-d729-e917-df5e-01506d6418ba,1,bruteforce,0,NoAlert,A_AUTH_FAIL_SINGLE,7.6
2026081404,c4f2c258-186f-8115-6ceb-4b50d8878018,1,bruteforce,1,Violation,D_BRUTEFORCE,8.401
2026081404,0750898d-8edc-3fdb-c11b-7d130c03dffe,1,bruteforce,1,Violation,D_BRUTEFORCE,8.8
2026081404,5147d61d-e84e-c744-d2c3-7386ed1a1be9,0,benign_status,0,NoAlert,A_STATUS,6.401
2026081404,90ec7f8e-b4f8-c5cf-5783-d6b608770e8d,1,bruteforce,1,Violation,D_BRUTEFORCE,8.7
2026081404,1bf83800-8314-043e-d675-fa255065d114,1,bruteforce,1,Violation,D_BRUTEFORCE,8.501
2026081404,a76b7553-145a-7fa8-7242-eadd71460382,1,bruteforce,1,Violation,D_BRUTEFORCE,8.301
2026081404,a35ebc59-bcec-22ce-bd8e-4151cb867701,1,bruteforce,1,Violation,D_BRUTEFORCE,8.2
2026081404,5ee915a0-fccf-1af7-7b8c-11c6c0dac551,1,bruteforce,1,Violation,D_BRUTEFORCE,8.401
2026081404,c5b41b70-ac74-7e67-2021-0486e671b099,0,benign_status,0,NoAlert,A_STATUS,6.1
2026081404,d7f94d7f-8c3b-6aca-cdc0-f0baf4b014fa,0,benign_login,0,NoAlert,A_AUTH,6.001
2026081404,7040d3e4-05ca-e185-5d5e-0c658cb0250f,0,benign_status,0,NoAlert,A_STATUS,6.0
2026081404,26fe286f-47c1-511b-8209-4625992af662,0,benign_login,0,NoAlert,A_AUTH,5.901
2026081404,90c76191-9e21-b89a-9edf-95837cb487a5,1,bruteforce,0,NoAlert,A_AUTH_FAIL_SINGLE,7.8
2026081404,400951fb-9503-ea5f-4b38-fd486baad2cf,1,bruteforce,0,NoAlert,A_AUTH_FAIL_SINGLE,7.801
2026081404,7de4f509-704d-daf2-dd4f-836eb8a309be,1,bruteforce,0,NoAlert,A_AUTH_FAIL_SINGLE,7.8
2026081404,6efc3d1f-a132-9a5f-e895-6aa3f96da738,1,bruteforce,1,Violation,D_BRUTEFORCE,8.301
2026081404,ee59e2cc-0579-be7f-0080-53848070e6b3,1,bruteforce,1,Violation,D_BRUTEFORCE,8.4
2026081404,a49eba16-7a25-140e-bedd-7f570b8dcdc4,0,benign_login,0,NoAlert,A_AUTH,6.101
2026081404,e3774770-9160-b1cd-06f8-20b1d8cc4217,0,benign_status,0,NoAlert,A_STATUS,5.9
2026081404,fd42be1d-e1e9-6afd-43cd-b8607ecdf286,0,benign_login,0,NoAlert,A_AUTH,6.101
2026081404,9b30bc6e-a4a5-aff8-a862-9461b2c56c96,0,benign_login,0,NoAlert,A_AUTH,38.202
2026081404,f022bed8-e7f5-abab-f96e-40f1133ef308,0,benign_public,0,NoAlert,A_PUBLIC,9.201
2026081404,bd49d3f9-11c4-f3a3-7809-3511e05f4743,0,benign_status,0,NoAlert,A_STATUS,7.2
2026081404,b982d8ef-006b-9027-e3cb-97cc713c0390,0,benign_login,0,NoAlert,A_AUTH,6.5
2026081404,67596ba6-7d26-0984-cf23-78ddd762a3e4,1,bruteforce,0,NoAlert,A_AUTH_FAIL_SINGLE,9.201
2026081404,7766a9aa-14d0-18df-2b53-fe54d4e4c24e,1,bruteforce,0,NoAlert,A_AUTH_FAIL_SINGLE,8.4
2026081404,f18d16d3-fa81-faa7-7e22-f91c652401e4,1,bruteforce,0,NoAlert,A_AUTH_FAIL_SINGLE,7.801
2026081404,225bbffe-2040-4965-c8cd-4fb067cbc677,1,bruteforce,1,Violation,D_BRUTEFORCE,8.8
2026081404,8ccb248c-4548-fc30-1e52-9c5cbfe82f4c,1,bruteforce,1,Violation,D_BRUTEFORCE,8.701
2026081404,0a95c0f1-272e-ce72-b06e-1115b6e14df0,0,benign_login,0,NoAlert,A_AUTH,6.2
2026081404,da3c2feb-b5be-8e9f-f3a5-050d4798339d,0,benign_login,0,NoAlert,A_AUTH,6.0
2026081404,1ecb62e9-4c26-a908-827b-5310fc9d4c65,0,benign_status,0,NoAlert,A_STATUS,6.1
2026081404,5e2c714c-bce3-0a75-cc47-5b8500b915ae,0,benign_login,0,NoAlert,A_AUTH,5.801
2026081404,426f4a2f-fabf-ed11-e28d-dfa7fda0df2f,1,bruteforce,0,NoAlert,A_AUTH_FAIL_SINGLE,7.8
2026081404,964bd29e-74bc-0360-7239-3017aefdf9ae,1,bruteforce,0,NoAlert,A_AUTH_FAIL_SINGLE,7.601
2026081404,fa704b44-0b01-10a9-532f-e34fa8aa4606,1,bruteforce,0,NoAlert,A_AUTH_FAIL_SINGLE,8.0
2026081404,2456129a-1cf8-0ebf-087b-fbb4760e632d,1,bruteforce,1,Violation,D_BRUTEFORCE,8.601
2026081404,7efb5e44-026d-c108-7050-ed93284a0ba6,1,bruteforce,1,Violation,D_BRUTEFORCE,8.601
2026081404,8c73a951-c75d-03ed-028a-241cbceb7d64,0,benign_public,0,NoAlert,A_PUBLIC,6.0
2026081404,5e7acd3d-65e3-0f6a-8a1d-d2ae4edf76d0,1,path_traversal,1,Violation,D_TRAVERSAL,8.701
2026081404,14672930-d677-3a0d-b9b6-c0c2409a56e0,0,benign_login,0,NoAlert,A_AUTH,6.0
2026081404,4d5735d1-73b2-7426-a8ff-c2e2e14fce1d,0,benign_login,0,NoAlert,A_AUTH,6.001
2026081404,3e067084-6c18-214c-547b-fcb08e46853e,0,benign_login,0,NoAlert,A_AUTH,5.8
2026081404,32df5130-bc71-d90e-b61f-fa2e122882f1,0,benign_login,0,NoAlert,A_AUTH,5.8
2026081404,dea8d552-4e1f-77cc-de64-5b4b7e1e5571,0,benign_status,0,NoAlert,A_STATUS,6.101
2026081404,9071e030-f87f-e5b8-8258-c211443278c1,0,benign_public,0,NoAlert,A_PUBLIC,6.1
2026081404,1b370ab2-ab47-7117-0aa4-f3540b461956,1,command_probe,1,Violation,D_COMMAND,6.601
2026081404,63d8332c-33bc-98ae-22bb-4ba771fd4727,0,benign_public,0,NoAlert,A_PUBLIC,6.1
2026081404,2ab3bfe0-104b-7e7c-cae8-4ff5a59c6704,0,benign_login,0,NoAlert,A_AUTH,5.901
2026081404,f5444140-ef98-efba-c14d-eab513fbf4a5,0,benign_public,0,NoAlert,A_PUBLIC,5.9
2026081404,103a7c7c-b6e8-b0c0-bd12-8a91e26953ad,1,path_traversal,1,Violation,D_TRAVERSAL,6.001
2026081404,751ea16e-d8db-18dc-10da-b466b2730235,0,benign_login,0,NoAlert,A_AUTH,5.9
2026081404,aa3976d8-1424-0fcb-7466-c859ad62ffb6,0,benign_login,0,NoAlert,A_AUTH,6.0
2026081404,dc31bef9-3d37-0865-1a32-ad0f240bde9d,0,benign_public,0,NoAlert,A_PUBLIC,6.201
2026081404,2c5e3411-6ccf-cb01-270e-a2011e3ea0f0,0,benign_public,0,NoAlert,A_PUBLIC,5.8
2026081404,92d46793-98af-68d8-6118-b0ef9817f4e6,0,benign_login,0,NoAlert,A_AUTH,5.701
2026081404,95948f94-9d7a-646e-6245-f44b0594059a,0,benign_login,0,NoAlert,A_AUTH,5.8
2026081404,7561bb31-ef5c-6105-43f4-5a887606d980,0,benign_status,0,NoAlert,A_STATUS,6.301
2026081404,0e2323bb-ca5f-b1d7-b137-052084109463,0,benign_status,0,NoAlert,A_STATUS,5.8
2026081404,8ae17758-ea9c-2eab-1fbb-1fa916518a7f,1,bruteforce,0,NoAlert,A_AUTH_FAIL_SINGLE,8.101
2026081404,bd604569-c7f3-0bec-2e37-4dd99a3c6dba,1,bruteforce,0,NoAlert,A_AUTH_FAIL_SINGLE,8.4
2026081404,ae24ced1-030f-d8b8-4373-881161b7ffde,1,bruteforce,0,NoAlert,A_AUTH_FAIL_SINGLE,8.101
2026081404,299448ef-90be-d316-588a-9b56f3581f74,1,bruteforce,1,Violation,D_BRUTEFORCE,8.7
2026081404,18ed87c8-3090-105e-98af-e1f5592b6250,1,bruteforce,1,Violation,D_BRUTEFORCE,8.601
2026081404,9649874b-21e9-0f6e-731f-48e0be9f7e14,0,benign_login,0,NoAlert,A_AUTH,6.0
2026081404,35beebde-21bf-0ce3-6c75-d08d26804e3d,0,benign_login,0,NoAlert,A_AUTH,5.901
2026081404,4aa5384f-2f22-c8ae-ced1-cdd7b0caf6b2,0,benign_status,0,NoAlert,A_STATUS,6.0
2026081404,c8b0894b-0e80-df02-3c00-1cab0ab41e62,0,benign_status,0,NoAlert,A_STATUS,5.801
2026081404,706b4fc2-90c6-b859-eb03-6f420da776bf,0,benign_public,0,NoAlert,A_PUBLIC,5.7
2026081404,fe878f43-228d-b303-31e3-3dd1dcea6b3c,0,benign_login,0,NoAlert,A_AUTH,5.701
2026081404,8f6952c3-3809-abfb-90f3-4c100c3bfe1d,0,benign_public,0,NoAlert,A_PUBLIC,5.7
2026081404,edb56cf6-f061-be5e-22d5-ad70331ee81d,0,benign_public,0,NoAlert,A_PUBLIC,5.7
2026081404,79282000-0416-b2cd-673f-20f3a3c4e24b,0,benign_login,0,NoAlert,A_AUTH,5.901
2026081404,c6c775c1-b203-752d-f8f8-78c19e7320b7,0,benign_public,0,NoAlert,A_PUBLIC,6.0
2026081404,a8d4b186-da6d-de2e-a872-99cebc6cc5c6,0,benign_status,0,NoAlert,A_STATUS,5.801
2026081404,0c6e70b1-cdee-1917-4566-21c8261c36bf,0,benign_status,0,NoAlert,A_STATUS,6.3
2026081404,5ed408a0-b2d4-52d8-2fe0-2cc11ca0936f,0,benign_login,0,NoAlert,A_AUTH,5.801
2026081404,9e03b6ea-5b15-df08-45cb-d5b808e57279,1,bruteforce,0,NoAlert,A_AUTH_FAIL_SINGLE,7.8
2026081404,0dbd0112-0a71-9104-6d72-bfed4f39d4b8,1,bruteforce,0,NoAlert,A_AUTH_FAIL_SINGLE,7.701
2026081404,eef2ca78-006f-461d-6619-adf0dc716f26,1,bruteforce,0,NoAlert,A_AUTH_FAIL_SINGLE,7.8
2026081404,299edfa7-9f80-985d-a186-40ad8f0d9e8f,1,bruteforce,1,Violation,D_BRUTEFORCE,8.401
2026081404,aec8397a-bb90-aa56-d309-b4df3e315657,1,bruteforce,1,Violation,D_BRUTEFORCE,8.2
2026081404,56e5cf7a-02b9-aa59-d24f-665f2fd65f9e,0,benign_public,0,NoAlert,A_PUBLIC,6.101
2026081404,bdddf42f-091e-eea3-5870-0a37ba9b5cc3,0,benign_login,0,NoAlert,A_AUTH,5.9
2026081404,557d0c61-6ebf-d56a-0afc-8d731739da49,0,benign_status,0,NoAlert,A_STATUS,5.801
2026081404,ad0c2c10-760f-4a71-2c0f-1737d121bbe9,0,benign_public,0,NoAlert,A_PUBLIC,5.9
2026081404,e42d7076-8db9-194e-7b44-c56229331cdf,0,benign_status,0,NoAlert,A_STATUS,5.8
2026081404,952d27f3-7f5e-f65d-bc5f-2effbabe4079,0,benign_status,0,NoAlert,A_STATUS,5.7
2026081404,0f8488f6-3b1b-8d29-064a-0d8bae5eda4a,0,benign_login,0,NoAlert,A_AUTH,5.8
2026081404,3474d988-083f-9fd3-589f-b426f122a708,0,benign_login,0,NoAlert,A_AUTH,5.801
2026081404,650318ba-ff33-9e0d-2607-7571cd374839,0,benign_status,0,NoAlert,A_STATUS,5.6
2026081404,c430d5e0-e42b-ace0-81d4-19ee73dd311c,0,benign_login,0,NoAlert,A_AUTH,5.701
2026081404,37028474-b7da-be5f-7d2e-8d0385433a00,0,benign_status,0,NoAlert,A_STATUS,5.7
2026081404,1b2946d4-f7d9-1cb4-9dc6-b33134c34350,0,benign_status,0,NoAlert,A_STATUS,5.7
2026081404,0c7ef441-6d56-5a92-eef0-8a863e225d8d,0,benign_login,0,NoAlert,A_AUTH,5.801
2026081404,495bca1b-f9c1-396d-924b-1e86c329ca42,0,benign_status,0,NoAlert,A_STATUS,5.7
2026081404,ef5ab4c9-a230-4e30-24f8-65d92d3b8ebb,0,benign_status,0,NoAlert,A_STATUS,5.601
2026081404,8f6e8511-5330-b259-bd3e-cfcacc2152e6,0,benign_login,0,NoAlert,A_AUTH,5.6
2026081404,3fae1779-ec2f-c5b0-92b1-3425626ed398,0,benign_login,0,NoAlert,A_AUTH,5.901
2026081404,7ff16925-d650-d38a-86ba-9be2b6c39241,0,benign_login,0,NoAlert,A_AUTH,5.8
2026081404,2206c10b-8375-544f-2cef-0b8aec414fdb,1,bruteforce,0,NoAlert,A_AUTH_FAIL_SINGLE,8.101
2026081404,516dca89-b56c-88f4-06b0-88a30bd15b1c,1,bruteforce,0,NoAlert,A_AUTH_FAIL_SINGLE,7.7
2026081404,7476e762-356e-00ad-6e97-5052c379ce83,1,bruteforce,0,NoAlert,A_AUTH_FAIL_SINGLE,7.801
2026081404,5600a9ce-1ea2-b506-4bda-c6ae1ec50932,1,bruteforce,1,Violation,D_BRUTEFORCE,8.7
2026081404,38d515fc-cec2-7a52-fa3a-241fddc89c77,1,bruteforce,1,Violation,D_BRUTEFORCE,8.301
2026081404,1070df2e-99f6-7961-5432-6e663973bc80,1,bruteforce,1,Violation,D_BRUTEFORCE,8.3
2026081404,67353efb-e308-6d57-3f13-c94445400100,1,bruteforce,1,Violation,D_BRUTEFORCE,8.401
2026081404,f8d0e3be-0ac9-9596-afbd-79f31fb769c9,1,bruteforce,1,Violation,D_BRUTEFORCE,8.101
2026081404,bda8b77f-7aba-1eec-76d2-c2914abb8b3c,1,bruteforce,1,Violation,D_BRUTEFORCE,8.3
2026081404,8a0248cb-ba7a-2358-70b1-dc5887aaf7fb,1,bruteforce,1,Violation,D_BRUTEFORCE,8.701
2026081404,fdc88f11-f457-5cd1-1a27-9769d1362558,0,benign_status,0,NoAlert,A_STATUS,6.3
2026081404,fbbdb467-027f-9d08-7ccd-c2a5563efa18,0,benign_public,0,NoAlert,A_PUBLIC,6.301
2026081404,76f73af1-106e-6129-9d98-cd53d10be453,0,benign_public,0,NoAlert,A_PUBLIC,6.1
2026081404,d57bbca6-ce32-0a89-77d5-a3a56faf0afb,0,benign_status,0,NoAlert,A_STATUS,6.201
2026081404,3bb3a7d6-247e-8fe1-a610-dd2ca8fa2a59,1,bruteforce,0,NoAlert,A_AUTH_FAIL_SINGLE,7.9
2026081404,ae5444e0-c8db-14bb-5b11-b6770fe4bd5a,1,bruteforce,0,NoAlert,A_AUTH_FAIL_SINGLE,7.601
2026081404,5112a03c-885e-94fa-d28b-f6f6406a828a,1,bruteforce,0,NoAlert,A_AUTH_FAIL_SINGLE,7.7
2026081404,1c79e98d-4ed1-2a3e-3f07-2ef6dc28932c,1,bruteforce,1,Violation,D_BRUTEFORCE,8.201
2026081404,34b54904-58d0-8ffb-139e-43e6d1a2a7ba,1,bruteforce,1,Violation,D_BRUTEFORCE,8.1
2026081404,dfbfdde7-bbaf-2852-80bf-f51a54c66388,0,benign_public,0,NoAlert,A_PUBLIC,5.901
2026081404,b7173545-a407-27ac-74cf-c2c05fdad7ac,0,benign_status,0,NoAlert,A_STATUS,5.9
2026081404,28bfd58e-fd72-d08c-0f2c-6acd6672ec86,0,benign_login,0,NoAlert,A_AUTH,5.901
2026081404,dc96642f-b098-a301-fd85-51a79d96397c,0,benign_login,0,NoAlert,A_AUTH,5.9
2026081404,33fb7658-054d-dd76-3cb2-1bd2f84f7d4a,1,bruteforce,0,NoAlert,A_AUTH_FAIL_SINGLE,7.501
2026081404,980712c0-d69d-5345-3cf9-d81821d791e3,1,bruteforce,0,NoAlert,A_AUTH_FAIL_SINGLE,7.6
2026081404,3b5152c8-331b-c4f2-be45-993147002167,1,bruteforce,0,NoAlert,A_AUTH_FAIL_SINGLE,7.501
2026081404,5d25fc74-b566-04a0-e7f3-77f73e04b891,1,bruteforce,1,Violation,D_BRUTEFORCE,8.3
2026081404,1c2fe6f9-cbb1-95b7-2ed4-f7823c594a6e,1,bruteforce,1,Violation,D_BRUTEFORCE,8.401
2026081404,83ac4c22-be43-1cbe-e4d5-259d9575bf79,0,benign_status,0,NoAlert,A_STATUS,5.8
2026081404,fc848cc8-b2b7-c575-baf5-f093d9d25d59,0,benign_status,0,NoAlert,A_STATUS,6.201
2026081404,2631c8da-fdfd-b9bb-9345-4d858bfa966e,0,benign_status,0,NoAlert,A_STATUS,5.8
2026081404,9bf02cb2-e402-7713-caee-78cf332307e5,0,benign_login,0,NoAlert,A_AUTH,5.801
2026081404,8a70bee6-afb5-73ae-5a3e-25a618960c1b,0,benign_status,0,NoAlert,A_STATUS,5.7
2026081404,fee9bb6c-ee76-6134-6da3-855c2d62a2c2,0,benign_login,0,NoAlert,A_AUTH,5.6
2026081404,ca934614-47de-af2e-d304-001cf3db6183,0,benign_login,0,NoAlert,A_AUTH,5.701
2026081404,d845ccae-71f2-ea47-ab3a-dabfd8e73d90,0,benign_login,0,NoAlert,A_AUTH,5.7
2026081404,94084241-d75b-e27b-c66b-847df3b4d597,0,benign_login,0,NoAlert,A_AUTH,6.301
2026081404,7efc025b-666e-90b9-877f-9efac370ec7e,0,benign_status,0,NoAlert,A_STATUS,6.0
2026081404,08e58e2d-1054-a781-e0bd-262cccdd8385,0,benign_status,0,NoAlert,A_STATUS,6.301
2026081404,44704edd-2f47-16a8-e19b-eb842cdf0e38,0,benign_login,0,NoAlert,A_AUTH,5.9
2026081404,3074cf88-cb0f-0fba-394a-ca5002d1dc95,0,benign_status,0,NoAlert,A_STATUS,6.101
2026081404,0feb3305-6cf0-5bdc-f14b-6d492da7d26b,0,benign_login,0,NoAlert,A_AUTH,5.8
2026081404,7d798688-3ec8-bbf9-435a-a0c96fb14370,0,benign_status,0,NoAlert,A_STATUS,5.9
2026081404,58d3a4a7-7bd5-a639-0916-9847976009ab,0,benign_public,0,NoAlert,A_PUBLIC,5.901
2026081404,f6f64fc6-0310-253f-4608-7562d0e1cc6c,0,benign_login,0,NoAlert,A_AUTH,6.0
2026081404,96eac22d-1018-ab97-09a3-77330bdb2eb2,0,benign_login,0,NoAlert,A_AUTH,6.001
2026081404,1c812c7c-b4bf-c62c-d284-1febdf987e08,0,benign_login,0,NoAlert,A_AUTH,6.0
2026081404,dc3ab29a-e7a2-b88f-cd91-622afff8d949,0,benign_login,0,NoAlert,A_AUTH,5.701
2026081404,42e21ed4-9258-4822-b3a8-7e5215264d18,0,benign_login,0,NoAlert,A_AUTH,5.8
2026081404,eb18e52e-72a7-8946-4090-c6c8f8530fc2,1,path_traversal,1,Violation,D_TRAVERSAL,6.0
2026081404,0547a052-5a69-0df6-83a2-9b1e73e414c0,0,benign_login,0,NoAlert,A_AUTH,5.801
2026081404,2d314b52-961b-27a6-c2ba-e2418b6fe105,0,benign_public,0,NoAlert,A_PUBLIC,5.7
2026081404,9a63c779-d3de-fcf5-0319-a8cf297ac98d,0,benign_status,0,NoAlert,A_STATUS,5.801
2026081404,2c99f8bb-cd33-4768-81d9-878fa6eadd38,0,benign_login,0,NoAlert,A_AUTH,5.8
2026081404,ba2a23b6-e0b2-f6f3-29d3-50bf4b94b36b,0,benign_login,0,NoAlert,A_AUTH,5.8
2026081404,e8d2f006-2618-76a2-703d-3ca3fba88aaa,0,benign_status,0,NoAlert,A_STATUS,5.8
2026081404,3089504f-49e6-07c4-146b-3159a7632992,0,benign_status,0,NoAlert,A_STATUS,5.9
2026081404,a696a126-c841-0443-95f9-1060de8ebc22,0,benign_login,0,NoAlert,A_AUTH,5.901
2026081404,6dfeeeae-054c-a4d2-d6d6-c85e7cf289bb,0,benign_public,0,NoAlert,A_PUBLIC,5.7
2026081404,0b766a9b-f5c3-c1dc-9ff2-841c236f2754,0,benign_login,0,NoAlert,A_AUTH,5.701
2026081404,73d31350-4c3c-419b-9a95-c78ada5fe39f,0,benign_login,0,NoAlert,A_AUTH,5.9
2026081404,fa71dae0-a169-bb87-b295-bab48c617f1a,0,benign_login,0,NoAlert,A_AUTH,6.2
2026081404,e535d815-c82d-0172-7f33-9ff07b87c96f,0,benign_status,0,NoAlert,A_STATUS,5.801
2026081404,35aed541-8064-9cab-a864-f6f4ee6e4d80,1,command_probe,1,Violation,D_COMMAND,6.0
2026081404,582618d1-72eb-057d-3abb-67120d9bd38f,1,path_traversal,1,Violation,D_TRAVERSAL,5.901
2026081404,9d458ef3-d11a-232a-e2a0-4281064baf05,0,benign_status,0,NoAlert,A_STATUS,5.6
2026081404,1e7eee32-c1f1-50a0-a7fb-f2a3c715b733,0,benign_public,0,NoAlert,A_PUBLIC,5.701
2026081404,c2777683-f195-0e8f-81ef-a92df0663a20,1,bruteforce,0,NoAlert,A_AUTH_FAIL_SINGLE,7.8
2026081404,33b5515a-cd40-8b29-4745-65a485088c33,1,bruteforce,0,NoAlert,A_AUTH_FAIL_SINGLE,7.501
2026081404,fe03ece5-bebb-ad15-5e1c-4e8e04825cb2,1,bruteforce,0,NoAlert,A_AUTH_FAIL_SINGLE,7.5
2026081404,0fcb3079-c183-446f-801b-8d790d60791c,1,bruteforce,1,Violation,D_BRUTEFORCE,8.501
2026081404,e2cbcc10-a8b6-a916-7f81-5e1f80faaea1,1,bruteforce,1,Violation,D_BRUTEFORCE,8.3
2026081404,b99ea66c-f55d-e42f-97a7-2171e7cfc174,0,benign_login,0,NoAlert,A_AUTH,5.901
2026081404,21cab6d9-6e3d-72f9-0a54-4d4ea532a20d,0,benign_public,0,NoAlert,A_PUBLIC,5.7
2026081404,37b2a714-039b-f19d-89ab-bf37576c59d9,0,benign_login,0,NoAlert,A_AUTH,5.901
2026081404,d4d1a2ca-780d-0ea1-989d-b6752a212459,0,benign_status,0,NoAlert,A_STATUS,5.8
2026081404,243e9f09-f4d4-5813-adf4-d88b220ba1d2,0,benign_public,0,NoAlert,A_PUBLIC,20.501
2026081404,d7b183d6-d615-5189-ecce-f8612c2c35ac,0,benign_login,0,NoAlert,A_AUTH,12.6
2026081404,f2c26f94-89ed-78c6-5c3a-d9bdd177d07e,0,benign_status,0,NoAlert,A_STATUS,8.501
2026081404,8c53de2b-03f5-1424-587b-ac1bae2aaada,0,benign_login,0,NoAlert,A_AUTH,6.6
2026081404,4b8bc552-1ee5-c530-219e-e995fea6c3ea,0,benign_public,0,NoAlert,A_PUBLIC,6.2
2026081404,f1493fa7-a035-c77f-b9c0-b60a7ef64803,0,benign_login,0,NoAlert,A_AUTH,6.0
2026081404,08d98473-2c21-b9e1-c377-7dcc8a3f3d25,0,benign_public,0,NoAlert,A_PUBLIC,5.901
2026081404,9947d6c3-e1fd-3ce5-cb43-92f3b37e56e9,0,benign_status,0,NoAlert,A_STATUS,5.8
2026081404,abe1c5a3-f967-fb06-51de-472a80a3e7d1,0,benign_status,0,NoAlert,A_STATUS,5.901
2026081404,55ce6ba9-e72d-e895-576f-63c9d5c59d50,1,bruteforce,0,NoAlert,A_AUTH_FAIL_SINGLE,8.6
2026081404,32036cd4-8518-9e5b-80a8-543a911df0cf,1,bruteforce,0,NoAlert,A_AUTH_FAIL_SINGLE,8.001
2026081404,1f63f289-a487-17a2-e87e-ca08126e4a5b,1,bruteforce,0,NoAlert,A_AUTH_FAIL_SINGLE,7.8
2026081404,99d3a188-bbbd-1df5-bd0f-2f8fb3d6a8da,1,bruteforce,1,Violation,D_BRUTEFORCE,9.001
2026081404,fdff5a25-d95b-0a71-e64e-95dd6fd74e1f,1,bruteforce,1,Violation,D_BRUTEFORCE,8.701
2026081404,9913200f-28e2-6d85-3ad4-00fc608ac8f3,0,benign_status,0,NoAlert,A_STATUS,6.0
2026081404,c8c830db-5bbd-bcb0-ef92-fb5ad074481c,0,benign_login,0,NoAlert,A_AUTH,5.8
2026081404,3605de95-7be5-872a-871b-579141ded0d0,0,benign_login,0,NoAlert,A_AUTH,5.8
2026081404,95ae6665-eb54-dba3-74c1-aed912e1430d,0,benign_public,0,NoAlert,A_PUBLIC,6.0
2026081404,edfbd215-e1f0-cd03-efcd-b7eafa575dfe,0,benign_login,0,NoAlert,A_AUTH,5.901
2026081404,9337e181-7198-5e4a-2592-06e1459b5359,1,admin_probe,1,Violation,D_ADMIN,6.0
2026081404,036c3fba-0139-b64d-44a7-16c11a2c25ff,0,benign_login,0,NoAlert,A_AUTH,5.901
2026081404,e97abe2a-7bce-00e3-3c11-9dc639ff8682,1,bruteforce,0,NoAlert,A_AUTH_FAIL_SINGLE,7.8
2026081404,49dd8edd-08a3-7f5b-4323-b494850db0ad,1,bruteforce,0,NoAlert,A_AUTH_FAIL_SINGLE,7.901
2026081404,21ab3b74-b9ed-f895-4358-cc8b7bb3a355,1,bruteforce,0,NoAlert,A_AUTH_FAIL_SINGLE,7.8
2026081404,ac64b58d-b884-5a19-2f46-734f64f5ac94,1,bruteforce,1,Violation,D_BRUTEFORCE,8.801
2026081404,cfddae5b-282c-baaa-2779-bf349dd682c3,1,bruteforce,1,Violation,D_BRUTEFORCE,8.6
2026081404,29e2b47b-1632-70ef-b2e6-d17ba23f8b5c,0,benign_login,0,NoAlert,A_AUTH,6.1
2026081404,836707c4-0caf-8b55-d583-04e92fb911df,1,admin_probe,1,Violation,D_ADMIN,6.2
2026081404,74bc9511-72c2-073e-3e98-a5842b2f93a5,0,benign_public,0,NoAlert,A_PUBLIC,6.001
2026081404,810c7f68-a586-e0b5-452e-93bafad0f36e,0,benign_public,0,NoAlert,A_PUBLIC,5.9
2026081404,5ae57727-3d58-dded-313f-6c7d2243e573,0,benign_status,0,NoAlert,A_STATUS,6.001
2026081404,3eb9ea3d-a33f-fc46-f660-11e05effbb0f,0,benign_login,0,NoAlert,A_AUTH,5.8
2026081404,5ab665a3-9db1-df8b-7153-f511f52bf003,0,benign_login,0,NoAlert,A_AUTH,5.801
2026081404,d6a47bc1-1381-b17f-0a87-b8f4b445d848,0,benign_public,0,NoAlert,A_PUBLIC,5.8
2026081404,abc31cec-c2e9-4639-aff7-29bfa51e416f,1,bruteforce,0,NoAlert,A_AUTH_FAIL_SINGLE,7.901
2026081404,bcc8f26c-90fb-8b09-694d-0efc76e46700,1,bruteforce,0,NoAlert,A_AUTH_FAIL_SINGLE,7.9
2026081404,da9a4a76-517b-f8f9-9a21-14db4787ba4e,1,bruteforce,0,NoAlert,A_AUTH_FAIL_SINGLE,7.501
2026081404,05391873-50f1-763f-aa48-3465ae85d91b,1,bruteforce,1,Violation,D_BRUTEFORCE,8.3
2026081404,2485e946-dca3-a60e-d491-22b333013004,1,bruteforce,1,Violation,D_BRUTEFORCE,8.601
2026081404,65a685c1-3bc9-4eae-df95-cc51a5b9e8b1,0,benign_status,0,NoAlert,A_STATUS,6.3
2026081404,6f14dd35-e405-3370-15bb-359d31c8072c,0,benign_login,0,NoAlert,A_AUTH,6.501
2026081404,bc24afd1-a417-db29-233a-4b38de4bf790,0,benign_login,0,NoAlert,A_AUTH,6.0
2026081404,9db665a5-c529-2620-629b-3417387a9bb8,0,benign_public,0,NoAlert,A_PUBLIC,5.901
2026081404,ae18db36-f1a0-be00-dc13-b7d26947933e,0,benign_login,0,NoAlert,A_AUTH,5.9
2026081404,dbc3f478-c779-96c2-92eb-eda73d3605b2,0,benign_status,0,NoAlert,A_STATUS,5.8
2026081404,6e5a93ab-7069-4105-46ca-72f783dcb720,0,benign_public,0,NoAlert,A_PUBLIC,5.701
2026081404,0192a345-db5d-01a3-7996-cc2a48495850,0,benign_public,0,NoAlert,A_PUBLIC,5.5
2026081404,e9f3d1a3-8140-0e1c-c7f7-0a121c6a5bc1,0,benign_login,0,NoAlert,A_AUTH,5.601
2026081404,609b9666-f39d-58d6-e0c3-1d054efdf2cf,0,benign_public,0,NoAlert,A_PUBLIC,5.7
2026081404,300453ad-02e9-d7a7-a6ad-e4ad9ad137b3,0,benign_public,0,NoAlert,A_PUBLIC,5.6
2026081404,f9bded57-7980-826b-b588-dbe282489627,0,benign_login,0,NoAlert,A_AUTH,5.501
2026081404,4bbf8fed-a2dc-5636-7cb0-b3987ce581e3,1,bruteforce,0,NoAlert,A_AUTH_FAIL_SINGLE,7.7
2026081404,0290f57d-8282-5bbb-e5db-636e6a7fd0f7,1,bruteforce,0,NoAlert,A_AUTH_FAIL_SINGLE,7.501
2026081404,efb96b5f-c10e-5c3f-bc12-3be0ceefc5a4,1,bruteforce,0,NoAlert,A_AUTH_FAIL_SINGLE,7.5
2026081404,d9bd2f0d-0072-eb97-5984-88e79b15409c,1,bruteforce,1,Violation,D_BRUTEFORCE,8.701
2026081404,54c95adf-8f46-f4ff-b184-c0d0c80cc100,1,bruteforce,1,Violation,D_BRUTEFORCE,8.401
2026081404,77ad47ae-6765-bddd-dfd4-922c0cefa1e6,0,benign_public,0,NoAlert,A_PUBLIC,5.9
2026081404,f6c6b565-e46a-a51f-34c6-385054ce875c,0,benign_status,0,NoAlert,A_STATUS,5.8
2026081404,4cd8c1b2-2304-efb7-bb20-01b957f20d46,0,benign_status,0,NoAlert,A_STATUS,5.8
2026081404,3c4b4dc6-5d5a-65c1-6339-884549c99c3a,0,benign_public,0,NoAlert,A_PUBLIC,5.9
2026081404,a970ac40-7191-bc64-d036-556123c74450,0,benign_public,0,NoAlert,A_PUBLIC,5.801
2026081405,28b000b8-c3e7-7315-b0da-0595e813c0f2,0,benign_login,0,NoAlert,A_AUTH,22.502
2026081405,cf5621f9-7897-4856-8464-208b203c7881,0,benign_public,0,NoAlert,A_PUBLIC,9.6
2026081405,53e66fcd-b21f-323c-ea15-7d4f7d7ff909,0,benign_status,0,NoAlert,A_STATUS,26.701
2026081405,101723c1-f222-7e08-c893-53e2eb869d7d,0,benign_status,0,NoAlert,A_STATUS,11.401
2026081405,80e1fdc7-089d-ad6c-fa22-e0481baf386a,0,benign_status,0,NoAlert,A_STATUS,8.801
2026081405,4e7fad24-5f96-a75e-7dfe-e36cfdf03680,0,benign_status,0,NoAlert,A_STATUS,7.4
2026081405,a674e047-3004-c44e-c9f5-d2bd01cc719e,0,benign_status,0,NoAlert,A_STATUS,6.301
2026081405,0171384d-3d31-13f3-cea1-f5e1f447d1d0,1,admin_probe,1,Violation,D_ADMIN,7.0
2026081405,05cc5bb0-12ab-995a-4a32-c79bef43c820,0,benign_login,0,NoAlert,A_AUTH,6.501
2026081405,182c1ac3-b9c3-5148-c062-1643a7964dfe,0,benign_status,0,NoAlert,A_STATUS,6.4
2026081405,4db46942-173d-8088-fb36-8af4c50a9f59,1,command_probe,1,Violation,D_COMMAND,6.401
2026081405,2e0f5fba-c451-6c23-77ce-02ff3095e409,1,bruteforce,0,NoAlert,A_AUTH_FAIL_SINGLE,11.501
2026081405,07ca6daa-5339-f0cb-f087-768b170420b8,1,bruteforce,0,NoAlert,A_AUTH_FAIL_SINGLE,8.6
2026081405,c783cf60-be80-a689-fce8-fba17df5bde6,1,bruteforce,0,NoAlert,A_AUTH_FAIL_SINGLE,8.201
2026081405,56a029ae-032b-1bed-deca-b2fb9f2ce6df,1,bruteforce,1,Violation,D_BRUTEFORCE,9.5
2026081405,bb010180-e97d-0710-5dca-dc3aeec5bdc3,1,bruteforce,1,Violation,D_BRUTEFORCE,8.801
2026081405,a3ebe0cb-9e4b-8c53-8e75-7737f2163fd3,0,benign_status,0,NoAlert,A_STATUS,6.5
2026081405,8dafb209-8112-e3c7-9fc8-cf4e19ba99cb,0,benign_login,0,NoAlert,A_AUTH,6.0
2026081405,618737f1-6ac7-0568-4e6d-6cadf38122c8,0,benign_public,0,NoAlert,A_PUBLIC,6.2
2026081405,4a820179-8efb-e893-78c9-3621429ea2c9,0,benign_status,0,NoAlert,A_STATUS,6.001
2026081405,1037da00-1430-e6d5-8011-5961c566799a,0,benign_public,0,NoAlert,A_PUBLIC,6.1
2026081405,8cc06064-15f9-177d-8064-11626e752294,0,benign_login,0,NoAlert,A_AUTH,6.001
2026081405,1780cce7-b518-c5d8-fee9-885e42966d5d,0,benign_login,0,NoAlert,A_AUTH,6.1
2026081405,8a98576d-7e44-4bf7-d742-2ed9515ee7c5,0,benign_public,0,NoAlert,A_PUBLIC,6.101
2026081405,fab8c06e-4477-dd01-757d-7fb695195c0b,0,benign_public,0,NoAlert,A_PUBLIC,5.9
2026081405,0c05209d-bf22-aacb-bce8-70f65d764c3e,0,benign_status,0,NoAlert,A_STATUS,5.9
2026081405,36debea8-a9ee-5d35-6900-db4719278416,1,bruteforce,0,NoAlert,A_AUTH_FAIL_SINGLE,8.5
2026081405,25bb8370-feb4-be31-8160-781864941a88,1,bruteforce,0,NoAlert,A_AUTH_FAIL_SINGLE,7.901
2026081405,707d91e1-0d14-5b56-f1f0-f41030903f30,1,bruteforce,0,NoAlert,A_AUTH_FAIL_SINGLE,7.8
2026081405,c0511183-09bf-a0ae-521e-0b1dec560f91,1,bruteforce,1,Violation,D_BRUTEFORCE,9.001
2026081405,0e92dfa8-ffea-d223-b7ee-3fddb62f4492,1,bruteforce,1,Violation,D_BRUTEFORCE,8.5
2026081405,6a883087-62de-8a08-3c03-dddc22545014,0,benign_public,0,NoAlert,A_PUBLIC,6.101
2026081405,535be679-9a10-fd81-e50d-a7cbf8feb749,0,benign_status,0,NoAlert,A_STATUS,5.8
2026081405,a0936221-3a0d-d5bf-b716-44ec15762316,0,benign_login,0,NoAlert,A_AUTH,5.701
2026081405,7f8cab8a-7c2d-d033-b7b4-bd9faa980f85,0,benign_login,0,NoAlert,A_AUTH,5.9
2026081405,1785f5ba-ed85-4bf9-e177-106b8c68b2ca,0,benign_public,0,NoAlert,A_PUBLIC,6.001
2026081405,87de2f44-3940-215b-dcd7-483648c248e1,0,benign_status,0,NoAlert,A_STATUS,5.8
2026081405,ca188a88-ad00-d78c-f654-ad4a354563ca,1,path_traversal,1,Violation,D_TRAVERSAL,6.2
2026081405,5e60652d-c280-ec7e-b045-729db48dd282,0,benign_status,0,NoAlert,A_STATUS,6.0
2026081405,0672e795-b746-1d11-6f3b-501c6f255988,0,benign_public,0,NoAlert,A_PUBLIC,6.1
2026081405,17dddf60-5e2f-88a9-33fe-4c17d4568464,0,benign_status,0,NoAlert,A_STATUS,6.001
2026081405,2f853dd9-a259-bbd4-a3dd-b2085ccf957f,1,bruteforce,0,NoAlert,A_AUTH_FAIL_SINGLE,7.8
2026081405,1990e147-fefc-091a-9f3e-03dea8f7d226,1,bruteforce,0,NoAlert,A_AUTH_FAIL_SINGLE,7.701
2026081405,71b192bd-a3a0-26d8-8961-06c1a3a290e9,1,bruteforce,0,NoAlert,A_AUTH_FAIL_SINGLE,8.0
2026081405,62100335-88ef-7d29-c14f-2c867d70b3d3,1,bruteforce,1,Violation,D_BRUTEFORCE,8.501
2026081405,8b2a43a2-ac28-2f96-c589-84d8ccbcf432,1,bruteforce,1,Violation,D_BRUTEFORCE,8.501
2026081405,1a99f4cd-2e59-765d-68f0-91628ef5d385,1,path_traversal,1,Violation,D_TRAVERSAL,6.3
2026081405,ba7ae1bd-3beb-106c-f4a1-0f873bd689d8,0,benign_status,0,NoAlert,A_STATUS,5.801
2026081405,43ca36e2-0d0e-a27c-401f-3a03c44cadd2,0,benign_public,0,NoAlert,A_PUBLIC,5.9
2026081405,07007e3f-c4d3-e3d3-2b42-9f6433bed339,0,benign_public,0,NoAlert,A_PUBLIC,16.501
2026081405,532b5b81-c71c-4482-02f8-65f89fa856d2,0,benign_status,0,NoAlert,A_STATUS,7.201
2026081405,c1a54f9f-0e95-c308-3404-457452a9d788,0,benign_status,0,NoAlert,A_STATUS,6.0
2026081405,75f49cb7-d26a-fb15-59b5-cbe755dce3c1,0,benign_public,0,NoAlert,A_PUBLIC,5.901
2026081405,198eed51-2862-b0ed-a4a4-476c5ed9bd63,1,bruteforce,0,NoAlert,A_AUTH_FAIL_SINGLE,7.9
2026081405,8e9bb759-225a-2653-adf8-755c6583ad1c,1,bruteforce,0,NoAlert,A_AUTH_FAIL_SINGLE,7.701
2026081405,7cb773d0-bb92-7768-e915-868f5ccaed47,1,bruteforce,0,NoAlert,A_AUTH_FAIL_SINGLE,7.5
2026081405,138376b0-dfb6-9764-d810-bfbeb10791f9,1,bruteforce,1,Violation,D_BRUTEFORCE,8.301
2026081405,6c0b3b17-9f82-50f5-4394-5ba639a4f260,1,bruteforce,1,Violation,D_BRUTEFORCE,8.2
2026081405,54a42a2c-3e48-8933-bb14-ac51a7da7273,0,benign_status,0,NoAlert,A_STATUS,5.901
2026081405,583ba63d-8461-3d54-b374-994831ba71e8,0,benign_login,0,NoAlert,A_AUTH,5.8
2026081405,b4e17b6c-cfed-3d1f-b710-0239f159850c,0,benign_login,0,NoAlert,A_AUTH,5.801
2026081405,6628736d-4953-a9f6-83e0-b1f04c0ff5b8,0,benign_login,0,NoAlert,A_AUTH,5.8
2026081405,034fa122-02e6-8bec-eb21-280be545f262,0,benign_public,0,NoAlert,A_PUBLIC,5.8
2026081405,4ee8ffe9-8f37-a94e-c039-0f8ef6f32e53,0,benign_public,0,NoAlert,A_PUBLIC,5.7
2026081405,5927a306-6e28-f6dc-c6eb-22fd3226c9c6,0,benign_status,0,NoAlert,A_STATUS,5.8
2026081405,12e3a4f3-5438-f04d-2773-869a7f48949e,0,benign_login,0,NoAlert,A_AUTH,6.001
2026081405,a6ec8dab-bcfa-a36e-05d9-28131d5c7361,0,benign_login,0,NoAlert,A_AUTH,5.9
2026081405,ec41cc7a-8272-7785-8529-85d2b19784df,0,benign_public,0,NoAlert,A_PUBLIC,6.101
2026081405,55829954-0d22-c2a2-6d5c-5489643fc3de,0,benign_login,0,NoAlert,A_AUTH,6.2
2026081405,c183f41c-fdd8-e6e4-55ea-68fd77326faa,0,benign_status,0,NoAlert,A_STATUS,6.101
2026081405,cfe55d3e-07e4-bb40-6ff3-51197b957aff,0,benign_public,0,NoAlert,A_PUBLIC,6.0
2026081405,4374995f-1855-e3a3-4290-24e8e81d80cc,0,benign_login,0,NoAlert,A_AUTH,6.5
2026081405,b7b12d88-719e-7d39-54e9-c5d006e673f8,0,benign_status,0,NoAlert,A_STATUS,6.1
2026081405,987d4d55-dd16-7878-6aa1-b8bb849a540f,0,benign_login,0,NoAlert,A_AUTH,5.9
2026081405,7163fde6-69c9-81df-1a35-cdaab54abce3,0,benign_login,0,NoAlert,A_AUTH,5.901
2026081405,92a8bcaf-d355-48fb-2600-2c62147e49b6,0,benign_status,0,NoAlert,A_STATUS,6.0
2026081405,b491c549-999b-4c00-ad61-893a53c3dfaf,0,benign_login,0,NoAlert,A_AUTH,9.601
2026081405,93ca9f61-160f-2343-cabb-bd1de2a0069a,0,benign_status,0,NoAlert,A_STATUS,6.5
2026081405,adb43628-66cd-9703-a6d2-0b9d4914c550,0,benign_public,0,NoAlert,A_PUBLIC,6.201
2026081405,15725c3c-40bc-c7e1-269a-91098ef591a9,1,bruteforce,0,NoAlert,A_AUTH_FAIL_SINGLE,8.1
2026081405,ab97fc7e-8607-1bef-450c-72b7b2a1147f,1,bruteforce,0,NoAlert,A_AUTH_FAIL_SINGLE,7.901
2026081405,3478318a-d7c5-d39a-ad80-c953f8b267b7,1,bruteforce,0,NoAlert,A_AUTH_FAIL_SINGLE,7.701
2026081405,0b219bfb-8edb-9940-6dd7-5ced666f7708,1,bruteforce,1,Violation,D_BRUTEFORCE,8.6
2026081405,f992449d-f93b-9ac3-b23e-a8101c73d14c,1,bruteforce,1,Violation,D_BRUTEFORCE,8.401
2026081405,88e6a0ee-fac2-0776-557e-6695daa53401,0,benign_public,0,NoAlert,A_PUBLIC,5.9
2026081405,4daf5e08-da38-8955-4df0-0f71486a07c9,1,admin_probe,1,Violation,D_ADMIN,6.001
2026081405,0c553670-252c-fc49-e197-9ed6ef4f2f7b,0,benign_public,0,NoAlert,A_PUBLIC,5.9
2026081405,ff203c82-ea78-0b5e-e6b7-93f900559ec1,0,benign_login,0,NoAlert,A_AUTH,5.7
2026081405,196a3cb7-d22d-0374-4056-688d436c7d06,0,benign_status,0,NoAlert,A_STATUS,5.8
2026081405,81f7ea88-828a-f06d-898e-8f82689dd49d,0,benign_login,0,NoAlert,A_AUTH,5.8
2026081405,355f30b6-e8a2-aec2-d7c0-3d895fec8ba9,0,benign_login,0,NoAlert,A_AUTH,5.701
2026081405,28059f69-ec5c-8b5a-8e32-ffa4bc4022c1,1,bruteforce,0,NoAlert,A_AUTH_FAIL_SINGLE,7.4
2026081405,14b903f8-184c-0079-337a-e698549ba8e3,1,bruteforce,0,NoAlert,A_AUTH_FAIL_SINGLE,7.701
2026081405,34236e0d-daa6-4262-c09a-0112048d4198,1,bruteforce,0,NoAlert,A_AUTH_FAIL_SINGLE,7.7
2026081405,d2e8bff1-0994-9034-31b6-ea7c45ce3663,1,bruteforce,1,Violation,D_BRUTEFORCE,8.501
2026081405,d6bea4c7-c1d2-1d70-528c-c9b4748a51af,1,bruteforce,1,Violation,D_BRUTEFORCE,8.501
2026081405,e355d760-336e-f3bb-1a6f-04d1ffac889a,0,benign_public,0,NoAlert,A_PUBLIC,7.7
2026081405,38bd9f71-930c-174d-8b3d-63895392b42c,0,benign_login,0,NoAlert,A_AUTH,6.001
2026081405,0d444d30-acbd-b1c0-cba6-044817b0102e,0,benign_status,0,NoAlert,A_STATUS,5.8
2026081405,8c5e9a2f-944b-4734-62ab-3ce9af9bdba7,0,benign_status,0,NoAlert,A_STATUS,5.8
2026081405,d55edcdc-87eb-6591-c81d-f253bf6cd488,0,benign_status,0,NoAlert,A_STATUS,5.701
2026081405,6935ae79-bd6d-6ad5-9fb9-6856aa1ad39d,1,command_probe,1,Violation,D_COMMAND,6.0
2026081405,e582bedc-69e0-dde5-0f92-96faeae5a97e,0,benign_login,0,NoAlert,A_AUTH,5.801
2026081405,cb71392d-3406-46e4-0644-a172f4e4eb41,0,benign_login,0,NoAlert,A_AUTH,5.9
2026081405,65b38c78-7ea3-b668-e0e0-99821610b9a2,0,benign_public,0,NoAlert,A_PUBLIC,6.1
2026081405,3c4aa8ea-3da4-622e-4bfe-e899e4e14502,0,benign_public,0,NoAlert,A_PUBLIC,5.9
2026081405,b9dc5a04-9eeb-45ed-a8a9-fb9b1fd00a37,0,benign_login,0,NoAlert,A_AUTH,5.9
2026081405,e7b3e4f2-b75e-9ff8-e794-c4224901f2e2,1,bruteforce,0,NoAlert,A_AUTH_FAIL_SINGLE,7.901
2026081405,d967950e-75f4-5b70-3714-7e5f9cd936cb,1,bruteforce,0,NoAlert,A_AUTH_FAIL_SINGLE,7.7
2026081405,4b5f02f7-bec9-51f9-4809-7bfcb35934f6,1,bruteforce,0,NoAlert,A_AUTH_FAIL_SINGLE,7.9
2026081405,d8e3f0c6-066f-7bdf-b3da-65e61cda74ee,1,bruteforce,1,Violation,D_BRUTEFORCE,8.701
2026081405,0bb764f4-9c6b-0b4f-3e25-6777e4b180f7,1,bruteforce,1,Violation,D_BRUTEFORCE,8.6
2026081405,d1e8e8c9-a478-7c79-7f79-f1d566a59ee7,0,benign_status,0,NoAlert,A_STATUS,6.101
2026081405,f7576955-8a40-c173-365f-d065601cd4cc,0,benign_status,0,NoAlert,A_STATUS,6.0
2026081405,a0124e61-af72-f6f2-7288-575661954bd0,0,benign_status,0,NoAlert,A_STATUS,5.901
2026081405,ab79f13b-8306-86ac-d072-f849458ddd16,0,benign_public,0,NoAlert,A_PUBLIC,7.5
2026081405,341ea94e-afb9-20d1-bac2-3202e3b102c9,1,bruteforce,0,NoAlert,A_AUTH_FAIL_SINGLE,7.901
2026081405,083d9761-0a80-3e77-396f-4944938a06ba,1,bruteforce,0,NoAlert,A_AUTH_FAIL_SINGLE,7.6
2026081405,0b652203-a568-dfa4-fd64-5c48f607f9ce,1,bruteforce,0,NoAlert,A_AUTH_FAIL_SINGLE,7.801
2026081405,0c7b3e55-4feb-efe0-374a-f3a32c70f7d7,1,bruteforce,1,Violation,D_BRUTEFORCE,8.5
2026081405,b8896691-c764-c2ac-d668-9d371d58ff82,1,bruteforce,1,Violation,D_BRUTEFORCE,8.401
2026081405,85f1a340-c020-7268-12c7-aa003ea8ba21,0,benign_public,0,NoAlert,A_PUBLIC,5.9
2026081405,f7292936-b7d5-d6ea-88d5-627191b17e7d,1,command_probe,1,Violation,D_COMMAND,6.101
2026081405,ef8cb7b9-f86e-ae45-86ac-51306ba87707,1,command_probe,1,Violation,D_COMMAND,5.9
2026081405,19b8f1fd-bc8a-534f-afb7-a78928f1c5ef,0,benign_login,0,NoAlert,A_AUTH,6.001
2026081405,6fcd3542-6e39-75ee-d28e-8209b169eeca,1,path_traversal,1,Violation,D_TRAVERSAL,6.0
2026081405,093f81ec-a17f-2ed1-5623-36d7f9b8e164,0,benign_public,0,NoAlert,A_PUBLIC,5.801
2026081405,5ffbc59f-bd21-755d-3b96-a0d94148902d,0,benign_public,0,NoAlert,A_PUBLIC,5.7
2026081405,44963e60-3d08-b0d5-1c84-c6117e4af84a,0,benign_public,0,NoAlert,A_PUBLIC,5.8
2026081405,6c15a2a3-dc34-fa37-f3de-e87b57e45d37,0,benign_public,0,NoAlert,A_PUBLIC,6.201
2026081405,50da9459-fe26-fda9-1065-69bd628e276a,0,benign_public,0,NoAlert,A_PUBLIC,6.1
2026081405,616035da-dfb0-b018-4759-59c6b7837c33,1,bruteforce,0,NoAlert,A_AUTH_FAIL_SINGLE,8.001
2026081405,c3e3037d-c17f-eb21-9fef-06872c183128,1,bruteforce,0,NoAlert,A_AUTH_FAIL_SINGLE,7.7
2026081405,e34b9d19-0812-5ddc-b62d-40fbccdc365f,1,bruteforce,0,NoAlert,A_AUTH_FAIL_SINGLE,7.601
2026081405,01013863-0fe8-8602-4375-f943053532f3,1,bruteforce,1,Violation,D_BRUTEFORCE,8.6
2026081405,bf46453c-b654-3414-078b-bcd83ac6d80c,1,bruteforce,1,Violation,D_BRUTEFORCE,8.8
2026081405,16526fe5-defc-2f2a-9993-88b4ed7e8c69,0,benign_login,0,NoAlert,A_AUTH,5.801
2026081405,d3cf4172-f9e9-6c20-a743-33d58a44c59c,0,benign_status,0,NoAlert,A_STATUS,5.7
2026081405,ae08510c-27e4-b53c-f0cf-e590d72f414d,0,benign_public,0,NoAlert,A_PUBLIC,5.6
2026081405,c6db7bed-0c96-c696-c38f-843a4920831a,0,benign_status,0,NoAlert,A_STATUS,5.801
2026081405,da9a8977-c317-5b93-914e-320773baf008,1,admin_probe,1,Violation,D_ADMIN,6.0
2026081405,38afb97b-46fd-7c97-408b-d20f7014a323,1,bruteforce,0,NoAlert,A_AUTH_FAIL_SINGLE,7.501
2026081405,ecb5c10e-be15-8ee5-1374-5bbae3ce92a2,1,bruteforce,0,NoAlert,A_AUTH_FAIL_SINGLE,7.3
2026081405,b01055e8-9f46-9629-405a-8f2727a5038c,1,bruteforce,0,NoAlert,A_AUTH_FAIL_SINGLE,7.301
2026081405,4ebdacaf-9103-bf26-5706-27c5f50e480f,1,bruteforce,1,Violation,D_BRUTEFORCE,8.4
2026081405,32a37721-2719-91d2-3429-2e527cac2a07,1,bruteforce,1,Violation,D_BRUTEFORCE,8.501
2026081405,f5443833-ecf7-9dc8-bfaa-dab6a7a57de3,1,bruteforce,1,Violation,D_BRUTEFORCE,8.301
2026081405,53d06628-48d2-2fbd-ca4c-d8930f2a4cf8,1,bruteforce,1,Violation,D_BRUTEFORCE,8.3
2026081405,8ea8176a-1280-3f9f-99af-d50f128cb5a3,1,bruteforce,1,Violation,D_BRUTEFORCE,8.101
2026081405,1edb8d0c-d847-a00a-d36a-609b95d2b441,1,bruteforce,1,Violation,D_BRUTEFORCE,8.1
2026081405,a29c7b16-202d-f608-d544-6f27668aa983,1,bruteforce,1,Violation,D_BRUTEFORCE,8.001
2026081405,86b1e8f8-96c4-4ec7-e041-2a665ddd27ac,0,benign_status,0,NoAlert,A_STATUS,6.1
2026081405,b3a3a7a9-dc54-4166-f1a6-789a6685d2bf,0,benign_public,0,NoAlert,A_PUBLIC,5.901
2026081405,410f57f0-e8e3-af72-5ab1-a2768eed6a74,0,benign_login,0,NoAlert,A_AUTH,5.9
2026081405,df9b5f0c-e9f6-263a-a32d-e228943a141f,0,benign_status,0,NoAlert,A_STATUS,5.801
2026081405,5853f564-c1d3-54b1-f34f-102ee071f05f,0,benign_login,0,NoAlert,A_AUTH,5.9
2026081405,4b426c3f-e14b-479b-3343-d29fff808fb7,1,bruteforce,0,NoAlert,A_AUTH_FAIL_SINGLE,7.601
2026081405,b57caa0a-4389-fb4c-ad9c-5b4962a100d1,1,bruteforce,0,NoAlert,A_AUTH_FAIL_SINGLE,7.5
2026081405,90d3b6a3-b1f3-4b4f-bcff-4a9822787343,1,bruteforce,0,NoAlert,A_AUTH_FAIL_SINGLE,7.701
2026081405,7acf5d3e-62b2-576f-d3eb-fd23a448b3f0,1,bruteforce,1,Violation,D_BRUTEFORCE,8.1
2026081405,9a2a2174-bc33-464a-55af-d63c8d6e7ae6,1,bruteforce,1,Violation,D_BRUTEFORCE,8.101
2026081405,247e28ea-9b15-3aaf-509d-c88d9c414bba,1,bruteforce,1,Violation,D_BRUTEFORCE,8.3
2026081405,eb338eac-a27a-cb1a-da7e-f01b6e53c23a,1,bruteforce,1,Violation,D_BRUTEFORCE,8.101
2026081405,4fb4d9b5-0c25-0f0f-7205-75e6a604051b,1,bruteforce,1,Violation,D_BRUTEFORCE,8.5
2026081405,bf23e6d1-efff-88b3-a7af-b9c5fab796ac,1,bruteforce,1,Violation,D_BRUTEFORCE,8.1
2026081405,6b24f396-f4fd-4801-d941-dbd944214a75,1,bruteforce,1,Violation,D_BRUTEFORCE,8.201
2026081405,98fe6462-446d-3605-f943-b73671d03385,0,benign_login,0,NoAlert,A_AUTH,6.0
2026081405,7ef3b983-33ba-dc4e-f81a-4fc950de7f7e,1,bruteforce,1,Violation,D_BRUTEFORCE,8.201
2026081405,397b6bc8-06a4-0c18-13fb-8aba857b6aeb,1,bruteforce,1,Violation,D_BRUTEFORCE,8.1
2026081405,4b9a3550-b790-359c-6590-14db2f685aad,1,bruteforce,1,Violation,D_BRUTEFORCE,8.201
2026081405,dfa9b92f-cc2d-e9a5-27b3-e389b9620d00,1,bruteforce,1,Violation,D_BRUTEFORCE,8.2
2026081405,b1d9e070-0c73-172a-925c-e2c7f9a8bc72,1,bruteforce,1,Violation,D_BRUTEFORCE,8.001
2026081405,a1543f08-f691-927d-3e57-4b09eca8b728,0,benign_login,0,NoAlert,A_AUTH,6.1
2026081405,b7eed83f-d6fe-5802-a257-15f764b87f65,0,benign_status,0,NoAlert,A_STATUS,6.201
2026081405,4b93889a-7451-0164-4c36-e5a8ced39a4e,1,admin_probe,1,Violation,D_ADMIN,6.1
2026081405,e40b8b2e-81d9-fa21-ce7d-865d43e832b6,1,command_probe,1,Violation,D_COMMAND,6.101
2026081405,91a1c79f-c88a-7147-4e4e-6598d06a5457,1,bruteforce,0,NoAlert,A_AUTH_FAIL_SINGLE,7.6
2026081405,fbe4e3c0-9f5e-8db4-fd5a-811e428c3f06,1,bruteforce,0,NoAlert,A_AUTH_FAIL_SINGLE,7.401
2026081405,e2f4a73d-7d41-810f-4fc1-bb986c362845,1,bruteforce,0,NoAlert,A_AUTH_FAIL_SINGLE,7.5
2026081405,9fe7e3f4-e5e3-8add-0556-f9049399b2d0,1,bruteforce,1,Violation,D_BRUTEFORCE,8.501
2026081405,bf0efb91-b474-9486-4611-eb3f769b98e0,1,bruteforce,1,Violation,D_BRUTEFORCE,8.2
2026081405,03aaf364-e5ee-b30e-f13a-2c5ebda5e9cf,0,benign_status,0,NoAlert,A_STATUS,6.1
2026081405,645f6a6a-5702-f4f7-ac83-070e60f0098b,0,benign_public,0,NoAlert,A_PUBLIC,5.9
2026081405,a10641e9-04b7-923e-d6ad-809ba9e333e4,1,bruteforce,0,NoAlert,A_AUTH_FAIL_SINGLE,7.601
2026081405,54f4fada-6f97-9c40-d13f-1fa3f016f379,1,bruteforce,0,NoAlert,A_AUTH_FAIL_SINGLE,7.7
2026081405,401c3d44-9ffd-a87b-f8ce-e5796b9227a1,1,bruteforce,0,NoAlert,A_AUTH_FAIL_SINGLE,7.501
2026081405,2e4d00da-76ef-8ca8-167c-f845e8c9b462,1,bruteforce,1,Violation,D_BRUTEFORCE,8.301
2026081405,ee4b9de8-9c6f-5720-2d45-e7c583d1601e,1,bruteforce,1,Violation,D_BRUTEFORCE,8.3
2026081405,99e2e7c5-c9f1-9964-95ae-010b83677bee,0,benign_status,0,NoAlert,A_STATUS,5.901
2026081405,c18b5ae0-5a00-334b-963f-e6279525dda3,0,benign_status,0,NoAlert,A_STATUS,5.7
2026081405,38fb3568-596f-d31f-eb9d-10610c458fb6,0,benign_public,0,NoAlert,A_PUBLIC,5.9
2026081405,6ffb9413-9c55-0463-e8cb-0bb7c183b0be,1,bruteforce,0,NoAlert,A_AUTH_FAIL_SINGLE,7.501
2026081405,afa2f420-98ac-0cda-d450-ab8b981c3e2a,1,bruteforce,0,NoAlert,A_AUTH_FAIL_SINGLE,7.4
2026081405,addf9ca9-08a5-bfb5-fc34-91738182710e,1,bruteforce,0,NoAlert,A_AUTH_FAIL_SINGLE,7.6
2026081405,b3cc2229-d1c0-5a52-b5e6-0be5321d17fd,1,bruteforce,1,Violation,D_BRUTEFORCE,8.301
2026081405,5a12d613-73c2-4de4-c8ee-1e8124327806,1,bruteforce,1,Violation,D_BRUTEFORCE,8.2
2026081405,21e95e4d-699d-8e1e-1a6a-50f964222ce0,1,command_probe,1,Violation,D_COMMAND,6.001
2026081405,a200089d-ac04-0ccd-4151-0b3e7fe2b7ba,0,benign_login,0,NoAlert,A_AUTH,6.0
2026081405,c3df04e7-6dc8-d5b7-0bc4-761b8669969c,1,path_traversal,1,Violation,D_TRAVERSAL,6.1
2026081405,e1b67adf-3866-420e-761b-50dfd2435a21,1,bruteforce,0,NoAlert,A_AUTH_FAIL_SINGLE,7.9
2026081405,1b7d3171-77f9-0175-3fa3-e78299a14315,1,bruteforce,0,NoAlert,A_AUTH_FAIL_SINGLE,7.701
2026081405,e7fef118-7eca-6506-638e-df8f35e26dd1,1,bruteforce,0,NoAlert,A_AUTH_FAIL_SINGLE,7.9
2026081405,a8b7bb3c-4673-64f0-f8ba-4d65120b4b75,1,bruteforce,1,Violation,D_BRUTEFORCE,8.601
2026081405,a7e40b54-82cc-7dfb-d39f-792ff10a1246,1,bruteforce,1,Violation,D_BRUTEFORCE,8.3
2026081405,0a68b2f3-744d-9e25-46e4-9f7cb136ccb0,1,bruteforce,1,Violation,D_BRUTEFORCE,8.401
2026081405,f71da10e-19d0-eac8-98b1-581df2047d51,1,bruteforce,1,Violation,D_BRUTEFORCE,8.201
2026081405,41532303-a956-9e7f-d73b-a78574013360,1,bruteforce,1,Violation,D_BRUTEFORCE,8.2
2026081405,72dd88c8-b3b2-db8f-b31d-bfa6c94cda1a,1,bruteforce,1,Violation,D_BRUTEFORCE,8.101
2026081405,5368dd17-8e8f-c0cd-b6dc-4d34dc94b042,1,bruteforce,1,Violation,D_BRUTEFORCE,8.2
2026081405,766217c4-12e5-f48d-2526-89a388b5a537,0,benign_login,0,NoAlert,A_AUTH,6.001
2026081405,0307bf89-2639-89a1-392f-24841f171db7,1,bruteforce,1,Violation,D_BRUTEFORCE,8.2
2026081405,6a44719f-9f81-e3d8-97cc-7b7d56405718,1,bruteforce,1,Violation,D_BRUTEFORCE,7.901
2026081405,81e575d4-9bcf-15b0-eb71-e9678ddb4796,1,bruteforce,1,Violation,D_BRUTEFORCE,8.4
2026081405,b86a8f87-4f8d-0685-636e-39b7dfce8bc4,1,bruteforce,1,Violation,D_BRUTEFORCE,8.501
2026081405,3c2709f5-0f01-fa44-4c6b-950fa8b9afbf,1,bruteforce,1,Violation,D_BRUTEFORCE,8.201
2026081405,ecf537a5-993f-5e0a-c74f-e5292f13fa45,0,benign_public,0,NoAlert,A_PUBLIC,6.1
2026081405,a0d45460-67e6-0074-3137-326db84c1326,0,benign_status,0,NoAlert,A_STATUS,6.1
2026081405,138f5d43-ccb8-9e41-fe22-46e8500ecd52,0,benign_status,0,NoAlert,A_STATUS,6.0
2026081405,70e6edcb-daeb-171f-dbd1-9ae473407c5b,1,path_traversal,1,Violation,D_TRAVERSAL,6.2
2026081405,e9d2d500-0cff-ab2c-4fb7-28e91da9e884,0,benign_status,0,NoAlert,A_STATUS,6.101
2026081405,8a1f190e-225c-6b23-4509-b30e53127e1c,1,admin_probe,1,Violation,D_ADMIN,6.0
2026081405,0d99e2fa-58d8-6dec-df14-e7b75c7693cb,0,benign_login,0,NoAlert,A_AUTH,5.901
2026081405,38c0263a-1fa3-d68f-2cf0-826eb42be6a6,0,benign_public,0,NoAlert,A_PUBLIC,6.2
2026081405,c834d32b-af77-9d9b-c114-56c9eaf70bdd,1,command_probe,1,Violation,D_COMMAND,5.901
2026081405,39eb7e82-70b8-0ac8-b2f2-4d537a1960ae,0,benign_status,0,NoAlert,A_STATUS,5.9
2026081405,1a6325ae-2eb1-3845-18ef-f647b16e2df7,0,benign_status,0,NoAlert,A_STATUS,5.7
2026081405,2345290c-6a52-bd02-c2d4-88469c428515,0,benign_status,0,NoAlert,A_STATUS,5.601
2026081405,28085672-4bc2-cff4-54aa-215961b55986,0,benign_public,0,NoAlert,A_PUBLIC,5.7
2026081405,8eb82814-5ccc-2eaf-b0ca-0732a5943925,0,benign_public,0,NoAlert,A_PUBLIC,5.801
2026081405,804c6aa5-9dd9-4a3e-fa82-e9f8b6911e4e,0,benign_status,0,NoAlert,A_STATUS,5.7
2026081405,cd881d59-0390-88a0-ef39-e73bd282fc9e,0,benign_status,0,NoAlert,A_STATUS,5.6
2026081405,3d4a0931-9344-f598-043f-591d6fdddaee,0,benign_status,0,NoAlert,A_STATUS,5.7
2026081405,c18f829e-71e3-d380-199b-bccf053b4231,1,bruteforce,0,NoAlert,A_AUTH_FAIL_SINGLE,7.5
2026081405,a8d111bf-49d4-157e-8da0-5760ab83a2c7,1,bruteforce,0,NoAlert,A_AUTH_FAIL_SINGLE,7.6
2026081405,76ead95c-555b-f51b-1f68-a6d640ffa7d8,1,bruteforce,0,NoAlert,A_AUTH_FAIL_SINGLE,7.501
2026081405,bf546d85-7b1c-25ed-a0f4-b67cd7dfd8e5,1,bruteforce,1,Violation,D_BRUTEFORCE,8.5
2026081405,264157ed-bedd-c4f1-03cc-27fdf64828d5,1,bruteforce,1,Violation,D_BRUTEFORCE,8.301
2026081405,f38d05cb-b807-38aa-3b77-cc9904d0c9c4,0,benign_status,0,NoAlert,A_STATUS,5.9
2026081405,e3807baf-80e1-3786-5868-8609fb681ed0,0,benign_login,0,NoAlert,A_AUTH,6.001
2026081405,23d6157f-5136-4ccd-f69c-f8b6e84babed,0,benign_status,0,NoAlert,A_STATUS,5.8
2026081405,f7f6ceb9-fea5-f1d2-146e-89f0f7fe56b2,0,benign_login,0,NoAlert,A_AUTH,5.7
2026081405,2d3fe8cb-31b0-c3c3-0035-d6b7dd760c14,0,benign_login,0,NoAlert,A_AUTH,5.801
2026081405,062dc8ce-3dcb-df60-4495-71b3b5a95f29,1,admin_probe,1,Violation,D_ADMIN,5.8
2026081405,c563aeb6-e8ae-319e-b49e-1a98efba58a0,1,bruteforce,0,NoAlert,A_AUTH_FAIL_SINGLE,7.501
2026081405,b80a3281-2c8d-0d22-430f-6e1be76e5949,1,bruteforce,0,NoAlert,A_AUTH_FAIL_SINGLE,7.4
2026081405,5587909d-8bda-2c0a-6af1-c736e7f4c1e3,1,bruteforce,0,NoAlert,A_AUTH_FAIL_SINGLE,7.301
2026081405,b1e0d345-3d9e-8b8e-5c6d-9d3228445876,1,bruteforce,1,Violation,D_BRUTEFORCE,8.0
2026081405,09f7989d-09cf-8353-1723-a6b93a2ed53a,1,bruteforce,1,Violation,D_BRUTEFORCE,8.101
2026081405,1dcd7c75-e492-6519-8f52-be63bfd7efbe,1,command_probe,1,Violation,D_COMMAND,6.0
2026081405,a63405f0-6685-c0ef-5472-df0190d9e3d2,0,benign_status,0,NoAlert,A_STATUS,5.901
2026081405,54a1f97c-91fe-4192-2150-e8a2150147fc,0,benign_public,0,NoAlert,A_PUBLIC,6.1
2026081405,cb858f5a-48c3-fc04-b718-85fc790f9b72,0,benign_login,0,NoAlert,A_AUTH,5.701
2026081405,623be5a6-a4d8-1612-d89e-70f299a23107,0,benign_public,0,NoAlert,A_PUBLIC,5.8
2026081405,1e0a9a28-02fa-0f36-14f4-22704275f426,0,benign_public,0,NoAlert,A_PUBLIC,5.801
2026081405,a1c0a9dc-59ae-d433-64c9-bb2d7c60092d,0,benign_public,0,NoAlert,A_PUBLIC,5.9
2026081405,4acbfc68-21eb-263c-508e-31738389f4a5,0,benign_public,0,NoAlert,A_PUBLIC,5.8
2026081405,d0f06a9a-c197-db35-87ad-d9392136e16d,0,benign_public,0,NoAlert,A_PUBLIC,21.602
2026081405,7352c1e6-3089-dfc7-2921-581de1f1019b,0,benign_public,0,NoAlert,A_PUBLIC,12.401
2026081405,638cab8e-98de-3721-5579-4d75e764ccf2,0,benign_login,0,NoAlert,A_AUTH,7.7
2026081405,88e0406b-1d63-3b16-06ff-867f437436fd,0,benign_login,0,NoAlert,A_AUTH,6.601
2026081405,c8227f93-2e41-36e8-d89b-6ffd5a2130e3,0,benign_login,0,NoAlert,A_AUTH,6.8
2026081405,0430496c-f875-6a59-17b7-4aa1a33c28ba,0,benign_login,0,NoAlert,A_AUTH,6.301
2026081405,95d64477-0bf3-08e4-b2c1-477736f82ab0,1,admin_probe,1,Violation,D_ADMIN,6.2
2026081405,016a3742-74e7-ba00-93e1-541a01c79c64,0,benign_public,0,NoAlert,A_PUBLIC,6.301
2026081405,3a1b1e35-bb1c-c290-95a1-54469079705c,1,bruteforce,0,NoAlert,A_AUTH_FAIL_SINGLE,8.9
2026081405,63b0dde6-b072-e613-defd-e9b0985ac333,1,bruteforce,0,NoAlert,A_AUTH_FAIL_SINGLE,8.101
2026081405,4c60c7c5-47b9-7e5d-b48a-92a5aa861c51,1,bruteforce,0,NoAlert,A_AUTH_FAIL_SINGLE,14.501
2026081405,fd95f598-8395-99c5-0b9f-6afe68742de9,1,bruteforce,1,Violation,D_BRUTEFORCE,12.601
2026081405,fa36fd6e-b9a3-f943-70b9-121124e2cce0,1,bruteforce,1,Violation,D_BRUTEFORCE,12.201
2026081405,01c1e71c-9a64-1a2e-0688-5c081df0018e,0,benign_login,0,NoAlert,A_AUTH,10.0
2026081405,649c8ad2-e31a-6107-8223-31a4db4d2fd2,0,benign_login,0,NoAlert,A_AUTH,9.2
2026081405,519f168b-34ce-822e-749b-56883d8ca544,0,benign_login,0,NoAlert,A_AUTH,10.301
2026081405,e04a30b3-2cc7-7a49-ce26-4561763641f4,0,benign_public,0,NoAlert,A_PUBLIC,8.2
2026081405,cd3505f1-293e-522c-09a5-0c83650b1fdb,0,benign_public,0,NoAlert,A_PUBLIC,6.2
2026081405,f373e322-13bf-7356-69b0-2b3c0f50e15e,0,benign_status,0,NoAlert,A_STATUS,6.3
2026081405,37edc5bb-e49a-5b69-926d-daa09d60e3bf,0,benign_login,0,NoAlert,A_AUTH,5.901
2026081405,b3fbb3e9-e470-e4aa-e058-234bb891a677,0,benign_public,0,NoAlert,A_PUBLIC,6.2
2026081405,a5e5d76e-297a-f701-2dbe-463415f6b7f0,0,benign_public,0,NoAlert,A_PUBLIC,5.901
2026081405,41994838-4882-7232-0e66-530414fdc65c,0,benign_public,0,NoAlert,A_PUBLIC,5.9
2026081405,85b67d2d-90b5-c88f-d3a6-6ed91a09ad2c,0,benign_login,0,NoAlert,A_AUTH,5.901
2026081405,f858857a-0bc7-1516-5d34-600ad7c56c0d,0,benign_public,0,NoAlert,A_PUBLIC,6.1
2026081405,80399e40-5bb8-5d31-4058-86e50d3a03ac,0,benign_status,0,NoAlert,A_STATUS,6.2
2026081405,19ef501c-5f17-2ec3-3b71-03e64111ca8c,0,benign_login,0,NoAlert,A_AUTH,9.9
2026081405,8ea1bf89-88a1-ad15-6058-f063febf1dfb,0,benign_status,0,NoAlert,A_STATUS,9.201
2026081405,1beeffc2-6236-c098-b50c-bd2c357d0cd4,0,benign_status,0,NoAlert,A_STATUS,39.602
2026081405,84e52cbe-6b3b-992f-7b72-49bca5e85941,0,benign_status,0,NoAlert,A_STATUS,22.001
2026081405,baac1666-7eba-ab87-6b0d-ba8412cb09c4,0,benign_status,0,NoAlert,A_STATUS,11.101
2026081405,840798ce-28b7-c8ef-2f3f-d3ce487c261f,1,bruteforce,0,NoAlert,A_AUTH_FAIL_SINGLE,14.101
2026081405,d7cfcbd9-22e7-bd39-f264-844b99034478,1,bruteforce,0,NoAlert,A_AUTH_FAIL_SINGLE,12.201
2026081405,908d411d-6574-0bc5-4328-be38bd76d1c8,1,bruteforce,0,NoAlert,A_AUTH_FAIL_SINGLE,12.601
2026081405,94bfb950-4aa0-3e2a-ac98-5834a122c2a2,1,bruteforce,1,Violation,D_BRUTEFORCE,13.801
2026081405,75f9b30e-392e-ead1-bba2-031c35dc9913,1,bruteforce,1,Violation,D_BRUTEFORCE,14.401
2026081405,fbd04883-715a-9e38-915b-0690c65e8376,0,benign_login,0,NoAlert,A_AUTH,53.203
2026081405,f9bfe017-8e32-de96-6289-609212eabf98,0,benign_public,0,NoAlert,A_PUBLIC,22.501
2026081405,206b0062-4ada-65de-11a5-6eb6ba2cd102,0,benign_status,0,NoAlert,A_STATUS,11.801
2026081405,ad5f2835-ccbb-be2b-f173-fbd1c16bae3b,0,benign_login,0,NoAlert,A_AUTH,10.601
2026081405,7020b8f9-a58b-dd4f-38cc-28f41c92fd07,0,benign_login,0,NoAlert,A_AUTH,9.0
2026081405,bb1a80b4-038e-adaf-c87b-f1f84707636f,0,benign_public,0,NoAlert,A_PUBLIC,9.001
2026081405,ac5a77e3-fca3-e16c-9338-3eb6ffb05588,0,benign_public,0,NoAlert,A_PUBLIC,8.801
2026081405,66bab0e2-68f1-047e-1c2f-1a165e56f321,1,admin_probe,1,Violation,D_ADMIN,10.0
2026081406,660fdf0b-f97c-249d-3881-f5b4ab8e93a4,0,benign_login,0,NoAlert,A_AUTH,35.002
2026081406,6c5f3ac1-249a-3b37-170b-e908d605d7a2,0,benign_status,0,NoAlert,A_STATUS,12.901
2026081406,97fe29cc-dead-08d4-c3f4-829fb34cf916,0,benign_public,0,NoAlert,A_PUBLIC,8.001
2026081406,9b5f45dc-8a79-4480-243d-da2d586a6b32,1,bruteforce,0,NoAlert,A_AUTH_FAIL_SINGLE,11.8
2026081406,998259dd-1542-85be-39e4-4db4db102bee,1,bruteforce,0,NoAlert,A_AUTH_FAIL_SINGLE,8.901
2026081406,2cf95e68-1c3d-60cc-f854-8fed8489e372,1,bruteforce,0,NoAlert,A_AUTH_FAIL_SINGLE,8.501
2026081406,cec01492-5226-f265-edc4-b2f24619a843,1,bruteforce,1,Violation,D_BRUTEFORCE,9.3
2026081406,ea42be3e-7fd3-292c-eddb-c248227aeceb,1,bruteforce,1,Violation,D_BRUTEFORCE,9.001
2026081406,bd26e604-00e0-251e-ad60-fc64da9c90da,0,benign_public,0,NoAlert,A_PUBLIC,6.5
2026081406,a1244466-699d-7b6e-297b-f58784b7e6c9,0,benign_public,0,NoAlert,A_PUBLIC,6.301
2026081406,fa0696b2-637c-5820-674c-fb606634a3a1,0,benign_login,0,NoAlert,A_AUTH,6.0
2026081406,0eeabb9d-c6a1-f47d-a90c-3b50a2ff567c,1,command_probe,1,Violation,D_COMMAND,5.901
2026081406,e7f7d69a-ad3f-c09c-702c-bee40c12040d,0,benign_login,0,NoAlert,A_AUTH,5.8
2026081406,eaee0099-bcdb-5b58-2a43-515938602754,1,admin_probe,1,Violation,D_ADMIN,6.001
2026081406,6fd8d85d-17f8-5afb-7c6f-5e3124dd3061,0,benign_login,0,NoAlert,A_AUTH,5.8
2026081406,c6fac276-1fe8-26ed-b193-a134c0b1b34f,0,benign_status,0,NoAlert,A_STATUS,6.1
2026081406,ea364df2-3554-0e09-056b-5c10d612d40f,0,benign_public,0,NoAlert,A_PUBLIC,5.7
2026081406,a34d433f-a643-2ef7-5523-ea89258ec3c2,0,benign_public,0,NoAlert,A_PUBLIC,5.7
2026081406,6d3dd1c9-5034-f183-8fff-0cf7324a6369,0,benign_public,0,NoAlert,A_PUBLIC,5.701
2026081406,f07152ff-bcb5-60ea-d64b-fb1e89968ddf,0,benign_login,0,NoAlert,A_AUTH,5.8
2026081406,88da4900-bec1-9af0-b65b-7dfaf45488ab,0,benign_public,0,NoAlert,A_PUBLIC,5.701
2026081406,91395730-e635-3f8a-f253-a01941e60fd7,0,benign_login,0,NoAlert,A_AUTH,5.6
2026081406,a66d8da7-6ced-4a92-6ada-ebc4bf4154ce,0,benign_status,0,NoAlert,A_STATUS,5.8
2026081406,96c0c9c6-9833-aae2-6c02-15d5249543b8,0,benign_login,0,NoAlert,A_AUTH,5.801
2026081406,dc0e52e6-a028-5ad5-f53a-3be1a442f419,0,benign_login,0,NoAlert,A_AUTH,5.8
2026081406,459d0d19-67ee-110a-43df-aefb7ba552bd,0,benign_status,0,NoAlert,A_STATUS,6.001
2026081406,5855186d-9bc0-b343-1cc2-ace90d902c17,0,benign_status,0,NoAlert,A_STATUS,5.8
2026081406,80e52130-4a0a-b896-41f7-8e1e13eca952,0,benign_login,0,NoAlert,A_AUTH,5.801
2026081406,d0b72e8d-72c0-a01a-66c4-0a686f24da87,0,benign_status,0,NoAlert,A_STATUS,5.7
2026081406,a29cf2e4-c19c-7d8c-3726-b25bff2aa116,0,benign_login,0,NoAlert,A_AUTH,5.7
2026081406,7908abd0-4f18-41ad-4552-80087acfc91f,0,benign_status,0,NoAlert,A_STATUS,5.601
2026081406,d9140c21-737c-3d4c-0cdb-b5167ece52cb,1,bruteforce,0,NoAlert,A_AUTH_FAIL_SINGLE,7.7
2026081406,71d1d80b-ee03-2156-d22a-25fe2ca88860,1,bruteforce,0,NoAlert,A_AUTH_FAIL_SINGLE,7.601
2026081406,5e760eb0-1c6d-b22a-f913-eb841e575a92,1,bruteforce,0,NoAlert,A_AUTH_FAIL_SINGLE,8.0
2026081406,8c7a070f-2094-5a12-f0aa-330a968e05d0,1,bruteforce,1,Violation,D_BRUTEFORCE,8.901
2026081406,10fc2a84-84cc-a5e2-689d-980269249184,1,bruteforce,1,Violation,D_BRUTEFORCE,8.301
2026081406,2cedb2f5-7228-3c51-0216-1a7851644f71,0,benign_public,0,NoAlert,A_PUBLIC,6.0
2026081406,c470a6e7-edad-a249-11b4-bae196b5856e,1,admin_probe,1,Violation,D_ADMIN,6.201
2026081406,92981ee8-21b2-c971-698b-a8d413e7399c,0,benign_status,0,NoAlert,A_STATUS,5.8
2026081406,df171ee7-ad24-0f89-030b-19e5a236e696,0,benign_public,0,NoAlert,A_PUBLIC,6.0
2026081406,934eb63f-113f-e422-568f-5cdea4c8a8a3,0,benign_status,0,NoAlert,A_STATUS,5.801
2026081406,f6ae72a4-1890-e25c-38ed-067969f9f0f5,0,benign_public,0,NoAlert,A_PUBLIC,5.6
2026081406,b074dd45-2998-5430-7d5e-7a40e04ea1b3,0,benign_status,0,NoAlert,A_STATUS,5.901
2026081406,2ea5b0c5-04d7-13d7-dfe1-a12944029ede,0,benign_login,0,NoAlert,A_AUTH,5.6
2026081406,692a5093-c9aa-a740-f442-aee3507d6863,0,benign_public,0,NoAlert,A_PUBLIC,5.9
2026081406,69c26d79-afcc-00dc-be22-a4b4ee8bcdbd,0,benign_login,0,NoAlert,A_AUTH,5.9
2026081406,0dcaeb86-bf1e-8820-c5b7-0bc8a4515c28,0,benign_login,0,NoAlert,A_AUTH,5.8
2026081406,6a1bfa2a-7d77-8808-9fea-9a00b8a35882,0,benign_public,0,NoAlert,A_PUBLIC,5.701
2026081406,19ba5652-4bb2-79bf-e85d-0163c78ce3ed,0,benign_status,0,NoAlert,A_STATUS,5.7
2026081406,65b595a8-e2f6-e833-cd5f-00035f4ca278,1,bruteforce,0,NoAlert,A_AUTH_FAIL_SINGLE,7.601
2026081406,035565ac-670d-f4b2-9f38-7cf0c43acffe,1,bruteforce,0,NoAlert,A_AUTH_FAIL_SINGLE,7.6
2026081406,8d2d2338-f2e6-bef4-db24-18e0107725b5,1,bruteforce,0,NoAlert,A_AUTH_FAIL_SINGLE,7.601
2026081406,a8677b0b-ddde-9dc1-7e2e-c3e1fb603e2f,1,bruteforce,1,Violation,D_BRUTEFORCE,8.2
2026081406,660a54cc-ffbc-4552-0f80-ad28d3a20168,1,bruteforce,1,Violation,D_BRUTEFORCE,8.401
2026081406,4ea4f632-8f1a-e845-51b1-f4b19f43386c,0,benign_status,0,NoAlert,A_STATUS,6.1
2026081406,4de83957-1b87-aea9-0f2e-660136a5126a,0,benign_login,0,NoAlert,A_AUTH,6.101
2026081406,9d654ecb-df40-be8b-43bc-bb873230489a,0,benign_login,0,NoAlert,A_AUTH,5.9
2026081406,3657838d-0a65-6208-b631-af2bafd913d5,0,benign_public,0,NoAlert,A_PUBLIC,5.701
2026081406,e1fe6aa7-f9da-b4d4-4c08-714aa98b14e8,0,benign_status,0,NoAlert,A_STATUS,5.7
2026081406,c4b22c00-776c-e5ea-4a17-0ceaf6463be7,0,benign_status,0,NoAlert,A_STATUS,5.8
2026081406,32a42a8f-e180-f010-c627-342b0be41a36,1,bruteforce,0,NoAlert,A_AUTH_FAIL_SINGLE,7.4
2026081406,e7427106-003e-3698-6c5d-e2469fe082ed,1,bruteforce,0,NoAlert,A_AUTH_FAIL_SINGLE,7.401
2026081406,550142b1-30ed-3015-8bf4-93e1bfc8f60d,1,bruteforce,0,NoAlert,A_AUTH_FAIL_SINGLE,7.1
2026081406,096a8ddc-198c-be51-130c-2f4948287ba7,1,bruteforce,1,Violation,D_BRUTEFORCE,8.001
2026081406,e129a71e-e6d4-3cd2-8bf3-a8b68ecfc9af,1,bruteforce,1,Violation,D_BRUTEFORCE,8.3
2026081406,c9dfbf4b-5028-6d29-7e71-ca900eefdca8,0,benign_public,0,NoAlert,A_PUBLIC,6.101
2026081406,e4a11754-afa7-673b-bb52-2c7c8211289f,1,bruteforce,1,Violation,D_BRUTEFORCE,8.4
2026081406,b95d87ff-8501-7664-0129-670e7b1d2a7c,1,bruteforce,1,Violation,D_BRUTEFORCE,8.101
2026081406,9f27e238-b165-baa4-c16f-22edfd522476,1,bruteforce,1,Violation,D_BRUTEFORCE,8.1
2026081406,67610f84-d700-0cb9-279d-74381188c50f,1,bruteforce,1,Violation,D_BRUTEFORCE,8.301
2026081406,dff9a546-87ad-8fea-1793-81d5f8f3b735,1,bruteforce,1,Violation,D_BRUTEFORCE,8.001
2026081406,08fc4842-ebcd-c74f-20d7-f6fb9cc49285,1,bruteforce,1,Violation,D_BRUTEFORCE,8.1
2026081406,385edeab-a45a-bae1-a0c7-b6b4fad9828a,1,bruteforce,1,Violation,D_BRUTEFORCE,8.301
2026081406,fedd0f54-4f6e-a228-ad23-c245f9a58505,1,bruteforce,1,Violation,D_BRUTEFORCE,8.2
2026081406,a77c782d-3d3c-e822-bc0d-5431c41044b7,1,bruteforce,1,Violation,D_BRUTEFORCE,8.101
2026081406,99c5f1ca-504a-40ea-e02c-1b5211456461,1,bruteforce,1,Violation,D_BRUTEFORCE,7.9
2026081406,9c983b1a-ffb0-2a14-46ef-80abd3097144,1,admin_probe,1,Violation,D_ADMIN,6.201
2026081406,20d85a44-7d7c-e4fb-eb7e-d9c8fb3a9cea,0,benign_public,0,NoAlert,A_PUBLIC,6.2
2026081406,cd520024-72c9-20cb-e2c7-0270dfe81453,0,benign_login,0,NoAlert,A_AUTH,6.101
2026081406,de0f93b9-91de-b3dc-1f82-a7939b6df4a4,0,benign_login,0,NoAlert,A_AUTH,5.9
2026081406,85362ced-b0fe-ebc9-a31a-9faa8a4cd82d,0,benign_login,0,NoAlert,A_AUTH,5.801
2026081406,4e1fe4cd-118e-6bb2-c3f7-28792c063aa1,0,benign_login,0,NoAlert,A_AUTH,5.7
2026081406,887aa8d0-e892-fe2b-05cf-2e53b9c28b2a,0,benign_status,0,NoAlert,A_STATUS,6.0
2026081406,f3fadff0-2f7e-4c59-e45c-d7fa9e9b034f,0,benign_public,0,NoAlert,A_PUBLIC,5.8
2026081406,4401f1e1-70ef-9b3e-e51e-419f9ff447ba,0,benign_public,0,NoAlert,A_PUBLIC,5.7
2026081406,c4683519-afbb-4a8f-d100-bdc679305903,0,benign_public,0,NoAlert,A_PUBLIC,5.701
2026081406,862bea80-af71-20d0-7a40-365a81466806,0,benign_status,0,NoAlert,A_STATUS,5.9
2026081406,a9d9641e-4f0c-2422-43ac-355d05eae566,0,benign_status,0,NoAlert,A_STATUS,6.101
2026081406,da85e566-956e-542e-58c9-4d74d81fb242,0,benign_status,0,NoAlert,A_STATUS,5.5
2026081406,076f6ee1-dfda-9e36-65d2-d93423e59c68,0,benign_login,0,NoAlert,A_AUTH,5.8
2026081406,22f4ba26-27c5-c018-f117-6447b657fe9a,0,benign_public,0,NoAlert,A_PUBLIC,5.901
2026081406,fec1232c-d638-04c8-01c0-bab7a25bada2,0,benign_public,0,NoAlert,A_PUBLIC,6.0
2026081406,bc7564c9-ed07-050a-6b9c-12994434c7ae,1,bruteforce,0,NoAlert,A_AUTH_FAIL_SINGLE,7.601
2026081406,8e3f6f33-566e-bd76-b78e-58c1f9bbf973,1,bruteforce,0,NoAlert,A_AUTH_FAIL_SINGLE,7.6
2026081406,165b5d4e-f6f6-9296-b994-4ca03ff20b0b,1,bruteforce,0,NoAlert,A_AUTH_FAIL_SINGLE,7.401
2026081406,51ab0f97-35f7-4e1d-e18b-753ddc7e8d6f,1,bruteforce,1,Violation,D_BRUTEFORCE,8.1
2026081406,9ba5de65-591f-4485-b15f-ae7f02b906a0,1,bruteforce,1,Violation,D_BRUTEFORCE,8.2
2026081406,e9b4d479-92cb-ad5d-22f3-7c827026dfcf,1,bruteforce,1,Violation,D_BRUTEFORCE,8.201
2026081406,0dfb36e1-0b77-bd9e-b5c1-9548e59d94eb,1,bruteforce,1,Violation,D_BRUTEFORCE,8.0
2026081406,ed6d38b7-08b5-9076-0351-f5289eb49e50,1,bruteforce,1,Violation,D_BRUTEFORCE,8.001
2026081406,8d3ce13c-5d34-2d18-c6f3-cf5a9fc92376,1,bruteforce,1,Violation,D_BRUTEFORCE,8.1
2026081406,873f9aef-790d-6ac3-8867-b9ef9225d479,1,bruteforce,1,Violation,D_BRUTEFORCE,8.201
2026081406,800bbf8a-8940-01f2-51f5-6f11166071bf,0,benign_public,0,NoAlert,A_PUBLIC,5.9
2026081406,85ae5e56-badc-4e6b-a166-97a2dc1762c8,1,command_probe,1,Violation,D_COMMAND,6.101
2026081406,803219e5-4e50-5388-2a1c-9c4fb7812f98,0,benign_public,0,NoAlert,A_PUBLIC,5.9
2026081406,b46995b8-8178-a89d-ae06-a42617d12eac,0,benign_login,0,NoAlert,A_AUTH,5.701
2026081406,4836714c-001f-410b-90c9-535b541814b2,1,path_traversal,1,Violation,D_TRAVERSAL,6.2
2026081406,38e1129e-55b9-0e0b-01f7-ca2c2288a69c,0,benign_login,0,NoAlert,A_AUTH,6.3
2026081406,3eb21a49-aa98-25ba-85da-ce2c467559f5,0,benign_public,0,NoAlert,A_PUBLIC,6.1
2026081406,ed053a0c-0369-c8d6-38cc-3fb6ec1c5fa3,0,benign_login,0,NoAlert,A_AUTH,5.9
2026081406,1426c7ba-28e1-6298-55fa-0d106a45b578,0,benign_login,0,NoAlert,A_AUTH,5.901
2026081406,daeefd3a-7284-1713-5454-34dac9661da2,0,benign_login,0,NoAlert,A_AUTH,5.7
2026081406,0ea68a5c-427b-fcd9-a637-8f149ea4156c,0,benign_login,0,NoAlert,A_AUTH,5.801
2026081406,ceb008a1-8fe3-e633-db41-6a97755c733c,0,benign_status,0,NoAlert,A_STATUS,5.9
2026081406,deed3838-7498-0838-d0be-0f4eed641fee,0,benign_login,0,NoAlert,A_AUTH,5.901
2026081406,f01387ac-ef5b-95df-90ad-94e0a5744429,0,benign_public,0,NoAlert,A_PUBLIC,5.8
2026081406,39ae173b-628a-1af9-563f-139a248e3bbe,0,benign_status,0,NoAlert,A_STATUS,6.0
2026081406,4b353970-d2f3-adc1-ffe3-d3ee8ef52348,0,benign_login,0,NoAlert,A_AUTH,5.901
2026081406,d40a9e9c-ddf8-afed-dd0e-d89a6a0dec71,0,benign_login,0,NoAlert,A_AUTH,6.3
2026081406,b6f9ed5c-d186-21fd-a5df-c7484868557a,0,benign_status,0,NoAlert,A_STATUS,6.501
2026081406,413e2a21-a922-454c-63ed-8512521e06f8,0,benign_status,0,NoAlert,A_STATUS,6.1
2026081406,8013c545-0ead-ba6c-80ad-83241676f39d,1,bruteforce,0,NoAlert,A_AUTH_FAIL_SINGLE,7.901
2026081406,3f3196f9-a468-e8b7-dfc5-81ab7cb20c92,1,bruteforce,0,NoAlert,A_AUTH_FAIL_SINGLE,8.1
2026081406,da965331-803b-437e-f23f-0b526c201037,1,bruteforce,0,NoAlert,A_AUTH_FAIL_SINGLE,7.401
2026081406,3fe01034-2de9-db37-d4fe-4065c80537d3,1,bruteforce,1,Violation,D_BRUTEFORCE,8.3
2026081406,3341e64f-d4b9-08ea-06fc-6904a49749ae,1,bruteforce,1,Violation,D_BRUTEFORCE,8.501
2026081406,ef59426a-1d77-d417-a23b-2df8c1125068,0,benign_status,0,NoAlert,A_STATUS,6.1
2026081406,66dc797e-7a90-3b3c-1c47-26f42bb36ce6,1,command_probe,1,Violation,D_COMMAND,6.001
2026081406,f16c0643-61ac-d6bf-cabf-caa04ee34b0e,1,bruteforce,0,NoAlert,A_AUTH_FAIL_SINGLE,7.6
2026081406,b21b74f7-e306-e990-3895-a9e65dbb79ab,1,bruteforce,0,NoAlert,A_AUTH_FAIL_SINGLE,7.601
2026081406,6e49c9aa-c4ea-525b-7154-5e7f5bcedd6c,1,bruteforce,0,NoAlert,A_AUTH_FAIL_SINGLE,7.6
2026081406,46b18a4e-df17-1590-c175-a9db8d471457,1,bruteforce,1,Violation,D_BRUTEFORCE,8.301
2026081406,a328f666-c1eb-ee8a-4484-93b1d7a93fc0,1,bruteforce,1,Violation,D_BRUTEFORCE,8.101
2026081406,2ccc0265-6442-5854-d648-1ef6233bb5cb,0,benign_status,0,NoAlert,A_STATUS,6.0
2026081406,6f4da928-f7b0-424e-69c2-c93f017f1645,1,bruteforce,1,Violation,D_BRUTEFORCE,8.201
2026081406,c36e2272-4177-e049-6db9-6994eea66100,1,bruteforce,1,Violation,D_BRUTEFORCE,8.1
2026081406,70860ad0-dbbd-9f7d-b9c5-6a7cbd52879a,1,bruteforce,1,Violation,D_BRUTEFORCE,8.301
2026081406,48e1dff3-e49d-66c0-a430-149680845272,1,bruteforce,1,Violation,D_BRUTEFORCE,8.1
2026081406,6ca4b7de-ad16-11f5-6c4a-776d00ef7b55,1,bruteforce,1,Violation,D_BRUTEFORCE,8.301
2026081406,93063381-0cce-9c07-595e-d171fa70e6da,0,benign_public,0,NoAlert,A_PUBLIC,6.2
2026081406,dcfa41eb-1dbd-9b0e-552a-4634f9b6afac,0,benign_login,0,NoAlert,A_AUTH,6.001
2026081406,d8b02045-b5fc-b2c5-2207-692703931e92,1,command_probe,1,Violation,D_COMMAND,5.8
2026081406,882cd218-d482-ee26-ad16-a345824feab6,1,bruteforce,0,NoAlert,A_AUTH_FAIL_SINGLE,7.601
2026081406,81cc9bf5-2a23-eacd-2bdf-3c848a28148a,1,bruteforce,0,NoAlert,A_AUTH_FAIL_SINGLE,7.4
2026081406,96910262-7652-c151-3c92-56fe7c7bb492,1,bruteforce,0,NoAlert,A_AUTH_FAIL_SINGLE,7.601
2026081406,73455a2d-f347-b52f-ae7e-d33c1fd39a61,1,bruteforce,1,Violation,D_BRUTEFORCE,8.1
2026081406,65ea27d3-4437-7239-b91a-491eadb5f895,1,bruteforce,1,Violation,D_BRUTEFORCE,8.301
2026081406,6aaf6666-9117-6e4c-e209-40f68c487d77,0,benign_login,0,NoAlert,A_AUTH,6.4
2026081406,e98e5e6d-9f63-3493-317a-5b0ec2b4967c,0,benign_status,0,NoAlert,A_STATUS,6.101
2026081406,ba22066b-a615-a3bf-0840-99e8c588cd5b,0,benign_status,0,NoAlert,A_STATUS,6.0
2026081406,0210171f-3e0a-abab-2167-9f7fdab35e76,0,benign_public,0,NoAlert,A_PUBLIC,6.001
2026081406,eaab231e-6561-4309-115c-ff709568b0ea,0,benign_public,0,NoAlert,A_PUBLIC,5.8
2026081406,f5b3dd12-4565-f970-364f-b5c1868b0f96,0,benign_login,0,NoAlert,A_AUTH,5.901
2026081406,47ec2a9a-b286-2d16-4c53-65c785a82d4d,0,benign_public,0,NoAlert,A_PUBLIC,5.5
2026081406,4310975f-39eb-f83d-40f5-ea35c9d5c0f4,0,benign_status,0,NoAlert,A_STATUS,5.7
2026081406,2678b466-1748-e363-d56f-7538ff812583,0,benign_login,0,NoAlert,A_AUTH,5.701
2026081406,d20b84c3-6cc8-68a1-c9b4-9dc213086be4,0,benign_public,0,NoAlert,A_PUBLIC,5.7
2026081406,392b1b8d-6dc3-d6f2-e94c-9760910f7155,0,benign_status,0,NoAlert,A_STATUS,5.701
2026081406,c09b2a0c-8226-0fd5-b077-6a2f92d68421,0,benign_login,0,NoAlert,A_AUTH,5.7
2026081406,3c6245fe-4076-fb4b-e397-b1c6360c9c76,0,benign_status,0,NoAlert,A_STATUS,5.8
2026081406,392759db-dc96-602b-7e00-4ef2bfea3047,0,benign_public,0,NoAlert,A_PUBLIC,5.701
2026081406,3586ee61-05b9-5413-87d0-484f8b78370a,0,benign_public,0,NoAlert,A_PUBLIC,5.9
2026081406,c79984b8-6c74-d5fa-62d6-39d9a59e4e1e,1,command_probe,1,Violation,D_COMMAND,5.701
2026081406,359cb077-642c-8ffe-23f9-ed2a2ab57cbe,0,benign_login,0,NoAlert,A_AUTH,5.7
2026081406,174b04d4-dc38-c474-acca-e97bc1b9fdc1,0,benign_public,0,NoAlert,A_PUBLIC,5.701
2026081406,bd2c9509-40c5-2ed1-7ced-1bff2e52c472,0,benign_public,0,NoAlert,A_PUBLIC,5.7
2026081406,cc62a10b-d60f-814f-9744-1f413dfe43aa,1,bruteforce,0,NoAlert,A_AUTH_FAIL_SINGLE,7.5
2026081406,2750ed1f-f78f-c6b6-840e-854f245c8ce8,1,bruteforce,0,NoAlert,A_AUTH_FAIL_SINGLE,7.501
2026081406,26efc456-3111-1980-27e0-dc717c5b32a2,1,bruteforce,0,NoAlert,A_AUTH_FAIL_SINGLE,7.501
2026081406,26181864-2062-2ea9-ca10-b017c092c37d,1,bruteforce,1,Violation,D_BRUTEFORCE,8.7
2026081406,e89cfda3-db4f-6b3d-3694-017c314fe24f,1,bruteforce,1,Violation,D_BRUTEFORCE,23.102
2026081406,30c7c82b-c030-6920-b18b-a9a9efd59272,0,benign_login,0,NoAlert,A_AUTH,6.1
2026081406,1be21844-fa74-4fbf-7fdf-901684674cbe,0,benign_login,0,NoAlert,A_AUTH,5.901
2026081406,f62b349f-4438-5e96-9ce7-e129178c260f,0,benign_public,0,NoAlert,A_PUBLIC,5.8
2026081406,013207d3-f11d-8dc2-31b2-927623b52660,0,benign_public,0,NoAlert,A_PUBLIC,5.6
2026081406,97a1783a-0c3c-8569-a4a0-7d46d6e60cb2,1,path_traversal,1,Violation,D_TRAVERSAL,5.801
2026081406,f6e088b5-4152-2878-6e9f-15578a0302fd,0,benign_public,0,NoAlert,A_PUBLIC,5.6
2026081406,5bfa4220-e675-db31-5adf-353d23c3584a,1,path_traversal,1,Violation,D_TRAVERSAL,5.701
2026081406,25c847d2-1a07-f82a-2650-bd23c9578693,0,benign_login,0,NoAlert,A_AUTH,5.6
2026081406,d980d496-250b-adf4-95c3-6f03f6810ebb,0,benign_login,0,NoAlert,A_AUTH,5.7
2026081406,47558e27-69a8-2b59-d2f8-1c1469a9b906,0,benign_public,0,NoAlert,A_PUBLIC,5.5
2026081406,97e6cf66-4290-524b-2ba6-d0c3e23d9d79,0,benign_status,0,NoAlert,A_STATUS,5.6
2026081406,f672a017-1ec3-000a-e179-c75a49f793d4,0,benign_status,0,NoAlert,A_STATUS,5.601
2026081406,d3760293-5fb8-cd44-a992-36674d04de67,0,benign_login,0,NoAlert,A_AUTH,5.5
2026081406,5cac595f-047e-2370-9df4-471724160949,0,benign_public,0,NoAlert,A_PUBLIC,5.6
2026081406,25188d92-3340-e2cf-1e65-e6aff7e20f9a,0,benign_public,0,NoAlert,A_PUBLIC,5.5
2026081406,f844041f-bfbc-bb2e-220e-c98e19af9bb3,0,benign_login,0,NoAlert,A_AUTH,5.8
2026081406,97956ffd-019f-559d-bc61-92fc6e3426ef,0,benign_login,0,NoAlert,A_AUTH,5.601
2026081406,93be9428-097d-f01d-17f7-13a2de7d09ff,0,benign_public,0,NoAlert,A_PUBLIC,5.7
2026081406,3af14733-2db6-0ef2-661f-c97efd79352b,0,benign_login,0,NoAlert,A_AUTH,5.501
2026081406,94106842-6a61-6d04-dbcd-3636275a38a0,1,path_traversal,1,Violation,D_TRAVERSAL,5.8
2026081406,862b3a72-a035-b526-cb0b-b197d56eec86,0,benign_public,0,NoAlert,A_PUBLIC,25.802
2026081406,6c6e7d25-461f-4368-092c-59ce78bef6d6,0,benign_public,0,NoAlert,A_PUBLIC,6.4
2026081406,b6b70ee4-9920-29ce-8a9d-b4cd61b6bdc2,0,benign_public,0,NoAlert,A_PUBLIC,5.801
2026081406,f949bf8c-09d5-06dd-aaa2-34edcaedbce1,0,benign_login,0,NoAlert,A_AUTH,5.8
2026081406,22b869c6-6d10-b513-cab9-77b2c210ea6b,1,bruteforce,0,NoAlert,A_AUTH_FAIL_SINGLE,7.8
2026081406,9d0a8584-d9af-cd82-6ad0-d2df013e729f,1,bruteforce,0,NoAlert,A_AUTH_FAIL_SINGLE,7.8
2026081406,653e0ca1-cc31-cf11-d630-b6b6a07cf72f,1,bruteforce,0,NoAlert,A_AUTH_FAIL_SINGLE,7.601
2026081406,ccab27e3-46bb-705a-1406-feba734430a2,1,bruteforce,1,Violation,D_BRUTEFORCE,8.7
2026081406,0b7b2c71-f992-0a80-c918-5da0eefd41cb,1,bruteforce,1,Violation,D_BRUTEFORCE,8.501
2026081406,8bd58f0c-08b7-1433-5618-88497feca5d1,0,benign_public,0,NoAlert,A_PUBLIC,6.0
2026081406,7d2c5f6d-6d62-1ae2-3bf4-3f1404f05851,0,benign_login,0,NoAlert,A_AUTH,6.101
2026081406,f9a2ca0a-cd1a-902e-1a27-7fd01bfafb83,0,benign_login,0,NoAlert,A_AUTH,6.0
2026081406,2f7d1871-0042-df69-e126-258e86e166b8,0,benign_public,0,NoAlert,A_PUBLIC,6.001
2026081406,235f37be-a457-8400-348c-de1b62cba6ee,0,benign_login,0,NoAlert,A_AUTH,5.7
2026081406,e37a571e-a972-c3a8-fdc3-4491a0046f19,0,benign_login,0,NoAlert,A_AUTH,5.8
2026081406,68f02c27-c241-8af5-9c09-c985583c958c,0,benign_login,0,NoAlert,A_AUTH,5.701
2026081406,47db9e83-bdb2-aab8-3b54-499bdf9a97b0,0,benign_login,0,NoAlert,A_AUTH,5.8
2026081406,bc15e412-4f3b-2f44-0edc-a2a107f6a12c,0,benign_login,0,NoAlert,A_AUTH,6.001
2026081406,910d7c54-a498-ac30-55d4-4ca298112237,0,benign_status,0,NoAlert,A_STATUS,5.9
2026081406,f6ddf9c1-5dab-86ac-7a72-d75d4a9b0c6b,1,admin_probe,1,Violation,D_ADMIN,6.0
2026081406,a8b1a55e-3cd9-b81e-b60a-184a1181c983,0,benign_login,0,NoAlert,A_AUTH,5.6
2026081406,911eca04-0f1b-9ef5-d8b7-fa6c13bdb81f,1,bruteforce,0,NoAlert,A_AUTH_FAIL_SINGLE,7.6
2026081406,231b710e-4f20-a7c9-0832-aa0d0500c42e,1,bruteforce,0,NoAlert,A_AUTH_FAIL_SINGLE,7.401
2026081406,131b8afe-72e1-6060-6cd3-61b11bb12332,1,bruteforce,0,NoAlert,A_AUTH_FAIL_SINGLE,7.601
2026081406,28bb9527-2dc7-639e-c5b0-33df15e117f3,1,bruteforce,1,Violation,D_BRUTEFORCE,8.3
2026081406,be539ba6-90d2-fa7a-d0b7-edb7915a2224,1,bruteforce,1,Violation,D_BRUTEFORCE,8.101
2026081406,b928d355-7a54-58a5-aa14-b89c211db895,1,bruteforce,1,Violation,D_BRUTEFORCE,8.2
2026081406,b948ac2f-1045-f03c-cc10-821777567022,1,bruteforce,1,Violation,D_BRUTEFORCE,8.401
2026081406,4f690a11-f450-8bc9-9417-1180a6b01d43,1,bruteforce,1,Violation,D_BRUTEFORCE,8.3
2026081406,c095c04e-e2da-34b5-5630-35fbfaf1e7db,1,bruteforce,1,Violation,D_BRUTEFORCE,8.401
2026081406,6f834984-96b7-6aed-696e-3f27897cd300,1,bruteforce,1,Violation,D_BRUTEFORCE,8.301
2026081406,6269fbcb-ae6d-0579-654b-d3d7fa1a3989,0,benign_public,0,NoAlert,A_PUBLIC,6.2
2026081406,c97c3a6f-c22b-b140-399d-34e1732d7f9c,0,benign_status,0,NoAlert,A_STATUS,6.2
2026081406,a05311b3-0bb5-535a-4be5-928e33815538,0,benign_login,0,NoAlert,A_AUTH,6.101
2026081406,12bd9a1a-2e6f-fc8c-5867-d99ca03940f9,1,admin_probe,1,Violation,D_ADMIN,6.4
2026081406,df9d1cd0-a09f-1da8-dee2-46cc11c629a6,0,benign_public,0,NoAlert,A_PUBLIC,6.001
2026081406,cd1ee9de-8648-4373-34b7-bb504d2abede,0,benign_login,0,NoAlert,A_AUTH,5.9
2026081406,a5ed520d-d502-c6f4-c62c-df35fc8ab88f,1,path_traversal,1,Violation,D_TRAVERSAL,6.201
2026081406,2f8a8f06-bf07-3902-e7ea-041695d0ce25,0,benign_status,0,NoAlert,A_STATUS,6.0
2026081406,e140a92c-27b7-bef8-a816-933aa797e380,0,benign_login,0,NoAlert,A_AUTH,5.8
2026081406,00015e40-2c34-e04e-065d-026b4f8d2b11,0,benign_login,0,NoAlert,A_AUTH,5.9
2026081406,b4e89892-92a7-cff6-4099-588ebb340857,1,path_traversal,1,Violation,D_TRAVERSAL,6.3
2026081406,c7eae351-1e62-061f-263a-f1842cc0d27f,0,benign_status,0,NoAlert,A_STATUS,6.001
2026081406,e8e0e5be-c211-a03f-b239-be3fc5c0a7ad,0,benign_public,0,NoAlert,A_PUBLIC,5.9
2026081406,1606062d-f971-c5ca-3ff5-5d6119ee53d5,0,benign_status,0,NoAlert,A_STATUS,5.901
2026081406,baa0c330-1cad-96c7-324d-617875c4f91c,1,admin_probe,1,Violation,D_ADMIN,6.1
2026081406,dcb0f4fd-8b2c-9e5a-fbf7-bb2940e92d11,0,benign_login,0,NoAlert,A_AUTH,5.701
2026081406,a1ea57f0-addb-ec26-06be-b38511ab8a28,1,bruteforce,0,NoAlert,A_AUTH_FAIL_SINGLE,8.0
2026081406,777af258-da55-3067-ca75-44d254950710,1,bruteforce,0,NoAlert,A_AUTH_FAIL_SINGLE,8.001
2026081406,15ce71ed-6721-45ab-eee2-db5574684307,1,bruteforce,0,NoAlert,A_AUTH_FAIL_SINGLE,7.5
2026081406,616e36d6-fba7-9dc3-9aae-60aa80a23b60,1,bruteforce,1,Violation,D_BRUTEFORCE,8.401
2026081406,75b06b9b-dfdc-4e96-5745-6a7fa782b3ab,1,bruteforce,1,Violation,D_BRUTEFORCE,8.2
2026081406,cb468c81-1412-2203-cbf8-f46678554f93,0,benign_public,0,NoAlert,A_PUBLIC,6.001
2026081406,3bb6b86a-0a23-f6ae-12ad-89310de14412,0,benign_status,0,NoAlert,A_STATUS,5.8
2026081406,c2a83ced-0f50-3b43-308e-f63df18ebfb7,0,benign_status,0,NoAlert,A_STATUS,5.701
2026081406,2adf437b-bfae-860b-f11d-cc238272c980,0,benign_login,0,NoAlert,A_AUTH,5.7
2026081406,33f7d886-1eef-0a7a-ad36-6fd0195a97ab,0,benign_public,0,NoAlert,A_PUBLIC,5.7
2026081406,d52efcc9-2104-66d2-31ab-87ac4af040df,0,benign_status,0,NoAlert,A_STATUS,5.701
2026081406,09f71145-4dd8-fcb0-cc3b-f13f4f9e2149,0,benign_login,0,NoAlert,A_AUTH,5.7
2026081406,4d246460-bb9a-5147-af95-fcee910634e4,0,benign_public,0,NoAlert,A_PUBLIC,5.701
2026081406,ac179c10-0e5e-85f4-6c28-cd40e87e7b32,0,benign_login,0,NoAlert,A_AUTH,5.7
2026081406,f0a08279-a2ab-1e44-2cb0-0be6b1f2ab38,1,bruteforce,0,NoAlert,A_AUTH_FAIL_SINGLE,7.301
2026081406,3b640737-85d4-d4bd-5245-0bc593056890,1,bruteforce,0,NoAlert,A_AUTH_FAIL_SINGLE,7.4
2026081406,d5f2b7d2-9809-a61d-2c10-1ba24be830ea,1,bruteforce,0,NoAlert,A_AUTH_FAIL_SINGLE,7.601
2026081406,f50af52e-550b-a102-d9bf-4f77a58d2e86,1,bruteforce,1,Violation,D_BRUTEFORCE,8.4
2026081406,b2114f69-f5f5-6ae5-cf8b-c717d628189a,1,bruteforce,1,Violation,D_BRUTEFORCE,8.601
2026081406,5f7d4670-0bfb-a042-9d18-41588508f4bb,0,benign_login,0,NoAlert,A_AUTH,6.2
2026081406,401bf86d-c12d-0a58-12fb-b15cb6e7ae2f,0,benign_login,0,NoAlert,A_AUTH,5.701
2026081406,fa248f20-d791-d043-4b65-ae08f4e9b7c4,0,benign_login,0,NoAlert,A_AUTH,5.7
2026081406,550304d7-9ade-a7c4-538f-c45922d46a0d,1,path_traversal,1,Violation,D_TRAVERSAL,6.1
2026081406,93f365e1-b631-dd7a-d1fb-bf1eabf19a1b,0,benign_login,0,NoAlert,A_AUTH,5.7
2026081406,6d40ab23-2158-0cbf-9071-17acade78c2f,1,bruteforce,0,NoAlert,A_AUTH_FAIL_SINGLE,7.6
2026081406,8c11352a-fa38-f84c-f6f4-1d75f47a77a5,1,bruteforce,0,NoAlert,A_AUTH_FAIL_SINGLE,28.702
2026081406,84c48886-0ea4-ec44-f556-e5bebc960b58,1,bruteforce,0,NoAlert,A_AUTH_FAIL_SINGLE,14.901
2026081406,6330cd12-f711-c4f6-3aae-6f2cb3f1ca6c,1,bruteforce,1,Violation,D_BRUTEFORCE,9.901
2026081406,dba87205-66d0-364a-b7eb-40a29dce5616,1,bruteforce,1,Violation,D_BRUTEFORCE,8.801
2026081406,60ee6bc7-ae21-f927-ef48-4ef48602f4e0,0,benign_login,0,NoAlert,A_AUTH,6.5
2026081406,c1b86501-a31c-a47c-607e-99b405492eb3,0,benign_status,0,NoAlert,A_STATUS,6.101
2026081406,f4b31958-2b7d-356b-d4ba-17e2eb3e94f9,0,benign_status,0,NoAlert,A_STATUS,6.3
2026081406,49f8be5e-cc20-a566-5f9d-e48640bfc9d2,0,benign_public,0,NoAlert,A_PUBLIC,6.301
2026081406,dd4f23b6-cb6d-32db-5462-65ba7118111d,0,benign_public,0,NoAlert,A_PUBLIC,6.0
2026081406,11ade1b6-47c6-eebe-ad41-17c16fdc2654,1,bruteforce,0,NoAlert,A_AUTH_FAIL_SINGLE,7.801
2026081406,b3f1159c-cfb5-996e-af37-6b890bfce613,1,bruteforce,0,NoAlert,A_AUTH_FAIL_SINGLE,8.1
2026081406,5634e1a2-4064-7b88-9ae0-b26e794aee61,1,bruteforce,0,NoAlert,A_AUTH_FAIL_SINGLE,7.501
2026081406,a2d69660-00be-08ac-870c-b1938a15c0a8,1,bruteforce,1,Violation,D_BRUTEFORCE,8.6
2026081406,bca95ee8-ca03-ac84-3d09-da6b6788ebd3,1,bruteforce,1,Violation,D_BRUTEFORCE,8.601
2026081406,fa435021-09b0-1f6d-a49c-3f883aed2676,0,benign_public,0,NoAlert,A_PUBLIC,6.0
2026081406,6aa56b68-8b85-d2d6-702c-9dd2c7aebdc7,0,benign_login,0,NoAlert,A_AUTH,6.001
2026081406,ad806d25-25a2-cc51-b0a7-90f0b356f4c5,0,benign_status,0,NoAlert,A_STATUS,6.0
2026081406,0a94fb91-5ed3-7c82-7481-91c794f446c3,1,command_probe,1,Violation,D_COMMAND,6.201
2026081406,11596229-8871-a2d9-e972-94f64b24ac3a,0,benign_public,0,NoAlert,A_PUBLIC,5.9
2026081406,5d11e6e9-eb3d-1770-17dc-52bb3d63901c,0,benign_login,0,NoAlert,A_AUTH,6.0
2026081406,b541b481-62c6-3f02-5421-2b2a12186a25,0,benign_public,0,NoAlert,A_PUBLIC,7.8
2026081406,f3b20d44-f5ff-ada7-d2b7-a1c1a65a3e1b,0,benign_public,0,NoAlert,A_PUBLIC,6.1
2026081406,43bc38e5-0f29-acdf-a055-fd4842c0aaac,0,benign_public,0,NoAlert,A_PUBLIC,5.8
2026081406,8562c9e7-0ade-55cd-ea39-1439569f68aa,0,benign_status,0,NoAlert,A_STATUS,41.903
2026081406,e2b5fe23-5151-5f45-a7d1-5f8050d24d99,1,bruteforce,0,NoAlert,A_AUTH_FAIL_SINGLE,26.202
2026081406,1d176665-bb31-f467-2814-94d685bbc1c9,1,bruteforce,0,NoAlert,A_AUTH_FAIL_SINGLE,12.4
2026081406,731bfc50-a415-7533-a2c9-50259072c4fa,1,bruteforce,0,NoAlert,A_AUTH_FAIL_SINGLE,12.201
2026081406,3c00ee30-f4e8-db6c-71e6-069e374eb67c,1,bruteforce,1,Violation,D_BRUTEFORCE,10.2
2026081406,507ddded-c840-4dca-8411-db55ed76103e,1,bruteforce,1,Violation,D_BRUTEFORCE,13.701
2026081406,41a9247c-cbcc-e172-a09c-7f468fc68ef3,0,benign_status,0,NoAlert,A_STATUS,11.901
2026081406,77a72835-5743-af29-4777-a3e802fa019d,0,benign_status,0,NoAlert,A_STATUS,10.601
2026081406,615d84c0-ad6c-1456-cb81-815399353479,0,benign_public,0,NoAlert,A_PUBLIC,10.101
2026081406,2fdc074a-e326-0b89-dad8-8f757c3438ba,0,benign_status,0,NoAlert,A_STATUS,9.8
2026081406,c073aa2d-1165-0f9a-0626-f0790e680475,1,admin_probe,1,Violation,D_ADMIN,31.302
2026081406,4c91b727-0a5e-5e65-3481-f82087e30994,0,benign_status,0,NoAlert,A_STATUS,10.5
2026081406,6a2678e7-fd7c-fcc5-0eb1-3aa8c6726f6f,0,benign_login,0,NoAlert,A_AUTH,10.601
2026081406,d2b6bfda-37be-cbf8-20e4-51e3b9fc917d,0,benign_login,0,NoAlert,A_AUTH,9.901
2026081407,5fc977e1-332b-1fb1-347b-078b2ee33e9c,0,benign_public,0,NoAlert,A_PUBLIC,19.801
2026081407,d54535fa-8449-05b2-1593-3d37789565a4,0,benign_public,0,NoAlert,A_PUBLIC,9.2
2026081407,134ff56c-73d8-e3dc-767b-26b6141ae612,0,benign_status,0,NoAlert,A_STATUS,8.001
2026081407,ae74b767-a70e-1c13-eb2c-95603a79643b,0,benign_status,0,NoAlert,A_STATUS,6.5
2026081407,0f870e38-17ba-6dfe-4a89-6c27de4a5fd2,0,benign_status,0,NoAlert,A_STATUS,6.301
2026081407,e014f578-f662-1e52-320f-998fdcfdd626,0,benign_status,0,NoAlert,A_STATUS,6.8
2026081407,1ea532e6-be50-ec29-c2a9-d2aaf6f8e02a,0,benign_login,0,NoAlert,A_AUTH,6.401
2026081407,6d6488aa-a3c8-36a3-ce65-1e9c4a8e59d7,0,benign_public,0,NoAlert,A_PUBLIC,6.3
2026081407,8ca73a03-5fe9-99a8-042f-2a8bb0b03c9c,0,benign_public,0,NoAlert,A_PUBLIC,5.901
2026081407,22f73ea5-f1a7-02d3-395f-dc9b8b34fcb7,1,bruteforce,0,NoAlert,A_AUTH_FAIL_SINGLE,10.2
2026081407,8817e959-abb4-e3fa-2543-66d30935cb77,1,bruteforce,0,NoAlert,A_AUTH_FAIL_SINGLE,8.501
2026081407,68f816d3-84ed-9cb4-c11e-39960811da2a,1,bruteforce,0,NoAlert,A_AUTH_FAIL_SINGLE,7.8
2026081407,47d4b4c7-e7bc-ec96-1bf0-cfd0a1bb7d7d,1,bruteforce,1,Violation,D_BRUTEFORCE,9.0
2026081407,eeb80c60-e5d9-3ccf-7d1a-d7566b7fd9a3,1,bruteforce,1,Violation,D_BRUTEFORCE,8.801
2026081407,564bb2a1-7c1a-676f-0225-0bb8905b5889,0,benign_public,0,NoAlert,A_PUBLIC,6.3
2026081407,9949e0bd-b779-f5a9-4344-a3e107491630,0,benign_public,0,NoAlert,A_PUBLIC,5.901
2026081407,b69b2140-ee1d-4606-e8f8-3c3bf4beb2b6,0,benign_status,0,NoAlert,A_STATUS,5.8
2026081407,8b736abb-bcef-d795-7be6-0ad599a15177,0,benign_public,0,NoAlert,A_PUBLIC,5.9
2026081407,aea0bba2-80f7-c7f7-b7f7-5c62b50ad79e,0,benign_public,0,NoAlert,A_PUBLIC,5.8
2026081407,ccfb4314-2aa9-45e4-da91-b07633d8b56e,0,benign_login,0,NoAlert,A_AUTH,5.9
2026081407,0dd85ba6-8b82-88b3-8a8a-9479b8931e90,0,benign_login,0,NoAlert,A_AUTH,5.701
2026081407,4270d189-af10-b1ad-7507-ecd3364ef0ca,0,benign_login,0,NoAlert,A_AUTH,5.7
2026081407,81604174-74fe-35ad-e256-fb7c2ebbbd7e,0,benign_login,0,NoAlert,A_AUTH,5.801
2026081407,0d3dc80f-2add-8579-84c3-7cebfd4feb2a,0,benign_login,0,NoAlert,A_AUTH,5.8
2026081407,22be1899-50f1-48d5-f959-5235b62637ac,0,benign_login,0,NoAlert,A_AUTH,5.9
2026081407,bf3ebcf7-03ca-d6bd-cdb2-15674e1dd025,1,path_traversal,1,Violation,D_TRAVERSAL,6.001
2026081407,96b99e30-df7e-a5a6-76bb-348580313888,0,benign_status,0,NoAlert,A_STATUS,5.9
2026081407,205e7815-d787-21a4-a806-3cf99ed3b525,0,benign_login,0,NoAlert,A_AUTH,6.201
2026081407,36a12e5a-69bb-ad62-c598-7002ac4b042e,0,benign_public,0,NoAlert,A_PUBLIC,6.0
2026081407,94847e97-a5c2-91eb-93ca-1298ba07ac46,0,benign_status,0,NoAlert,A_STATUS,6.101
2026081407,f9e1bc16-740c-0ca2-fd0a-50b86e2da92e,1,command_probe,1,Violation,D_COMMAND,6.3
2026081407,599fe6bb-8225-1da7-dd06-8a5c00862a4e,0,benign_login,0,NoAlert,A_AUTH,5.901
2026081407,c66aa8f9-12fc-5a19-d99a-196f03a0850a,0,benign_login,0,NoAlert,A_AUTH,6.0
2026081407,2131ee1e-412a-1b25-6229-a14ad43b701d,0,benign_login,0,NoAlert,A_AUTH,5.7
2026081407,f2bc40c1-5817-fb51-f5db-f3de998704ab,0,benign_status,0,NoAlert,A_STATUS,6.001
2026081407,f6313ef7-ef53-896d-6fca-7f7da4487c53,0,benign_login,0,NoAlert,A_AUTH,5.9
2026081407,fcd29ed5-1160-3d5e-51b4-7252bb128f5b,0,benign_login,0,NoAlert,A_AUTH,5.801
2026081407,6036d00f-0b05-3f4b-a650-4961606fe76d,0,benign_public,0,NoAlert,A_PUBLIC,6.2
2026081407,f9bb6bf5-cc56-22b6-5b42-9bcd8074bb24,0,benign_status,0,NoAlert,A_STATUS,6.101
2026081407,9d509de6-da69-e875-d64f-3caa6b1d55ef,0,benign_login,0,NoAlert,A_AUTH,5.8
2026081407,66e00ece-4ef6-49ad-6548-c030f89b0b29,0,benign_login,0,NoAlert,A_AUTH,6.0
2026081407,78dff0e0-f255-a363-35ac-347e7ed23c96,0,benign_status,0,NoAlert,A_STATUS,5.901
2026081407,8261c68f-7822-53a2-bb5e-84d9ac56e693,0,benign_status,0,NoAlert,A_STATUS,5.9
2026081407,3047d1d2-295a-3bb4-2cc1-9aee0c747ee4,0,benign_status,0,NoAlert,A_STATUS,5.901
2026081407,796eef48-669d-8afc-1ea6-981bd6b89e19,0,benign_public,0,NoAlert,A_PUBLIC,5.9
2026081407,28a59a3f-c95f-4242-aca4-65d5ffc5ab4e,0,benign_login,0,NoAlert,A_AUTH,5.701
2026081407,5910d49e-1792-f5c9-7054-c4a65ea20ac0,0,benign_status,0,NoAlert,A_STATUS,6.2
2026081407,5b976578-a177-9b9e-620b-c3f2f1faf68c,0,benign_status,0,NoAlert,A_STATUS,5.6
2026081407,f9bd5739-dae6-04ef-18d4-41a282ebc530,0,benign_status,0,NoAlert,A_STATUS,5.801
2026081407,88e8597c-e839-20de-ef26-4f07c9529efc,1,path_traversal,1,Violation,D_TRAVERSAL,6.1
2026081407,68acabff-d17d-86c8-4d9b-5c4b0dfe9a72,0,benign_login,0,NoAlert,A_AUTH,5.801
2026081407,987f1bf6-3473-2815-31e7-9528a2231a0d,0,benign_public,0,NoAlert,A_PUBLIC,5.9
2026081407,29298721-beaf-ed1f-00f6-1be5ed6864f8,0,benign_public,0,NoAlert,A_PUBLIC,5.901
2026081407,0451ec71-5211-f429-a461-70aa021ab1c9,0,benign_login,0,NoAlert,A_AUTH,6.0
2026081407,5de46ede-35f1-cf2c-3b69-cdfcfe77a86d,0,benign_public,0,NoAlert,A_PUBLIC,5.8
2026081407,62cc7067-7fbc-5731-c05c-882f18a39452,0,benign_public,0,NoAlert,A_PUBLIC,5.801
2026081407,c7d8d68c-3a6c-adab-6f32-21f216454b3d,0,benign_public,0,NoAlert,A_PUBLIC,5.7
2026081407,fb9a88db-903b-d96a-c9b5-484b6d1fb1c7,0,benign_status,0,NoAlert,A_STATUS,5.701
2026081407,b8fd46a3-57ed-fe0b-bb0f-3b7f23323c95,0,benign_public,0,NoAlert,A_PUBLIC,5.8
2026081407,bceae0ec-190a-00ff-5311-14e4e608d3b2,0,benign_status,0,NoAlert,A_STATUS,5.9
2026081407,33252266-69a3-dacd-b7a5-fdd4047c7889,0,benign_status,0,NoAlert,A_STATUS,5.8
2026081407,0df15c6c-b511-72bd-001c-9007a5255e9c,0,benign_login,0,NoAlert,A_AUTH,5.7
2026081407,dcfa109a-4bbe-8370-dbf1-a7849f0d8943,0,benign_public,0,NoAlert,A_PUBLIC,5.801
2026081407,4d45a280-2ba5-e30f-c7a6-a70c9127d457,1,admin_probe,1,Violation,D_ADMIN,6.4
2026081407,5f6aeecd-0bf1-8627-408b-86c580bf8c2b,0,benign_public,0,NoAlert,A_PUBLIC,6.001
2026081407,3448879c-3a6b-8643-91d7-6850572954bf,0,benign_login,0,NoAlert,A_AUTH,6.0
2026081407,45da583d-2cf0-1b1c-ef59-a5566654a79c,1,admin_probe,1,Violation,D_ADMIN,6.501
2026081407,610b4a16-2fd5-563c-fc35-0834a812b111,0,benign_status,0,NoAlert,A_STATUS,6.0
2026081407,e94309a1-bcab-4218-c0b8-00c3416c35cc,1,bruteforce,0,NoAlert,A_AUTH_FAIL_SINGLE,8.001
2026081407,2348f892-9ac1-61b0-a913-b12c8d758368,1,bruteforce,0,NoAlert,A_AUTH_FAIL_SINGLE,8.0
2026081407,a6bd3b18-e2e8-046c-063a-3323ff92fcf3,1,bruteforce,0,NoAlert,A_AUTH_FAIL_SINGLE,7.901
2026081407,0d50465d-435e-a46b-57f7-614147bc6894,1,bruteforce,1,Violation,D_BRUTEFORCE,8.7
2026081407,f34baa0e-b797-f56d-0abc-fdff23c471bb,1,bruteforce,1,Violation,D_BRUTEFORCE,8.601
2026081407,a37420ee-a748-9002-1a8e-d5f862ef1cda,0,benign_login,0,NoAlert,A_AUTH,6.4
2026081407,7c93fc23-1042-81de-bfbe-5dc4e52b865e,0,benign_login,0,NoAlert,A_AUTH,6.301
2026081407,651845f0-2c25-66af-28b9-3ed0b9556008,0,benign_login,0,NoAlert,A_AUTH,6.2
2026081407,02e1f618-894a-4ec3-12d8-c72225400e05,0,benign_status,0,NoAlert,A_STATUS,6.201
2026081407,046d8080-5730-5526-759c-23cebf205408,0,benign_public,0,NoAlert,A_PUBLIC,6.1
2026081407,40def0d4-4966-86c4-602a-e73827e4e5d7,1,bruteforce,0,NoAlert,A_AUTH_FAIL_SINGLE,7.901
2026081407,220b2e63-dc5f-c111-4336-ccddd54a3da5,1,bruteforce,0,NoAlert,A_AUTH_FAIL_SINGLE,7.8
2026081407,8a882450-496a-ca41-149a-172413cad259,1,bruteforce,0,NoAlert,A_AUTH_FAIL_SINGLE,7.901
2026081407,cdbd418f-1490-27e8-ee16-749c4d9b6067,1,bruteforce,1,Violation,D_BRUTEFORCE,8.701
2026081407,22dc0615-e8be-2290-1d69-518efaa4cf07,1,bruteforce,1,Violation,D_BRUTEFORCE,8.7
2026081407,b42a10bf-e461-b04f-599f-c6536f2a2a85,0,benign_status,0,NoAlert,A_STATUS,6.101
2026081407,3180c5d2-0e41-c0e9-bedd-3776eff88597,0,benign_status,0,NoAlert,A_STATUS,5.9
2026081407,8eeff359-dc13-3c22-b5c0-a0930edde425,0,benign_public,0,NoAlert,A_PUBLIC,5.9
2026081407,e9610fde-685b-c177-3d5a-c6e85f4dbec4,0,benign_public,0,NoAlert,A_PUBLIC,6.201
2026081407,ec48a142-7f96-5aee-b5cd-bd0eca602bb4,0,benign_status,0,NoAlert,A_STATUS,5.9
2026081407,236ec648-1599-15e0-eec8-5c3cf276e469,0,benign_public,0,NoAlert,A_PUBLIC,5.901
2026081407,3f51af6f-48d9-bb95-eec7-6968679f00be,0,benign_login,0,NoAlert,A_AUTH,5.9
2026081407,464dbdac-9d93-8a83-d9af-ce93db4f8269,0,benign_login,0,NoAlert,A_AUTH,5.901
2026081407,53ec3837-1783-27bb-fc5c-18edf653b52e,1,admin_probe,1,Violation,D_ADMIN,6.1
2026081407,8aec69f7-b6c6-9623-abcb-92b1031c8f3f,0,benign_login,0,NoAlert,A_AUTH,5.8
2026081407,6aa754b7-14ee-5d6e-f431-50d2798463f8,0,benign_public,0,NoAlert,A_PUBLIC,5.8
2026081407,eb9ebdab-dcd8-4ced-c772-d069b979e0b0,1,path_traversal,1,Violation,D_TRAVERSAL,6.0
2026081407,9d813ea1-59ab-ee99-a361-5229aa156778,0,benign_public,0,NoAlert,A_PUBLIC,5.801
2026081407,cce0bb9f-fdb4-30a2-0eaa-3c73f30e1644,0,benign_status,0,NoAlert,A_STATUS,5.8
2026081407,4a6bbf3b-71dc-067c-5eac-c8b5cfe10ae9,0,benign_public,0,NoAlert,A_PUBLIC,5.801
2026081407,9367dce9-4c99-f3c1-c086-90f90380de45,0,benign_status,0,NoAlert,A_STATUS,5.8
2026081407,336170ab-55cd-7697-e078-c1041c1c9c05,0,benign_status,0,NoAlert,A_STATUS,5.8
2026081407,4d59f2ab-a67b-cf9e-f477-fdb2a6ca50d8,0,benign_status,0,NoAlert,A_STATUS,6.001
2026081407,d37f80a4-74b9-77cd-cc36-90570395cbf9,1,path_traversal,1,Violation,D_TRAVERSAL,5.9
2026081407,da9c179c-b7e1-ccb6-8039-a4671346d3d1,1,bruteforce,0,NoAlert,A_AUTH_FAIL_SINGLE,7.901
2026081407,be00c67e-eda5-c52b-863d-e2f748fdf549,1,bruteforce,0,NoAlert,A_AUTH_FAIL_SINGLE,7.8
2026081407,0cda6e42-ba29-0575-b4c5-ac221b42c5b1,1,bruteforce,0,NoAlert,A_AUTH_FAIL_SINGLE,7.901
2026081407,730ae243-d9aa-4c4a-2daa-0045e0c48f6f,1,bruteforce,1,Violation,D_BRUTEFORCE,32.302
2026081407,ded52aa3-ca93-a7e6-1830-7ca824990855,1,bruteforce,1,Violation,D_BRUTEFORCE,13.901
2026081407,bbdfd6ed-b254-5d8f-fdde-61ac1cab820e,0,benign_status,0,NoAlert,A_STATUS,7.701
2026081407,d1a3cbd5-ed24-e01f-0868-58508c4bc60c,0,benign_status,0,NoAlert,A_STATUS,6.4
2026081407,fb9821ff-6926-ff7c-7120-b0794c10212a,0,benign_status,0,NoAlert,A_STATUS,6.301
2026081407,b3e8a9fa-e24b-f4d9-7e5b-6c3aab79073d,0,benign_login,0,NoAlert,A_AUTH,6.2
2026081407,4e78da84-6961-4db8-afe1-fdcfe1e1e85a,1,path_traversal,1,Violation,D_TRAVERSAL,6.201
2026081407,e9ded7d1-8d83-ab9d-e8e0-32d6ab662658,0,benign_status,0,NoAlert,A_STATUS,6.0
2026081407,191be328-9967-e197-7f34-0b98de2bf516,0,benign_public,0,NoAlert,A_PUBLIC,5.9
2026081407,62e2c4b0-479a-6080-0361-f937bfc78439,0,benign_status,0,NoAlert,A_STATUS,5.701
2026081407,6384a9d9-7630-b197-26e9-1a4448dfd133,0,benign_login,0,NoAlert,A_AUTH,5.8
2026081407,b7b5cbc0-b695-8b4d-1e08-7726a1af6ec1,1,command_probe,1,Violation,D_COMMAND,6.301
2026081407,a6d79649-b8fa-5110-f4ef-5f4b2e4b0093,0,benign_login,0,NoAlert,A_AUTH,5.9
2026081407,f1c10806-9f13-f372-f661-9eaff838a66e,0,benign_status,0,NoAlert,A_STATUS,5.901
2026081407,feae26bd-e41d-fe2b-c169-2d0fa4b5327f,0,benign_public,0,NoAlert,A_PUBLIC,5.7
2026081407,c588ba2b-032d-2c0b-b3f0-8d97d3818752,0,benign_public,0,NoAlert,A_PUBLIC,6.4
2026081407,d14307c4-6cce-11c6-e7a6-e0ee1adebaa7,0,benign_login,0,NoAlert,A_AUTH,5.801
2026081407,a9f0ea7b-b59e-5cd3-5f09-dd1c302913ab,0,benign_status,0,NoAlert,A_STATUS,5.9
2026081407,d5019ef6-c59a-55f6-5ac1-a4ebee9d34dd,0,benign_public,0,NoAlert,A_PUBLIC,5.801
2026081407,b0b59202-815c-8cf2-0daf-0045434d115b,0,benign_status,0,NoAlert,A_STATUS,5.8
2026081407,70ee3389-805a-7500-c6ff-6b20de99bace,0,benign_public,0,NoAlert,A_PUBLIC,5.901
2026081407,b3af8e84-1071-6380-2c38-515f9c559077,0,benign_status,0,NoAlert,A_STATUS,5.8
2026081407,745f0ba3-f862-c94a-e656-0f641f32512e,0,benign_public,0,NoAlert,A_PUBLIC,5.7
2026081407,debba070-94d3-a722-2b38-735183b9c6f7,1,bruteforce,0,NoAlert,A_AUTH_FAIL_SINGLE,8.201
2026081407,69023033-7555-014a-29b2-e97c1e59abdb,1,bruteforce,0,NoAlert,A_AUTH_FAIL_SINGLE,7.901
2026081407,50a639da-dbb8-47b1-6120-0b36690257c5,1,bruteforce,0,NoAlert,A_AUTH_FAIL_SINGLE,7.7
2026081407,c77fdb24-3a47-6433-9e1f-400d40a50002,1,bruteforce,1,Violation,D_BRUTEFORCE,8.801
2026081407,22abfad1-7c72-c4c6-8167-85684ac90228,1,bruteforce,1,Violation,D_BRUTEFORCE,8.5
2026081407,2659f80b-84cd-d096-e9ee-505e61f4cb9a,0,benign_public,0,NoAlert,A_PUBLIC,6.201
2026081407,93201c0a-d768-1b61-5993-488c18fee264,0,benign_status,0,NoAlert,A_STATUS,6.0
2026081407,c3d44aaa-7648-a702-3afc-5246e548004e,0,benign_public,0,NoAlert,A_PUBLIC,5.701
2026081407,d959614d-1d0e-0238-a77b-d549fdaaf466,1,bruteforce,0,NoAlert,A_AUTH_FAIL_SINGLE,7.8
2026081407,f115eceb-b07f-c565-9508-36c31e763d3a,1,bruteforce,0,NoAlert,A_AUTH_FAIL_SINGLE,7.501
2026081407,f358170b-fa24-7af7-341f-6def86f8957a,1,bruteforce,0,NoAlert,A_AUTH_FAIL_SINGLE,7.4
2026081407,723a7099-81ea-e7d2-d2bb-7e19f93f6ffb,1,bruteforce,1,Violation,D_BRUTEFORCE,8.501
2026081407,c7cbe806-0c63-7b45-44e4-67eb4a995665,1,bruteforce,1,Violation,D_BRUTEFORCE,8.4
2026081407,cd55eb7f-9eeb-5b1d-0ee4-442684264476,1,bruteforce,1,Violation,D_BRUTEFORCE,8.201
2026081407,57576f75-f5e6-4469-ee23-eef2f019af95,1,bruteforce,1,Violation,D_BRUTEFORCE,8.601
2026081407,8d6d6b46-ab36-c044-c4a5-69af0249bc72,1,bruteforce,1,Violation,D_BRUTEFORCE,8.4
2026081407,bac2b161-e77f-fafa-114e-a39e292b481f,1,bruteforce,1,Violation,D_BRUTEFORCE,8.501
2026081407,fecf04a4-3b70-a3f7-070a-f333c76de827,1,bruteforce,1,Violation,D_BRUTEFORCE,8.4
2026081407,5fdfd9a7-54de-6ff7-af4b-795a330a6a84,0,benign_public,0,NoAlert,A_PUBLIC,6.101
2026081407,e526f833-fe30-2d89-72a3-5d82502dc585,0,benign_login,0,NoAlert,A_AUTH,6.2
2026081407,1cbc4c66-fde6-0110-1029-fed8e8c92d9b,0,benign_login,0,NoAlert,A_AUTH,6.001
2026081407,52e209c8-6a9b-32fb-6914-fbf09c4014af,0,benign_status,0,NoAlert,A_STATUS,5.9
2026081407,15d1dc92-3d6c-9da8-b1b8-dd5659b1ec5e,0,benign_status,0,NoAlert,A_STATUS,6.2
2026081407,c43d6674-a65b-a875-8a1c-e462f0d00425,0,benign_status,0,NoAlert,A_STATUS,5.7
2026081407,31154533-f37d-2d65-b208-14dc3982ff3e,1,command_probe,1,Violation,D_COMMAND,5.9
2026081407,f086376d-c216-d714-d1ce-2df755bffbaa,0,benign_login,0,NoAlert,A_AUTH,5.701
2026081407,7512b795-8063-c4c7-2d5c-178b4643d6da,0,benign_public,0,NoAlert,A_PUBLIC,5.7
2026081407,b0414970-32bd-3c2f-e389-a49eb6609d1f,0,benign_public,0,NoAlert,A_PUBLIC,5.701
2026081407,88a45272-0a26-0f29-0526-df2d2acadade,0,benign_login,0,NoAlert,A_AUTH,5.6
2026081407,41957800-286d-230c-adb7-3e9f79628367,0,benign_status,0,NoAlert,A_STATUS,5.7
2026081407,4d6ae42c-53e2-8051-059f-186a740f75e8,0,benign_login,0,NoAlert,A_AUTH,6.101
2026081407,c9e35fcc-3ca6-0d69-3da5-2462c3570b9a,0,benign_status,0,NoAlert,A_STATUS,46.403
2026081407,1f5577ab-1b63-b8f9-8e0e-4ea017eb9000,1,admin_probe,1,Violation,D_ADMIN,10.101
2026081407,bf9c4e8a-a230-80fc-077a-2a4c1f1a5275,0,benign_login,0,NoAlert,A_AUTH,7.1
2026081407,24439eb5-0ec3-9d4b-1580-3bbcb82c86db,0,benign_status,0,NoAlert,A_STATUS,6.301
2026081407,ec78d930-09cf-c2df-e9b0-5d9d2112ea61,0,benign_login,0,NoAlert,A_AUTH,6.3
2026081407,7115e879-627f-083e-82fd-d5a96bf7e885,0,benign_public,0,NoAlert,A_PUBLIC,6.601
2026081407,6276a9c9-1c07-cc6d-7310-d6e62a5ffc13,0,benign_status,0,NoAlert,A_STATUS,6.1
2026081407,ad47156b-c153-350d-869c-492f87e953a5,0,benign_login,0,NoAlert,A_AUTH,6.2
2026081407,064ca056-a663-9931-502f-a8dd347b565a,0,benign_login,0,NoAlert,A_AUTH,6.201
2026081407,c4134765-5f8e-79b2-0c1a-c510d5627134,0,benign_public,0,NoAlert,A_PUBLIC,6.1
2026081407,184e77eb-0d90-cdb1-2194-6368b2820254,0,benign_login,0,NoAlert,A_AUTH,5.901
2026081407,9363152e-973f-76b6-7d66-b6e8c76a79c2,0,benign_login,0,NoAlert,A_AUTH,6.3
2026081407,eeb114d7-db24-4973-4d0a-61f0b39c01d9,1,bruteforce,0,NoAlert,A_AUTH_FAIL_SINGLE,8.901
2026081407,00a5d8bd-d590-b74e-6836-088924716c88,1,bruteforce,0,NoAlert,A_AUTH_FAIL_SINGLE,8.1
2026081407,6054ba37-5827-bf4d-e35a-1cd61b367cc2,1,bruteforce,0,NoAlert,A_AUTH_FAIL_SINGLE,8.1
2026081407,c5113b95-4d47-cbeb-4666-f2204b4f17fd,1,bruteforce,1,Violation,D_BRUTEFORCE,8.801
2026081407,635bb0cd-0c92-4fa0-a425-a84982127999,1,bruteforce,1,Violation,D_BRUTEFORCE,8.5
2026081407,de48e4b2-2368-86e8-f15e-776b4d3f4563,0,benign_public,0,NoAlert,A_PUBLIC,6.201
2026081407,6200020e-d702-79ce-52e8-8f2c8af7a6fc,0,benign_public,0,NoAlert,A_PUBLIC,5.9
2026081407,1e564014-c19e-0c05-1ca2-f373c159c9a2,0,benign_login,0,NoAlert,A_AUTH,6.101
2026081407,b32d2c62-dceb-2216-ee6f-f3fd7e9abf3b,0,benign_public,0,NoAlert,A_PUBLIC,5.9
2026081407,ec777e1d-bd20-3a1d-0f49-ffe63bccd453,1,path_traversal,1,Violation,D_TRAVERSAL,6.1
2026081407,7f99fd33-3fe6-d025-1634-ad07556fc052,0,benign_status,0,NoAlert,A_STATUS,5.901
2026081407,b64f22dd-3120-c9a2-bdfe-d7206d75bfe1,0,benign_status,0,NoAlert,A_STATUS,5.8
2026081407,9837cd72-54cc-5762-9aa0-812883d162c0,0,benign_status,0,NoAlert,A_STATUS,5.801
2026081407,f8bc501a-2e66-41c6-1ba0-b4eb380b9fbe,0,benign_login,0,NoAlert,A_AUTH,5.8
2026081407,9b149b5c-9f34-9847-06da-5c92ea1ce8bd,0,benign_status,0,NoAlert,A_STATUS,5.901
2026081407,c880e2e8-0be4-620a-7609-ae9d48fd4abb,1,command_probe,1,Violation,D_COMMAND,6.0
2026081407,b023ad7a-8889-5048-cdd1-1d662a34d57b,0,benign_login,0,NoAlert,A_AUTH,5.7
2026081407,351ed4f3-078d-d883-a5ba-ddff2b50f7a4,0,benign_login,0,NoAlert,A_AUTH,5.801
2026081407,b42bd8de-4ac9-ebe1-5008-4c88709e2b22,0,benign_public,0,NoAlert,A_PUBLIC,5.9
2026081407,3242ed05-877f-4e1f-abf7-aa8e7ab780e4,0,benign_public,0,NoAlert,A_PUBLIC,6.001
2026081407,aebce03b-5303-6e5f-c204-0aec64785a89,1,bruteforce,0,NoAlert,A_AUTH_FAIL_SINGLE,7.9
2026081407,d62cbb0c-5008-24bd-87e1-c2101d963eab,1,bruteforce,0,NoAlert,A_AUTH_FAIL_SINGLE,7.801
2026081407,213404da-c758-8bd3-7697-df34587b5a81,1,bruteforce,0,NoAlert,A_AUTH_FAIL_SINGLE,7.6
2026081407,0eeccb9e-12ff-0b02-8e54-0bed696b7028,1,bruteforce,1,Violation,D_BRUTEFORCE,8.501
2026081407,98b72c98-6556-dbad-157c-675ad3b50c67,1,bruteforce,1,Violation,D_BRUTEFORCE,9.001
2026081407,9452179b-7d70-4fec-5937-8feeb6bfd5a5,0,benign_public,0,NoAlert,A_PUBLIC,6.3
2026081407,89003085-e831-9378-0010-6bdeb24157d6,1,admin_probe,1,Violation,D_ADMIN,10.101
2026081407,c5e32600-a0a4-f47c-684a-6aa1d65e6a0c,0,benign_status,0,NoAlert,A_STATUS,17.001
2026081407,497dcd2a-304f-a56a-3689-6f641f86f8f9,0,benign_status,0,NoAlert,A_STATUS,12.901
2026081407,1d8921aa-0831-7608-844a-4e050d1ee1f1,0,benign_status,0,NoAlert,A_STATUS,9.0
2026081407,36ff3952-eb23-90bd-8a01-d7dbfee1fa4d,0,benign_status,0,NoAlert,A_STATUS,7.2
2026081407,ceef516d-a7e8-eb6f-b7d6-3f5c00bf96b7,0,benign_login,0,NoAlert,A_AUTH,6.801
2026081407,1dc685b3-e86d-7c16-453c-395d6962b8a3,0,benign_status,0,NoAlert,A_STATUS,6.3
2026081407,f888bc7a-e6f4-b736-8451-f7afe92b1075,0,benign_status,0,NoAlert,A_STATUS,6.2
2026081407,7f8cf77f-a9fc-1323-d7af-195ebf501cba,0,benign_status,0,NoAlert,A_STATUS,6.001
2026081407,f4b5ac82-f38a-d129-3e89-89db95f8e2cd,0,benign_status,0,NoAlert,A_STATUS,6.3
2026081407,eaad8a84-6b7e-06ac-c850-4336282745db,0,benign_login,0,NoAlert,A_AUTH,6.101
2026081407,9a52240e-e7f3-a4b2-12d3-c62a381e89bb,0,benign_public,0,NoAlert,A_PUBLIC,6.3
2026081407,e8be87c5-1737-26d0-35e3-0a25e274eb5d,0,benign_login,0,NoAlert,A_AUTH,6.001
2026081407,55ef0ce0-8c1a-568a-a65c-2ed4bfe6cf9d,0,benign_public,0,NoAlert,A_PUBLIC,6.2
2026081407,c018debf-b85a-158a-c1c9-19010dddc8a2,0,benign_status,0,NoAlert,A_STATUS,6.1
2026081407,d68476c7-9250-40be-01b4-566d391cf4c5,0,benign_login,0,NoAlert,A_AUTH,6.1
2026081407,b6053bed-9a82-2595-1377-3c16f8fa890d,0,benign_login,0,NoAlert,A_AUTH,5.9
2026081407,70c4f31d-7008-afa2-0166-7eaacfdd5206,0,benign_public,0,NoAlert,A_PUBLIC,6.001
2026081407,6590a52a-bd21-4c0a-5dd1-da57c1934d37,0,benign_status,0,NoAlert,A_STATUS,5.9
2026081407,ee056a65-0e2d-a30a-6f4e-282846ec9e24,0,benign_public,0,NoAlert,A_PUBLIC,9.101
2026081407,47ef4692-9b5d-2a75-cb61-59ae6c0da3ae,0,benign_login,0,NoAlert,A_AUTH,6.4
2026081407,12bddbae-9372-271d-2c00-47ad2a3d307a,0,benign_public,0,NoAlert,A_PUBLIC,6.001
2026081407,2c57ccd5-75b1-7d5d-12cf-71410e560ee5,0,benign_login,0,NoAlert,A_AUTH,6.1
2026081407,a4b29dc1-f8e3-7b7d-9f8b-f2c7c7708b3a,0,benign_login,0,NoAlert,A_AUTH,6.101
2026081407,88415b32-ab17-8899-f6b4-fc9a20743778,0,benign_login,0,NoAlert,A_AUTH,6.0
2026081407,543839c4-6b5d-282f-b177-94b680fb4511,0,benign_public,0,NoAlert,A_PUBLIC,6.0
2026081407,4575fade-0085-5637-dab7-dcb13fbc9bb3,0,benign_status,0,NoAlert,A_STATUS,6.3
2026081407,e2b3777f-c9d4-3821-2a79-4487ac61c1b5,0,benign_login,0,NoAlert,A_AUTH,5.9
2026081407,6cb07428-2f0d-f2fe-aa22-25693a98d8c0,0,benign_status,0,NoAlert,A_STATUS,5.901
2026081407,f9618acd-d938-f7fa-2b96-916d6b499972,0,benign_public,0,NoAlert,A_PUBLIC,6.0
2026081407,1ae25106-7420-c232-0ae8-33df02641908,0,benign_status,0,NoAlert,A_STATUS,6.001
2026081407,4f0a8f80-7a79-ae21-2ec0-8cb32197e9e4,0,benign_login,0,NoAlert,A_AUTH,6.1
2026081407,1429507d-516b-2f60-d0da-b495e56bed9f,0,benign_public,0,NoAlert,A_PUBLIC,5.901
2026081407,7281fab1-aec4-e164-8ed3-4bfd8e60ea8d,0,benign_login,0,NoAlert,A_AUTH,6.0
2026081407,ff924c2f-38e7-f200-b2be-c22f07f9dbde,0,benign_status,0,NoAlert,A_STATUS,6.0
2026081407,f76fcad7-db0b-c429-af04-d8352f8055eb,0,benign_login,0,NoAlert,A_AUTH,5.901
2026081407,658ea6e6-aed2-2236-eed3-e912d4978a4e,0,benign_status,0,NoAlert,A_STATUS,6.0
2026081407,6e380889-fb57-525e-524a-b5638480075e,0,benign_login,0,NoAlert,A_AUTH,6.001
2026081407,d8d69aa6-f709-4161-608d-7e2926e2e6cf,1,bruteforce,0,NoAlert,A_AUTH_FAIL_SINGLE,8.8
2026081407,5e4e2580-fefd-6ad7-abec-b6f29f042178,1,bruteforce,0,NoAlert,A_AUTH_FAIL_SINGLE,8.501
2026081407,8be54c56-5b49-810e-0595-9ca66dacdae1,1,bruteforce,0,NoAlert,A_AUTH_FAIL_SINGLE,7.9
2026081407,0644b685-4ab3-cdb8-128c-e9f3ebfc46c8,1,bruteforce,1,Violation,D_BRUTEFORCE,9.101
2026081407,ae2ab002-4259-71d2-d205-d5c759f42969,1,bruteforce,1,Violation,D_BRUTEFORCE,9.001
2026081407,3cafdeef-9fdd-f087-f380-f17f3525acc5,0,benign_public,0,NoAlert,A_PUBLIC,6.3
2026081407,1367be01-8a70-4b57-02e6-7ad79bd95462,0,benign_public,0,NoAlert,A_PUBLIC,5.901
2026081407,99c79955-bc52-e550-84de-323f90a73d1f,1,bruteforce,0,NoAlert,A_AUTH_FAIL_SINGLE,7.6
2026081407,ff0941c5-79db-3ed7-b9f1-310d9095d56a,1,bruteforce,0,NoAlert,A_AUTH_FAIL_SINGLE,8.401
2026081407,d9104502-1864-4228-2046-549764f48668,1,bruteforce,0,NoAlert,A_AUTH_FAIL_SINGLE,7.9
2026081407,3d0c13b8-7dcd-70a2-469e-97337abc7f41,1,bruteforce,1,Violation,D_BRUTEFORCE,8.301
2026081407,102a7e7e-4a4b-6fdd-e403-af215053ab6d,1,bruteforce,1,Violation,D_BRUTEFORCE,8.3
2026081407,e2540a0d-f2b0-4b52-b8e6-c2a46ef16b9d,0,benign_login,0,NoAlert,A_AUTH,6.301
2026081407,d6223d87-4c78-50f0-735b-26c39099eb6d,0,benign_status,0,NoAlert,A_STATUS,6.1
2026081407,21b1a258-95b2-1697-740e-6699e7caeb0d,0,benign_public,0,NoAlert,A_PUBLIC,6.101
2026081407,c51882df-ae53-eab2-f61f-8b07837c99fb,1,path_traversal,1,Violation,D_TRAVERSAL,6.1
2026081407,9c933a2d-f351-3691-6ac1-1438457f9739,0,benign_login,0,NoAlert,A_AUTH,5.901
2026081407,f5e2ed95-f63a-44f7-4f49-a884d524e545,0,benign_public,0,NoAlert,A_PUBLIC,5.8
2026081407,9c1e6dfe-0359-7985-3569-1a8f44c35d05,0,benign_status,0,NoAlert,A_STATUS,5.7
2026081407,51a51f14-5ac0-8682-8f7e-a00a0773cfe5,0,benign_login,0,NoAlert,A_AUTH,5.701
2026081407,63eee378-7670-eafa-c961-e5e441f6e0dc,0,benign_login,0,NoAlert,A_AUTH,5.6
2026081407,c1eb4d82-a682-2ed1-c90c-63301330bffa,1,bruteforce,0,NoAlert,A_AUTH_FAIL_SINGLE,7.501
2026081407,d6326315-af1c-3752-3445-0d2979db6eb6,1,bruteforce,0,NoAlert,A_AUTH_FAIL_SINGLE,7.8
2026081407,780c093a-29f1-3b48-d9c4-8fb0b954a784,1,bruteforce,0,NoAlert,A_AUTH_FAIL_SINGLE,7.801
2026081407,9d3550ed-9417-931e-976f-653aa1a8abba,1,bruteforce,1,Violation,D_BRUTEFORCE,8.6
2026081407,6fb0dba7-d5a8-ddf3-4d2f-86fc1a36cd96,1,bruteforce,1,Violation,D_BRUTEFORCE,8.801
2026081407,d1ec47ee-9612-4307-18df-477e1714f9da,1,bruteforce,1,Violation,D_BRUTEFORCE,8.301
2026081407,2be43ffb-a7db-ca47-fa0f-32016e7d2101,1,bruteforce,1,Violation,D_BRUTEFORCE,8.3
2026081407,2f455c8c-fb80-f756-3a6f-271096626be6,1,bruteforce,1,Violation,D_BRUTEFORCE,8.401
2026081407,fca38f04-2a4b-66e7-f912-92d1e1989578,1,bruteforce,1,Violation,D_BRUTEFORCE,8.4
2026081407,f2711822-2fd6-8540-f02c-186a67d4e7f3,1,bruteforce,1,Violation,D_BRUTEFORCE,8.301
2026081407,91b6a3c0-fb3b-6ddd-983f-9868f1079ac6,0,benign_login,0,NoAlert,A_AUTH,6.2
2026081407,665af64b-ba14-af44-6481-507ea0111da4,1,bruteforce,1,Violation,D_BRUTEFORCE,8.401
2026081407,5455e490-0237-7aea-b333-f9338cbd1bac,1,bruteforce,1,Violation,D_BRUTEFORCE,7.9
2026081407,d1d85acb-771d-515b-66bb-74c810fd1440,1,bruteforce,1,Violation,D_BRUTEFORCE,8.3
2026081407,833b9ab7-4448-8843-e209-799766230fec,1,bruteforce,1,Violation,D_BRUTEFORCE,8.201
2026081407,ab995aef-fe56-3c97-e4b2-d58b5b7c0254,1,bruteforce,1,Violation,D_BRUTEFORCE,8.2
2026081407,451d3c88-97b1-d653-da84-0f0fb6b04342,0,benign_login,0,NoAlert,A_AUTH,6.301
2026081407,065e8b51-7613-eadc-b952-c15ee5a7f6b7,1,admin_probe,1,Violation,D_ADMIN,6.0
2026081407,e6a9b164-7c5c-c026-a045-9a7a97d886ec,0,benign_status,0,NoAlert,A_STATUS,5.901
2026081407,06cf2b67-003b-9b5f-9d67-9e732933d858,0,benign_status,0,NoAlert,A_STATUS,5.8
2026081407,66bf5daf-720d-bd8c-6b77-b46383abfab3,0,benign_public,0,NoAlert,A_PUBLIC,5.8
2026081407,93af902f-5773-1927-fccf-a32d0dd016bd,0,benign_status,0,NoAlert,A_STATUS,5.701
2026081407,4cd6fb3e-627c-0b34-0981-da36e8ad54ba,0,benign_status,0,NoAlert,A_STATUS,5.6
2026081407,f9b8808f-6058-c555-b8be-a005108e2220,1,admin_probe,1,Violation,D_ADMIN,5.901
2026081407,ecc299b2-ef01-7ea9-6761-280ac925f63f,1,admin_probe,1,Violation,D_ADMIN,6.3
2026081407,8dd6ce55-5d3c-69a4-dda8-9190f7e590fb,0,benign_public,0,NoAlert,A_PUBLIC,6.0
2026081407,5c466d52-8d06-7c4b-73f4-92e49dcfab2a,0,benign_login,0,NoAlert,A_AUTH,5.8
2026081407,d12e6d59-9709-5ff3-1e0f-c4c6007b02bb,0,benign_status,0,NoAlert,A_STATUS,5.9
2026081407,741ee41c-0366-f51b-3059-3f088b7f44ce,0,benign_status,0,NoAlert,A_STATUS,5.801
2026081407,4a1a7146-e9da-c622-5a23-3a7df9a79fa9,0,benign_login,0,NoAlert,A_AUTH,5.8
2026081407,4359dbae-0996-f06d-f2ac-ec394c625441,0,benign_login,0,NoAlert,A_AUTH,6.001
2026081407,5893b645-6159-054d-5c38-be7c008efc63,0,benign_status,0,NoAlert,A_STATUS,5.9
2026081407,f7383c02-36f1-47b3-ef1e-fa79fa469e03,0,benign_login,0,NoAlert,A_AUTH,5.7
2026081407,9b93c58d-e07e-cb8c-9700-060cb20809e6,0,benign_status,0,NoAlert,A_STATUS,5.701
2026081407,57cf4272-f5b7-ed88-be59-0cf1581c0f35,0,benign_status,0,NoAlert,A_STATUS,5.8
2026081407,b9f0a397-4da5-fd9e-d1dc-21eba01247f6,1,bruteforce,0,NoAlert,A_AUTH_FAIL_SINGLE,7.801
2026081407,7bf60295-3bdb-7ecd-2516-b9698a0c3f62,1,bruteforce,0,NoAlert,A_AUTH_FAIL_SINGLE,7.7
2026081407,c133a51a-0a1d-a7f9-4004-81240aef887d,1,bruteforce,0,NoAlert,A_AUTH_FAIL_SINGLE,7.701
2026081407,49a40579-ae08-c1f0-df42-969deebd7c40,1,bruteforce,1,Violation,D_BRUTEFORCE,11.201
2026081407,f477a1fd-c97b-2700-0a4b-40160f94a696,1,bruteforce,1,Violation,D_BRUTEFORCE,12.701
2026081407,f87656e5-2866-5429-309e-93896f13580d,0,benign_status,0,NoAlert,A_STATUS,9.6
2026081407,d7560c5f-10bc-838a-4545-97ad7d4eb467,1,bruteforce,1,Violation,D_BRUTEFORCE,13.601
2026081407,34452bc2-1da8-20d9-d2cf-256a62ef93b2,1,bruteforce,1,Violation,D_BRUTEFORCE,12.501
2026081407,f554121b-dacc-9577-f0b5-05ae5d36b481,1,bruteforce,1,Violation,D_BRUTEFORCE,12.301
2026081408,20aaeaa2-637a-9504-7cfc-1292b5151204,0,benign_status,0,NoAlert,A_STATUS,20.902
2026081408,b51cac3f-3009-8f8e-cb4c-b5185d759e2e,0,benign_status,0,NoAlert,A_STATUS,9.501
2026081408,a8adb9e2-8da1-63c8-904b-356199243902,0,benign_status,0,NoAlert,A_STATUS,7.1
2026081408,e978fa13-01b7-61bb-0d5a-2242ac51cb67,0,benign_status,0,NoAlert,A_STATUS,6.201
2026081408,ca1dcb70-98da-e7c3-bf81-316845a50bc5,0,benign_public,0,NoAlert,A_PUBLIC,7.0
2026081408,bbc1bf46-8d9e-abd6-8bb9-d01d249dfe52,0,benign_login,0,NoAlert,A_AUTH,7.101
2026081408,36fc4091-993e-691e-811e-ec7d9a5a27c3,0,benign_public,0,NoAlert,A_PUBLIC,6.2
2026081408,c6f76ccd-259f-3d46-c48f-6c0c9b1cab32,0,benign_public,0,NoAlert,A_PUBLIC,6.101
2026081408,08399746-7c13-41a0-a1a7-d265efd21e7c,1,bruteforce,0,NoAlert,A_AUTH_FAIL_SINGLE,10.9
2026081408,62e738a6-d43c-4584-0421-3061b9d98319,1,bruteforce,0,NoAlert,A_AUTH_FAIL_SINGLE,8.501
2026081408,339e9508-887f-4f60-b470-d54b1fe75bc3,1,bruteforce,0,NoAlert,A_AUTH_FAIL_SINGLE,8.201
2026081408,666f3c94-c5c3-71a5-5886-7eba4ed0aa1d,1,bruteforce,1,Violation,D_BRUTEFORCE,8.9
2026081408,40e84383-6d4f-a881-b472-8ec80fb42e39,1,bruteforce,1,Violation,D_BRUTEFORCE,8.701
2026081408,7356482b-db2b-b240-c156-d736c6382dd0,0,benign_public,0,NoAlert,A_PUBLIC,6.2
2026081408,463afc98-4230-638a-b6c9-1159ad5dab19,0,benign_public,0,NoAlert,A_PUBLIC,6.001
2026081408,e3b6cece-b1c5-b19d-d110-408afb8d62e1,0,benign_public,0,NoAlert,A_PUBLIC,6.2
2026081408,65de682b-77f9-c101-b4d9-e7f60cac159f,0,benign_public,0,NoAlert,A_PUBLIC,5.701
2026081408,acfc8312-06fd-8031-7146-8f80fc7abb82,1,bruteforce,0,NoAlert,A_AUTH_FAIL_SINGLE,7.8
2026081408,bcaf72b5-cebf-34ec-704f-c86d860fe1a1,1,bruteforce,0,NoAlert,A_AUTH_FAIL_SINGLE,7.601
2026081408,2015ea57-7c1b-5858-ea10-5e6e334b0441,1,bruteforce,0,NoAlert,A_AUTH_FAIL_SINGLE,7.5
2026081408,ba84cae5-4ba6-966d-52ab-75a9afc1ea7f,1,bruteforce,1,Violation,D_BRUTEFORCE,8.301
2026081408,1cef77a1-9e38-39f5-0ac7-a333d57d631a,1,bruteforce,1,Violation,D_BRUTEFORCE,8.4
2026081408,c3a9eb30-2565-2919-4557-6b89de544fcb,0,benign_status,0,NoAlert,A_STATUS,5.901
2026081408,7cb09e1e-8165-1f89-46c0-1531b1cc977c,0,benign_public,0,NoAlert,A_PUBLIC,6.0
2026081408,898ae458-b1eb-e067-7724-5618fced0de7,1,bruteforce,0,NoAlert,A_AUTH_FAIL_SINGLE,7.801
2026081408,c575bb67-e418-67d9-7b90-36772b5d7688,1,bruteforce,0,NoAlert,A_AUTH_FAIL_SINGLE,7.4
2026081408,3ed19ca8-4975-e663-cb2c-abee594143c1,1,bruteforce,0,NoAlert,A_AUTH_FAIL_SINGLE,7.301
2026081408,a50141ed-2c88-faf5-8210-4cbcc0387719,1,bruteforce,1,Violation,D_BRUTEFORCE,8.2
2026081408,e181ebf4-7eef-2167-6c70-cc696dddcb5f,1,bruteforce,1,Violation,D_BRUTEFORCE,8.501
2026081408,927626b5-2325-4b77-4726-ec6a2b44f7ed,0,benign_login,0,NoAlert,A_AUTH,6.3
2026081408,0e62b8ea-ad56-8f19-e9ff-6e8188a04ec4,0,benign_status,0,NoAlert,A_STATUS,5.901
2026081408,511d88e7-650b-ad40-1ac3-ed14e0fc995c,0,benign_public,0,NoAlert,A_PUBLIC,5.9
2026081408,c98fe60c-f22f-7c9f-1f4f-0d48e7e6a43c,0,benign_status,0,NoAlert,A_STATUS,5.801
2026081408,dfd64c19-274f-079e-bf19-abd94832c056,0,benign_public,0,NoAlert,A_PUBLIC,5.7
2026081408,2fff41d2-3a29-0932-bad7-bf7585525906,1,bruteforce,0,NoAlert,A_AUTH_FAIL_SINGLE,7.801
2026081408,f028e00b-b767-2af8-1eed-b175ccfd25bb,1,bruteforce,0,NoAlert,A_AUTH_FAIL_SINGLE,7.4
2026081408,03a54363-88ea-25ce-e099-51cb6d7a4570,1,bruteforce,0,NoAlert,A_AUTH_FAIL_SINGLE,7.701
2026081408,f0ef12ee-1d2d-1fcd-38a3-0d6bba4e47c0,1,bruteforce,1,Violation,D_BRUTEFORCE,8.2
2026081408,6322f9b1-123b-23f2-4cbe-c77f0b3224a7,1,bruteforce,1,Violation,D_BRUTEFORCE,8.301
2026081408,4f89a988-b6d2-5a5b-8d8f-0cffcd5fc358,0,benign_login,0,NoAlert,A_AUTH,6.2
2026081408,5b35af9c-3dd3-23d2-6228-074f3e58576d,1,bruteforce,1,Violation,D_BRUTEFORCE,8.401
2026081408,a961884a-7c6c-4ad2-9296-85df686a80a0,1,bruteforce,1,Violation,D_BRUTEFORCE,8.501
2026081408,a394dc4f-677d-bad6-e92f-122e9800c19e,1,bruteforce,1,Violation,D_BRUTEFORCE,8.3
2026081408,820a0edf-2650-fdf1-1010-2f745799f382,1,bruteforce,1,Violation,D_BRUTEFORCE,8.201
2026081408,2c85413d-0acd-a0bf-c9cc-9d0df0e23502,1,bruteforce,1,Violation,D_BRUTEFORCE,8.0
2026081408,c168df91-45ec-9ee4-177f-00d869a3a3f0,0,benign_login,0,NoAlert,A_AUTH,6.101
2026081408,9991acf9-8b78-8d65-1f7e-280ed91dd459,1,bruteforce,1,Violation,D_BRUTEFORCE,8.3
2026081408,1af6cb0c-bd26-5d8a-6672-f167047d9cbf,1,bruteforce,1,Violation,D_BRUTEFORCE,8.101
2026081408,ee3f9d92-aa37-55ba-1c19-fc921138f7ff,1,bruteforce,1,Violation,D_BRUTEFORCE,8.1
2026081408,ad0ffc98-7a3a-ab9b-6c44-33f34895ed88,1,bruteforce,1,Violation,D_BRUTEFORCE,8.201
2026081408,0b1e5439-a662-7e90-b101-e07c9b9de3f5,1,bruteforce,1,Violation,D_BRUTEFORCE,8.101
2026081408,44f493f3-52bf-f72b-9d91-4e780f908179,0,benign_login,0,NoAlert,A_AUTH,5.9
2026081408,447f8615-8a4e-8466-40ee-dcdb7b3812a4,1,bruteforce,1,Violation,D_BRUTEFORCE,8.101
2026081408,ebfb1589-d923-aca9-c377-aa6f325a600e,1,bruteforce,1,Violation,D_BRUTEFORCE,8.2
2026081408,e19662dc-07ad-d8fc-68e9-0b86470a2d54,1,bruteforce,1,Violation,D_BRUTEFORCE,8.201
2026081408,b5fbe8fb-58ef-8cc3-d4b3-fc8dbb622475,1,bruteforce,1,Violation,D_BRUTEFORCE,8.2
2026081408,ecc49e5b-82bb-e9b1-c322-c2672e7bd9f6,1,bruteforce,1,Violation,D_BRUTEFORCE,8.001
2026081408,6cbe84cb-5d7a-c7f1-7d9e-5f01450bad83,0,benign_public,0,NoAlert,A_PUBLIC,6.2
2026081408,accd4ea1-cee7-28bf-7e1e-c648cf8a5254,0,benign_public,0,NoAlert,A_PUBLIC,5.901
2026081408,462853ef-5f1a-2146-4a98-df86562fc432,0,benign_public,0,NoAlert,A_PUBLIC,5.9
2026081408,5fb1c631-411c-154e-4fdc-0e098e45bc6f,0,benign_status,0,NoAlert,A_STATUS,5.901
2026081408,169b7f98-7cb1-08f1-93c6-09fddcfde176,0,benign_login,0,NoAlert,A_AUTH,5.8
2026081408,b4cf8984-721e-0435-85c1-3e4cd54bcff4,0,benign_status,0,NoAlert,A_STATUS,5.9
2026081408,bf6c68f4-1697-9889-8ef5-abd97e769807,1,path_traversal,1,Violation,D_TRAVERSAL,6.301
2026081408,1a909329-3fd8-72bb-fd07-47b96d116b18,0,benign_login,0,NoAlert,A_AUTH,6.1
2026081408,10c0520f-db1e-fc6f-906d-2cee14dfa38b,1,bruteforce,0,NoAlert,A_AUTH_FAIL_SINGLE,8.101
2026081408,cfe67828-6d30-c449-7a9c-e514307f680e,1,bruteforce,0,NoAlert,A_AUTH_FAIL_SINGLE,7.6
2026081408,5fb04335-8932-137e-7331-a57f5720be16,1,bruteforce,0,NoAlert,A_AUTH_FAIL_SINGLE,30.301
2026081408,4e3e7e28-17c3-65d9-1ee9-5170e1f688e5,1,bruteforce,1,Violation,D_BRUTEFORCE,14.601
2026081408,81d58b05-026f-d5cd-9239-09341c75b334,1,bruteforce,1,Violation,D_BRUTEFORCE,14.201
2026081408,9c6382f7-81a7-21ca-3e01-ec0cc1be2bc2,0,benign_public,0,NoAlert,A_PUBLIC,6.9
2026081408,ddcabdc4-3680-09b3-cc6c-62e7afbf4ca6,0,benign_public,0,NoAlert,A_PUBLIC,6.4
2026081408,abc8e77a-2c33-88c9-98eb-4a8fa0bf6a9c,0,benign_login,0,NoAlert,A_AUTH,6.3
2026081408,9405f1df-9e8c-37e5-4443-cd86a542b7a3,1,command_probe,1,Violation,D_COMMAND,6.4
2026081408,390224d5-a273-15c9-daea-31a1566e81d3,0,benign_public,0,NoAlert,A_PUBLIC,6.201
2026081408,1d178d67-dcec-1010-2de4-b0a1cee86f28,0,benign_login,0,NoAlert,A_AUTH,6.2
2026081408,29d189f1-b167-1624-8a8b-46a96e7a3645,1,bruteforce,0,NoAlert,A_AUTH_FAIL_SINGLE,8.101
2026081408,ff61ec70-8b16-d163-592e-ff9419dc4813,1,bruteforce,0,NoAlert,A_AUTH_FAIL_SINGLE,7.901
2026081408,33329f14-5109-bf40-6cff-458dfa285dc3,1,bruteforce,0,NoAlert,A_AUTH_FAIL_SINGLE,7.8
2026081408,549debd8-1908-b5f8-84fe-5927f8ce5f36,1,bruteforce,1,Violation,D_BRUTEFORCE,8.701
2026081408,b3f52b4d-46ff-6eb4-ebae-05c0da0fcc55,1,bruteforce,1,Violation,D_BRUTEFORCE,8.4
2026081408,6051fe14-a180-a3de-5026-3b5a3fee6e99,0,benign_login,0,NoAlert,A_AUTH,6.401
2026081408,66d53ca4-6129-4f98-2573-a75a52ae2153,0,benign_public,0,NoAlert,A_PUBLIC,6.2
2026081408,20f33d57-90b4-d15c-bbe8-1419c83e730d,0,benign_login,0,NoAlert,A_AUTH,5.801
2026081408,bb59c790-f294-2273-6bba-9581ceab6ebd,1,path_traversal,1,Violation,D_TRAVERSAL,6.2
2026081408,bf1c9465-1b0a-a163-d478-170ad689b81d,0,benign_login,0,NoAlert,A_AUTH,6.0
2026081408,b5373d5c-c4a4-49f2-aec3-9e6c9aa7963e,0,benign_login,0,NoAlert,A_AUTH,5.9
2026081408,9e80409f-8845-5e02-5ee0-2086e59f686c,1,bruteforce,0,NoAlert,A_AUTH_FAIL_SINGLE,7.8
2026081408,4d270d07-8214-ba70-f442-1eaf121b3446,1,bruteforce,0,NoAlert,A_AUTH_FAIL_SINGLE,7.8
2026081408,fd56812c-4a00-1317-dc51-39e8b118c963,1,bruteforce,0,NoAlert,A_AUTH_FAIL_SINGLE,7.801
2026081408,cabab14d-3112-648b-cde7-6cdc73feb6c1,1,bruteforce,1,Violation,D_BRUTEFORCE,8.4
2026081408,59174ba9-74c7-f79b-dacb-017e31326327,1,bruteforce,1,Violation,D_BRUTEFORCE,8.301
2026081408,e5bf9985-31f8-0b85-878a-a9356f2160d0,0,benign_public,0,NoAlert,A_PUBLIC,6.0
2026081408,fbb4cac6-029b-f37d-700f-cabd872c1137,0,benign_status,0,NoAlert,A_STATUS,6.101
2026081408,4808ec4f-d69a-004e-2f2b-0d59f87c189d,0,benign_status,0,NoAlert,A_STATUS,5.9
2026081408,5731653b-5cb8-f76a-b616-e529ed300f16,0,benign_status,0,NoAlert,A_STATUS,6.001
2026081408,82430a3d-1ab4-2d98-396e-c207cef615b8,0,benign_login,0,NoAlert,A_AUTH,6.1
2026081408,5bf91d4b-00cb-eb20-ca4f-a298fb032eb6,0,benign_public,0,NoAlert,A_PUBLIC,5.9
2026081408,4e49ac0e-bcee-5452-8905-f9ce430037e4,0,benign_status,0,NoAlert,A_STATUS,5.901
2026081408,93a8d5e6-f887-15a6-6e2a-056666c752f3,0,benign_login,0,NoAlert,A_AUTH,6.1
2026081408,d6677086-a037-a689-1064-bdd9286bc82a,1,bruteforce,0,NoAlert,A_AUTH_FAIL_SINGLE,7.601
2026081408,08e7e8a0-e7c1-1b4f-389d-5595df65c63b,1,bruteforce,0,NoAlert,A_AUTH_FAIL_SINGLE,7.8
2026081408,4bb66714-cf9b-ac08-35a4-f0e69e570e5b,1,bruteforce,0,NoAlert,A_AUTH_FAIL_SINGLE,7.801
2026081408,8dfa8f6c-6699-ea52-6c01-39adecaf5585,1,bruteforce,1,Violation,D_BRUTEFORCE,8.3
2026081408,55286460-b3fa-49ac-5823-ac9281890e81,1,bruteforce,1,Violation,D_BRUTEFORCE,8.501
2026081408,574927e5-9d8e-40d9-3321-fd96b68d4f74,1,path_traversal,1,Violation,D_TRAVERSAL,6.401
2026081408,c133cae1-cce2-d7c5-0f00-85836a07bcf2,0,benign_public,0,NoAlert,A_PUBLIC,6.1
2026081408,f69b14ba-567b-5f17-7aee-197c36ad62a2,0,benign_public,0,NoAlert,A_PUBLIC,5.9
2026081408,c636e594-2e61-a2b3-5fbf-3f508448b096,1,bruteforce,0,NoAlert,A_AUTH_FAIL_SINGLE,8.001
2026081408,bf4068c8-2bb0-fc2a-7982-a55117cbd4c1,1,bruteforce,0,NoAlert,A_AUTH_FAIL_SINGLE,7.5
2026081408,a43da456-9bd7-e1e2-2dbb-ee7d9002dcf4,1,bruteforce,0,NoAlert,A_AUTH_FAIL_SINGLE,7.4
2026081408,f2c5066d-bd95-8b08-0381-6b8c6c71a809,1,bruteforce,1,Violation,D_BRUTEFORCE,8.301
2026081408,9b71b512-2e1d-dd72-2c23-5f029d774b26,1,bruteforce,1,Violation,D_BRUTEFORCE,8.0
2026081408,e395f23b-b5f2-885c-4aa0-15410d914abe,0,benign_login,0,NoAlert,A_AUTH,6.201
2026081408,3f93062c-4134-3424-7e6a-f2e4fa6d14ef,0,benign_login,0,NoAlert,A_AUTH,5.8
2026081408,9ccfae07-a250-1894-fa84-37cbbbccdc3e,0,benign_login,0,NoAlert,A_AUTH,5.9
2026081408,82ec3e86-02a3-54e3-085e-6ffac7913c4e,0,benign_public,0,NoAlert,A_PUBLIC,6.201
2026081408,4f5bd768-4af0-0890-8e94-e42f406bda3a,0,benign_status,0,NoAlert,A_STATUS,6.0
2026081408,5564baab-6898-6331-0cd1-ff60e6471735,0,benign_public,0,NoAlert,A_PUBLIC,6.001
2026081408,f7ae4672-186f-7241-eeaa-c0b0ae094341,0,benign_login,0,NoAlert,A_AUTH,6.0
2026081408,92ce08b8-211f-0764-1647-4aeaccc1c5e3,1,path_traversal,1,Violation,D_TRAVERSAL,6.101
2026081408,be06b5f5-d67f-2c63-41d0-bb07b6044df1,0,benign_login,0,NoAlert,A_AUTH,6.0
2026081408,7e4a0cd5-669a-674c-7d03-faf3eba7f3ae,0,benign_public,0,NoAlert,A_PUBLIC,5.8
2026081408,a0324e95-b0c7-f45d-6064-f8f5c742642d,0,benign_status,0,NoAlert,A_STATUS,5.9
2026081408,cc2b07af-77af-ad7e-6e06-7975b3cbf094,0,benign_status,0,NoAlert,A_STATUS,5.9
2026081408,883d9e41-13b5-d1d5-ef1e-f2dbcf236ef2,1,admin_probe,1,Violation,D_ADMIN,6.501
2026081408,3a391ca0-469f-deac-771d-fbc28f6fa16c,0,benign_public,0,NoAlert,A_PUBLIC,6.1
2026081408,02c24dcd-049f-004f-c968-5a56e9ea84c5,0,benign_status,0,NoAlert,A_STATUS,6.101
2026081408,7cfaa5c4-1f7a-6ebb-54c7-04c0449e70bb,0,benign_login,0,NoAlert,A_AUTH,6.0
2026081408,17438411-b6f1-c9dd-246e-8687d0e3765d,0,benign_login,0,NoAlert,A_AUTH,9.801
2026081408,190f0ddc-2783-7391-f75c-71293307a32d,0,benign_public,0,NoAlert,A_PUBLIC,6.2
2026081408,f4dd8b0b-9a78-3b51-ff4e-c14d6cca00ef,0,benign_status,0,NoAlert,A_STATUS,5.801
2026081408,a6e69dc0-e79f-e923-8064-7c3d75581267,1,bruteforce,0,NoAlert,A_AUTH_FAIL_SINGLE,8.0
2026081408,b9fc5dfe-91a9-0c52-2cf9-770d710ce664,1,bruteforce,0,NoAlert,A_AUTH_FAIL_SINGLE,7.801
2026081408,e834a169-d366-cde3-cdef-c66f5bd9e5a2,1,bruteforce,0,NoAlert,A_AUTH_FAIL_SINGLE,7.9
2026081408,739f493d-6bde-c4b5-4519-1772ef902b78,1,bruteforce,1,Violation,D_BRUTEFORCE,8.601
2026081408,77b1d3b3-d9b1-4b03-9004-a6fc1e7c8140,1,bruteforce,1,Violation,D_BRUTEFORCE,8.601
2026081408,59681cae-aee7-0312-6eeb-622b40e732a0,0,benign_login,0,NoAlert,A_AUTH,6.4
2026081408,d387d5b4-0f86-5bee-ecbf-efa70f1b0aed,0,benign_status,0,NoAlert,A_STATUS,6.0
2026081408,1ddf5280-a361-278a-bf43-097a2d8f994e,0,benign_login,0,NoAlert,A_AUTH,6.001
2026081408,a7446de9-9070-a9be-0e23-77c853734fc6,0,benign_login,0,NoAlert,A_AUTH,6.0
2026081408,a9c46557-196c-7204-4f63-c7e5fde2e949,0,benign_status,0,NoAlert,A_STATUS,5.701
2026081408,705958c9-aee4-7e5a-4013-ca3a3b79c947,0,benign_login,0,NoAlert,A_AUTH,5.8
2026081408,6854e2cc-ce1a-3b12-7419-f0751ef6abe0,0,benign_public,0,NoAlert,A_PUBLIC,5.801
2026081408,b7b9fd06-c20e-119a-5efe-655d4f7662e2,0,benign_status,0,NoAlert,A_STATUS,5.9
2026081408,f2633f93-f9ea-9e7f-a22c-9b78378e5b4d,0,benign_status,0,NoAlert,A_STATUS,5.7
2026081408,cd830945-20e3-3755-e5e9-37c3b656ee8f,0,benign_status,0,NoAlert,A_STATUS,5.701
2026081408,a585c6dc-ac53-54fc-767b-df391e50535f,0,benign_login,0,NoAlert,A_AUTH,5.7
2026081408,9d6afaac-12b5-6bfe-62c3-91a75d32c54a,0,benign_status,0,NoAlert,A_STATUS,7.701
2026081408,c397e82e-a8fc-80f5-8afa-690b0364d468,0,benign_login,0,NoAlert,A_AUTH,6.1
2026081408,ba836936-9ddd-c0e7-5407-ba1d3c7b84ed,0,benign_public,0,NoAlert,A_PUBLIC,5.901
2026081408,7a52f000-0976-50e7-a30c-942d131c659a,0,benign_status,0,NoAlert,A_STATUS,5.7
2026081408,0376eb40-2c85-df74-12b6-e2e9c01961be,1,command_probe,1,Violation,D_COMMAND,6.1
2026081408,3380ce48-eee9-168e-c610-a6229d38524a,0,benign_status,0,NoAlert,A_STATUS,5.6
2026081408,1c393c5d-6e50-f0ba-b4b9-c66a1eb12d13,0,benign_status,0,NoAlert,A_STATUS,5.8
2026081408,5ffb105f-31c1-7a83-5759-429dfc9850ff,0,benign_public,0,NoAlert,A_PUBLIC,5.701
2026081408,ba442c68-b102-66eb-12d2-fe48776e8f65,1,path_traversal,1,Violation,D_TRAVERSAL,5.8
2026081408,743bb045-c5a2-c40d-d62e-b28562e899c2,0,benign_status,0,NoAlert,A_STATUS,5.501
2026081408,9759c570-4980-5a63-931b-b8a600e34443,1,path_traversal,1,Violation,D_TRAVERSAL,5.9
2026081408,03c5a251-f291-250d-828f-55509cd84f2d,0,benign_status,0,NoAlert,A_STATUS,5.8
2026081408,df3e0761-2b4f-4f7e-df08-ed2c53e4ed67,1,bruteforce,0,NoAlert,A_AUTH_FAIL_SINGLE,7.801
2026081408,a05eeeb7-36cb-4352-94ab-fab98a265b2c,1,bruteforce,0,NoAlert,A_AUTH_FAIL_SINGLE,7.6
2026081408,7e22c024-0b6f-ad21-24a7-08fabdd84450,1,bruteforce,0,NoAlert,A_AUTH_FAIL_SINGLE,7.6
2026081408,aafc8847-004d-c4d9-236a-abb65d3ac0f8,1,bruteforce,1,Violation,D_BRUTEFORCE,8.501
2026081408,795f9607-23c6-d90a-af16-11fd138032c3,1,bruteforce,1,Violation,D_BRUTEFORCE,8.3
2026081408,3b0218e0-3227-1f3d-ca60-450e84e16913,0,benign_login,0,NoAlert,A_AUTH,6.001
2026081408,2cc91c36-e2d5-404e-049a-6f694ec00114,0,benign_login,0,NoAlert,A_AUTH,5.9
2026081408,ad0e827f-6207-75c4-fc76-5f50b11aabe4,1,path_traversal,1,Violation,D_TRAVERSAL,6.0
2026081408,ec045ac1-73ba-5187-453b-dbee1a352532,0,benign_public,0,NoAlert,A_PUBLIC,6.201
2026081408,f4145a4f-66ac-4c1a-a739-86c90761d0c1,0,benign_status,0,NoAlert,A_STATUS,6.0
2026081408,30a4036a-dcca-5da3-2bd7-3a0fe8c37897,0,benign_login,0,NoAlert,A_AUTH,6.001
2026081408,0732be4a-0cde-c5c8-2968-9a74f7863899,1,admin_probe,1,Violation,D_ADMIN,6.0
2026081408,84c57fda-bb60-de62-f376-ba4916daf5a2,0,benign_login,0,NoAlert,A_AUTH,5.701
2026081408,e1d2959d-02dd-6ef1-749d-7d4d20f20ab1,0,benign_public,0,NoAlert,A_PUBLIC,5.9
2026081408,49beca49-f2d8-cd69-eae6-901574c9ffe6,0,benign_login,0,NoAlert,A_AUTH,5.801
2026081408,1ca6a691-696f-4868-7a41-7b0a621c008c,0,benign_login,0,NoAlert,A_AUTH,5.9
2026081408,cebe2ec1-4107-350e-4b9a-9d602c1913dc,0,benign_status,0,NoAlert,A_STATUS,5.8
2026081408,1b8ed4d0-dd33-db09-a6d6-d8083dfe2fe9,0,benign_public,0,NoAlert,A_PUBLIC,5.701
2026081408,12ddd1cc-d3f5-27bd-fbd3-fab0444d5b05,0,benign_login,0,NoAlert,A_AUTH,5.9
2026081408,42870fd6-73ed-51db-e4e3-3523d4d81a69,0,benign_login,0,NoAlert,A_AUTH,5.801
2026081408,f4edb021-6955-ecb1-8ff4-152b9d1118e5,0,benign_login,0,NoAlert,A_AUTH,5.7
2026081408,e4f93bdd-8b0d-9ce2-9d3f-d152ed1f8ed1,0,benign_public,0,NoAlert,A_PUBLIC,5.7
2026081408,f96a42a5-e399-72a1-0a77-0a99a431f674,0,benign_public,0,NoAlert,A_PUBLIC,5.7
2026081408,dd59e9d2-5cd3-34a7-ca90-2a8fe254ce50,1,bruteforce,0,NoAlert,A_AUTH_FAIL_SINGLE,7.9
2026081408,e0efe345-ecb0-9ce8-4154-dde9f516139a,1,bruteforce,0,NoAlert,A_AUTH_FAIL_SINGLE,7.701
2026081408,101f1943-d805-1162-c68e-852610772bb0,1,bruteforce,0,NoAlert,A_AUTH_FAIL_SINGLE,7.701
2026081408,dee7f6a4-ab6b-59c9-66a5-a2ca4872bc29,1,bruteforce,1,Violation,D_BRUTEFORCE,8.4
2026081408,d388cea4-a7b8-9f96-3b56-288c280ad6e8,1,bruteforce,1,Violation,D_BRUTEFORCE,8.501
2026081408,120838a2-3b3a-4e65-7cd5-10d2f5736c9a,0,benign_status,0,NoAlert,A_STATUS,5.9
2026081408,bc89e531-7d6b-8406-94bb-21721535e11c,0,benign_login,0,NoAlert,A_AUTH,6.001
2026081408,fc41e09f-2f3d-3a08-3ea5-08619d0a67c4,0,benign_status,0,NoAlert,A_STATUS,5.9
2026081408,c201707e-fe5c-d103-f0e1-b4cad65c619c,0,benign_public,0,NoAlert,A_PUBLIC,6.2
2026081408,51400777-79a7-faac-a2e1-d7bbaa179ede,0,benign_status,0,NoAlert,A_STATUS,5.801
2026081408,9127217b-c33d-72dd-d385-a2b0b4da85e8,0,benign_login,0,NoAlert,A_AUTH,5.8
2026081408,75be4443-3a3b-f07a-dbfb-b6733ea9475f,1,command_probe,1,Violation,D_COMMAND,6.101
2026081408,5802166c-03fb-2ce6-9930-b931f76bc113,0,benign_status,0,NoAlert,A_STATUS,5.9
2026081408,49f97856-2954-2ecf-a72f-b4082330adec,1,bruteforce,0,NoAlert,A_AUTH_FAIL_SINGLE,7.701
2026081408,a1708606-a2ab-502a-5c67-bf78f6de9443,1,bruteforce,0,NoAlert,A_AUTH_FAIL_SINGLE,7.5
2026081408,6da08c33-1fa1-f819-a639-7c795136a815,1,bruteforce,0,NoAlert,A_AUTH_FAIL_SINGLE,7.601
2026081408,3342cf34-f362-49f4-20b5-8bd80b5b5279,1,bruteforce,1,Violation,D_BRUTEFORCE,8.3
2026081408,36f8d5dd-d9b5-21ad-11c8-39ed96d4249e,1,bruteforce,1,Violation,D_BRUTEFORCE,8.701
2026081408,a74ee495-5aed-ee56-4de5-08597be4996f,0,benign_public,0,NoAlert,A_PUBLIC,6.2
2026081408,49bc4d25-c3cf-44d1-ea3b-c08eeaff34c6,0,benign_status,0,NoAlert,A_STATUS,6.001
2026081408,d3ef6b23-1f7c-86eb-f717-927fcaa87b2e,0,benign_login,0,NoAlert,A_AUTH,5.8
2026081408,2faaecde-f723-f5bf-f674-e4b9e13727db,0,benign_login,0,NoAlert,A_AUTH,6.201
2026081408,aa260fa7-70b8-70a3-aaed-618c475e666a,0,benign_public,0,NoAlert,A_PUBLIC,5.8
2026081408,bf98bb7d-d5e2-abda-3c82-d3a5076299cb,0,benign_public,0,NoAlert,A_PUBLIC,5.801
2026081408,5776a685-5070-a6fe-ec7f-430bca07e34b,1,bruteforce,0,NoAlert,A_AUTH_FAIL_SINGLE,7.4
2026081408,ac9facc0-3610-ede3-4318-f1cfd2b6ab2f,1,bruteforce,0,NoAlert,A_AUTH_FAIL_SINGLE,7.401
2026081408,57073d5d-cdd8-cef1-c930-6bfeb5378070,1,bruteforce,0,NoAlert,A_AUTH_FAIL_SINGLE,7.8
2026081408,c50706b8-f821-4830-ecaf-c2010e0977b0,1,bruteforce,1,Violation,D_BRUTEFORCE,8.401
2026081408,20d19a26-936b-9ba3-9dd9-c05f690280a9,1,bruteforce,1,Violation,D_BRUTEFORCE,8.5
2026081408,dc5e8273-46ae-cd83-3676-863c4481e8c0,0,benign_public,0,NoAlert,A_PUBLIC,6.001
2026081408,af17d072-2ac6-e996-2258-4473e06f723d,0,benign_public,0,NoAlert,A_PUBLIC,5.8
2026081408,b4caf8a7-110b-9375-7bee-d4c106099906,0,benign_login,0,NoAlert,A_AUTH,5.801
2026081408,f204e103-fc2f-e09f-1041-eadbf9d6e573,0,benign_status,0,NoAlert,A_STATUS,5.7
2026081408,b303bd8d-e06a-e0e3-2c6e-110cdbcdda0f,1,command_probe,1,Violation,D_COMMAND,6.0
2026081408,b0b718bd-79df-fdee-ef5b-f800bef5214b,1,bruteforce,0,NoAlert,A_AUTH_FAIL_SINGLE,7.501
2026081408,1b07038a-0cde-1c23-f769-c80442b4c524,1,bruteforce,0,NoAlert,A_AUTH_FAIL_SINGLE,7.5
2026081408,90e9920f-496b-56df-cd37-c8b919a996d5,1,bruteforce,0,NoAlert,A_AUTH_FAIL_SINGLE,7.4
2026081408,9b849704-b2aa-e521-7d09-5ef167db675d,1,bruteforce,1,Violation,D_BRUTEFORCE,8.401
2026081408,e3937d0e-cf3e-32b2-4538-57b5106dbda5,1,bruteforce,1,Violation,D_BRUTEFORCE,8.6
2026081408,9bff3ac7-95a4-2db8-3f79-7081de460b2c,0,benign_public,0,NoAlert,A_PUBLIC,6.401
2026081408,fb1f4d4c-b649-78c8-6da6-ed5ca12fd74b,0,benign_login,0,NoAlert,A_AUTH,5.8
2026081408,40b18b63-7a5f-9c8e-3c74-5a2c739be38c,0,benign_status,0,NoAlert,A_STATUS,6.301
2026081408,4e06fcdd-5b43-0486-4349-a1c6b5868328,0,benign_public,0,NoAlert,A_PUBLIC,5.9
2026081408,1e9d1506-fc75-28e6-2a65-1ba9a339a09d,0,benign_public,0,NoAlert,A_PUBLIC,5.8
2026081408,cd16a9f7-2cd2-f4e7-aa47-3eeac3168556,0,benign_login,0,NoAlert,A_AUTH,5.901
2026081408,9ea47a4b-ac72-5200-50f5-eda98f741bdf,1,admin_probe,1,Violation,D_ADMIN,6.2
2026081408,2af64e9f-b974-ca99-7e5d-ed18e9bfb6f9,1,path_traversal,1,Violation,D_TRAVERSAL,6.301
2026081408,95cc5bd0-dcab-cbe3-6ed2-837c3fd75952,0,benign_status,0,NoAlert,A_STATUS,6.0
2026081408,2a5322e1-7373-24c7-98e3-80f40260f570,0,benign_login,0,NoAlert,A_AUTH,6.201
2026081408,8dac2afa-04b7-4e6c-6b85-ff18aaa1d7b3,0,benign_status,0,NoAlert,A_STATUS,6.2
2026081408,f40cf826-d3ab-d791-801c-fe238e1e4380,0,benign_login,0,NoAlert,A_AUTH,6.301
2026081408,9f54f449-cef4-c56b-254c-845ab003aa1d,0,benign_public,0,NoAlert,A_PUBLIC,6.0
2026081408,5cd815dc-c42f-ed9f-580e-22eaac186cad,0,benign_status,0,NoAlert,A_STATUS,6.0
2026081408,d635b21e-e7a0-df0e-a179-27deadbeddfb,0,benign_login,0,NoAlert,A_AUTH,5.701
2026081408,cd859644-31eb-b616-cbdf-ee2aaaa5b1e6,0,benign_public,0,NoAlert,A_PUBLIC,5.8
2026081408,c546179e-492a-f601-0362-07c375a2352f,0,benign_login,0,NoAlert,A_AUTH,5.701
2026081408,47e64c5b-a9f1-2b5c-3e98-b9164361e177,0,benign_login,0,NoAlert,A_AUTH,6.1
2026081408,77508c02-1680-dc3c-0204-aa620bf4ec61,0,benign_public,0,NoAlert,A_PUBLIC,5.7
2026081408,fb4dd416-ab1d-59cb-c728-ef2d62d37f6c,0,benign_public,0,NoAlert,A_PUBLIC,5.8
2026081408,8afd37f0-6daa-e2ee-172b-2eab8e08215b,0,benign_public,0,NoAlert,A_PUBLIC,5.8
2026081408,2ff98354-3382-9ed3-57c9-5ede4014069c,0,benign_public,0,NoAlert,A_PUBLIC,5.801
2026081408,f0ee23fd-895d-4f21-0497-1a9d178257f7,1,admin_probe,1,Violation,D_ADMIN,5.9
2026081408,a09517f1-aff2-94b7-45aa-58b880e84b99,0,benign_login,0,NoAlert,A_AUTH,5.901
2026081408,d4323ea4-1043-5cb7-642c-2676b70963f0,1,bruteforce,0,NoAlert,A_AUTH_FAIL_SINGLE,8.0
2026081408,24b5e648-f6f3-abd9-8bf4-f524ee2bb8b7,1,bruteforce,0,NoAlert,A_AUTH_FAIL_SINGLE,7.901
2026081408,c24373c9-686c-7279-01a2-c2ae8e609c00,1,bruteforce,0,NoAlert,A_AUTH_FAIL_SINGLE,7.7
2026081408,3c9f7b3b-544b-3063-4bcc-d598891f3c26,1,bruteforce,1,Violation,D_BRUTEFORCE,8.601
2026081408,8666e8ce-ceaa-d5dd-a335-26fe5258802e,1,bruteforce,1,Violation,D_BRUTEFORCE,8.2
2026081408,7b832a50-5bd1-2d6b-1acc-8f4db7490752,0,benign_status,0,NoAlert,A_STATUS,6.101
2026081408,e0b6daeb-0f44-b526-dba7-caaee64d9a50,0,benign_status,0,NoAlert,A_STATUS,5.8
2026081408,8f7d624c-aed4-e457-e3b6-cd0c71de1799,0,benign_public,0,NoAlert,A_PUBLIC,5.801
2026081408,e1ede31c-2fc9-dee9-85c4-bbc4ae871883,0,benign_status,0,NoAlert,A_STATUS,5.8
2026081408,43769de2-fba9-e8dc-0dff-b39782b0d68e,0,benign_public,0,NoAlert,A_PUBLIC,5.701
2026081408,794caa1f-69ad-cc19-c1ba-13b0a6c73f60,1,command_probe,1,Violation,D_COMMAND,6.0
2026081408,1fc1675b-a04e-6d60-c400-f9154d131415,0,benign_login,0,NoAlert,A_AUTH,5.9
2026081408,fdab25d5-5701-c5bb-93b7-7d6e435c1ef8,1,bruteforce,0,NoAlert,A_AUTH_FAIL_SINGLE,7.601
2026081408,e79b02ec-c107-c3c3-e558-f7c95ac6e2ac,1,bruteforce,0,NoAlert,A_AUTH_FAIL_SINGLE,7.8
2026081408,496d4f70-cb88-f9b9-a882-7c72016685b0,1,bruteforce,0,NoAlert,A_AUTH_FAIL_SINGLE,7.7
2026081408,6f777f6c-232d-a425-ca19-06a29821f1dc,1,bruteforce,1,Violation,D_BRUTEFORCE,8.501
2026081408,c05ac9c9-37b2-793d-c364-88b4327dfeb2,1,bruteforce,1,Violation,D_BRUTEFORCE,8.4
2026081408,a5d7ba2c-1299-14b2-77bc-652bcd4838ba,0,benign_status,0,NoAlert,A_STATUS,6.101
2026081408,82128d15-96d6-0b3d-ca15-f2878755f799,0,benign_status,0,NoAlert,A_STATUS,5.9
2026081408,2d32f194-a748-29d7-3705-dec09263736d,0,benign_public,0,NoAlert,A_PUBLIC,5.9
2026081408,33192076-1bc2-a885-9a6e-445701b7f7c9,0,benign_public,0,NoAlert,A_PUBLIC,5.8
2026081408,b6ddfe15-e221-8812-7b15-df319e31f191,0,benign_login,0,NoAlert,A_AUTH,5.7
2026081408,a943a073-5f82-8684-b3c7-246e892205d8,0,benign_login,0,NoAlert,A_AUTH,5.701
2026081408,199b53f5-31d6-1f27-f15f-751ded35ed4b,1,bruteforce,0,NoAlert,A_AUTH_FAIL_SINGLE,7.7
2026081408,2287b705-b198-c36e-b29d-09da3dc323eb,1,bruteforce,0,NoAlert,A_AUTH_FAIL_SINGLE,7.801
2026081408,55023b4a-12d8-475c-c660-708e4e8cd16a,1,bruteforce,0,NoAlert,A_AUTH_FAIL_SINGLE,7.6
2026081408,321f540b-aba5-b5a9-598f-cff1b06f4fd1,1,bruteforce,1,Violation,D_BRUTEFORCE,8.5
2026081408,32f6aca7-d6eb-07b3-3b34-2227a2740898,1,bruteforce,1,Violation,D_BRUTEFORCE,8.401
2026081408,43325075-63b2-248c-834b-9d754eb45855,0,benign_login,0,NoAlert,A_AUTH,6.4
2026081408,72356a31-fa58-e513-b999-3628a094a208,0,benign_login,0,NoAlert,A_AUTH,5.801
2026081408,e1d17282-40a8-a74f-5ed0-cd8119714362,0,benign_login,0,NoAlert,A_AUTH,5.7
2026081408,bb51e103-5208-aefa-6fa0-b82e7cfdf313,0,benign_public,0,NoAlert,A_PUBLIC,6.0
2026081408,2b7779a7-002e-d30d-508b-1e4768f4c4c6,0,benign_public,0,NoAlert,A_PUBLIC,5.901
2026081408,31af30ff-c5ea-8bda-1df7-c00a98d6daf2,0,benign_status,0,NoAlert,A_STATUS,5.9
2026081408,094baaa4-2541-f17a-4b2e-9cefa72d7c69,0,benign_status,0,NoAlert,A_STATUS,5.901
2026081408,fb01c572-1c55-2515-8bc7-268344999cee,0,benign_status,0,NoAlert,A_STATUS,5.8
2026081408,8c6f77c8-c785-6d2e-30e6-c7d3297b3a75,1,bruteforce,0,NoAlert,A_AUTH_FAIL_SINGLE,7.501
2026081408,188f92f6-10f6-4cf7-3af7-68af08effa37,1,bruteforce,0,NoAlert,A_AUTH_FAIL_SINGLE,7.5
2026081408,72ad38a2-b629-923a-96e7-9ebe731a720a,1,bruteforce,0,NoAlert,A_AUTH_FAIL_SINGLE,7.501
2026081408,5c888e15-3c8b-9bf2-57b8-036bc65c9bd3,1,bruteforce,1,Violation,D_BRUTEFORCE,8.5
2026081408,86d7fb7c-279f-100d-1da5-d029231c9b3b,1,bruteforce,1,Violation,D_BRUTEFORCE,9.001
2026081408,f5e931dc-371e-2ddc-5d46-32d1add5880a,0,benign_status,0,NoAlert,A_STATUS,6.1
2026081408,3d8be419-b860-1b48-b48f-170a64a8d94a,0,benign_status,0,NoAlert,A_STATUS,5.701
2026081408,15a5224b-177e-f290-f5b6-b2aee8c880fb,1,command_probe,1,Violation,D_COMMAND,5.9
2026081408,0f05328f-dfa5-0dbc-d52b-6683e6d4c7bf,0,benign_status,0,NoAlert,A_STATUS,5.701
2026081408,ddf79c0f-0134-cf0e-e945-d2be04eda4d0,0,benign_login,0,NoAlert,A_AUTH,5.9
2026081408,2203da04-5b22-0aba-179e-34f2139ce91a,0,benign_status,0,NoAlert,A_STATUS,5.9
2026081408,a9eab209-5fa3-2edc-d252-f48b856796fc,0,benign_public,0,NoAlert,A_PUBLIC,5.901
2026081408,c098978b-a63c-c835-ad11-33a97f058a6a,0,benign_public,0,NoAlert,A_PUBLIC,5.7
2026081408,69d214b0-21db-43f1-0b27-46fad62361b9,0,benign_status,0,NoAlert,A_STATUS,5.701
2026081408,3d6d8436-1779-aabe-85fd-f5fc5f1f06e1,0,benign_login,0,NoAlert,A_AUTH,5.7
2026081408,14886c33-c014-e21c-763d-3d402d33e2ac,0,benign_status,0,NoAlert,A_STATUS,5.701
2026081408,59fc67dd-cba7-d107-8e47-80e11cfd1330,0,benign_public,0,NoAlert,A_PUBLIC,5.8
2026081408,6288ac82-e08d-fa75-cdbe-ff426d659e49,0,benign_login,0,NoAlert,A_AUTH,5.8
2026081409,cc4fe067-0adc-915b-e83f-96f154b4ef5d,0,benign_public,0,NoAlert,A_PUBLIC,30.402
2026081409,ccb2ed5e-64b8-873e-d0ae-26186596c581,1,bruteforce,0,NoAlert,A_AUTH_FAIL_SINGLE,15.901
2026081409,5ab29590-aa52-1b76-204a-af5306c55df1,1,bruteforce,0,NoAlert,A_AUTH_FAIL_SINGLE,10.601
2026081409,0bba6a5f-76a8-84b8-8ff2-b05be5013764,1,bruteforce,0,NoAlert,A_AUTH_FAIL_SINGLE,9.101
2026081409,259985e9-4a77-eac0-b5ab-9338d28065c0,1,bruteforce,1,Violation,D_BRUTEFORCE,10.6
2026081409,62f51e02-e5da-af27-5b92-8b41fb74f07b,1,bruteforce,1,Violation,D_BRUTEFORCE,11.0
2026081409,631f9fa1-7883-1878-4c34-b60d53aaddf7,1,bruteforce,1,Violation,D_BRUTEFORCE,9.301
2026081409,3fa87f77-2eb7-ab11-aec8-aba8d2f681db,1,bruteforce,1,Violation,D_BRUTEFORCE,9.101
2026081409,4af6ff92-941c-e9f7-a463-fade60c58813,1,bruteforce,1,Violation,D_BRUTEFORCE,9.0
2026081409,3689a11f-5c61-ffd5-615f-3dba1dc2139f,1,bruteforce,1,Violation,D_BRUTEFORCE,9.601
2026081409,e280b374-13fe-85d1-b1d9-2baefef68b93,1,bruteforce,1,Violation,D_BRUTEFORCE,9.201
2026081409,53460627-0261-af56-7537-0c740b4c8350,0,benign_status,0,NoAlert,A_STATUS,7.4
2026081409,174135a4-023a-45a9-91f5-22f620c2552e,0,benign_public,0,NoAlert,A_PUBLIC,7.101
2026081409,83d07cd9-ca33-6890-ce62-361623f633a7,1,bruteforce,0,NoAlert,A_AUTH_FAIL_SINGLE,8.8
2026081409,80abfeaa-9334-5e37-367f-5f2be32c0563,1,bruteforce,0,NoAlert,A_AUTH_FAIL_SINGLE,8.501
2026081409,c8fb17d0-253b-070b-6fcd-3877de029953,1,bruteforce,0,NoAlert,A_AUTH_FAIL_SINGLE,8.3
2026081409,b0cae9a0-7914-50e9-f082-d4be0914ff8f,1,bruteforce,1,Violation,D_BRUTEFORCE,9.5
2026081409,2faf695c-a269-2493-bf74-107b7ff08839,1,bruteforce,1,Violation,D_BRUTEFORCE,9.001
2026081409,64a742e5-8f89-acef-479b-e23f5055ea67,1,bruteforce,1,Violation,D_BRUTEFORCE,9.1
2026081409,5f4ea2b4-578c-aabe-0ea0-0947764fb4f9,1,bruteforce,1,Violation,D_BRUTEFORCE,9.0
2026081409,61f5aa6e-6eab-6301-87f8-78d50d583ef1,1,bruteforce,1,Violation,D_BRUTEFORCE,8.901
2026081409,3ce24918-f397-b912-d6a1-6d797b80580d,1,bruteforce,1,Violation,D_BRUTEFORCE,8.9
2026081409,debbbcc3-483b-d0c1-60b9-45ee5d575edf,1,bruteforce,1,Violation,D_BRUTEFORCE,8.901
2026081409,4395a480-ce18-67b0-e407-0fdf0e426d9a,0,benign_public,0,NoAlert,A_PUBLIC,6.5
2026081409,e55dbe68-d546-aa57-a069-8d83a20b3d2e,0,benign_public,0,NoAlert,A_PUBLIC,6.3
2026081409,e334dccd-161f-bf99-046e-b4cdfa8ecfd7,0,benign_public,0,NoAlert,A_PUBLIC,6.2
2026081409,e19fc3b3-e11e-2523-fc10-2878da4b1ac5,1,command_probe,1,Violation,D_COMMAND,6.5
2026081409,0875a6fd-ddf8-fc61-52c7-06b36295573e,1,command_probe,1,Violation,D_COMMAND,6.5
2026081409,239e79d7-fc89-2c46-4e45-09f89370be95,0,benign_status,0,NoAlert,A_STATUS,6.3
2026081409,4e480ca5-a198-4151-a7e8-c52dfec383de,0,benign_login,0,NoAlert,A_AUTH,6.2
2026081409,a50d001c-81c2-1506-e1f2-1a1bc67ebcc8,0,benign_login,0,NoAlert,A_AUTH,6.301
2026081409,00f416e4-456f-2e29-8ea0-7b7a677a21fa,0,benign_public,0,NoAlert,A_PUBLIC,6.2
2026081409,f50ffd59-fc91-3133-5d23-b8c1428aa5db,0,benign_public,0,NoAlert,A_PUBLIC,6.601
2026081409,38ccdbec-66ad-a7e6-a203-5ec2c596e669,1,admin_probe,1,Violation,D_ADMIN,6.7
2026081409,a035c37b-eb81-4034-460e-1956ecfb1706,0,benign_login,0,NoAlert,A_AUTH,7.001
2026081409,a97099ca-6b25-3895-612d-6617796ffc31,0,benign_public,0,NoAlert,A_PUBLIC,6.6
2026081409,9b376317-d20f-2ccf-aab8-b187c4016033,0,benign_status,0,NoAlert,A_STATUS,6.401
2026081409,55621270-2da0-df07-1945-3472ce64c326,0,benign_public,0,NoAlert,A_PUBLIC,6.4
2026081409,f6cfacd4-ac5b-c625-d5fe-0d140f45bb0a,0,benign_public,0,NoAlert,A_PUBLIC,6.601
2026081409,f03f5b5f-1132-d2a0-937c-a1a746f126c0,0,benign_login,0,NoAlert,A_AUTH,6.4
2026081409,54038955-ee54-5ad4-eefd-feaf8eda8c01,0,benign_login,0,NoAlert,A_AUTH,6.301
2026081409,a6f337a1-76d2-c7c9-7b3e-c4d40ce0bb0d,0,benign_status,0,NoAlert,A_STATUS,6.4
2026081409,7b4d97a7-2472-c436-0cb1-fe6634cb2313,0,benign_login,0,NoAlert,A_AUTH,6.501
2026081409,929acb77-c6e9-c899-5edb-19e59803830c,0,benign_public,0,NoAlert,A_PUBLIC,6.4
2026081409,de35614b-dde0-b4f9-1f0e-5512f3a71f01,0,benign_status,0,NoAlert,A_STATUS,6.301
2026081409,0cf5889d-0568-0643-5d9e-ba2ba72e6e79,0,benign_public,0,NoAlert,A_PUBLIC,7.3
2026081409,2aa681c0-387e-238f-8ede-f40ad8824407,0,benign_login,0,NoAlert,A_AUTH,9.901
2026081409,7605ced9-fe22-71d4-530f-7e0e720dba5e,0,benign_public,0,NoAlert,A_PUBLIC,10.401
2026081409,58d50045-116c-3d0b-1416-36be199f619d,0,benign_status,0,NoAlert,A_STATUS,29.202
2026081409,e078734f-767e-2138-3ed5-372e22bfe00e,0,benign_public,0,NoAlert,A_PUBLIC,10.7
2026081409,1859eefd-202b-67ed-28b4-bd6dca046566,0,benign_status,0,NoAlert,A_STATUS,9.2
2026081409,af12d8c6-5ca7-8116-0853-ed0722ed2a19,0,benign_login,0,NoAlert,A_AUTH,8.001
2026081409,2ef9c3a5-22be-29c0-f765-f00f59f8b690,0,benign_status,0,NoAlert,A_STATUS,11.501
2026081409,eff1ff71-5f72-e7ca-b9b8-9a0afd5fd87d,0,benign_login,0,NoAlert,A_AUTH,7.1
2026081409,949e5c01-8b4a-3f31-1629-bdf5bf6e41bc,0,benign_login,0,NoAlert,A_AUTH,6.201
2026081409,412c33cb-21c4-5d59-eb6b-15c5b2ebab89,1,bruteforce,0,NoAlert,A_AUTH_FAIL_SINGLE,9.2
2026081409,3c782981-1131-d5b7-39e1-ac1c0171c717,1,bruteforce,0,NoAlert,A_AUTH_FAIL_SINGLE,8.401
2026081409,37504b9c-ea84-08f3-176a-4ebb25fc0270,1,bruteforce,0,NoAlert,A_AUTH_FAIL_SINGLE,8.701
2026081409,bb9d2f14-1a3f-ca5a-c251-7eca2ef26f0b,1,bruteforce,1,Violation,D_BRUTEFORCE,9.2
2026081409,a24e7fb8-7236-2288-9708-517a6ee5028c,1,bruteforce,1,Violation,D_BRUTEFORCE,9.201
2026081409,1031a579-457b-5f91-6d8d-9fcb71f7868d,0,benign_public,0,NoAlert,A_PUBLIC,6.8
2026081409,5318f88e-f6d5-950f-9554-26f247880321,1,admin_probe,1,Violation,D_ADMIN,6.701
2026081409,35fa9931-d313-8598-fbd9-e865509d6a32,0,benign_login,0,NoAlert,A_AUTH,6.2
2026081409,74ab744b-cb51-3eb5-4884-78c7ebcb1ce9,0,benign_status,0,NoAlert,A_STATUS,6.301
2026081409,26b91cc6-b0e0-a870-b3d4-d7e3c54e2dd5,0,benign_status,0,NoAlert,A_STATUS,6.4
2026081409,15c14c70-4953-f389-8bd4-f64d563514b6,0,benign_public,0,NoAlert,A_PUBLIC,6.501
2026081409,b048c64e-3d40-6f58-d483-7bcc65ca836a,0,benign_status,0,NoAlert,A_STATUS,6.4
2026081409,83b27fb2-6a86-2e89-80b8-41d72f2703f7,0,benign_public,0,NoAlert,A_PUBLIC,6.501
2026081409,f6c96165-2dc2-7ddf-5a99-ab19e3b9d345,0,benign_login,0,NoAlert,A_AUTH,6.9
2026081409,fda8f3a2-b8fc-9910-34c6-e482d1ef6ed0,1,admin_probe,1,Violation,D_ADMIN,6.801
2026081409,2983de22-eed2-1711-247d-c003cfce67d3,0,benign_login,0,NoAlert,A_AUTH,6.2
2026081409,aac8712e-698f-09b7-9bea-b09241fab756,0,benign_login,0,NoAlert,A_AUTH,6.201
2026081409,ad4716ee-c9ce-cbea-c5a6-1b707344aaf6,0,benign_status,0,NoAlert,A_STATUS,6.3
2026081409,c133589c-f9a8-35de-5300-2e6d98e2191d,1,admin_probe,1,Violation,D_ADMIN,6.201
2026081409,60bb0110-ba7b-79e8-91d2-0633af8d63c8,0,benign_status,0,NoAlert,A_STATUS,6.2
2026081409,fb3447f5-15fa-b71f-2165-1e59ecf9b382,1,path_traversal,1,Violation,D_TRAVERSAL,6.8
2026081409,259b5006-941a-7e1c-332e-32e56428f888,0,benign_login,0,NoAlert,A_AUTH,6.3
2026081409,8d55b44e-1a7e-c725-edc7-a651a331cb92,0,benign_status,0,NoAlert,A_STATUS,6.501
2026081409,2643bd45-14b7-cb65-6742-44e311da25dd,0,benign_public,0,NoAlert,A_PUBLIC,6.6
2026081409,64a41468-e830-7dbc-0f31-27877e22f869,0,benign_status,0,NoAlert,A_STATUS,6.301
2026081409,6e61d290-c225-c02e-4737-21c08820af45,0,benign_login,0,NoAlert,A_AUTH,6.2
2026081409,bf2597b1-111c-4608-8115-ddd27e4d13f9,0,benign_login,0,NoAlert,A_AUTH,6.2
2026081409,3ec8f61b-f084-4095-5cff-b8ada2642fea,1,admin_probe,1,Violation,D_ADMIN,6.6
2026081409,7430874c-ba47-ca6e-812d-b83f23162fcb,0,benign_public,0,NoAlert,A_PUBLIC,6.2
2026081409,e8bed33e-1ddb-9a24-606f-42e5de85b69e,0,benign_public,0,NoAlert,A_PUBLIC,6.401
2026081409,773cc6ed-7469-8b1a-616a-0821594e45da,0,benign_public,0,NoAlert,A_PUBLIC,14.401
2026081409,3eb822c4-75ab-2489-3d47-5db4183a7ee3,0,benign_status,0,NoAlert,A_STATUS,6.7
2026081409,b27b83c3-16a1-77ea-930f-0bd1c4757115,0,benign_public,0,NoAlert,A_PUBLIC,6.401
2026081409,a6f0e5b0-7e40-6799-4211-aefaef5ba0b3,0,benign_login,0,NoAlert,A_AUTH,6.2
2026081409,c0716752-1387-7fe0-458b-63c78eb57e86,0,benign_login,0,NoAlert,A_AUTH,6.501
2026081409,2f3e15ea-2840-f0e3-ba42-2fd2232c5ef8,0,benign_public,0,NoAlert,A_PUBLIC,6.2
2026081409,9b6c3c20-6b18-19c4-b822-c86b6e5d81e0,0,benign_public,0,NoAlert,A_PUBLIC,6.101
2026081409,00260e32-bb49-5ec2-696b-340877038b18,1,bruteforce,0,NoAlert,A_AUTH_FAIL_SINGLE,8.3
2026081409,3011599d-0257-647a-72ba-9eaabe218b52,1,bruteforce,0,NoAlert,A_AUTH_FAIL_SINGLE,8.701
2026081409,dad6cf16-a441-bcc4-6365-7abdd8c17b88,1,bruteforce,0,NoAlert,A_AUTH_FAIL_SINGLE,8.1
2026081409,7497715c-1209-7e47-8d8b-b21db66c6d1a,1,bruteforce,1,Violation,D_BRUTEFORCE,9.4
2026081409,f6ff015c-b055-94c0-869b-0ea2b9caed14,1,bruteforce,1,Violation,D_BRUTEFORCE,9.101
2026081409,7c4966da-c8bc-ea82-7f75-6d5f5104ee4a,1,admin_probe,1,Violation,D_ADMIN,6.5
2026081409,20a5f435-3202-4cf2-32ea-8505f51ba480,0,benign_public,0,NoAlert,A_PUBLIC,6.301
2026081409,2b0920a8-3d1a-bb99-127a-d7c5a80abe4d,0,benign_status,0,NoAlert,A_STATUS,7.1
2026081409,278bbca0-f81d-7316-cb16-c04891e60e0e,0,benign_login,0,NoAlert,A_AUTH,10.601
2026081409,ece07f78-9944-8735-a57e-e742f9284bb8,1,bruteforce,0,NoAlert,A_AUTH_FAIL_SINGLE,13.801
2026081409,92e5c560-fdb2-201d-1b41-0309c5343671,1,bruteforce,0,NoAlert,A_AUTH_FAIL_SINGLE,13.401
2026081409,530a0995-4341-e481-1598-95dbeed13bd3,1,bruteforce,0,NoAlert,A_AUTH_FAIL_SINGLE,14.101
2026081409,974b3b58-46bb-6022-29ab-6b269aa6ae37,1,bruteforce,1,Violation,D_BRUTEFORCE,16.001
2026081409,7d4c1136-f623-3257-bc5f-2e8890f9d2cf,1,bruteforce,1,Violation,D_BRUTEFORCE,16.001
2026081409,89cf75a6-730b-6adb-12c5-856d4fd83e6d,0,benign_login,0,NoAlert,A_AUTH,12.401
2026081409,d64838cd-c6af-3d80-b8a1-eaef85c48063,0,benign_status,0,NoAlert,A_STATUS,11.401
2026081409,fe934e81-ff7a-4d65-774b-03d38b0bd949,1,bruteforce,0,NoAlert,A_AUTH_FAIL_SINGLE,14.601
2026081409,286dae04-29f0-e1c9-0bb4-3ff84406c17d,1,bruteforce,0,NoAlert,A_AUTH_FAIL_SINGLE,15.401
2026081409,02c71ac3-697d-59a7-3205-7389cb674939,1,bruteforce,0,NoAlert,A_AUTH_FAIL_SINGLE,15.101
2026081409,f70375e6-fbfc-9873-9d16-02bcd5dc317f,1,bruteforce,1,Violation,D_BRUTEFORCE,10.001
2026081409,2d8576fd-6156-79ab-47bb-7a6ebc6afd5d,1,bruteforce,1,Violation,D_BRUTEFORCE,9.401
2026081409,b2a91511-6f0b-bfc6-6ebb-225b7ad7c0e9,1,admin_probe,1,Violation,D_ADMIN,6.9
2026081409,2acc1764-cdeb-53c2-7412-89c5485cc0da,0,benign_login,0,NoAlert,A_AUTH,6.501
2026081409,e1cd6211-dcee-f1dc-18f3-fa95e29eba42,0,benign_public,0,NoAlert,A_PUBLIC,6.7
2026081409,3b624189-40ab-ea80-6d7d-cc9701541a14,0,benign_login,0,NoAlert,A_AUTH,6.401
2026081409,3d52e67c-7974-a2b3-bc35-9e59777905c6,0,benign_login,0,NoAlert,A_AUTH,6.5
2026081409,1f08df23-10eb-de3d-f1d3-986650edc6e4,0,benign_login,0,NoAlert,A_AUTH,6.201
2026081409,fcb86a76-1ca7-6196-d8b3-b0c403e7d8d5,0,benign_public,0,NoAlert,A_PUBLIC,16.201
2026081409,205a85ef-10d8-63ad-3ee1-3d733af88352,0,benign_login,0,NoAlert,A_AUTH,9.501
2026081409,29571196-c8bb-04c8-034d-6d7189308e99,0,benign_public,0,NoAlert,A_PUBLIC,8.0
2026081409,b1169a65-5201-1c7c-7b95-e592f6c0de61,0,benign_public,0,NoAlert,A_PUBLIC,7.701
2026081409,d19b8270-3e32-212a-fe32-37edee5edc94,0,benign_public,0,NoAlert,A_PUBLIC,7.0
2026081409,c05248b5-a80c-6912-7d53-e05e0a067fff,0,benign_public,0,NoAlert,A_PUBLIC,10.901
2026081409,de9490d2-d032-79ca-2ae4-a62cd6df7bf4,0,benign_login,0,NoAlert,A_AUTH,7.001
2026081409,ae3a7e74-6dde-a77e-d78d-8d0860bddd87,0,benign_login,0,NoAlert,A_AUTH,6.5
2026081409,5d411a58-02d2-41d5-b16d-14f8f21bf5a1,0,benign_status,0,NoAlert,A_STATUS,6.701
2026081409,1297b265-cdee-e8b1-0131-38bd9ab2d35f,1,path_traversal,1,Violation,D_TRAVERSAL,7.0
2026081409,6847a93f-f9ca-c66c-e2f9-6c61a9d87700,0,benign_status,0,NoAlert,A_STATUS,11.101
2026081409,7bc26930-8265-7f84-2c3c-6e7679c2caf5,0,benign_public,0,NoAlert,A_PUBLIC,9.901
2026081409,c6564dc8-3c09-baae-a766-c832fb601092,0,benign_login,0,NoAlert,A_AUTH,7.1
2026081409,d17fb2d3-ec8b-168d-49d0-6b0cc5f92877,0,benign_status,0,NoAlert,A_STATUS,7.001
2026081409,2a802a6e-70fa-2fda-26ba-c3cc173dc2cc,0,benign_public,0,NoAlert,A_PUBLIC,6.7
2026081409,a1e60450-5ac4-51e5-3652-f1c6e8bc5a19,0,benign_login,0,NoAlert,A_AUTH,6.401
2026081409,bb49a90d-de14-199a-4e21-8ffe6e66caf7,0,benign_status,0,NoAlert,A_STATUS,6.4
2026081409,612ebea7-d34e-45b1-8956-3d60c39ea0be,0,benign_public,0,NoAlert,A_PUBLIC,6.501
2026081409,50e9aa4f-d62a-41a1-261c-20445d91bbb3,0,benign_login,0,NoAlert,A_AUTH,6.4
2026081409,60fd339f-5016-0bfa-cc27-53dcbefbe1f2,1,command_probe,1,Violation,D_COMMAND,6.701
2026081409,aaaecdf8-0400-583e-3856-262bf1112c8f,0,benign_public,0,NoAlert,A_PUBLIC,6.4
2026081409,336e3d36-355e-b592-f10f-371832ce4f97,0,benign_public,0,NoAlert,A_PUBLIC,6.401
2026081409,5fa66eda-47e0-b24d-c4fc-102583576017,0,benign_status,0,NoAlert,A_STATUS,6.3
2026081409,2d54f1c7-b7c8-4e25-af4f-8f05f3dc6698,0,benign_public,0,NoAlert,A_PUBLIC,6.301
2026081409,40f57ae1-2385-b587-2c3b-6ec6f6aa4f43,0,benign_public,0,NoAlert,A_PUBLIC,6.2
2026081409,94a8a89a-0aa2-079c-1841-2e3ccc9d35cc,1,path_traversal,1,Violation,D_TRAVERSAL,9.501
2026081409,6df21fdd-7ddc-6290-902d-63f57ad4ceb7,1,bruteforce,0,NoAlert,A_AUTH_FAIL_SINGLE,9.7
2026081409,478f4db9-b4dd-7459-d783-724f26f3b247,1,bruteforce,0,NoAlert,A_AUTH_FAIL_SINGLE,8.601
2026081409,95357469-7a09-af17-78ed-8a4054c2ac86,1,bruteforce,0,NoAlert,A_AUTH_FAIL_SINGLE,59.004
2026081409,b2512646-cc1c-8525-2f75-5e23d33cc6ef,1,bruteforce,1,Violation,D_BRUTEFORCE,17.901
2026081409,2ef38dab-3d32-9cbd-9850-c43a46d022c0,1,bruteforce,1,Violation,D_BRUTEFORCE,17.201
2026081409,145a949a-6e95-6588-8f96-52b5e5c84e42,0,benign_status,0,NoAlert,A_STATUS,12.7
2026081409,32a2e58d-0a0d-a128-bddf-0a209d721df5,0,benign_login,0,NoAlert,A_AUTH,12.001
2026081409,37edfa32-ff96-2adb-ec5b-2eef1ec624ed,0,benign_status,0,NoAlert,A_STATUS,12.201
2026081409,83ee4e3d-bd62-3be3-b98e-8c0b6619ce16,0,benign_public,0,NoAlert,A_PUBLIC,11.401
2026081409,cc0d2006-446f-a0d3-c1ce-6e0a612155f6,0,benign_public,0,NoAlert,A_PUBLIC,11.901
2026081409,42c33d2c-d706-a13c-042f-6ae30ab92673,0,benign_public,0,NoAlert,A_PUBLIC,11.501
2026081409,d0785d64-2352-a16a-ff58-e77a5dde5983,1,bruteforce,0,NoAlert,A_AUTH_FAIL_SINGLE,16.001
2026081409,835e4780-32ff-7860-8576-ce55b1f4a36b,1,bruteforce,0,NoAlert,A_AUTH_FAIL_SINGLE,15.501
2026081409,3f783a9b-e305-5d6f-9207-63bbfb6f31e6,1,bruteforce,0,NoAlert,A_AUTH_FAIL_SINGLE,15.101
2026081409,08326b8b-9fbd-4121-bb31-cb97915927c7,1,bruteforce,1,Violation,D_BRUTEFORCE,17.001
2026081409,39c17062-3ea8-7b81-49a5-128eb503d1ac,1,bruteforce,1,Violation,D_BRUTEFORCE,17.401
2026081409,adf797db-26f7-df14-865a-30585b3ad316,0,benign_public,0,NoAlert,A_PUBLIC,12.4
2026081409,1acdea01-1654-e59f-7a5b-95ad411b53a5,0,benign_status,0,NoAlert,A_STATUS,12.5
2026081409,b591ad8b-3592-30b8-8ea0-7da6021a3b1c,0,benign_public,0,NoAlert,A_PUBLIC,17.902
2026081409,2fb5df39-f8d1-80ef-751b-931f57bea55d,0,benign_public,0,NoAlert,A_PUBLIC,8.0
2026081409,5c068939-d1a7-0d61-4acf-cfc4eb40f46b,0,benign_login,0,NoAlert,A_AUTH,6.801
2026081409,679b0c7b-7b3f-37b5-9c52-a22d77f1b99a,0,benign_public,0,NoAlert,A_PUBLIC,6.6
2026081409,dd2ea60e-638d-c1e0-2cf1-7d92f33255f5,0,benign_public,0,NoAlert,A_PUBLIC,8.901
2026081409,ae92b3cb-0866-5169-3d66-7ef24c0c1c2c,0,benign_status,0,NoAlert,A_STATUS,11.601
2026081409,a573033b-907b-4b9a-34af-061fc7c928a3,0,benign_public,0,NoAlert,A_PUBLIC,7.5
2026081409,449dd504-acd6-3fb1-92b7-68e4447ec213,0,benign_login,0,NoAlert,A_AUTH,6.701
2026081409,a80da51f-fe04-bc90-65d2-2831ec0d8b7b,0,benign_public,0,NoAlert,A_PUBLIC,6.6
2026081409,f5e13a3c-7b43-2da9-b023-5515ade2ad7a,0,benign_public,0,NoAlert,A_PUBLIC,6.101
2026081409,c6765948-a3fa-d6a8-c3bd-f6b09c4e3e57,0,benign_login,0,NoAlert,A_AUTH,6.6
2026081409,76040715-eae3-beeb-6869-ca66050ef1d1,0,benign_public,0,NoAlert,A_PUBLIC,6.701
2026081409,d8d81db7-8ea1-8c16-6634-19c7632537eb,0,benign_status,0,NoAlert,A_STATUS,6.3
2026081409,c2f9814d-a84f-3379-735f-531a6c0a0c41,0,benign_login,0,NoAlert,A_AUTH,6.101
2026081409,1a53aa71-c790-ace3-32d9-fb556eb860a9,0,benign_login,0,NoAlert,A_AUTH,6.2
2026081409,501a61a6-f5f0-5d97-059a-b8ef365b1adf,0,benign_public,0,NoAlert,A_PUBLIC,6.201
2026081409,77ec289f-f199-ce90-c7a0-3b2d5b7f9b27,1,bruteforce,0,NoAlert,A_AUTH_FAIL_SINGLE,9.1
2026081409,9ac02a18-f0b2-fe65-21a6-861adad97d50,1,bruteforce,0,NoAlert,A_AUTH_FAIL_SINGLE,8.401
2026081409,35e1d94d-8aad-330c-6776-f8f2e6bb32d1,1,bruteforce,0,NoAlert,A_AUTH_FAIL_SINGLE,8.3
2026081409,aa211975-d802-2fd2-5e40-ad9b12abf77d,1,bruteforce,1,Violation,D_BRUTEFORCE,9.301
2026081409,dbd9b47a-5b7e-f544-9a0b-ac38cd097d05,1,bruteforce,1,Violation,D_BRUTEFORCE,9.801
2026081409,c8123476-2f90-3481-c400-15fc5d217711,0,benign_status,0,NoAlert,A_STATUS,6.8
2026081409,718762de-7576-f6e5-122a-814e678ee1f6,0,benign_status,0,NoAlert,A_STATUS,6.501
2026081409,ee9a9ba3-6a9c-d317-773e-c15c8ca2fe3f,0,benign_public,0,NoAlert,A_PUBLIC,6.5
2026081409,951a0e07-6e99-90bd-4ca1-d1813d4f2fce,1,bruteforce,0,NoAlert,A_AUTH_FAIL_SINGLE,8.301
2026081409,82741698-6aae-2ae9-0c49-a7449a702059,1,bruteforce,0,NoAlert,A_AUTH_FAIL_SINGLE,8.3
2026081409,fd38a081-9379-d2f7-7243-60e7430198b7,1,bruteforce,0,NoAlert,A_AUTH_FAIL_SINGLE,8.301
2026081409,6687ea49-72e6-1873-2915-a04b70b73cce,1,bruteforce,1,Violation,D_BRUTEFORCE,9.401
2026081409,9e7c10fd-4cbe-b1d1-79a7-f6ba002d11f2,1,bruteforce,1,Violation,D_BRUTEFORCE,9.2
2026081409,422b75df-62d2-efc2-57cf-e509719f4284,1,path_traversal,1,Violation,D_TRAVERSAL,6.701
2026081409,ef8c7e25-6b5c-0584-96bf-7b7a551aa2f4,1,admin_probe,1,Violation,D_ADMIN,6.9
2026081409,8d01e033-b5f5-4a1d-e6f3-d896185fb63d,0,benign_login,0,NoAlert,A_AUTH,6.701
2026081409,fe41575f-7f3a-bf23-6c60-e56543ffef7a,0,benign_login,0,NoAlert,A_AUTH,6.5
2026081409,6a5c8129-85b4-54e8-966f-f83965ab9785,0,benign_public,0,NoAlert,A_PUBLIC,6.401
2026081409,64e31b77-2a7d-e6bf-4d37-042863cc0e2e,0,benign_login,0,NoAlert,A_AUTH,6.4
2026081409,381a8ba5-dc0e-b849-16fe-b182319c910a,1,path_traversal,1,Violation,D_TRAVERSAL,6.501
2026081409,e2efe2df-dd36-942c-5221-e00546e0fd03,0,benign_public,0,NoAlert,A_PUBLIC,6.6
2026081409,c264a7d4-ebd0-920d-47ab-6f39fa815e21,1,path_traversal,1,Violation,D_TRAVERSAL,7.001
2026081409,5bb0da45-bff4-eaa7-5dd7-ae1b5952bd04,0,benign_status,0,NoAlert,A_STATUS,6.8
2026081409,4387be19-49bc-6fff-cdfe-e1701dea1528,0,benign_status,0,NoAlert,A_STATUS,6.501
2026081409,6d0c7647-ac14-3fab-5c71-dba86ba2ff24,1,bruteforce,0,NoAlert,A_AUTH_FAIL_SINGLE,8.7
2026081409,a3f67131-3eb2-137b-9fb9-43fb45b2c297,1,bruteforce,0,NoAlert,A_AUTH_FAIL_SINGLE,8.301
2026081409,3e2a660c-5f69-f623-7220-de998a9dc242,1,bruteforce,0,NoAlert,A_AUTH_FAIL_SINGLE,8.9
2026081409,5cfa5d78-716b-6385-f4d7-2dee3d9a7964,1,bruteforce,1,Violation,D_BRUTEFORCE,9.601
2026081409,f82a8a4a-4daa-de0c-4fc1-28354b24b744,1,bruteforce,1,Violation,D_BRUTEFORCE,9.301
2026081409,2df50fb3-9248-fadc-45bb-3a0d95b3c059,0,benign_login,0,NoAlert,A_AUTH,6.9
2026081409,d10791e8-4ad7-85ce-8bcd-e137b631125b,0,benign_status,0,NoAlert,A_STATUS,6.401
2026081409,e5b3e201-c037-931e-caec-d94aac64fb26,0,benign_login,0,NoAlert,A_AUTH,6.4
2026081409,7b2a7db4-b4c9-23d0-a3db-fc4bd598df3e,0,benign_login,0,NoAlert,A_AUTH,6.501
2026081409,33072906-0ee6-57a4-0c6d-30d2251b5b1e,1,command_probe,1,Violation,D_COMMAND,6.7
2026081409,2048e370-d36f-a3b4-a1c1-c71d830e78c3,0,benign_login,0,NoAlert,A_AUTH,6.601
2026081409,437db544-9821-6f09-c06b-eebf1895a089,0,benign_login,0,NoAlert,A_AUTH,6.6
2026081409,0cf82ecf-e1fe-989b-331b-d270dfcdeec3,0,benign_status,0,NoAlert,A_STATUS,6.601
2026081409,ca13180b-0519-d12f-ee4d-e641a7e83525,0,benign_public,0,NoAlert,A_PUBLIC,6.5
2026081409,7e49d0fe-0468-a1cf-0759-678ff41c52db,0,benign_login,0,NoAlert,A_AUTH,6.401
2026081409,964836fc-ad5d-edbe-dbe7-6646cff78f8f,0,benign_login,0,NoAlert,A_AUTH,6.2
2026081409,7de83fbc-8816-2662-1b5d-04ebd9209b77,0,benign_login,0,NoAlert,A_AUTH,6.1
2026081409,0430eed0-f9b9-c30e-2f6c-ad3e130883f4,0,benign_status,0,NoAlert,A_STATUS,6.201
2026081409,d78ebb22-5bdf-7434-fa24-8ce248da6268,1,path_traversal,1,Violation,D_TRAVERSAL,6.5
2026081409,7ab92e2e-f2d6-a9a4-b2a0-972adbd06083,0,benign_status,0,NoAlert,A_STATUS,6.401
2026081409,160fcbbf-471b-6dbf-877c-74a823830f5f,0,benign_status,0,NoAlert,A_STATUS,6.2
2026081409,d9d181e5-6eae-2bea-7325-ad039aded970,0,benign_login,0,NoAlert,A_AUTH,6.101
2026081409,54572101-6a1f-9510-0f67-bd8e357c73b6,0,benign_public,0,NoAlert,A_PUBLIC,6.1
2026081409,78dac4a8-53ac-75f1-445f-fc5b3cb1907e,1,path_traversal,1,Violation,D_TRAVERSAL,6.501
2026081409,01b3a30f-0185-a036-ce2f-0d822631e0a7,1,bruteforce,0,NoAlert,A_AUTH_FAIL_SINGLE,8.3
2026081409,61364977-05bb-ebd5-11d1-a09e1c624dac,1,bruteforce,0,NoAlert,A_AUTH_FAIL_SINGLE,8.101
2026081409,90601659-44e6-5166-ff10-869aabcee561,1,bruteforce,0,NoAlert,A_AUTH_FAIL_SINGLE,8.0
2026081409,c7b4f319-c31e-acb8-3c58-8d9f80901842,1,bruteforce,1,Violation,D_BRUTEFORCE,9.101
2026081409,5abebc15-631c-26d9-1159-2d4a96a23bc3,1,bruteforce,1,Violation,D_BRUTEFORCE,8.801
2026081409,ccae2062-793d-402e-35c0-a26a77a14bd4,0,benign_status,0,NoAlert,A_STATUS,6.5
2026081409,ab1aaaaa-f9eb-7a29-31c7-5815c84cb19a,0,benign_login,0,NoAlert,A_AUTH,6.301
2026081409,f0ddf670-0d58-7985-7c56-8bd9c3049ff9,0,benign_status,0,NoAlert,A_STATUS,6.4
2026081409,d0f91767-cff6-bd74-1924-5a7c89f4a52c,1,path_traversal,1,Violation,D_TRAVERSAL,6.401
2026081409,9c43304b-1bab-3020-31f3-ee0969a63e51,1,command_probe,1,Violation,D_COMMAND,6.5
2026081409,d4b57273-8320-8406-acc2-4c2822118e31,1,bruteforce,0,NoAlert,A_AUTH_FAIL_SINGLE,8.001
2026081409,ba9d4e38-7ed2-f679-2559-53e289b31b55,1,bruteforce,0,NoAlert,A_AUTH_FAIL_SINGLE,8.4
2026081409,95db59a3-42d2-9045-2cef-f8e46913432c,1,bruteforce,0,NoAlert,A_AUTH_FAIL_SINGLE,8.201
2026081409,dad1043e-216f-2013-3337-d0e1aa8dd9e2,1,bruteforce,1,Violation,D_BRUTEFORCE,9.1
2026081409,4344b3a2-71fd-2784-9a6c-e900cb2d0d12,1,bruteforce,1,Violation,D_BRUTEFORCE,9.101
2026081409,c861ae1d-942f-dcde-4510-2fea3152ce15,0,benign_status,0,NoAlert,A_STATUS,6.6
2026081409,317da6e1-2f4b-12a4-f095-24aec70c8c18,0,benign_login,0,NoAlert,A_AUTH,6.5
2026081409,e34c9777-45da-ccb6-1743-58982533d8c0,0,benign_login,0,NoAlert,A_AUTH,6.4
2026081409,bc547eb7-9b89-115b-9593-bcc0f7ae9cc8,0,benign_status,0,NoAlert,A_STATUS,6.401
2026081409,81ebdc5c-609a-1c01-65ee-65c922411da4,1,bruteforce,0,NoAlert,A_AUTH_FAIL_SINGLE,8.3
2026081409,c5f42a03-3fb8-b484-447e-4b3752ed6f6d,1,bruteforce,0,NoAlert,A_AUTH_FAIL_SINGLE,8.1
2026081409,59180d24-9401-f681-ffa1-c12d54989c41,1,bruteforce,0,NoAlert,A_AUTH_FAIL_SINGLE,24.202
2026081409,9e3cc399-c550-2a1c-42fe-f59e09614849,1,bruteforce,1,Violation,D_BRUTEFORCE,9.5
2026081409,726b0a13-f870-c006-6ff0-6d6ca8e914ee,1,bruteforce,1,Violation,D_BRUTEFORCE,9.301
2026081409,bbabfaba-75c4-7b3b-76a8-351e0c181226,0,benign_public,0,NoAlert,A_PUBLIC,7.0
2026081409,3b61707b-f284-b71f-f51b-5823af85e3b8,0,benign_login,0,NoAlert,A_AUTH,6.7
2026081409,71d43c29-f3cc-2c13-0cd9-db6dd901a7b4,0,benign_public,0,NoAlert,A_PUBLIC,6.9
2026081409,42d05e04-8299-8c94-1fb4-f299eec3aeab,0,benign_public,0,NoAlert,A_PUBLIC,7.5
2026081409,a6f4025d-2f8b-d7da-ba5e-5a235d83b300,1,bruteforce,0,NoAlert,A_AUTH_FAIL_SINGLE,14.301
2026081409,b66895c2-1c9a-fe53-784c-bbd5c916cf68,1,bruteforce,0,NoAlert,A_AUTH_FAIL_SINGLE,10.001
2026081409,875164af-eb74-ac06-67fb-4bfa21399060,1,bruteforce,0,NoAlert,A_AUTH_FAIL_SINGLE,8.9
2026081409,24276a93-105f-fbe2-6d77-bb7d91529c0a,1,bruteforce,1,Violation,D_BRUTEFORCE,9.601
2026081409,88d6945c-9043-d288-78e5-e721790a106b,1,bruteforce,1,Violation,D_BRUTEFORCE,9.401
2026081409,f4fccb0b-3c4c-a9fe-3da9-50eada5249c0,1,command_probe,1,Violation,D_COMMAND,7.2
2026081409,e360f723-2f86-47db-2338-64573c7e4945,1,admin_probe,1,Violation,D_ADMIN,7.301
2026081409,aad22078-430a-d738-580a-584e06b14643,0,benign_login,0,NoAlert,A_AUTH,7.0
2026081409,b156779e-6734-0132-5f49-6f93bf27443e,0,benign_status,0,NoAlert,A_STATUS,6.901
2026081409,c5212dd2-6173-cdf1-ebed-69519fb60311,0,benign_login,0,NoAlert,A_AUTH,6.7
2026081409,c150d88e-b9e0-1d60-cf00-74e43f8e2d49,0,benign_login,0,NoAlert,A_AUTH,6.501
2026081409,529a0b18-40d5-edbe-8c53-95448cda345f,0,benign_login,0,NoAlert,A_AUTH,6.5
2026081409,b4e2bcb8-2ab9-6ad5-f7a3-ef45447ec2fe,0,benign_public,0,NoAlert,A_PUBLIC,6.601
2026081409,5c427c1b-c59e-b201-78e8-1ae2c91430da,0,benign_login,0,NoAlert,A_AUTH,6.8
2026081409,daa9938d-be98-1cdd-d6bd-773e358a461a,0,benign_login,0,NoAlert,A_AUTH,6.501
2026081409,4fc9896a-aba3-77b7-8d89-2dcf628c22dd,0,benign_login,0,NoAlert,A_AUTH,6.8
2026081409,ac2078a6-ea25-a065-740d-b2451d2bb74a,0,benign_public,0,NoAlert,A_PUBLIC,6.401
2026081409,2a1b21ed-4429-a210-7f59-923777aadcf8,1,bruteforce,0,NoAlert,A_AUTH_FAIL_SINGLE,8.6
2026081409,d819ac63-b9b4-eb29-385e-cb2c9d30bf3b,1,bruteforce,0,NoAlert,A_AUTH_FAIL_SINGLE,8.301
2026081409,819bf78c-9b6d-d07c-662e-d6eb947d67f2,1,bruteforce,0,NoAlert,A_AUTH_FAIL_SINGLE,8.6
2026081409,7c5a3b6b-e21e-fb05-4db9-ac3e98a25865,1,bruteforce,1,Violation,D_BRUTEFORCE,9.201
2026081409,f8fc778c-5e62-89c3-18b4-f261400f654b,1,bruteforce,1,Violation,D_BRUTEFORCE,9.501
2026081409,cc0b02a0-23af-9a55-1add-cd2ad784e5a1,0,benign_status,0,NoAlert,A_STATUS,6.6
2026081409,7743023e-34e9-ffb3-fb7f-70be9e999bbd,1,admin_probe,1,Violation,D_ADMIN,6.801
2026081409,dc8865f9-e464-2122-a80c-0ba28b5d96f3,0,benign_status,0,NoAlert,A_STATUS,6.5
2026081409,b27480be-3701-fdbb-4aad-ed102dce1080,0,benign_status,0,NoAlert,A_STATUS,6.401
2026081409,6b020d71-014a-a6c0-c772-bcf93bd28c8f,0,benign_status,0,NoAlert,A_STATUS,6.4
2026081409,ece399af-773a-5a0a-f88d-4f1c7aed398b,1,bruteforce,0,NoAlert,A_AUTH_FAIL_SINGLE,8.501
2026081409,3111b064-098b-9208-6540-d5a24ba588c8,1,bruteforce,0,NoAlert,A_AUTH_FAIL_SINGLE,8.4
2026081409,33fdc7ef-8ff7-5485-1927-44069ccc5b2c,1,bruteforce,0,NoAlert,A_AUTH_FAIL_SINGLE,8.401
2026081409,7b06aab7-3fcf-912f-3b31-e9ef9e927d19,1,bruteforce,1,Violation,D_BRUTEFORCE,9.1
2026081409,1f5a2bc3-af11-8ee7-892e-93b53f110959,1,bruteforce,1,Violation,D_BRUTEFORCE,9.1
2026081409,96f0ee8e-7690-7436-9286-02da7ade2169,1,path_traversal,1,Violation,D_TRAVERSAL,6.501
2026081409,63d33b54-278f-38a3-6706-68212cca8f19,0,benign_login,0,NoAlert,A_AUTH,6.6
2026081409,57de731c-51b0-b4d0-1e61-b184d1562f07,0,benign_login,0,NoAlert,A_AUTH,6.501
2026081409,663feec9-3eb4-af21-ef4e-c405cfafa5f2,0,benign_public,0,NoAlert,A_PUBLIC,6.6
2026081409,9e708493-c308-a5c2-38ed-7e00cd50e9b7,0,benign_status,0,NoAlert,A_STATUS,6.6
2026081409,28f08812-1905-ecf6-4d68-b05384bf4aea,0,benign_public,0,NoAlert,A_PUBLIC,6.701
2026081409,2f3b3606-37d7-35a5-1925-b3ab80960f16,0,benign_status,0,NoAlert,A_STATUS,6.4
2026081409,68f71cd8-497c-3bf0-c940-417897bcf8fa,1,bruteforce,0,NoAlert,A_AUTH_FAIL_SINGLE,8.401
2026081409,c966da85-9c52-d6a0-3976-03336bc5c346,1,bruteforce,0,NoAlert,A_AUTH_FAIL_SINGLE,8.401
2026081409,6cf1198d-dcb5-dbb9-a6aa-3b94c5e3634f,1,bruteforce,0,NoAlert,A_AUTH_FAIL_SINGLE,8.7
2026081409,920bf810-6ea4-08ba-e430-0bcccca1f725,1,bruteforce,1,Violation,D_BRUTEFORCE,9.101
2026081409,cea24ffc-6145-8313-6c30-eaf236be4568,1,bruteforce,1,Violation,D_BRUTEFORCE,9.4
2026081409,f4e15a2c-d2ab-28ab-3b36-d61c1563ac2e,0,benign_status,0,NoAlert,A_STATUS,6.801
2026081410,49c80939-4f45-b431-4b78-3f5d14fb8750,0,benign_login,0,NoAlert,A_AUTH,19.801
2026081410,1d10ca70-64c4-1473-7271-58e550e48226,0,benign_public,0,NoAlert,A_PUBLIC,9.501
2026081410,2bde6b6d-033e-b263-4d44-6c45191c574e,0,benign_public,0,NoAlert,A_PUBLIC,7.0
2026081410,7edcf565-5a26-50e0-82a2-e5079bb208d4,1,bruteforce,0,NoAlert,A_AUTH_FAIL_SINGLE,10.501
2026081410,e0cdec14-0be6-dd87-f32d-806fdb03020f,1,bruteforce,0,NoAlert,A_AUTH_FAIL_SINGLE,8.801
2026081410,e571e4d3-527c-b26e-fa1a-d4a89f0fd2ea,1,bruteforce,0,NoAlert,A_AUTH_FAIL_SINGLE,9.2
2026081410,49abf37a-6d51-85f6-bebf-cb843b3ef769,1,bruteforce,1,Violation,D_BRUTEFORCE,9.301
2026081410,c54f6d6f-7f34-1fbb-533f-111a5855031d,1,bruteforce,1,Violation,D_BRUTEFORCE,8.901
2026081410,abb59f95-5a0a-c0c3-2cf6-ad39cc94298b,1,path_traversal,1,Violation,D_TRAVERSAL,6.4
2026081410,36b10907-3339-fba7-f815-b6af2cf3069c,0,benign_login,0,NoAlert,A_AUTH,6.301
2026081410,ccb6089a-2456-0df6-8b6c-287643ba30ec,1,bruteforce,0,NoAlert,A_AUTH_FAIL_SINGLE,7.9
2026081410,ffb7ec7c-5184-4c9d-ffc8-bbed497cac49,1,bruteforce,0,NoAlert,A_AUTH_FAIL_SINGLE,7.801
2026081410,d8880f80-dc9d-a1c7-f042-9d4ac0fad83b,1,bruteforce,0,NoAlert,A_AUTH_FAIL_SINGLE,7.7
2026081410,a228da08-ad4d-f21e-f5b2-5354738669f4,1,bruteforce,1,Violation,D_BRUTEFORCE,8.401
2026081410,3b3813b8-cbf4-fc8a-876f-338f87d2ac7f,1,bruteforce,1,Violation,D_BRUTEFORCE,8.8
2026081410,59c0d189-ab1b-9202-2b37-d17df3c1a202,1,bruteforce,1,Violation,D_BRUTEFORCE,8.401
2026081410,92cc3e96-5a43-34df-bdcd-4a55d9ee4f6d,1,bruteforce,1,Violation,D_BRUTEFORCE,8.301
2026081410,bc466300-e72b-186c-f7d7-0e464fae1ae3,1,bruteforce,1,Violation,D_BRUTEFORCE,8.3
2026081410,59eaa588-f6da-d256-af51-bd3e6dd37c9f,1,bruteforce,1,Violation,D_BRUTEFORCE,8.301
2026081410,f530dc39-3329-443a-a0fe-84d0d1d659fa,1,bruteforce,1,Violation,D_BRUTEFORCE,8.0
2026081410,aad4f76f-3c2e-c7d4-d005-92a138a73f66,0,benign_status,0,NoAlert,A_STATUS,6.401
2026081410,ab0ab736-9547-0bcd-4b69-ae2509923118,1,admin_probe,1,Violation,D_ADMIN,6.4
2026081410,2ffc9146-ffa9-5a1f-18c9-3d1cddf5041d,0,benign_login,0,NoAlert,A_AUTH,6.101
2026081410,0e8e5479-59ea-148f-a4b5-5944d1cce956,0,benign_login,0,NoAlert,A_AUTH,6.3
2026081410,d01a169a-b87c-6fd8-f709-89733784f0cf,0,benign_status,0,NoAlert,A_STATUS,6.501
2026081410,d4543b6e-f7c1-86b3-9360-ee345a42a64b,1,bruteforce,0,NoAlert,A_AUTH_FAIL_SINGLE,8.0
2026081410,fc26d2c7-3f9b-a4ec-5c7f-e5c6c96d6322,1,bruteforce,0,NoAlert,A_AUTH_FAIL_SINGLE,7.801
2026081410,c6fda6af-a46b-ad43-1ac3-215b4ffecf81,1,bruteforce,0,NoAlert,A_AUTH_FAIL_SINGLE,7.6
2026081410,c1bad010-25ab-5e49-d9ef-0afd8186c392,1,bruteforce,1,Violation,D_BRUTEFORCE,8.401
2026081410,3ed9b9d1-a5cf-cdc3-e67f-e1d8d5a6941e,1,bruteforce,1,Violation,D_BRUTEFORCE,8.2
2026081410,d1935cd6-d157-f8b7-ec22-b29af9c39373,1,bruteforce,1,Violation,D_BRUTEFORCE,8.3
2026081410,77ceb68b-5f86-df2d-3deb-f16d087e9092,1,bruteforce,1,Violation,D_BRUTEFORCE,8.201
2026081410,b4e75a63-4496-316f-d6e8-72cb9031003b,1,bruteforce,1,Violation,D_BRUTEFORCE,8.3
2026081410,3f97708a-9c7d-e06f-e365-edc3b15f66ba,1,bruteforce,1,Violation,D_BRUTEFORCE,8.201
2026081410,9e8e4658-4817-717c-6964-996002a6d394,1,bruteforce,1,Violation,D_BRUTEFORCE,8.5
2026081410,b01747b4-e5d8-09cf-4858-588c51348aba,0,benign_public,0,NoAlert,A_PUBLIC,6.301
2026081410,14111f9c-f27c-e487-13ea-f2e5e8b2ef41,0,benign_status,0,NoAlert,A_STATUS,6.0
2026081410,8c0830dd-09e7-3010-bc2b-d2f4e18d0072,0,benign_status,0,NoAlert,A_STATUS,6.101
2026081410,98a75738-3f5c-1eac-6820-a17fa8901d8a,0,benign_status,0,NoAlert,A_STATUS,5.9
2026081410,68e4bc17-91ce-2f2c-30b2-ea3a1ca11ff6,0,benign_login,0,NoAlert,A_AUTH,30.402
2026081410,5d0e908e-b30c-cb2a-1942-e5fd36352004,0,benign_login,0,NoAlert,A_AUTH,10.501
2026081410,b4bfc923-a7ab-8e1d-9368-4f38ae3c323a,1,command_probe,1,Violation,D_COMMAND,8.701
2026081410,cd3c8f82-58d4-a0d4-18c1-1f1554b32834,0,benign_login,0,NoAlert,A_AUTH,29.002
2026081410,e966c514-4ce2-6894-5825-6b0ac8a3acaf,0,benign_status,0,NoAlert,A_STATUS,6.4
2026081410,55ede7e4-7f1c-fa59-02ac-cfe4473219ee,0,benign_public,0,NoAlert,A_PUBLIC,6.4
2026081410,6dc9b8b9-7d01-b4b0-c775-72b427189da9,0,benign_public,0,NoAlert,A_PUBLIC,6.5
2026081410,3883ba2d-dcf6-aadf-32f4-606e3e4d66bf,0,benign_login,0,NoAlert,A_AUTH,22.401
2026081410,0693760b-23a2-739c-0ed3-a62ff5aac76a,0,benign_login,0,NoAlert,A_AUTH,6.1
2026081410,74a38334-f1a2-46ff-cfcf-a72c90e5bc15,0,benign_login,0,NoAlert,A_AUTH,6.0
2026081410,f6c74aa0-ebcc-271b-52c9-fc8702835c25,1,bruteforce,0,NoAlert,A_AUTH_FAIL_SINGLE,8.901
2026081410,4342cbe7-96d4-d3ee-3252-628e2bdc1ce6,1,bruteforce,0,NoAlert,A_AUTH_FAIL_SINGLE,7.901
2026081410,d04a5812-b056-a868-8ae1-6bd3d07da92e,1,bruteforce,0,NoAlert,A_AUTH_FAIL_SINGLE,8.0
2026081410,cbc6e296-5779-18c8-2cb4-ffaf79aeb27f,1,bruteforce,1,Violation,D_BRUTEFORCE,8.601
2026081410,523d4100-1f34-310d-785e-395334f7d241,1,bruteforce,1,Violation,D_BRUTEFORCE,8.6
2026081410,08b18d92-ffd0-0059-25a6-c50e2047f9af,1,admin_probe,1,Violation,D_ADMIN,6.201
2026081410,85f5cd8e-a347-33e1-0672-0188df03b66f,0,benign_status,0,NoAlert,A_STATUS,5.9
2026081410,944a9963-f452-866f-671e-99c1059197f2,0,benign_public,0,NoAlert,A_PUBLIC,5.801
2026081410,783b281a-9af5-fd9b-b767-fa9d8cfc6ee5,0,benign_login,0,NoAlert,A_AUTH,6.0
2026081410,3b4aa0f4-3c88-7d9d-2c78-e8240cf8b9e4,0,benign_login,0,NoAlert,A_AUTH,5.8
2026081410,1b8da680-1447-9849-c11c-0c0fabcff623,1,bruteforce,0,NoAlert,A_AUTH_FAIL_SINGLE,7.601
2026081410,b0235d79-349b-4b0e-6375-2d4a6112dbf6,1,bruteforce,0,NoAlert,A_AUTH_FAIL_SINGLE,7.601
2026081410,f198b1d7-be8e-1608-bdfc-fafc3c1c1b9b,1,bruteforce,0,NoAlert,A_AUTH_FAIL_SINGLE,7.4
2026081410,f3a37897-4f86-7259-ea2c-a2cf3b08ac1e,1,bruteforce,1,Violation,D_BRUTEFORCE,8.601
2026081410,4edc0979-ef37-7927-6630-66b96f128520,1,bruteforce,1,Violation,D_BRUTEFORCE,8.3
2026081410,1816d47d-9577-3c4f-846b-244e55623822,0,benign_status,0,NoAlert,A_STATUS,24.202
2026081410,3c758327-b6e2-d8fc-20ae-05101be835c5,1,bruteforce,1,Violation,D_BRUTEFORCE,15.001
2026081410,5dc9aae2-acec-a4c3-7fdf-aa521499e44d,1,bruteforce,1,Violation,D_BRUTEFORCE,10.201
2026081410,9abb7bed-8c32-8a1c-a653-71ecca5d6cb9,1,bruteforce,1,Violation,D_BRUTEFORCE,8.9
2026081410,1283af34-184f-1d47-a640-28de52ca1338,1,bruteforce,1,Violation,D_BRUTEFORCE,8.401
2026081410,fb9f9882-a926-9049-b694-c629c95681df,1,bruteforce,1,Violation,D_BRUTEFORCE,8.3
2026081410,f9065f63-b592-6277-1e8f-d350cb52bc09,0,benign_public,0,NoAlert,A_PUBLIC,6.2
2026081410,3bc5b7ba-e67f-e125-14bb-b31bc5f87abd,0,benign_public,0,NoAlert,A_PUBLIC,6.0
2026081410,c77e1cad-d9c5-7020-2bb1-5b0886cfdd82,1,path_traversal,1,Violation,D_TRAVERSAL,6.201
2026081410,b1e7d3d0-c54b-7b49-cabb-6e17448ccbe1,0,benign_login,0,NoAlert,A_AUTH,6.2
2026081410,e235b7ae-cc4f-08a1-f7b2-3dcb787d66ce,0,benign_status,0,NoAlert,A_STATUS,6.101
2026081410,fd727be4-8628-e113-d9f6-c4e3a779025c,0,benign_public,0,NoAlert,A_PUBLIC,6.0
2026081410,5574a368-9237-7dd1-e6ff-cdd474bda2e0,1,bruteforce,0,NoAlert,A_AUTH_FAIL_SINGLE,7.901
2026081410,059f0287-2c3f-3bfa-c78c-4a10ad5db9fa,1,bruteforce,0,NoAlert,A_AUTH_FAIL_SINGLE,7.8
2026081410,75b93501-b441-8318-1e6b-eea36d9c60d9,1,bruteforce,0,NoAlert,A_AUTH_FAIL_SINGLE,11.701
2026081410,37d53e10-fc53-2e7c-f9f0-0394336593d8,1,bruteforce,1,Violation,D_BRUTEFORCE,9.301
2026081410,31a07bf7-9678-4ece-cee4-678592f7892a,1,bruteforce,1,Violation,D_BRUTEFORCE,8.5
2026081410,a901d1eb-e76d-d289-7f56-ddfc0fe4d1c2,0,benign_public,0,NoAlert,A_PUBLIC,6.401
2026081410,dba63201-3e0f-4d42-0690-14b05882744e,0,benign_status,0,NoAlert,A_STATUS,6.2
2026081410,7815d75d-bccd-4cb3-b46e-c5a899d19eeb,0,benign_public,0,NoAlert,A_PUBLIC,6.201
2026081410,bb5bf056-ffdb-f40f-bb70-57719b3f77f3,0,benign_login,0,NoAlert,A_AUTH,6.1
2026081410,6f868e52-04cc-1c0b-3951-fe3ffe260264,1,command_probe,1,Violation,D_COMMAND,6.001
2026081410,c99432d6-eca0-1379-cf44-c39f64423a3a,0,benign_public,0,NoAlert,A_PUBLIC,5.8
2026081410,f721b9a4-bfa3-ece0-5c98-fe1b513d5c49,0,benign_public,0,NoAlert,A_PUBLIC,5.8
2026081410,91776834-ab36-c118-13cf-e6feeb186ba9,0,benign_public,0,NoAlert,A_PUBLIC,5.7
2026081410,d9eccc65-42ee-3136-2af1-2dd26c96c2fe,0,benign_public,0,NoAlert,A_PUBLIC,6.1
2026081410,3702e01b-a3a5-0153-65c8-8e80991bcefd,0,benign_status,0,NoAlert,A_STATUS,6.001
2026081410,9d88c5b8-9c72-b768-7a5f-5e4bd28025e3,0,benign_status,0,NoAlert,A_STATUS,5.6
2026081410,37c94e50-baf0-108d-7ad8-2ac6e030854f,0,benign_status,0,NoAlert,A_STATUS,5.601
2026081410,d79b4b67-aaa4-c362-6967-fd2034c7588b,0,benign_status,0,NoAlert,A_STATUS,5.8
2026081410,a10f708b-db0a-0b3e-52be-2b62aa32c18a,0,benign_status,0,NoAlert,A_STATUS,5.901
2026081410,571ac32d-6bfe-83ed-6453-752a261514a4,0,benign_login,0,NoAlert,A_AUTH,21.601
2026081410,a0ba4c21-8221-197d-b0f8-cb5e8ec0535c,0,benign_status,0,NoAlert,A_STATUS,6.1
2026081410,20dd037c-9769-677a-8613-6cb48b0d8553,0,benign_status,0,NoAlert,A_STATUS,10.401
2026081410,7a10d451-8bf1-f2cb-f9b2-88ba0d8e9cec,0,benign_login,0,NoAlert,A_AUTH,6.301
2026081410,fe405697-8555-c5b8-7af7-f7e399b38545,0,benign_status,0,NoAlert,A_STATUS,6.1
2026081410,f4c539aa-943e-939d-3498-9e7e306bb38d,0,benign_status,0,NoAlert,A_STATUS,5.9
2026081410,de7e677f-00bf-a122-1f30-b781a4f98715,0,benign_status,0,NoAlert,A_STATUS,6.2
2026081410,32865364-9cd1-b777-0728-31daec0f3192,0,benign_status,0,NoAlert,A_STATUS,5.9
2026081410,91e0592d-d3e8-11a7-77eb-af27f4ac4f6a,0,benign_public,0,NoAlert,A_PUBLIC,6.001
2026081410,8af02864-ee20-1abd-bb7d-8dc41e32eb2e,0,benign_status,0,NoAlert,A_STATUS,6.5
2026081410,4e3890bc-e7df-f97c-ef11-9ea0d00219ed,0,benign_login,0,NoAlert,A_AUTH,6.301
2026081410,27af2ceb-6bb3-7798-98e4-aba002d261e0,0,benign_login,0,NoAlert,A_AUTH,5.9
2026081410,1271b8ac-efb3-55aa-f899-afa13616d45e,0,benign_status,0,NoAlert,A_STATUS,5.901
2026081410,f0e10e75-8195-ca0d-6d7c-7c307955f813,0,benign_public,0,NoAlert,A_PUBLIC,6.6
2026081410,967d32e3-bf88-a8f7-3d5a-39dab0f63189,0,benign_public,0,NoAlert,A_PUBLIC,6.201
2026081410,0972f1e9-cdb0-9506-8905-4a37fde48880,0,benign_status,0,NoAlert,A_STATUS,6.1
2026081410,8e70205e-4b15-cb44-1033-87ffa4dc3b22,0,benign_login,0,NoAlert,A_AUTH,6.001
2026081410,e0401f34-b153-f39b-b8f8-b9f80f7b6994,0,benign_login,0,NoAlert,A_AUTH,6.1
2026081410,d7c115f5-f7ba-1c4a-4cf7-f1234cd21b7f,0,benign_status,0,NoAlert,A_STATUS,6.2
2026081410,a8e6c319-a0e7-7ec4-7487-1f75a8263bbc,1,path_traversal,1,Violation,D_TRAVERSAL,6.301
2026081410,f572c8c0-7c08-3f48-0b5e-102fb115923e,0,benign_login,0,NoAlert,A_AUTH,6.0
2026081410,cf7eec71-dcef-beb7-90fe-62821468c37d,0,benign_login,0,NoAlert,A_AUTH,6.101
2026081410,92763097-90f3-b9d4-d608-606b290ef27d,0,benign_login,0,NoAlert,A_AUTH,6.5
2026081410,7ddb4bad-6367-5f6e-b984-f6722a780443,0,benign_login,0,NoAlert,A_AUTH,6.001
2026081410,c4e8e1a9-1491-aab5-9805-6a5096501ade,1,bruteforce,0,NoAlert,A_AUTH_FAIL_SINGLE,8.3
2026081410,06a2b96c-f1b6-4452-f510-8b418737ca4a,1,bruteforce,0,NoAlert,A_AUTH_FAIL_SINGLE,7.901
2026081410,fbf884a9-5e06-be26-202e-bb12fe340ff6,1,bruteforce,0,NoAlert,A_AUTH_FAIL_SINGLE,7.8
2026081410,ba7ce237-4983-5cbc-ab01-19d839464209,1,bruteforce,1,Violation,D_BRUTEFORCE,8.801
2026081410,fad23b02-b363-e52a-aa16-0072addbb735,1,bruteforce,1,Violation,D_BRUTEFORCE,8.601
2026081410,d869b20f-6234-8b06-058f-2beb2aab8c37,1,bruteforce,1,Violation,D_BRUTEFORCE,8.6
2026081410,80e947a4-18f4-02ee-2020-e97751c1a7da,1,bruteforce,1,Violation,D_BRUTEFORCE,8.701
2026081410,f62f028c-7639-09d0-6e64-da5975676279,1,bruteforce,1,Violation,D_BRUTEFORCE,8.6
2026081410,9fbae01c-1412-36a3-5428-c5ce49fab8b8,1,bruteforce,1,Violation,D_BRUTEFORCE,8.401
2026081410,d7b43f80-091e-c486-ee9b-82a19c9fe9f7,1,bruteforce,1,Violation,D_BRUTEFORCE,8.301
2026081410,324f5c20-757f-bca9-a016-5a7120dc64b6,0,benign_public,0,NoAlert,A_PUBLIC,6.3
2026081410,74df5037-1f01-193c-58e7-fcbf00adc95f,0,benign_public,0,NoAlert,A_PUBLIC,6.1
2026081410,14f3da7f-6cc0-0c16-6477-714caa0f67e2,1,path_traversal,1,Violation,D_TRAVERSAL,6.3
2026081410,aa13651d-b287-805a-b8f3-a2b2e80c4e3a,1,bruteforce,0,NoAlert,A_AUTH_FAIL_SINGLE,7.6
2026081410,5a797e5f-aad4-e57b-1844-83ba64abaa06,1,bruteforce,0,NoAlert,A_AUTH_FAIL_SINGLE,7.4
2026081410,9bd365c3-506f-90bf-da1b-a815ee9a3b68,1,bruteforce,0,NoAlert,A_AUTH_FAIL_SINGLE,7.401
2026081410,274b4d50-84e5-c9ad-7aad-c6925a0f4dec,1,bruteforce,1,Violation,D_BRUTEFORCE,8.4
2026081410,d85d3196-0ec7-cdf9-d320-c33226781ebc,1,bruteforce,1,Violation,D_BRUTEFORCE,8.301
2026081410,a83bd883-ef30-fa4b-c15d-7c496639c04d,1,bruteforce,1,Violation,D_BRUTEFORCE,8.4
2026081410,61462ae5-f145-eb0c-d4d2-c23b884faf69,1,bruteforce,1,Violation,D_BRUTEFORCE,8.301
2026081410,0c87d118-1525-8c26-1d4f-43454f0b70f6,1,bruteforce,1,Violation,D_BRUTEFORCE,8.3
2026081410,33ed8a7e-66f9-8419-08b8-3207d925062d,1,bruteforce,1,Violation,D_BRUTEFORCE,8.3
2026081410,fa504dd3-6b12-39c5-3540-14fe851d89a6,1,bruteforce,1,Violation,D_BRUTEFORCE,8.301
2026081410,63680ff4-7813-1d29-399f-ad7e0309c157,0,benign_login,0,NoAlert,A_AUTH,6.2
2026081410,f5ce20d6-3872-c684-d01b-760e20fc7cf1,0,benign_status,0,NoAlert,A_STATUS,6.201
2026081410,37389d1d-f0d3-4411-c8e9-110eb6e70c1d,0,benign_public,0,NoAlert,A_PUBLIC,5.9
2026081410,92b35954-1a8a-4989-a248-6057d2aa894a,0,benign_public,0,NoAlert,A_PUBLIC,5.9
2026081410,99bd8452-a519-d7dd-44c7-a86fbbb4bc38,0,benign_status,0,NoAlert,A_STATUS,6.001
2026081410,d6c3ed44-6381-c874-1f3e-849f22a032f2,0,benign_public,0,NoAlert,A_PUBLIC,6.0
2026081410,4f31c604-3312-6dc5-5c33-b11e1767ea30,0,benign_status,0,NoAlert,A_STATUS,5.901
2026081410,e22daa1d-165d-34dc-8363-63169a5a9aca,0,benign_public,0,NoAlert,A_PUBLIC,5.9
2026081410,76fd9190-7fb1-2e9a-fe85-07164d464e2b,0,benign_login,0,NoAlert,A_AUTH,5.901
2026081410,3e1c383a-44bc-73ca-26a6-884f66bb4633,1,path_traversal,1,Violation,D_TRAVERSAL,6.0
2026081410,04001e07-985b-fb4a-d6a2-2329a79b3c5a,0,benign_login,0,NoAlert,A_AUTH,5.8
2026081410,9bc352d0-ec83-ea90-79fb-da7466aa3004,1,path_traversal,1,Violation,D_TRAVERSAL,6.001
2026081410,0fbb0dea-bef7-4111-593b-1304c8cd889f,0,benign_status,0,NoAlert,A_STATUS,5.9
2026081410,94b38f65-0279-1529-4796-a90bd9cb1a58,0,benign_public,0,NoAlert,A_PUBLIC,5.801
2026081410,02cf360e-9b37-d80e-a10d-aab5f7382b2b,0,benign_status,0,NoAlert,A_STATUS,5.9
2026081410,aa899d50-2b3c-0d9d-712c-eefcc924b629,1,bruteforce,0,NoAlert,A_AUTH_FAIL_SINGLE,7.801
2026081410,2164f1b7-b09d-06b7-150e-d13789b22a2d,1,bruteforce,0,NoAlert,A_AUTH_FAIL_SINGLE,7.8
2026081410,afd57c41-c4c9-6e8a-9610-c79ea96b734e,1,bruteforce,0,NoAlert,A_AUTH_FAIL_SINGLE,7.701
2026081410,237421c3-1380-ed3f-820c-f54d7a42183c,1,bruteforce,1,Violation,D_BRUTEFORCE,8.9
2026081410,92ba728f-9654-f1b3-2aee-625cdf277a9e,1,bruteforce,1,Violation,D_BRUTEFORCE,8.401
2026081410,e1c00bc4-945e-c759-e5b7-fd78906ffc59,0,benign_status,0,NoAlert,A_STATUS,6.2
2026081410,0708cd61-10c4-6a8d-b3d0-873a8fca9e80,0,benign_public,0,NoAlert,A_PUBLIC,6.001
2026081410,6e9bc3a0-962e-dadb-a675-3fcfca89068b,0,benign_status,0,NoAlert,A_STATUS,5.9
2026081410,31cbb1ea-33b7-94ef-93b8-d1de25e89cd4,0,benign_login,0,NoAlert,A_AUTH,5.901
2026081410,868a0453-e50a-60ac-0e0c-608a59c72e9b,0,benign_status,0,NoAlert,A_STATUS,5.8
2026081410,a86518f2-2079-5c4b-6520-440b93c99cf3,0,benign_status,0,NoAlert,A_STATUS,6.501
2026081410,7b0a8c28-d19f-13bd-7c3f-56be57c34652,0,benign_login,0,NoAlert,A_AUTH,5.9
2026081410,fe78aec1-2e23-e355-4eb0-f77a2d29184a,0,benign_login,0,NoAlert,A_AUTH,6.0
2026081410,daed2ec2-aee8-1497-f865-7e4e4083f54a,1,admin_probe,1,Violation,D_ADMIN,6.5
2026081410,dce1a818-c789-acc8-51b4-a235daf67da3,0,benign_status,0,NoAlert,A_STATUS,5.8
2026081410,8e700bdb-0480-e508-6f09-33ed4532aa99,0,benign_public,0,NoAlert,A_PUBLIC,6.101
2026081410,ff74cb35-9176-7d1f-ddec-b2e585f82d1f,0,benign_login,0,NoAlert,A_AUTH,6.4
2026081410,15dcffa6-e5a8-eef4-9071-8d57fd981c9d,0,benign_status,0,NoAlert,A_STATUS,5.801
2026081410,6a007b41-ff2b-a426-a17e-04ba021e10bf,1,bruteforce,0,NoAlert,A_AUTH_FAIL_SINGLE,8.5
2026081410,f4b76df3-7a10-d83a-4e00-c05dd630b067,1,bruteforce,0,NoAlert,A_AUTH_FAIL_SINGLE,7.701
2026081410,70557fcc-921f-7a15-8e98-90ef2e7317d4,1,bruteforce,0,NoAlert,A_AUTH_FAIL_SINGLE,7.5
2026081410,ce0e2f06-3a81-6d91-c2ac-e36da30c1e23,1,bruteforce,1,Violation,D_BRUTEFORCE,8.401
2026081410,ff91a2cb-8a27-1d85-8c9e-2f18a880080f,1,bruteforce,1,Violation,D_BRUTEFORCE,8.201
2026081410,683b734b-25f7-6366-f85a-d3d1ac02a71e,0,benign_status,0,NoAlert,A_STATUS,6.1
2026081410,19a75894-785f-afa8-8772-64efdc5d236d,1,command_probe,1,Violation,D_COMMAND,6.0
2026081410,50c6bfd0-2b07-28e7-999f-8135f736f896,0,benign_public,0,NoAlert,A_PUBLIC,5.9
2026081410,81402b4f-ee15-2d9a-b7a6-af8eebad2a73,0,benign_status,0,NoAlert,A_STATUS,5.8
2026081410,e586e755-22a4-f3dd-3d7c-45afa44f4f65,0,benign_status,0,NoAlert,A_STATUS,5.901
2026081410,546fed4c-c876-d186-1cb4-f9e77ccdf66d,0,benign_status,0,NoAlert,A_STATUS,6.0
2026081410,29d57d56-c89e-4d42-d5d0-d4de46324196,0,benign_login,0,NoAlert,A_AUTH,6.001
2026081410,b5bc9b64-8a80-1974-49f9-1e598b5de82f,0,benign_public,0,NoAlert,A_PUBLIC,6.1
2026081410,da5e2a5a-3415-95bc-73ae-01080696b155,0,benign_public,0,NoAlert,A_PUBLIC,6.201
2026081410,e0352572-3ca5-9b03-7f4f-dc11fc7432dc,0,benign_status,0,NoAlert,A_STATUS,6.0
2026081410,384ba0ca-d45f-8121-3960-1dd51caaab89,0,benign_status,0,NoAlert,A_STATUS,6.1
2026081410,78e6ca8a-75c0-29fc-2918-789097e1b219,0,benign_status,0,NoAlert,A_STATUS,6.001
2026081410,54e9fa5d-374c-6baa-b4cd-b5fe44cd000e,0,benign_login,0,NoAlert,A_AUTH,6.0
2026081410,b1b4ce98-cc0b-7b83-e6df-3d3628b0847c,0,benign_public,0,NoAlert,A_PUBLIC,6.201
2026081410,0a602040-361d-24b9-08e1-9eed50c06f21,0,benign_status,0,NoAlert,A_STATUS,6.4
2026081410,a3fa2dd1-5d94-2964-c895-161621bc79ce,0,benign_public,0,NoAlert,A_PUBLIC,6.201
2026081410,4a326ee4-ac16-3008-0350-00bc26e407bb,0,benign_public,0,NoAlert,A_PUBLIC,6.0
2026081410,133fab2b-45e2-9fe6-ea2f-347fb09187a4,0,benign_login,0,NoAlert,A_AUTH,5.9
2026081410,794ab605-d992-740d-757f-dec8abba8d76,0,benign_public,0,NoAlert,A_PUBLIC,6.0
2026081410,01695916-30c8-faf0-3e8c-62160c7626a4,0,benign_public,0,NoAlert,A_PUBLIC,6.0
2026081410,ed9f0731-512c-9028-ee19-ecc0959e61de,0,benign_status,0,NoAlert,A_STATUS,6.001
2026081410,7c406a12-b120-86a3-efe9-f79e9c27f443,0,benign_status,0,NoAlert,A_STATUS,5.8
2026081410,750b9fb0-27b3-8b25-4630-32a9c2a57f83,0,benign_public,0,NoAlert,A_PUBLIC,6.001
2026081410,efa32728-27a0-fe3f-7ed5-6244d0870349,1,path_traversal,1,Violation,D_TRAVERSAL,6.0
2026081410,89c3d97e-22d3-738e-c852-6f23e5a3a405,1,path_traversal,1,Violation,D_TRAVERSAL,6.001
2026081410,246da41d-4b5a-f10f-3fb7-9b4542bbf569,0,benign_status,0,NoAlert,A_STATUS,5.9
2026081410,50110278-cd10-0af8-32be-d3b3768cb0e9,0,benign_login,0,NoAlert,A_AUTH,6.3
2026081410,438687cc-c4ba-59b6-b2c7-2b4f24fc0ac6,0,benign_public,0,NoAlert,A_PUBLIC,5.901
2026081410,d13300b2-7dc5-ac66-daf2-d8c5a003fe68,0,benign_login,0,NoAlert,A_AUTH,5.8
2026081410,3420d0bc-b41c-59c2-b9bb-ed3b32218553,0,benign_status,0,NoAlert,A_STATUS,6.101
2026081410,1d6d1993-df69-72a5-0d9c-a55f3212c99b,0,benign_public,0,NoAlert,A_PUBLIC,6.1
2026081410,6bb89393-3b24-82e6-cc29-638400288ae9,0,benign_public,0,NoAlert,A_PUBLIC,5.801
2026081410,585e4471-854d-36e6-9851-f90bbf11d061,0,benign_public,0,NoAlert,A_PUBLIC,5.7
2026081410,af3b3dc5-4cb5-db29-fa20-f73c4733fb19,1,command_probe,1,Violation,D_COMMAND,6.1
2026081410,0c7f1177-0589-2acc-7d31-26777c4e04a2,1,bruteforce,0,NoAlert,A_AUTH_FAIL_SINGLE,7.901
2026081410,aa1662ad-66d9-2dce-f248-d68da33a3283,1,bruteforce,0,NoAlert,A_AUTH_FAIL_SINGLE,7.8
2026081410,2843b566-0be4-1a47-6c11-ba4bbbb3d7b4,1,bruteforce,0,NoAlert,A_AUTH_FAIL_SINGLE,7.7
2026081410,31254722-abca-b7e4-de1a-5b9c8725e9b4,1,bruteforce,1,Violation,D_BRUTEFORCE,8.401
2026081410,e359651d-8f2b-1399-1e99-811ecfd299ca,1,bruteforce,1,Violation,D_BRUTEFORCE,8.3
2026081410,e6e95f16-5748-2826-ff69-1890a9435e16,0,benign_login,0,NoAlert,A_AUTH,6.001
2026081410,8967bb46-2401-a2e5-cba0-cf627cc74f73,0,benign_status,0,NoAlert,A_STATUS,6.0
2026081410,cfa0784c-67b0-7fb6-c96f-da8fd9ee83d1,0,benign_status,0,NoAlert,A_STATUS,6.001
2026081410,06d58f4e-d902-c02c-433e-3a4b4d5c9595,0,benign_login,0,NoAlert,A_AUTH,6.1
2026081410,4d6d2599-e6f6-e838-bb6f-9f47da81dc88,0,benign_login,0,NoAlert,A_AUTH,5.9
2026081410,a4d4624b-b881-69db-bd5d-93e7bcb35d53,0,benign_status,0,NoAlert,A_STATUS,5.901
2026081410,0d2aab1c-1646-925c-28c9-1e5451b9bacb,0,benign_public,0,NoAlert,A_PUBLIC,5.8
2026081410,cd8332f9-1a92-f67f-53e2-1e7260f84ccb,0,benign_status,0,NoAlert,A_STATUS,6.001
2026081410,0a7a7902-38d5-5cc2-4640-83fd15973d75,0,benign_login,0,NoAlert,A_AUTH,5.9
2026081410,347834e7-404d-47b4-6336-13a4fc4afe09,0,benign_login,0,NoAlert,A_AUTH,5.9
2026081410,721920bd-5143-e0da-f79e-040f5cffa3a0,0,benign_status,0,NoAlert,A_STATUS,6.1
2026081410,d8d9e127-24e2-4ffb-fa45-05a77a53b702,1,bruteforce,0,NoAlert,A_AUTH_FAIL_SINGLE,7.8
2026081410,1bb9b6c6-39e0-c6e8-5911-0300ce5dccdc,1,bruteforce,0,NoAlert,A_AUTH_FAIL_SINGLE,8.0
2026081410,cf300c1a-7cd6-487f-780f-022d0b1ba6ee,1,bruteforce,0,NoAlert,A_AUTH_FAIL_SINGLE,7.601
2026081410,2057031a-7b40-6576-be3a-87fe7c34bc4f,1,bruteforce,1,Violation,D_BRUTEFORCE,8.5
2026081410,baee66df-dc16-ff3b-46d2-740337f41eed,1,bruteforce,1,Violation,D_BRUTEFORCE,8.601
2026081410,003cc5c6-9da9-94b6-4ca2-187990187282,0,benign_public,0,NoAlert,A_PUBLIC,5.9
2026081410,d73df162-8304-c2d6-bd52-53e7ded2b02e,0,benign_status,0,NoAlert,A_STATUS,5.801
2026081410,714b4565-48a7-3c40-bee2-56c79d05159b,0,benign_public,0,NoAlert,A_PUBLIC,5.7
2026081410,85ff067c-ae9c-b17a-1940-61755f4af50e,0,benign_public,0,NoAlert,A_PUBLIC,5.801
2026081410,c5a5676a-f7d2-bc70-59d2-da0fda36dd11,0,benign_public,0,NoAlert,A_PUBLIC,5.8
2026081410,11e44b38-6dd8-1498-2932-51294e3fee11,0,benign_public,0,NoAlert,A_PUBLIC,5.9
2026081410,7f8f1f1b-68f6-2e77-d123-4ec0ad144809,0,benign_login,0,NoAlert,A_AUTH,5.901
2026081410,8111b754-42e2-a83a-bfa9-61868d9f74af,0,benign_public,0,NoAlert,A_PUBLIC,5.8
2026081410,8384b62c-e89f-b02e-1f62-dfee77285790,0,benign_status,0,NoAlert,A_STATUS,5.901
2026081410,574aa1aa-fba9-0a09-602d-f35edc44c085,0,benign_login,0,NoAlert,A_AUTH,6.0
2026081410,7e9ee366-4ef9-b1a7-0520-1aaba4d954e9,0,benign_public,0,NoAlert,A_PUBLIC,5.7
2026081410,8874d6bb-a3b3-aea9-8449-890a81118053,1,path_traversal,1,Violation,D_TRAVERSAL,6.2
2026081410,78d97be5-eff0-4021-ff6b-6017244384d7,0,benign_public,0,NoAlert,A_PUBLIC,6.0
2026081410,3632b4cd-31b4-f976-316f-82484cbaee53,0,benign_login,0,NoAlert,A_AUTH,5.801
2026081410,8f9be7dc-a06d-d1a3-f28d-ccdf4051cc9c,0,benign_login,0,NoAlert,A_AUTH,5.6
2026081410,b23851da-5e72-1c71-cab6-a7dae77238f7,0,benign_login,0,NoAlert,A_AUTH,5.701
2026081410,6c726bcc-0f08-91b9-b589-1404375e7322,0,benign_status,0,NoAlert,A_STATUS,6.0
2026081410,25477251-6aa1-2207-2264-b542e5f5f36b,0,benign_status,0,NoAlert,A_STATUS,5.8
2026081410,b3b38baf-eb61-a20e-86bc-90252217a831,1,bruteforce,0,NoAlert,A_AUTH_FAIL_SINGLE,7.801
2026081410,66565119-7c0b-7fd9-6799-0e4fa56d260d,1,bruteforce,0,NoAlert,A_AUTH_FAIL_SINGLE,7.901
2026081410,c065e5c9-822d-ef38-91e1-fc796f8d82f7,1,bruteforce,0,NoAlert,A_AUTH_FAIL_SINGLE,7.9
2026081410,1a64a33a-1134-8f72-2891-35cff268450f,1,bruteforce,1,Violation,D_BRUTEFORCE,8.901
2026081410,2bfe369e-06ac-3e97-abf5-7171f4e844a7,1,bruteforce,1,Violation,D_BRUTEFORCE,8.5
2026081410,ee048227-7d51-89bf-b823-07e56f97a0eb,0,benign_public,0,NoAlert,A_PUBLIC,6.001
2026081410,232ca3b0-8110-f26f-a80d-91053f1af7b6,0,benign_login,0,NoAlert,A_AUTH,5.9
2026081410,8ce4aaf2-e5d9-2575-624f-84e4680005f7,1,path_traversal,1,Violation,D_TRAVERSAL,6.001
2026081410,a4b54ac4-3d16-c814-02b6-7d52cdf1d263,0,benign_status,0,NoAlert,A_STATUS,6.0
2026081410,c6a5cbd8-a7b4-9b79-59e0-8021f07632eb,0,benign_status,0,NoAlert,A_STATUS,6.1
2026081410,a6b9c20a-fdd2-6c75-71ce-c28dcb6d2232,1,path_traversal,1,Violation,D_TRAVERSAL,6.1
2026081410,8834d319-853a-d190-824b-b0eada530980,0,benign_status,0,NoAlert,A_STATUS,5.8
2026081410,598c5eaf-2a74-babb-f154-ac49a98b075f,0,benign_public,0,NoAlert,A_PUBLIC,6.201
2026081410,f1ef09ab-8657-69c2-f22e-8d1d57370515,0,benign_status,0,NoAlert,A_STATUS,5.9
2026081410,25115ff1-a668-d3ab-aaa5-18bb8bba6b56,0,benign_status,0,NoAlert,A_STATUS,5.901
2026081410,8007602b-7023-d51a-b3d9-fddc7463ad42,0,benign_public,0,NoAlert,A_PUBLIC,5.9
2026081410,febbf624-ea97-a3b5-f930-d75a47528bc8,0,benign_login,0,NoAlert,A_AUTH,6.201
2026081410,9948bc8f-7da8-f673-384e-899792d0f033,0,benign_login,0,NoAlert,A_AUTH,5.9
2026081410,e9ea6d1b-33d7-0976-6986-802ad521b808,1,path_traversal,1,Violation,D_TRAVERSAL,6.0
2026081410,a2acb1ce-f7a8-a193-778d-f3aec3ff63f5,0,benign_public,0,NoAlert,A_PUBLIC,6.101
2026081410,71d87ce4-c328-b5c0-76a4-65420c391cf2,0,benign_login,0,NoAlert,A_AUTH,6.1
2026081410,bd2f9fe5-30e7-cf2a-6a43-6d5c5a916c4f,0,benign_login,0,NoAlert,A_AUTH,6.001
2026081410,f7d84234-dbaf-15f9-1852-6fcdcb12084a,0,benign_login,0,NoAlert,A_AUTH,6.7
2026081410,401c8f3e-e568-bfb9-39b7-d3fcacf65785,1,bruteforce,0,NoAlert,A_AUTH_FAIL_SINGLE,8.301
2026081410,8f145fc0-5bca-2c24-380e-b536807706b6,1,bruteforce,0,NoAlert,A_AUTH_FAIL_SINGLE,7.8
2026081410,3e2c5912-a98f-3afc-efad-1a179e093d45,1,bruteforce,0,NoAlert,A_AUTH_FAIL_SINGLE,8.001
2026081410,6d54fdb5-f2a8-e118-1342-347b5edc46a1,1,bruteforce,1,Violation,D_BRUTEFORCE,8.401
2026081410,1a2d6728-cbde-f223-e9cf-eb068077c9b5,1,bruteforce,1,Violation,D_BRUTEFORCE,8.3
2026081410,8a8f6ba3-79eb-7a48-7361-cd50fd7e80a2,0,benign_status,0,NoAlert,A_STATUS,6.401
2026081410,50bdd3e2-87c3-5f60-75d7-c28eef037ba3,0,benign_login,0,NoAlert,A_AUTH,6.2
2026081410,b8d2de15-e075-42c1-b9d7-86f9f2fe624b,0,benign_login,0,NoAlert,A_AUTH,5.9
2026081410,ba199c43-c38c-223e-4fc1-a05584dfe4bd,0,benign_public,0,NoAlert,A_PUBLIC,5.901
2026081410,e25cbca9-c21f-ce91-26ee-b8e3725b690a,1,bruteforce,0,NoAlert,A_AUTH_FAIL_SINGLE,7.6
2026081410,2d1f2607-fd5f-0193-bab0-aa0e1506b72b,1,bruteforce,0,NoAlert,A_AUTH_FAIL_SINGLE,8.001
2026081410,fc911350-a21d-bbac-fa9e-188754602cfb,1,bruteforce,0,NoAlert,A_AUTH_FAIL_SINGLE,7.801
2026081410,d767a532-7e19-0920-fcd3-1d5fe0a7c953,1,bruteforce,1,Violation,D_BRUTEFORCE,8.6
2026081410,0b446628-ae30-e5d3-86bb-cf62edca5d88,1,bruteforce,1,Violation,D_BRUTEFORCE,8.401
2026081410,e4d3bc8d-bea8-488b-bd87-889684680fdc,0,benign_login,0,NoAlert,A_AUTH,6.0
2026081410,ed61c4ee-0249-3ddf-bca0-c3f2ea70c5af,0,benign_public,0,NoAlert,A_PUBLIC,6.401
2026081410,d867eb6f-16fc-4812-726b-383a0849da22,0,benign_status,0,NoAlert,A_STATUS,6.0
2026081410,b3e4bcfb-2b8d-9dea-abe4-68372a300d70,0,benign_status,0,NoAlert,A_STATUS,6.0
2026081410,aeed3307-e635-9f40-bb90-ac5ef64b06e6,0,benign_login,0,NoAlert,A_AUTH,6.1
2026081410,d8c1f8bb-70c2-230e-df82-30494835581e,0,benign_status,0,NoAlert,A_STATUS,5.9
2026081410,fc6f0738-10d6-3851-dc37-9f2dd650da99,0,benign_status,0,NoAlert,A_STATUS,5.701
2026081410,d06a0289-49ce-6786-1554-d25feab1168d,1,bruteforce,0,NoAlert,A_AUTH_FAIL_SINGLE,7.4
2026081410,329f3eb8-7c51-4c08-3fa1-f79811d9732e,1,bruteforce,0,NoAlert,A_AUTH_FAIL_SINGLE,7.901
2026081410,a1c53532-143e-0cf3-f14e-37174b6cbce4,1,bruteforce,0,NoAlert,A_AUTH_FAIL_SINGLE,7.8
2026081411,d7545738-afb0-a0a8-893a-29274ffc98e1,1,admin_probe,1,Violation,D_ADMIN,19.501
2026081411,4987f14f-92cb-24ee-d39b-d8b6210f1585,0,benign_login,0,NoAlert,A_AUTH,9.001
2026081411,7142f60f-675a-9071-4d31-f7a970b6e783,0,benign_status,0,NoAlert,A_STATUS,7.4
2026081411,6d76b564-ca5c-3979-16c0-81eee919fd01,1,bruteforce,0,NoAlert,A_AUTH_FAIL_SINGLE,11.001
2026081411,fc2d650b-a586-b551-7cf6-d01757e88315,1,bruteforce,0,NoAlert,A_AUTH_FAIL_SINGLE,8.801
2026081411,544c8b8a-acd1-03c5-be63-8b29ed9757ff,1,bruteforce,0,NoAlert,A_AUTH_FAIL_SINGLE,8.4
2026081411,dc85d777-f0e0-dba9-1623-bd06cbb29a5f,1,bruteforce,1,Violation,D_BRUTEFORCE,8.701
2026081411,d5dce0f7-7b47-da31-bfd4-790ccad58b55,1,bruteforce,1,Violation,D_BRUTEFORCE,8.5
2026081411,d5442311-00ec-82a3-0c64-73dff51c0d66,0,benign_public,0,NoAlert,A_PUBLIC,6.201
2026081411,6520d614-ecc5-b5a6-7e34-931f53ec00e9,0,benign_public,0,NoAlert,A_PUBLIC,6.1
2026081411,e3525a28-5133-3d5a-9a04-6ad757fea9c2,1,bruteforce,0,NoAlert,A_AUTH_FAIL_SINGLE,7.901
2026081411,a2c90b48-6241-52f8-7371-077ac1902ec6,1,bruteforce,0,NoAlert,A_AUTH_FAIL_SINGLE,7.4
2026081411,9adc81d8-9968-0f1d-8f3c-51bb8d93e963,1,bruteforce,0,NoAlert,A_AUTH_FAIL_SINGLE,7.401
2026081411,6dc750e4-c23d-0d87-aebb-ecf020233a02,1,bruteforce,1,Violation,D_BRUTEFORCE,8.3
2026081411,edf74e6d-8ae7-c06a-b026-d1ee3bcce2d7,1,bruteforce,1,Violation,D_BRUTEFORCE,8.401
2026081411,167aac90-d75f-0b01-af36-756308085ff3,1,command_probe,1,Violation,D_COMMAND,6.1
2026081411,4188e000-4336-eb8e-f396-9ead7e41f674,1,admin_probe,1,Violation,D_ADMIN,5.9
2026081411,299031e9-469f-4e14-5702-b6d1f95cca57,0,benign_public,0,NoAlert,A_PUBLIC,5.9
2026081411,d7d51291-e1ae-a0e6-0695-2dfb4c9ab589,1,path_traversal,1,Violation,D_TRAVERSAL,6.401
2026081411,72d1b415-9f1a-743f-86ba-a0f93c8e3890,0,benign_public,0,NoAlert,A_PUBLIC,5.7
2026081411,5c78adad-7d6d-617a-c0ad-1f826cfc958c,0,benign_public,0,NoAlert,A_PUBLIC,5.801
2026081411,8f05d131-e13c-8ed3-4bf5-896158727e42,0,benign_public,0,NoAlert,A_PUBLIC,6.1
2026081411,3e7fba9d-61c9-b8d2-bf36-314cd2c6ab79,0,benign_public,0,NoAlert,A_PUBLIC,5.7
2026081411,a8199aa5-975e-1a2c-b391-c2fc125562a8,0,benign_public,0,NoAlert,A_PUBLIC,5.8
2026081411,442fa6ae-7e7e-79f9-191a-fcd99902db63,0,benign_status,0,NoAlert,A_STATUS,5.9
2026081411,532a44a0-e4ca-8de2-5244-6622a3cb9dbb,0,benign_public,0,NoAlert,A_PUBLIC,5.701
2026081411,03969142-3cff-7ee5-18a5-1c848a89793e,0,benign_public,0,NoAlert,A_PUBLIC,5.7
2026081411,ae12000c-a645-1321-b370-ae67ae45a61e,0,benign_public,0,NoAlert,A_PUBLIC,5.701
2026081411,b4f297b2-9b20-cd47-5e48-44434b330476,1,command_probe,1,Violation,D_COMMAND,6.0
2026081411,93d5a0c3-077e-4c43-8965-ebecbc19618b,0,benign_status,0,NoAlert,A_STATUS,5.6
2026081411,24c3f749-3b15-6958-d47e-eebd27535da1,0,benign_status,0,NoAlert,A_STATUS,5.9
2026081411,d2bbab43-b3dd-e120-562f-853c6d422e32,0,benign_status,0,NoAlert,A_STATUS,6.0
2026081411,0d917e6b-5383-945c-d76e-11f645483005,1,admin_probe,1,Violation,D_ADMIN,6.401
2026081411,f7b29648-ce06-3a99-5a3b-42157892e65c,0,benign_public,0,NoAlert,A_PUBLIC,5.8
2026081411,b5b89c93-84d6-2d3c-db53-dfbfa699bdec,0,benign_status,0,NoAlert,A_STATUS,5.701
2026081411,ca301713-2375-5c0e-379c-47213e77ed3f,0,benign_status,0,NoAlert,A_STATUS,5.7
2026081411,2356c84a-c49c-f46a-441a-272c76077f8e,1,admin_probe,1,Violation,D_ADMIN,5.8
2026081411,35f0e660-fa3e-439a-b714-46a87294d2ab,0,benign_login,0,NoAlert,A_AUTH,6.1
2026081411,3c4906ae-d3b4-76ad-e9b5-6061b7ea8fc8,0,benign_status,0,NoAlert,A_STATUS,5.8
2026081411,08544c0a-2c89-468e-733d-6bfc1341bf81,0,benign_status,0,NoAlert,A_STATUS,5.601
2026081411,3bc12e60-59ff-4cc5-6f11-9915fc028a23,1,bruteforce,0,NoAlert,A_AUTH_FAIL_SINGLE,7.9
2026081411,08a7dfca-ab6c-678b-158e-deeafba5fcb9,1,bruteforce,0,NoAlert,A_AUTH_FAIL_SINGLE,8.001
2026081411,76b8a3f6-4025-d64a-68f8-bf7583a13fde,1,bruteforce,0,NoAlert,A_AUTH_FAIL_SINGLE,7.6
2026081411,31c9fdf5-0a5b-7d33-9106-36d9ff12c731,1,bruteforce,1,Violation,D_BRUTEFORCE,8.301
2026081411,5a711152-297b-205e-c945-480c0d00f44f,1,bruteforce,1,Violation,D_BRUTEFORCE,8.101
2026081411,337b8bbf-6989-0f2f-e7e2-96a7d62c3921,0,benign_public,0,NoAlert,A_PUBLIC,6.2
2026081411,e749fe21-2b64-3b71-9502-9270fededc77,0,benign_public,0,NoAlert,A_PUBLIC,5.9
2026081411,b1bf0648-7ad7-d71b-137e-9f938aab8e79,0,benign_public,0,NoAlert,A_PUBLIC,5.701
2026081411,ee08fd93-f2ef-cb16-6aa0-b948f3a92523,0,benign_login,0,NoAlert,A_AUTH,5.7
2026081411,57459120-7b3f-360f-fa4b-9e0ca89f3a06,1,path_traversal,1,Violation,D_TRAVERSAL,5.901
2026081411,790e908a-0d06-9b2c-dfba-fcfe6ea83829,1,command_probe,1,Violation,D_COMMAND,5.9
2026081411,fdf2c73b-b134-cfa3-1041-35ed764286ed,0,benign_public,0,NoAlert,A_PUBLIC,5.701
2026081411,7aacff8d-0fbe-e663-0c07-4e6401cba113,0,benign_public,0,NoAlert,A_PUBLIC,5.6
2026081411,36654933-6808-d882-ce0b-43b8ee7ab66a,0,benign_login,0,NoAlert,A_AUTH,25.202
2026081411,c375991e-c449-3526-48e5-5ef811a7405d,1,bruteforce,0,NoAlert,A_AUTH_FAIL_SINGLE,35.302
2026081411,ccf00c40-c0ff-33d8-22db-5e6c633dd7c5,1,bruteforce,0,NoAlert,A_AUTH_FAIL_SINGLE,9.801
2026081411,4024a893-1b64-8247-d423-bdabde684a11,1,bruteforce,0,NoAlert,A_AUTH_FAIL_SINGLE,8.6
2026081411,9d920106-3020-568b-9834-9b9c3e8ad665,1,bruteforce,1,Violation,D_BRUTEFORCE,9.201
2026081411,3d6e6128-ab01-fe41-8824-b7b290bbc4c8,1,bruteforce,1,Violation,D_BRUTEFORCE,23.502
2026081411,2a06dae1-87aa-4390-51da-7bef2eb21719,1,path_traversal,1,Violation,D_TRAVERSAL,6.1
2026081411,b2ab0b1b-61cf-9385-76f3-0b948bc79edb,0,benign_status,0,NoAlert,A_STATUS,5.9
2026081411,1786fe73-3beb-1551-2be1-cbd1fb505000,0,benign_login,0,NoAlert,A_AUTH,5.901
2026081411,502e74b8-bb31-ef59-3853-9a3be0222ba5,0,benign_login,0,NoAlert,A_AUTH,5.6
2026081411,43fb0ebc-28ea-d7c4-d2f8-20c47c729696,0,benign_login,0,NoAlert,A_AUTH,5.901
2026081411,e6bdeadc-588f-522f-e46f-ed7d7a401613,0,benign_public,0,NoAlert,A_PUBLIC,5.8
2026081411,13b84129-f95e-55d8-339d-a9006a0d2270,0,benign_status,0,NoAlert,A_STATUS,5.901
2026081411,da6411e3-1a67-4d24-d1cf-aa2ddb8439cf,0,benign_public,0,NoAlert,A_PUBLIC,6.2
2026081411,f94673ac-8518-0073-7e16-f4c6e7f25c13,0,benign_status,0,NoAlert,A_STATUS,5.9
2026081411,772771f4-9a8e-3cfc-f25c-b509ded5590e,0,benign_public,0,NoAlert,A_PUBLIC,5.7
2026081411,4f2e6812-f491-ec57-b933-5c64ffd60199,0,benign_public,0,NoAlert,A_PUBLIC,5.7
2026081411,b01ccb82-4f27-e73b-af43-9647d5dc9a24,1,path_traversal,1,Violation,D_TRAVERSAL,10.401
2026081411,6bb539ca-5f2e-0b43-d45f-85e1e328daae,0,benign_status,0,NoAlert,A_STATUS,5.9
2026081411,dd3bac61-12cf-cca8-dad3-74d720bd6f63,0,benign_status,0,NoAlert,A_STATUS,5.7
2026081411,5b8f119b-ce30-cd3d-c03b-72b54b1c67d0,0,benign_public,0,NoAlert,A_PUBLIC,5.7
2026081411,a1e0d416-d115-cec6-e1ff-7ab4f65ef5dc,0,benign_status,0,NoAlert,A_STATUS,5.601
2026081411,445be35e-3d2f-5efc-af7f-6fe2824f4c2f,0,benign_status,0,NoAlert,A_STATUS,5.5
2026081411,46e41542-9531-13a0-c103-e48c6ca1ea8c,0,benign_status,0,NoAlert,A_STATUS,5.501
2026081411,354b626d-76bb-ff85-7a2f-d4d1fe890544,0,benign_status,0,NoAlert,A_STATUS,5.8
2026081411,986adea7-f197-410b-3181-3fcde011fce3,0,benign_login,0,NoAlert,A_AUTH,5.7
2026081411,f7f348d2-48a1-e44d-6d78-e7c2c5834bc4,0,benign_login,0,NoAlert,A_AUTH,5.601
2026081411,8bef621e-45f2-f9f1-39e8-27ea67abff1a,0,benign_status,0,NoAlert,A_STATUS,5.7
2026081411,93c3c720-f0ad-9a9c-91d0-553674049070,1,path_traversal,1,Violation,D_TRAVERSAL,5.901
2026081411,d7ccab1f-b43d-fa53-0a0e-e7426234c294,0,benign_public,0,NoAlert,A_PUBLIC,5.7
2026081411,f1163e8e-46a3-7350-17d1-5865c6000f55,0,benign_public,0,NoAlert,A_PUBLIC,5.701
2026081411,95fcbc61-f30c-a590-6891-66538dadb910,1,bruteforce,0,NoAlert,A_AUTH_FAIL_SINGLE,7.8
2026081411,41715d11-946d-bea5-1fed-04de629989ca,1,bruteforce,0,NoAlert,A_AUTH_FAIL_SINGLE,7.601
2026081411,910acc39-8cd8-a760-3ee8-0ae2e0c1c10b,1,bruteforce,0,NoAlert,A_AUTH_FAIL_SINGLE,7.5
2026081411,e8e88e1e-1141-8dcd-378d-3a493514c33d,1,bruteforce,1,Violation,D_BRUTEFORCE,8.401
2026081411,1e85e6bf-7334-45ec-e4fb-dd382176cbd0,1,bruteforce,1,Violation,D_BRUTEFORCE,8.4
2026081411,4f1035be-dd32-f816-ccb5-0f36ec9a69cf,0,benign_login,0,NoAlert,A_AUTH,6.101
2026081411,854510cb-5368-d0c0-8a6d-d516e4489d05,0,benign_public,0,NoAlert,A_PUBLIC,7.8
2026081411,41370731-b7b4-e90a-46bf-37711613652f,0,benign_status,0,NoAlert,A_STATUS,6.201
2026081411,6295bc63-6060-15e8-17e0-87d6b8f6d8cf,0,benign_status,0,NoAlert,A_STATUS,5.7
2026081411,de411f73-3ff2-12a6-3be6-82147ad3ae0f,1,bruteforce,0,NoAlert,A_AUTH_FAIL_SINGLE,7.701
2026081411,93f23d41-02ee-fc6b-3c23-b4b353d8e198,1,bruteforce,0,NoAlert,A_AUTH_FAIL_SINGLE,7.8
2026081411,a8d6361d-4ce3-7939-c9b8-9dc8236e790e,1,bruteforce,0,NoAlert,A_AUTH_FAIL_SINGLE,7.401
2026081411,d397b771-6d4c-7775-1922-3cd8a5dc13aa,1,bruteforce,1,Violation,D_BRUTEFORCE,104.007
2026081411,8a8d1d77-67e1-4302-59ea-98f259bb1b0a,1,bruteforce,1,Violation,D_BRUTEFORCE,14.601
2026081411,15bc08c7-e26a-591b-787b-2f32be4c9784,1,bruteforce,1,Violation,D_BRUTEFORCE,10.1
2026081411,2edddca6-ec32-35ae-235f-de74379fc7e3,1,bruteforce,1,Violation,D_BRUTEFORCE,8.901
2026081411,9f07ab3c-4f9e-604c-51e3-b247e830cbfa,1,bruteforce,1,Violation,D_BRUTEFORCE,8.601
2026081411,04514e51-2bcf-35eb-5909-c3f18b2a729d,1,bruteforce,1,Violation,D_BRUTEFORCE,8.7
2026081411,e13b72d5-07dc-d703-9adc-4212d7a9bf62,1,bruteforce,1,Violation,D_BRUTEFORCE,8.701
2026081411,142a2be9-78f6-20dd-a9ca-69abe541e211,0,benign_login,0,NoAlert,A_AUTH,6.8
2026081411,7ec31984-98fe-eace-7c46-5fa2cb32750a,0,benign_status,0,NoAlert,A_STATUS,6.401
2026081411,64353848-4bc8-d3ab-614f-f7bdd8ef9921,0,benign_status,0,NoAlert,A_STATUS,6.2
2026081411,c9aa32ec-a254-22c2-5bf6-3b5659a1326e,0,benign_login,0,NoAlert,A_AUTH,6.401
2026081411,d4f17385-1e4a-51a4-9746-084ef0863a9a,0,benign_public,0,NoAlert,A_PUBLIC,6.1
2026081411,aa58b0aa-0c2d-b59e-c1f9-6bc877b9350c,0,benign_status,0,NoAlert,A_STATUS,6.101
2026081411,c684a23c-1dc9-b685-30d9-8b791a64ce17,0,benign_status,0,NoAlert,A_STATUS,10.0
2026081411,948fccea-3044-3d81-c229-95202f02d79c,1,command_probe,1,Violation,D_COMMAND,7.101
2026081411,c64a1653-03ea-fa9c-8aa4-c952395b8aec,1,bruteforce,0,NoAlert,A_AUTH_FAIL_SINGLE,8.4
2026081411,d500bff0-829c-f38f-9388-b9f4dce11678,1,bruteforce,0,NoAlert,A_AUTH_FAIL_SINGLE,7.801
2026081411,04618756-8b28-a6fb-f64e-4f575848eb4f,1,bruteforce,0,NoAlert,A_AUTH_FAIL_SINGLE,7.8
2026081411,c38bbf03-28a9-4c69-9a7e-3a026cb771a0,1,bruteforce,1,Violation,D_BRUTEFORCE,8.6
2026081411,4852b0e9-24e9-c6f1-75a3-b733cca59560,1,bruteforce,1,Violation,D_BRUTEFORCE,8.901
2026081411,f6787502-c0b4-c311-374d-148c01b22df6,0,benign_status,0,NoAlert,A_STATUS,6.7
2026081411,01dab8fc-52ec-66e4-8d7c-6a5280e9854c,0,benign_status,0,NoAlert,A_STATUS,6.201
2026081411,2022b8c1-3057-b0b1-c596-d59eb5a6a0a3,0,benign_public,0,NoAlert,A_PUBLIC,6.3
2026081411,a7d66a61-143e-dece-4c48-e4160ec78d42,1,admin_probe,1,Violation,D_ADMIN,6.401
2026081411,ba7bd47f-b066-4356-9766-ddf65d86db6c,0,benign_status,0,NoAlert,A_STATUS,5.9
2026081411,53da1e16-b92f-3660-9f41-1a19e452c0f6,0,benign_login,0,NoAlert,A_AUTH,5.9
2026081411,19943212-75a5-0244-6fb9-99ed67ca3296,1,bruteforce,0,NoAlert,A_AUTH_FAIL_SINGLE,8.0
2026081411,1d09e005-a6f4-e1c7-12d6-c1b0593d0cbe,1,bruteforce,0,NoAlert,A_AUTH_FAIL_SINGLE,7.701
2026081411,88b5f058-8e5c-2942-fd7e-ff34a1b56fcc,1,bruteforce,0,NoAlert,A_AUTH_FAIL_SINGLE,7.7
2026081411,d8aa7f07-0fa0-5628-8267-6eb5fbfea100,1,bruteforce,1,Violation,D_BRUTEFORCE,8.601
2026081411,29a2a0e0-57a1-9a7a-d695-5494757cbce7,1,bruteforce,1,Violation,D_BRUTEFORCE,8.5
2026081411,7c815e3d-63aa-8bf0-4cee-3fe4a28295b5,0,benign_login,0,NoAlert,A_AUTH,6.101
2026081411,531fc99b-4026-fbbe-1dc5-4eab262d5079,1,bruteforce,1,Violation,D_BRUTEFORCE,8.7
2026081411,76950bcc-efd1-ab1e-bdb6-30618bdc86ba,1,bruteforce,1,Violation,D_BRUTEFORCE,9.001
2026081411,52c43832-da23-6d4a-5f02-ec2de0bdfbaa,1,bruteforce,1,Violation,D_BRUTEFORCE,8.601
2026081411,bd3818d7-a52e-1b58-ed45-4a4df8a45b9e,1,bruteforce,1,Violation,D_BRUTEFORCE,8.5
2026081411,6a34f8d2-48d6-9eeb-f834-c9dda3498b74,1,bruteforce,1,Violation,D_BRUTEFORCE,8.401
2026081411,9549237d-8ae7-9346-e0c5-eefb16d0e71b,1,bruteforce,1,Violation,D_BRUTEFORCE,9.1
2026081411,8d968c85-866e-95f7-74fd-4a013f0415ac,1,bruteforce,1,Violation,D_BRUTEFORCE,8.4
2026081411,ac2b760c-4c7d-9923-991a-df49ce2c58bb,1,bruteforce,1,Violation,D_BRUTEFORCE,8.501
2026081411,3ece98af-3d74-6a20-0ab6-01497e7433f0,1,bruteforce,1,Violation,D_BRUTEFORCE,8.3
2026081411,c9484d0b-f3cc-1b49-8e22-b3ca5d7b3434,1,bruteforce,1,Violation,D_BRUTEFORCE,8.801
2026081411,513edf15-93e4-8f6f-6279-8ef38ad74724,0,benign_public,0,NoAlert,A_PUBLIC,6.3
2026081411,1159a394-c3e6-4f23-1f6e-33075f3d17b2,0,benign_login,0,NoAlert,A_AUTH,6.001
2026081411,185c0901-6d65-8fb0-dd81-08d8d0906d3d,1,admin_probe,1,Violation,D_ADMIN,6.2
2026081411,0ea65ef9-2e65-adf6-a93f-de2023bc3a17,0,benign_login,0,NoAlert,A_AUTH,6.001
2026081411,a260c7b2-108d-af3d-5f2d-e6798b15347b,0,benign_public,0,NoAlert,A_PUBLIC,6.0
2026081411,a5a258ae-b3a3-ed56-6985-108e3fdcb966,0,benign_status,0,NoAlert,A_STATUS,6.301
2026081411,1b5ac62f-f6f8-62fb-3359-6b9fef1b7b4b,0,benign_status,0,NoAlert,A_STATUS,5.9
2026081411,684c0e8d-8641-88b0-e237-4587d3e95b96,0,benign_public,0,NoAlert,A_PUBLIC,5.8
2026081411,8f0b0b7a-d856-1eb7-e9a1-087016377569,0,benign_status,0,NoAlert,A_STATUS,5.801
2026081411,87e5be61-85c9-c5b7-53ae-73a2b6d91e6b,0,benign_login,0,NoAlert,A_AUTH,6.0
2026081411,e8d013b0-8823-a0de-9746-336fce31f07f,1,bruteforce,0,NoAlert,A_AUTH_FAIL_SINGLE,8.101
2026081411,36271b59-aabf-cadd-7cee-47c24e515454,1,bruteforce,0,NoAlert,A_AUTH_FAIL_SINGLE,7.9
2026081411,1da3bc17-c7ef-4b1e-35a3-9dec20c47686,1,bruteforce,0,NoAlert,A_AUTH_FAIL_SINGLE,7.6
2026081411,218b3fb7-3de7-f1f1-adcb-81e2d13e4f83,1,bruteforce,1,Violation,D_BRUTEFORCE,8.801
2026081411,c7e9f61d-c140-5100-d81f-956cb9d316df,1,bruteforce,1,Violation,D_BRUTEFORCE,9.2
2026081411,2291dc00-45b5-bd57-1030-da33847430df,1,command_probe,1,Violation,D_COMMAND,6.401
2026081411,1758f27a-3d28-41e0-4d75-8bdb71ee444a,0,benign_public,0,NoAlert,A_PUBLIC,6.1
2026081411,68dc5b4d-5948-ca48-091b-9caa41cb1ee7,0,benign_status,0,NoAlert,A_STATUS,6.501
2026081411,84984c6d-2cf7-be6b-cbf2-1cb85b292b66,0,benign_public,0,NoAlert,A_PUBLIC,6.0
2026081411,e7db70c8-1cc7-7323-2947-2f1b8e003a1b,0,benign_status,0,NoAlert,A_STATUS,30.602
2026081411,17b63ca9-6bea-80b0-23ab-dd41117c551a,0,benign_status,0,NoAlert,A_STATUS,14.001
2026081411,ce3752c7-b7ea-4a50-6af6-c88e976a6b76,1,bruteforce,0,NoAlert,A_AUTH_FAIL_SINGLE,11.901
2026081411,a0251478-983c-97f7-6d8b-848580b48f01,1,bruteforce,0,NoAlert,A_AUTH_FAIL_SINGLE,9.101
2026081411,c83f7ff5-8562-3b7c-b309-dfa4cd3a71a4,1,bruteforce,0,NoAlert,A_AUTH_FAIL_SINGLE,8.5
2026081411,a0f65976-a04b-1317-24e4-613392ad52c9,1,bruteforce,1,Violation,D_BRUTEFORCE,9.501
2026081411,2ed3e4b0-d3c0-dea2-02b1-2cc495c208a1,1,bruteforce,1,Violation,D_BRUTEFORCE,9.401
2026081411,a009b1de-ea57-ebab-280b-01adea0071c0,0,benign_login,0,NoAlert,A_AUTH,6.6
2026081411,d123e28b-10b8-e011-4a89-4316b8573f75,0,benign_status,0,NoAlert,A_STATUS,6.3
2026081411,152aea76-dacc-a89b-361b-1581f8a5c85c,1,command_probe,1,Violation,D_COMMAND,6.5
2026081411,22c5167e-ceab-614e-dd31-d14e5b19b840,1,bruteforce,0,NoAlert,A_AUTH_FAIL_SINGLE,8.301
2026081411,ffefee82-0c10-10f9-a80f-3abeca99c592,1,bruteforce,0,NoAlert,A_AUTH_FAIL_SINGLE,8.4
2026081411,aefba467-c58e-9ca5-2a00-0f8ac200f8f4,1,bruteforce,0,NoAlert,A_AUTH_FAIL_SINGLE,7.801
2026081411,114c6b9d-5324-36c0-af68-762219975052,1,bruteforce,1,Violation,D_BRUTEFORCE,8.7
2026081411,909e68c3-8f36-48eb-d1ac-612cd2495efb,1,bruteforce,1,Violation,D_BRUTEFORCE,9.001
2026081411,c6e22967-d860-8dc5-6be5-843cd9c7e2fd,1,bruteforce,1,Violation,D_BRUTEFORCE,8.801
2026081411,910bd9d9-a7c1-d17a-c6dd-06018cbaab96,1,bruteforce,1,Violation,D_BRUTEFORCE,9.0
2026081411,9b7ee78f-9316-dfba-9382-32d836091874,1,bruteforce,1,Violation,D_BRUTEFORCE,23.002
2026081411,aa87a477-de4f-7223-38c6-253ca12c6e72,1,bruteforce,1,Violation,D_BRUTEFORCE,8.8
2026081411,2c0103c3-af02-c150-e15f-f0cd67104ed4,1,bruteforce,1,Violation,D_BRUTEFORCE,8.501
2026081411,85dff854-4df3-7481-bb8a-296b78781a9d,0,benign_public,0,NoAlert,A_PUBLIC,6.3
2026081411,785f7ec5-747d-c142-a857-4e3e03faa038,0,benign_public,0,NoAlert,A_PUBLIC,6.1
2026081411,22152fd2-d858-55a0-4b23-9048f3e52164,1,path_traversal,1,Violation,D_TRAVERSAL,6.0
2026081411,6d03b67d-cf00-8b37-4a7d-8f2bfc67340f,0,benign_login,0,NoAlert,A_AUTH,5.901
2026081411,d4f712eb-be28-d9c1-ac89-1745321a9148,0,benign_public,0,NoAlert,A_PUBLIC,6.2
2026081411,c5e80fcd-ec90-5d22-16fe-9c98f8b78cd9,0,benign_public,0,NoAlert,A_PUBLIC,5.701
2026081411,1be12dd4-5189-99aa-0922-0134b4efd798,0,benign_public,0,NoAlert,A_PUBLIC,5.8
2026081411,b747fef5-66a3-3831-4d3e-914228a71594,0,benign_login,0,NoAlert,A_AUTH,5.901
2026081411,1d4e2837-c572-bbf4-047a-2be1796d76e6,0,benign_status,0,NoAlert,A_STATUS,5.9
2026081411,8ae7cde9-12a0-ad5a-43b2-3a7210c7aba2,0,benign_status,0,NoAlert,A_STATUS,5.7
2026081411,d4cae88c-655a-4468-e757-005fb4088fb6,0,benign_public,0,NoAlert,A_PUBLIC,5.701
2026081411,49aed41f-7c9e-4102-90ce-5006376d787f,1,bruteforce,0,NoAlert,A_AUTH_FAIL_SINGLE,22.701
2026081411,f4d606c7-de59-bad0-b069-fa7b1337fb54,1,bruteforce,0,NoAlert,A_AUTH_FAIL_SINGLE,7.801
2026081411,f995b220-d6d8-0562-cf3a-a6fdf17d7dee,1,bruteforce,0,NoAlert,A_AUTH_FAIL_SINGLE,8.1
2026081411,76af9729-2988-6db3-d36f-727b1f01d764,1,bruteforce,1,Violation,D_BRUTEFORCE,8.701
2026081411,68ebbfb5-c864-317a-e20f-ac27c097bde3,1,bruteforce,1,Violation,D_BRUTEFORCE,8.901
2026081411,5d5ee1b9-1ddb-59af-4c3f-d2d949301599,0,benign_status,0,NoAlert,A_STATUS,6.4
2026081411,755bff6f-e768-023c-00af-4b5972abe24a,0,benign_public,0,NoAlert,A_PUBLIC,6.001
2026081411,d64ccf02-e558-2d53-76cf-e53755d44694,0,benign_login,0,NoAlert,A_AUTH,6.2
2026081411,b4a19606-16a4-6716-550c-e9ccf03498d6,0,benign_public,0,NoAlert,A_PUBLIC,6.0
2026081411,c8fe1e71-1335-f415-5886-3813a6c69c32,1,bruteforce,0,NoAlert,A_AUTH_FAIL_SINGLE,8.0
2026081411,09edb79c-3333-dfdf-4aa0-498dd508e11e,1,bruteforce,0,NoAlert,A_AUTH_FAIL_SINGLE,8.001
2026081411,2d31164e-0a96-4057-d034-1ffc4aace416,1,bruteforce,0,NoAlert,A_AUTH_FAIL_SINGLE,8.4
2026081411,7086e4f1-af74-062f-b665-fe55e0a41e0d,1,bruteforce,1,Violation,D_BRUTEFORCE,8.601
2026081411,c1414277-a424-a360-e009-b7e8f5ee0f46,1,bruteforce,1,Violation,D_BRUTEFORCE,8.9
2026081411,e4461b8e-d8f4-06cd-61c2-795ee31a3521,1,admin_probe,1,Violation,D_ADMIN,6.5
2026081411,2a2f6932-b6b7-88a1-81d8-fd2030d6d5db,1,bruteforce,1,Violation,D_BRUTEFORCE,9.001
2026081411,79eceea5-a80e-a9f9-0d2f-0adb1f838fb2,1,bruteforce,1,Violation,D_BRUTEFORCE,8.8
2026081411,fee79c43-1a21-395d-2a05-86ba3f6d291e,1,bruteforce,1,Violation,D_BRUTEFORCE,8.501
2026081411,6fdd5ce4-06d6-4df0-931b-a5583cc0e1d0,1,bruteforce,1,Violation,D_BRUTEFORCE,9.0
2026081411,32af7a76-65b5-4677-8a49-5456e8a018f3,1,bruteforce,1,Violation,D_BRUTEFORCE,9.101
2026081411,c9af46c6-8d0d-1e8f-344b-1992a8b1e811,0,benign_login,0,NoAlert,A_AUTH,6.3
2026081411,7829dddf-9884-0dea-a23a-d149910c94e6,0,benign_login,0,NoAlert,A_AUTH,6.2
2026081411,17a8ff2e-455e-1275-1d7b-7262d3a23e85,1,admin_probe,1,Violation,D_ADMIN,6.3
2026081411,751a56c8-233c-daad-8cf5-29f4e5d2890f,0,benign_public,0,NoAlert,A_PUBLIC,6.401
2026081411,d32b372d-d3f1-60ac-f3b2-b0e9eff02f70,0,benign_status,0,NoAlert,A_STATUS,6.1
2026081411,1fe486e6-a8d1-0abd-1e11-1b080ee6e287,0,benign_status,0,NoAlert,A_STATUS,6.201
2026081411,d5984739-e411-8ecd-dfbe-18db8b75705c,0,benign_public,0,NoAlert,A_PUBLIC,6.2
2026081411,06604d2d-5220-bedb-ed29-f24c85cd0ed7,0,benign_login,0,NoAlert,A_AUTH,6.001
2026081411,3a343860-f63f-be03-5c98-98ac96ebf1de,0,benign_login,0,NoAlert,A_AUTH,6.0
2026081411,7e7e863e-e3d2-266c-cbd9-b0a354b9e5f5,0,benign_status,0,NoAlert,A_STATUS,6.101
2026081411,78aed88e-0306-6889-02f9-a170a467a07e,0,benign_status,0,NoAlert,A_STATUS,6.1
2026081411,3775c462-a5f0-035a-6756-7c2e9a9f6747,0,benign_login,0,NoAlert,A_AUTH,5.9
2026081411,ed7cb8fd-ae77-6af3-2a35-1c8852c48070,1,path_traversal,1,Violation,D_TRAVERSAL,6.6
2026081411,50d50ecb-5756-9444-5cb8-b0b31824dfa0,0,benign_status,0,NoAlert,A_STATUS,6.1
2026081411,8c04edfb-0ff1-6084-604d-2d2f1ac180ac,0,benign_status,0,NoAlert,A_STATUS,5.801
2026081411,029c61bb-c23e-8cac-51a9-f4cc666c8c6a,0,benign_public,0,NoAlert,A_PUBLIC,5.9
2026081411,4a341a55-c6c8-8587-a3c6-bf1f439c8c47,1,admin_probe,1,Violation,D_ADMIN,6.201
2026081411,c5a28715-06ef-0aa2-1bb5-4bcb8a434bbe,0,benign_status,0,NoAlert,A_STATUS,5.8
2026081411,50a48915-2b10-372c-020c-17c78ba93ba6,0,benign_public,0,NoAlert,A_PUBLIC,5.901
2026081411,43bfb47c-fea0-6fcc-aa9b-dcf8d2363060,0,benign_login,0,NoAlert,A_AUTH,5.9
2026081411,002e0869-9807-7b3c-2f4e-3005b6b2dff8,0,benign_login,0,NoAlert,A_AUTH,6.0
2026081411,0e375aa5-8567-3cdc-4458-61e6f0d348e1,0,benign_login,0,NoAlert,A_AUTH,5.801
2026081411,34bf7d0e-42a5-f823-7bce-e733a32a22da,1,bruteforce,0,NoAlert,A_AUTH_FAIL_SINGLE,8.0
2026081411,61648ea1-c3a8-34a5-fcde-0c2a0d29fa8e,1,bruteforce,0,NoAlert,A_AUTH_FAIL_SINGLE,8.001
2026081411,3ab56ee8-37a7-dbf4-c553-4b5f850e29eb,1,bruteforce,0,NoAlert,A_AUTH_FAIL_SINGLE,8.001
2026081411,7505b45f-3a7f-60d0-d660-9a969c459f00,1,bruteforce,1,Violation,D_BRUTEFORCE,9.0
2026081411,6e3f7821-311b-dc0a-ce2c-b7abafc7d40c,1,bruteforce,1,Violation,D_BRUTEFORCE,9.401
2026081411,d3fea9f1-8f71-d9b3-4c05-73eb4431ede1,0,benign_public,0,NoAlert,A_PUBLIC,6.4
2026081411,00ffd518-3f80-6da3-bc13-be4ac8de5495,0,benign_status,0,NoAlert,A_STATUS,6.201
2026081411,bd6a6655-853b-0122-08d8-f54364c67c52,1,bruteforce,0,NoAlert,A_AUTH_FAIL_SINGLE,8.1
2026081411,5e9ccd3c-5645-3c01-5b95-2374a197662e,1,bruteforce,0,NoAlert,A_AUTH_FAIL_SINGLE,7.801
2026081411,034fbd0f-5e6b-d735-a341-20b1759eb13b,1,bruteforce,0,NoAlert,A_AUTH_FAIL_SINGLE,7.8
2026081411,fcab146c-12e6-b2aa-6012-76a8fc7f948b,1,bruteforce,1,Violation,D_BRUTEFORCE,8.7
2026081411,1a2fde0c-5533-cd05-eb0d-c42ead8b677a,1,bruteforce,1,Violation,D_BRUTEFORCE,8.601
2026081411,51e79225-1ba5-6396-6037-eedf1eba1ad3,0,benign_status,0,NoAlert,A_STATUS,6.3
2026081411,57362409-ba92-a877-e405-8ec364d91549,0,benign_public,0,NoAlert,A_PUBLIC,5.901
2026081411,8569737b-7fb7-21a4-d205-c2fdf3df21da,0,benign_status,0,NoAlert,A_STATUS,6.0
2026081411,ca728aaf-0440-c123-6be3-c685b3952142,0,benign_status,0,NoAlert,A_STATUS,6.3
2026081411,5fb0a1cd-b119-2e81-33f9-da25baca5a2f,1,bruteforce,0,NoAlert,A_AUTH_FAIL_SINGLE,7.901
2026081411,c6b15746-8f77-4e85-80f3-6bf6e528625c,1,bruteforce,0,NoAlert,A_AUTH_FAIL_SINGLE,7.701
2026081411,262a5105-ce28-4532-5a0a-47564ae7dc9d,1,bruteforce,0,NoAlert,A_AUTH_FAIL_SINGLE,7.9
2026081411,5b6d3f05-bfc4-f36a-15c7-0f43939d9bf9,1,bruteforce,1,Violation,D_BRUTEFORCE,8.701
2026081411,cde7a0df-ea7e-8c9c-ef5f-de2209b8b06a,1,bruteforce,1,Violation,D_BRUTEFORCE,8.6
2026081411,8c975dd7-8583-d798-4013-edd81c58ff59,1,bruteforce,1,Violation,D_BRUTEFORCE,8.701
2026081411,4bb811d6-1f2b-80df-6b90-940b2fd7a0b8,1,bruteforce,1,Violation,D_BRUTEFORCE,8.701
2026081411,25a14183-96ea-e1da-d94f-26c83acbff0a,1,bruteforce,1,Violation,D_BRUTEFORCE,8.5
2026081411,acfbde5e-c108-d487-f82f-08659f9abb50,1,bruteforce,1,Violation,D_BRUTEFORCE,8.501
2026081411,d27fd22f-d029-72a2-3689-5db36b371e84,1,bruteforce,1,Violation,D_BRUTEFORCE,8.5
2026081411,f7bbd12a-c75f-587e-6dfb-ccf49ab171d8,0,benign_login,0,NoAlert,A_AUTH,6.501
2026081411,89b2ae03-10bc-1a24-85b6-7a4c20470d78,1,command_probe,1,Violation,D_COMMAND,6.4
2026081411,cb91720a-2400-7283-4fc6-d02f98c19be4,0,benign_login,0,NoAlert,A_AUTH,6.101
2026081411,acf6923d-202b-1b47-8263-8cbcd62df08c,0,benign_login,0,NoAlert,A_AUTH,6.3
2026081411,4c9bd213-dbab-34c3-7241-50ef04f54cac,0,benign_public,0,NoAlert,A_PUBLIC,6.301
2026081411,17f94674-0296-bb92-8952-e2cb0ff0ccd5,0,benign_status,0,NoAlert,A_STATUS,6.0
2026081411,ade07a05-02ae-4c75-0959-ede347b11bc1,0,benign_status,0,NoAlert,A_STATUS,6.0
2026081411,6bca604e-8730-5c06-2321-68c6491daa73,1,bruteforce,0,NoAlert,A_AUTH_FAIL_SINGLE,8.401
2026081411,d332a052-e26d-91c3-819d-2e126d1e3b60,1,bruteforce,0,NoAlert,A_AUTH_FAIL_SINGLE,8.001
2026081411,ee2350ef-4bc6-9c4c-50da-1a5f1ae65efa,1,bruteforce,0,NoAlert,A_AUTH_FAIL_SINGLE,8.5
2026081411,e0b43ff2-75b6-8770-b9e3-deda7434842b,1,bruteforce,1,Violation,D_BRUTEFORCE,9.201
2026081411,a73a1dbb-c31a-13f8-8467-795a92467d51,1,bruteforce,1,Violation,D_BRUTEFORCE,9.0
2026081411,282dd34e-828f-bd85-ec47-7584a0038941,0,benign_login,0,NoAlert,A_AUTH,6.4
2026081411,cf30296a-2c05-7a8f-90a1-0f69594bd150,0,benign_public,0,NoAlert,A_PUBLIC,6.3
2026081411,eb1235bd-6787-bc08-f7a7-f0c265aba790,0,benign_status,0,NoAlert,A_STATUS,6.0
2026081411,42b3afc1-5b69-aba6-9adf-cc92d13222bf,0,benign_public,0,NoAlert,A_PUBLIC,6.0
2026081411,28190460-d91e-c877-f73d-b993f0dcdbf0,0,benign_public,0,NoAlert,A_PUBLIC,29.802
2026081411,58675fc5-284c-57cd-4bda-f251592ff089,0,benign_status,0,NoAlert,A_STATUS,11.901
2026081411,44e0b614-e431-702c-6554-fec117d1d498,0,benign_login,0,NoAlert,A_AUTH,7.901
2026081411,76e20cdb-c572-15c8-a4c4-249ac0b36446,0,benign_public,0,NoAlert,A_PUBLIC,6.7
2026081411,d9a34dfa-5c5f-41dc-15ef-e56ebbde423e,0,benign_public,0,NoAlert,A_PUBLIC,6.601
2026081411,baab4337-85f7-0822-1f51-4fc976581bf6,0,benign_status,0,NoAlert,A_STATUS,6.7
2026081411,00a09edf-920e-8926-cf43-0174ef85a975,1,bruteforce,0,NoAlert,A_AUTH_FAIL_SINGLE,9.401
2026081411,79c0418d-6897-07e9-ad37-05f33729ae47,1,bruteforce,0,NoAlert,A_AUTH_FAIL_SINGLE,8.601
2026081411,d303c08c-a2aa-25a0-528f-a174a8d8a37e,1,bruteforce,0,NoAlert,A_AUTH_FAIL_SINGLE,8.3
2026081411,3f1f226f-f54a-aa4e-127a-4424fe985cdc,1,bruteforce,1,Violation,D_BRUTEFORCE,9.201
2026081411,5fa811cb-d9f4-38f0-a1c8-b6a128854447,1,bruteforce,1,Violation,D_BRUTEFORCE,9.0
2026081411,f5b122c2-c2f4-8e73-605e-850eebfadd6c,1,bruteforce,1,Violation,D_BRUTEFORCE,9.001
2026081411,21587240-07c0-0cb7-5b47-1eaadc3b1dbb,1,bruteforce,1,Violation,D_BRUTEFORCE,9.001
2026081411,99b1f41f-3ff8-9633-0ac1-63cbba4ac4a1,1,bruteforce,1,Violation,D_BRUTEFORCE,9.0
2026081411,5d14e52c-4dd4-0e95-a340-11c3e457d0d0,1,bruteforce,1,Violation,D_BRUTEFORCE,8.901
2026081411,102e9991-dbb7-dc76-a8c1-765829c7828f,1,bruteforce,1,Violation,D_BRUTEFORCE,9.1
2026081411,8f4deab1-2bed-49ff-b391-828208ce8358,0,benign_status,0,NoAlert,A_STATUS,6.6
2026081411,4fd5209b-03d8-e505-519a-3cd165dd9aa5,0,benign_public,0,NoAlert,A_PUBLIC,6.4
2026081411,6daf927d-2106-22c2-1524-c5a4fcf029a0,1,admin_probe,1,Violation,D_ADMIN,6.601
2026081411,eefa1454-3c15-abe4-4ea9-24f1bc2f978a,0,benign_status,0,NoAlert,A_STATUS,17.101
2026081411,9577aaf4-ecc9-2d7d-d022-b8050e302a98,0,benign_public,0,NoAlert,A_PUBLIC,12.201
2026081411,de875754-34a5-c881-61ca-fa9b94d0d453,0,benign_login,0,NoAlert,A_AUTH,8.801
2026081411,ec56b4c1-02db-e262-4d95-30a93d16520e,0,benign_login,0,NoAlert,A_AUTH,7.5
2026081411,6b9dc3b0-3249-7242-3bc1-2aa0c88d29f2,0,benign_login,0,NoAlert,A_AUTH,6.501
2026081411,0d2a2505-80af-46d7-1cec-b25ead0de879,1,bruteforce,0,NoAlert,A_AUTH_FAIL_SINGLE,9.6
2026081411,b7808407-cf90-5918-eb27-6e39c37bdf20,1,bruteforce,0,NoAlert,A_AUTH_FAIL_SINGLE,8.801
2026081411,4b66368d-c3a1-a085-288b-71caefd4f240,1,bruteforce,0,NoAlert,A_AUTH_FAIL_SINGLE,8.901
2026081411,ecdc8351-2947-7043-2dc7-43e3e7fe722a,1,bruteforce,1,Violation,D_BRUTEFORCE,9.5
2026081412,9baaaff4-2cf1-ed12-6758-02b60ac875ff,0,benign_login,0,NoAlert,A_AUTH,22.102
2026081412,22417f80-1c0e-0c3d-5450-15c0fa1dcdf2,0,benign_public,0,NoAlert,A_PUBLIC,10.401
2026081412,53c8e68d-f29b-a78c-9c7f-1ef7f1057504,0,benign_login,0,NoAlert,A_AUTH,7.9
2026081412,a10e34bf-e7d7-9785-b314-121b6d9b6d79,0,benign_public,0,NoAlert,A_PUBLIC,6.901
2026081412,c724f143-25b4-0d7b-d22d-b54cd3bd1c5b,0,benign_login,0,NoAlert,A_AUTH,7.2
2026081412,b60d3091-af66-dd7e-81fa-4faf784795e3,0,benign_status,0,NoAlert,A_STATUS,7.801
2026081412,5f6feede-4142-da93-86bb-2c1e2b6dc92e,1,bruteforce,0,NoAlert,A_AUTH_FAIL_SINGLE,11.801
2026081412,f25fd440-d6ce-cd98-0d87-2a7594855b64,1,bruteforce,0,NoAlert,A_AUTH_FAIL_SINGLE,9.2
2026081412,5a02617b-8f30-1b75-6de0-9fa88908737c,1,bruteforce,0,NoAlert,A_AUTH_FAIL_SINGLE,8.801
2026081412,ba2a3772-db43-ed9a-8b1d-8f6374668342,1,bruteforce,1,Violation,D_BRUTEFORCE,10.101
2026081412,42b73f08-6329-f4fb-9de0-2f940d4ea431,1,bruteforce,1,Violation,D_BRUTEFORCE,9.7
2026081412,92f45bd1-a135-fc58-29a9-9b8ae145ae99,0,benign_public,0,NoAlert,A_PUBLIC,6.901
2026081412,774ca5cb-d22c-9133-2cc4-7386fe397ed7,0,benign_status,0,NoAlert,A_STATUS,6.6
2026081412,5be32ffc-f313-bb2f-1d7d-79852cd0596c,0,benign_status,0,NoAlert,A_STATUS,6.601
2026081412,457550e0-76b9-6ad3-9ba4-a2ee75c3bb68,0,benign_login,0,NoAlert,A_AUTH,6.5
2026081412,74c0e830-372a-9623-bf79-9039136c3158,1,path_traversal,1,Violation,D_TRAVERSAL,6.701
2026081412,fb3f1086-2cc2-aa49-6743-8573cfe1a951,1,bruteforce,0,NoAlert,A_AUTH_FAIL_SINGLE,8.7
2026081412,50d8f423-e8f6-2b39-35be-a46234d20cd3,1,bruteforce,0,NoAlert,A_AUTH_FAIL_SINGLE,8.401
2026081412,bc63b162-e928-26ef-8230-dd4f822b3454,1,bruteforce,0,NoAlert,A_AUTH_FAIL_SINGLE,8.901
2026081412,74cd6f1a-1753-1dc9-4c27-c512a486a388,1,bruteforce,1,Violation,D_BRUTEFORCE,9.4
2026081412,95dab180-bf9c-9a5e-758f-35788ea245f7,1,bruteforce,1,Violation,D_BRUTEFORCE,9.201
2026081412,5c7f21d6-b3d3-1340-f1f0-4c2ca31795a5,0,benign_login,0,NoAlert,A_AUTH,6.8
2026081412,c171e2f2-0b39-3044-6309-c8f10b86a297,0,benign_login,0,NoAlert,A_AUTH,6.4
2026081412,7a758b8f-6e3c-c5cf-7db0-217f7f2b1265,0,benign_public,0,NoAlert,A_PUBLIC,6.4
2026081412,aa67a4f1-0639-c429-83d0-ad0f62dbbe5e,1,path_traversal,1,Violation,D_TRAVERSAL,6.501
2026081412,7e3b3b0f-d706-20f5-ae00-c02655432cae,0,benign_public,0,NoAlert,A_PUBLIC,6.4
2026081412,befc48b6-2fcd-3299-5b6d-497f1570ae6d,0,benign_public,0,NoAlert,A_PUBLIC,6.301
2026081412,14404d16-641a-1e3e-3f69-32583a12bf46,0,benign_public,0,NoAlert,A_PUBLIC,6.3
2026081412,cb4322db-1da5-40a9-08de-e23665280be4,0,benign_public,0,NoAlert,A_PUBLIC,6.101
2026081412,76230d9a-1674-e7f5-d306-f290ed3e2edd,1,bruteforce,0,NoAlert,A_AUTH_FAIL_SINGLE,8.5
2026081412,f75cb4e3-b6eb-17cc-e47d-95272066d04d,1,bruteforce,0,NoAlert,A_AUTH_FAIL_SINGLE,8.201
2026081412,a227b2db-3e3c-7996-6818-3f527c3d1b3e,1,bruteforce,0,NoAlert,A_AUTH_FAIL_SINGLE,8.0
2026081412,66adc94f-c251-45f9-d280-4b4d8f4297f3,1,bruteforce,1,Violation,D_BRUTEFORCE,8.801
2026081412,ead1d4c2-e5ce-ab4c-5ee2-1d2a68e32916,1,bruteforce,1,Violation,D_BRUTEFORCE,8.901
2026081412,dfe3a542-4a74-ccde-df7f-06d9fe6aed3b,0,benign_login,0,NoAlert,A_AUTH,6.4
2026081412,08b7675d-764b-7278-66b0-d8def1945118,0,benign_status,0,NoAlert,A_STATUS,6.201
2026081412,331ea240-fe2b-058b-fba7-0d9f13eb5135,0,benign_status,0,NoAlert,A_STATUS,6.2
2026081412,73773dc4-4cbe-d51d-65ea-2713fdd5591a,0,benign_public,0,NoAlert,A_PUBLIC,6.501
2026081412,21314670-b0fa-5a64-908d-2c90ec108541,0,benign_status,0,NoAlert,A_STATUS,6.3
2026081412,53f1ac37-c902-5b1d-29a5-222079b3685c,0,benign_login,0,NoAlert,A_AUTH,6.3
2026081412,36ea6a33-d543-33f3-4c9c-58167a911f79,1,bruteforce,0,NoAlert,A_AUTH_FAIL_SINGLE,8.201
2026081412,df61ff84-fd08-4a25-7507-782f2cedccd4,1,bruteforce,0,NoAlert,A_AUTH_FAIL_SINGLE,8.201
2026081412,57f22ef5-369d-e40a-b33e-26f7b6878624,1,bruteforce,0,NoAlert,A_AUTH_FAIL_SINGLE,8.0
2026081412,247c2a48-872a-f773-a068-29577ed24c81,1,bruteforce,1,Violation,D_BRUTEFORCE,8.601
2026081412,5983f35a-4f5b-155a-ded2-fa8e2c73573e,1,bruteforce,1,Violation,D_BRUTEFORCE,8.8
2026081412,854616cf-6879-f768-6747-ab9cc5b3cafe,0,benign_public,0,NoAlert,A_PUBLIC,6.301
2026081412,9a81d104-d3ef-e73d-23a1-f7a5cb318d16,0,benign_login,0,NoAlert,A_AUTH,6.2
2026081412,70f3c6bb-ad14-6d01-a3de-2f682204dc78,0,benign_status,0,NoAlert,A_STATUS,22.202
2026081412,1f328a0c-061f-53f7-4179-59441a4e0a46,0,benign_status,0,NoAlert,A_STATUS,6.2
2026081412,a156a82f-7228-b147-2ae7-b7a56a7ed66d,1,admin_probe,1,Violation,D_ADMIN,6.301
2026081412,0cb873b9-97a1-2fa3-c171-a024979036f0,0,benign_status,0,NoAlert,A_STATUS,6.2
2026081412,2b09db08-c8d3-58b7-fca6-9e927ed114ad,0,benign_status,0,NoAlert,A_STATUS,6.301
2026081412,1809cd57-6646-8b6e-0224-c4edbfbd8685,0,benign_status,0,NoAlert,A_STATUS,6.1
2026081412,4405092b-9274-aeb6-3c20-93c7024ab09e,0,benign_status,0,NoAlert,A_STATUS,5.9
2026081412,21779d7a-6923-fbb3-f161-80a42cc8547c,0,benign_status,0,NoAlert,A_STATUS,5.9
2026081412,e52e3523-bc0a-fe67-4704-57954bad62c6,0,benign_status,0,NoAlert,A_STATUS,6.0
2026081412,703d1f4b-8c6f-da90-bc95-611ab7378d27,1,bruteforce,0,NoAlert,A_AUTH_FAIL_SINGLE,7.801
2026081412,52cffb62-4a2f-462d-2373-02b199cf0526,1,bruteforce,0,NoAlert,A_AUTH_FAIL_SINGLE,7.8
2026081412,300a8c33-e0d4-022e-524a-f9ddeace8368,1,bruteforce,0,NoAlert,A_AUTH_FAIL_SINGLE,7.7
2026081412,63d97851-337a-b73e-3ab4-9719ea9683d5,1,bruteforce,1,Violation,D_BRUTEFORCE,8.401
2026081412,eb80a8e8-cbfe-cd3e-3b07-c9f3b5953620,1,bruteforce,1,Violation,D_BRUTEFORCE,8.5
2026081412,cc310e9e-e87b-50bb-9df6-585bb6903e89,0,benign_public,0,NoAlert,A_PUBLIC,6.301
2026081412,8d0ac385-33f8-b041-f6e5-08e3382d0278,0,benign_status,0,NoAlert,A_STATUS,6.2
2026081412,b632501c-ebfb-2b9d-ffe4-baa28133e786,0,benign_login,0,NoAlert,A_AUTH,6.101
2026081412,4090b445-dc98-a5d7-402c-3fdb1ede3df7,0,benign_login,0,NoAlert,A_AUTH,6.3
2026081412,ed2ed70c-5eb7-8689-d251-487a32338dc0,0,benign_public,0,NoAlert,A_PUBLIC,6.3
2026081412,680b56dc-b44a-59c4-a208-fa29b01cf32e,0,benign_status,0,NoAlert,A_STATUS,6.2
2026081412,18803678-4e6f-c641-a626-7dc08ffa74d8,0,benign_login,0,NoAlert,A_AUTH,6.3
2026081412,9bb758cf-868d-e02f-8b12-0215c90eb013,0,benign_public,0,NoAlert,A_PUBLIC,6.101
2026081412,041c7e34-b7e3-217a-be94-501409bc23b6,0,benign_status,0,NoAlert,A_STATUS,6.2
2026081412,8a9936fa-ce17-5d36-e876-e2e24bc528f2,0,benign_public,0,NoAlert,A_PUBLIC,6.201
2026081412,23390e17-6415-1d87-2322-33cc340c2608,0,benign_status,0,NoAlert,A_STATUS,6.3
2026081412,23d51e5d-b350-dc92-3a43-d58207cb3307,0,benign_login,0,NoAlert,A_AUTH,6.101
2026081412,b67aefce-37b3-c4d3-e32f-3ae752636c3f,0,benign_login,0,NoAlert,A_AUTH,6.2
2026081412,07b81979-e3df-b695-8933-2586ef152166,0,benign_status,0,NoAlert,A_STATUS,6.0
2026081412,c0bfb643-2308-4a0c-309e-b0318b6b4438,0,benign_login,0,NoAlert,A_AUTH,6.0
2026081412,a0bc0e84-bd0e-3b1a-8d34-c0ba581e7f24,0,benign_login,0,NoAlert,A_AUTH,5.9
2026081412,96a55d8e-9610-8813-91ea-12c140faeecf,1,path_traversal,1,Violation,D_TRAVERSAL,6.501
2026081412,a39ed4a1-d5d0-4810-d850-0784ebb85a47,0,benign_public,0,NoAlert,A_PUBLIC,5.8
2026081412,622c3089-90b6-7a04-2c33-1954a3ce0230,1,command_probe,1,Violation,D_COMMAND,6.401
2026081412,951c2143-f1c0-57cd-e663-7417611fb232,0,benign_status,0,NoAlert,A_STATUS,5.9
2026081412,93d5d92c-9850-92cd-0dee-05d732f743fd,0,benign_public,0,NoAlert,A_PUBLIC,6.101
2026081412,cf95e208-1e78-7a53-6ce7-babe1508a0e8,0,benign_public,0,NoAlert,A_PUBLIC,9.7
2026081412,0e50eda8-54dd-ab1b-e329-f9495d3e5709,0,benign_public,0,NoAlert,A_PUBLIC,6.501
2026081412,201d47b8-3708-59b3-0bc1-5a8043bcb8b8,1,path_traversal,1,Violation,D_TRAVERSAL,6.3
2026081412,4c18be7a-0f13-c0a5-1893-4a52ea8e7e2d,0,benign_status,0,NoAlert,A_STATUS,6.301
2026081412,d025a44a-048e-f2e8-9fd7-ee92f294ec5e,1,bruteforce,0,NoAlert,A_AUTH_FAIL_SINGLE,8.5
2026081412,285be107-f50e-4561-e6f1-a64042b2ee76,1,bruteforce,0,NoAlert,A_AUTH_FAIL_SINGLE,8.201
2026081412,697b087c-75e8-7abb-1245-13a701b2481a,1,bruteforce,0,NoAlert,A_AUTH_FAIL_SINGLE,8.1
2026081412,bd39c1b8-884c-1747-2588-ab7f26caf050,1,bruteforce,1,Violation,D_BRUTEFORCE,8.701
2026081412,54099702-1f7c-d1d9-4adb-8b9cdadc3ab0,1,bruteforce,1,Violation,D_BRUTEFORCE,8.801
2026081412,d73acd35-2414-8841-d6a9-61623ba92143,0,benign_status,0,NoAlert,A_STATUS,6.4
2026081412,72a37eee-3a03-9971-86bd-48310776a6a4,0,benign_public,0,NoAlert,A_PUBLIC,6.101
2026081412,f782453f-3bc7-d7e1-ccd6-aa827130da01,0,benign_status,0,NoAlert,A_STATUS,6.1
2026081412,c32dce26-9558-9b1d-a59b-2dcdb6f4b19e,0,benign_public,0,NoAlert,A_PUBLIC,5.9
2026081412,c94f1e3b-c5da-5094-9640-0c1c34c5e153,0,benign_login,0,NoAlert,A_AUTH,6.1
2026081412,df84ba28-b894-31ca-5dd9-d4b6d3c5e39f,1,path_traversal,1,Violation,D_TRAVERSAL,6.1
2026081412,4daf1ae4-0ae8-ba3b-6cbc-d8a49a6bb5e8,0,benign_public,0,NoAlert,A_PUBLIC,6.101
2026081412,b47d5850-1201-e352-6fea-af6071fd16f5,0,benign_status,0,NoAlert,A_STATUS,6.1
2026081412,3ceed709-f84c-9d84-71bd-b9763b9c893a,0,benign_status,0,NoAlert,A_STATUS,5.901
2026081412,0f4bc14d-6e81-50f4-fa2c-0226667ba560,0,benign_login,0,NoAlert,A_AUTH,6.1
2026081412,9350b180-225f-6e1f-3780-de3e2b49a1c8,0,benign_status,0,NoAlert,A_STATUS,6.201
2026081412,1bfecb67-5403-4975-25f5-d57d62e08296,0,benign_login,0,NoAlert,A_AUTH,8.2
2026081412,86440f32-217a-3202-cf40-c836a4fb91b4,1,bruteforce,0,NoAlert,A_AUTH_FAIL_SINGLE,8.601
2026081412,ba2eda60-8442-ed33-3ab4-7b539601e1fb,1,bruteforce,0,NoAlert,A_AUTH_FAIL_SINGLE,8.4
2026081412,9ccc0e8c-35dd-5905-6114-62e716dcf83b,1,bruteforce,0,NoAlert,A_AUTH_FAIL_SINGLE,8.301
2026081412,c35019ba-fbaa-a13f-37d7-201abe527677,1,bruteforce,1,Violation,D_BRUTEFORCE,9.001
2026081412,4007b271-f835-1c05-1f93-84f075d8a6fa,1,bruteforce,1,Violation,D_BRUTEFORCE,9.0
2026081412,25abf39e-584d-a0b8-00d2-3f6b662524f3,0,benign_public,0,NoAlert,A_PUBLIC,20.502
2026081412,f88dd8c9-c314-50cb-0af1-f029185ea9c5,0,benign_public,0,NoAlert,A_PUBLIC,13.601
2026081412,53d4d97e-a971-de71-fd17-173c3b4d0882,0,benign_public,0,NoAlert,A_PUBLIC,8.7
2026081412,7ac01352-dcbc-0046-c44a-77599fab8bf5,0,benign_status,0,NoAlert,A_STATUS,7.501
2026081412,463b9c33-8842-834a-0bd5-30d14832a19f,0,benign_status,0,NoAlert,A_STATUS,6.6
2026081412,140e5058-704f-308e-484f-5b447e914d9b,0,benign_login,0,NoAlert,A_AUTH,66.305
2026081412,2f854879-db8c-4130-8bde-fea531815eb9,0,benign_public,0,NoAlert,A_PUBLIC,13.401
2026081412,d0af9953-33d7-0043-0dd9-f861abd59bd9,0,benign_login,0,NoAlert,A_AUTH,35.702
2026081412,dc2eebad-479c-5693-3da0-a238d49f55ef,1,bruteforce,0,NoAlert,A_AUTH_FAIL_SINGLE,11.401
2026081412,5c63d2ee-998c-9bd6-0ce4-637e4a57deb8,1,bruteforce,0,NoAlert,A_AUTH_FAIL_SINGLE,44.403
2026081412,9c4a3694-c20a-9ab2-171b-47589db0316b,1,bruteforce,0,NoAlert,A_AUTH_FAIL_SINGLE,10.401
2026081412,2ae546e6-62f1-eb88-e7ff-0dfd62314fe7,1,bruteforce,1,Violation,D_BRUTEFORCE,9.6
2026081412,a5a2a69e-fe01-88e3-ae52-b5cf911d2cfa,1,bruteforce,1,Violation,D_BRUTEFORCE,9.101
2026081412,d0098f03-e296-41f0-7b2f-ca644bd02281,0,benign_login,0,NoAlert,A_AUTH,10.501
2026081412,6e8cd5b5-9f45-a3ea-dcf5-3b0266b77d70,0,benign_status,0,NoAlert,A_STATUS,6.7
2026081412,78f3cffa-9737-cc90-486b-690d64a700b5,0,benign_public,0,NoAlert,A_PUBLIC,6.401
2026081412,a79f5948-a896-a92e-3ee0-aaeacea82463,0,benign_login,0,NoAlert,A_AUTH,6.3
2026081412,c1508ece-d949-0d25-e071-4496f03f526b,0,benign_login,0,NoAlert,A_AUTH,6.4
2026081412,6397fb34-761c-a914-ceae-91394c0d752f,0,benign_public,0,NoAlert,A_PUBLIC,6.201
2026081412,2d23b480-ee2a-4a34-dfc2-33b46ab3b1a6,0,benign_login,0,NoAlert,A_AUTH,6.1
2026081412,0a26e28d-0e8b-5bc9-b313-d5b0382288a2,1,path_traversal,1,Violation,D_TRAVERSAL,6.301
2026081412,b123d5bb-4831-e61c-42dc-7c627da8ad88,0,benign_public,0,NoAlert,A_PUBLIC,6.3
2026081412,c571e49b-f1c4-64ad-6536-edec46853f09,0,benign_status,0,NoAlert,A_STATUS,6.201
2026081412,f7d09ca7-7f6a-0258-fff6-c18ba26456e9,0,benign_status,0,NoAlert,A_STATUS,5.9
2026081412,c9abca27-163d-a0a0-db09-2a4884e22522,0,benign_public,0,NoAlert,A_PUBLIC,6.001
2026081412,26bece9e-669c-9933-3b35-d0d500aa09b8,0,benign_status,0,NoAlert,A_STATUS,6.3
2026081412,2ccb697f-29f9-8e82-3b4e-0ec523602f35,0,benign_login,0,NoAlert,A_AUTH,6.6
2026081412,f7b08860-e290-b517-9b33-d281159362a6,0,benign_status,0,NoAlert,A_STATUS,33.502
2026081412,7a3a9fa5-7b23-ceca-7404-7740d1f00f39,0,benign_public,0,NoAlert,A_PUBLIC,9.4
2026081412,ece43719-bbba-1604-8482-7a1ed53d776f,0,benign_public,0,NoAlert,A_PUBLIC,28.402
2026081412,305238ae-8e6c-f8cf-ba59-19e8a5a8833e,0,benign_login,0,NoAlert,A_AUTH,11.901
2026081412,07b89e78-e471-dcb3-df89-5a24bb668918,0,benign_public,0,NoAlert,A_PUBLIC,7.801
2026081412,c2464adf-d630-0bba-5bc3-59da423c35a6,0,benign_public,0,NoAlert,A_PUBLIC,67.004
2026081412,f66cf365-9f15-b603-fc94-9b7c569a215a,0,benign_status,0,NoAlert,A_STATUS,12.201
2026081412,bb8faa10-64f6-3ad2-1068-3743b827a6a2,0,benign_public,0,NoAlert,A_PUBLIC,8.101
2026081412,dde322f5-ffb0-f842-ea2b-06f8fa1cc9aa,1,bruteforce,0,NoAlert,A_AUTH_FAIL_SINGLE,10.2
2026081412,847b5ffb-fb2d-8b2a-88b2-817d82fc2c7c,1,bruteforce,0,NoAlert,A_AUTH_FAIL_SINGLE,9.201
2026081412,ec7bd038-83ee-0b1b-5cb7-a96f486e9cfa,1,bruteforce,0,NoAlert,A_AUTH_FAIL_SINGLE,8.801
2026081412,b9dc3a93-2f44-4043-e1ae-145b1174aeea,1,bruteforce,1,Violation,D_BRUTEFORCE,9.6
2026081412,df4f0e17-d2ae-38fe-94f0-16348fe4ba15,1,bruteforce,1,Violation,D_BRUTEFORCE,9.601
2026081412,26891740-1e0a-d942-8b01-90ddf3c0fd0d,0,benign_public,0,NoAlert,A_PUBLIC,6.7
2026081412,0cac18d9-3a62-2b98-1070-e5c27f05d986,1,command_probe,1,Violation,D_COMMAND,7.0
2026081412,8a7619e0-cd25-1d14-a221-dda215d5302a,1,path_traversal,1,Violation,D_TRAVERSAL,6.5
2026081412,4fdb97b6-b636-3282-0bc3-7ef8191faea0,0,benign_public,0,NoAlert,A_PUBLIC,6.6
2026081412,efaf5b74-aae5-a980-1921-5d2e850aa8b0,0,benign_public,0,NoAlert,A_PUBLIC,6.3
2026081412,ffa12b44-3c66-855c-44b5-163c2b878b0e,1,command_probe,1,Violation,D_COMMAND,6.401
2026081412,92dc9df2-a63d-9ffe-de2a-a08bc10012de,0,benign_status,0,NoAlert,A_STATUS,6.3
2026081412,0508ed2e-e188-7358-e953-ad7237439b4d,0,benign_login,0,NoAlert,A_AUTH,6.501
2026081412,0a1fd268-383e-a9d9-124f-ee2df22a0038,0,benign_public,0,NoAlert,A_PUBLIC,6.7
2026081412,a40a5eb5-1679-1fdc-d541-99c5246e1add,0,benign_login,0,NoAlert,A_AUTH,6.401
2026081412,277574a8-f534-6598-b927-d56775315e68,0,benign_public,0,NoAlert,A_PUBLIC,6.3
2026081412,687b3ea1-aeea-9ebd-3115-4d4e5a903af1,0,benign_login,0,NoAlert,A_AUTH,6.301
2026081412,3af1b01f-7d76-91f0-04ab-120d975106ac,0,benign_status,0,NoAlert,A_STATUS,6.3
2026081412,ed67c567-323d-efd4-5abe-5df2ea704b21,0,benign_public,0,NoAlert,A_PUBLIC,6.101
2026081412,f5bea465-2d01-09f0-68df-8dfe04c7813b,0,benign_login,0,NoAlert,A_AUTH,6.3
2026081412,7a0f7426-7cbc-e7c7-d839-bf5606dcde1f,1,bruteforce,0,NoAlert,A_AUTH_FAIL_SINGLE,8.501
2026081412,95b2be80-a6af-e0b8-3c41-cceed43838cb,1,bruteforce,0,NoAlert,A_AUTH_FAIL_SINGLE,8.3
2026081412,228e858e-b1eb-c29c-42ad-bd4701d596a3,1,bruteforce,0,NoAlert,A_AUTH_FAIL_SINGLE,8.301
2026081412,2dadf866-0273-0d3d-526b-c13fcfe03301,1,bruteforce,1,Violation,D_BRUTEFORCE,9.3
2026081412,0df08ff3-c658-725a-ad1b-c0b8df1f6144,1,bruteforce,1,Violation,D_BRUTEFORCE,9.4
2026081412,8b8569a9-22b1-a533-07da-b646d06bcab0,0,benign_login,0,NoAlert,A_AUTH,6.401
2026081412,f0625339-5504-f60c-fa5a-6cbcc541e682,0,benign_status,0,NoAlert,A_STATUS,6.3
2026081412,2fe59664-8cf4-c23e-d730-18cac47c76d8,0,benign_status,0,NoAlert,A_STATUS,6.3
2026081412,89026c29-d9e9-079f-76b4-abc5d8c76642,0,benign_public,0,NoAlert,A_PUBLIC,6.4
2026081412,28aa0de8-eeb4-41e9-0bdf-89df1cd64b97,0,benign_public,0,NoAlert,A_PUBLIC,6.3
2026081412,588a3d73-b28c-00d9-052c-863a54a4a19d,1,bruteforce,0,NoAlert,A_AUTH_FAIL_SINGLE,8.4
2026081412,df632e8f-6569-3f1a-ccc3-41666d526bd4,1,bruteforce,0,NoAlert,A_AUTH_FAIL_SINGLE,8.201
2026081412,a54dee81-9a69-8f21-9874-ea321a5db5ff,1,bruteforce,0,NoAlert,A_AUTH_FAIL_SINGLE,8.1
2026081412,f043a539-1669-f514-40c2-d842d15635ed,1,bruteforce,1,Violation,D_BRUTEFORCE,9.301
2026081412,8fab2e22-7735-3ad4-deff-a0823532b734,1,bruteforce,1,Violation,D_BRUTEFORCE,9.2
2026081412,04a0bf2d-77ac-7ca9-3e8b-857dcec8f78c,0,benign_public,0,NoAlert,A_PUBLIC,6.5
2026081412,0cb47b8f-c045-1381-40bc-acff38d43318,0,benign_login,0,NoAlert,A_AUTH,6.6
2026081412,6ab2d207-ac94-4fc2-fb39-946ea1176dfb,0,benign_login,0,NoAlert,A_AUTH,6.501
2026081412,154749a7-cada-acd9-a37c-81e87d5d4964,0,benign_login,0,NoAlert,A_AUTH,6.4
2026081412,4feb1c5e-8d7d-7c86-92bd-9c2e0a4fea94,1,bruteforce,0,NoAlert,A_AUTH_FAIL_SINGLE,8.301
2026081412,310ba71a-aeb0-182c-6d00-8b24eb2b1b59,1,bruteforce,0,NoAlert,A_AUTH_FAIL_SINGLE,8.201
2026081412,4fce7cad-a17d-16d1-f87d-b4f54e5869ae,1,bruteforce,0,NoAlert,A_AUTH_FAIL_SINGLE,8.1
2026081412,8be8c4e0-f373-0299-856d-117ed427698d,1,bruteforce,1,Violation,D_BRUTEFORCE,9.101
2026081412,302d7e1e-97c0-b325-5b08-7d79a4dffac2,1,bruteforce,1,Violation,D_BRUTEFORCE,9.1
2026081412,4a239006-8a5a-7db4-95a2-ec16d8705b81,0,benign_login,0,NoAlert,A_AUTH,6.601
2026081412,ca82f5ac-da87-169a-d078-a7b6a5909437,0,benign_status,0,NoAlert,A_STATUS,6.7
2026081412,1df72930-a24d-b41a-8b6b-e2c9afffc15e,0,benign_status,0,NoAlert,A_STATUS,6.401
2026081412,42a95fa5-1f7d-c48a-d7c5-9160bd1222db,0,benign_status,0,NoAlert,A_STATUS,6.2
2026081412,ed5f1584-678b-1017-e8fe-e58d6291fbeb,1,admin_probe,1,Violation,D_ADMIN,6.601
2026081412,448ef2c7-0541-4572-e8d5-4e698f8dce1a,0,benign_login,0,NoAlert,A_AUTH,6.4
2026081412,a03252ab-4180-0115-6963-75c9047773e9,0,benign_public,0,NoAlert,A_PUBLIC,6.401
2026081412,d483eb96-e2a6-e1c6-f0d9-29c1b1847315,0,benign_public,0,NoAlert,A_PUBLIC,6.4
2026081412,a235e204-314e-b197-7a46-ec3bbb564311,1,path_traversal,1,Violation,D_TRAVERSAL,6.601
2026081412,0fe63180-ec93-5a31-5acf-fdde27580e5d,0,benign_public,0,NoAlert,A_PUBLIC,31.102
2026081412,8135494f-f0ce-a664-8426-ae23be9e0e9d,0,benign_public,0,NoAlert,A_PUBLIC,12.2
2026081412,246db259-911e-bcc3-62d6-bfcd3ae1632e,0,benign_login,0,NoAlert,A_AUTH,7.9
2026081412,03d0e782-8d8f-7d09-7954-26705ca80bab,1,command_probe,1,Violation,D_COMMAND,7.401
2026081412,3e8507c1-3f46-65ba-2842-dd28d2f45820,0,benign_login,0,NoAlert,A_AUTH,6.6
2026081412,e573b7cc-adbb-dc59-6f97-45aeebe8214c,0,benign_status,0,NoAlert,A_STATUS,6.701
2026081412,5a2c7fae-7fa9-e34f-786c-bfa03915dcee,0,benign_login,0,NoAlert,A_AUTH,6.5
2026081412,699d8c4d-3655-6352-7fa2-e155f8d0b9e1,0,benign_status,0,NoAlert,A_STATUS,6.701
2026081412,09ac9023-4596-dcba-a81b-4c8b54f32084,0,benign_status,0,NoAlert,A_STATUS,6.5
2026081412,afbf3c94-c817-ee7a-38c8-f37e44b2dce7,0,benign_login,0,NoAlert,A_AUTH,6.501
2026081412,26a059de-9078-19b6-da1d-c92ac9be0f87,0,benign_public,0,NoAlert,A_PUBLIC,6.5
2026081412,9b8b6a4d-bbd9-0314-7550-d82a6bf24a74,0,benign_status,0,NoAlert,A_STATUS,6.5
2026081412,971378db-669c-7f57-eafa-78d8a22db783,0,benign_login,0,NoAlert,A_AUTH,6.301
2026081412,3840df40-76fc-8207-a046-3b0191af82da,0,benign_status,0,NoAlert,A_STATUS,6.4
2026081412,2e0bd7fb-3285-1ea0-115c-6089bc122cd7,0,benign_login,0,NoAlert,A_AUTH,6.601
2026081412,39e095a2-11b1-bef6-50cc-dc46488b6c8a,0,benign_login,0,NoAlert,A_AUTH,6.4
2026081412,9582a726-a96d-3556-e1b3-853d745664b5,1,bruteforce,0,NoAlert,A_AUTH_FAIL_SINGLE,9.901
2026081412,6291eaf2-1026-25c8-d09c-b00e128b2b6e,1,bruteforce,0,NoAlert,A_AUTH_FAIL_SINGLE,8.901
2026081412,41e2158d-dd7b-c0e8-8953-fbe9bb78d57f,1,bruteforce,0,NoAlert,A_AUTH_FAIL_SINGLE,8.8
2026081412,7546cd6c-3a1b-001e-9b88-7a78773bc4bc,1,bruteforce,1,Violation,D_BRUTEFORCE,9.601
2026081412,be97273f-0427-465f-4401-7ed53d21c124,1,bruteforce,1,Violation,D_BRUTEFORCE,9.401
2026081412,7177bad8-0bc8-f5b2-2c98-2ee2feec34a8,0,benign_login,0,NoAlert,A_AUTH,6.7
2026081412,fa13fa7c-cba4-1ce4-1b4e-75402fbb3399,1,bruteforce,1,Violation,D_BRUTEFORCE,9.501
2026081412,28d4a516-35e5-cfc4-50e4-4d1737683271,1,bruteforce,1,Violation,D_BRUTEFORCE,9.7
2026081412,ecbf45e2-a2ab-6d40-1e96-5566d2a8b499,1,bruteforce,1,Violation,D_BRUTEFORCE,9.201
2026081412,3ee51afd-1818-ab74-5087-6b7f36228c49,1,bruteforce,1,Violation,D_BRUTEFORCE,9.201
2026081412,e7fa2e4a-74f5-563f-87c1-a7a22d48f9ce,1,bruteforce,1,Violation,D_BRUTEFORCE,9.1
2026081412,3f25bad7-90d7-d209-2383-3304da000b35,0,benign_login,0,NoAlert,A_AUTH,6.801
2026081412,a121c411-d438-61ac-a14a-0c27dde7f67a,0,benign_public,0,NoAlert,A_PUBLIC,6.6
2026081412,da2b3f6b-a36b-d4eb-7626-698ad3d2d525,1,bruteforce,0,NoAlert,A_AUTH_FAIL_SINGLE,8.501
2026081412,6039c793-46bb-f52b-e7ef-626fbff96ab6,1,bruteforce,0,NoAlert,A_AUTH_FAIL_SINGLE,8.3
2026081412,47a08c1f-f9a0-fd56-cf77-3134399febb7,1,bruteforce,0,NoAlert,A_AUTH_FAIL_SINGLE,8.3
2026081412,c0d46daf-9275-abc9-b0c2-54de76441f1a,1,bruteforce,1,Violation,D_BRUTEFORCE,9.201
2026081412,61a43f8c-2ba4-87d9-1e7b-11c406d3b215,1,bruteforce,1,Violation,D_BRUTEFORCE,9.1
2026081412,bf54829b-04de-0bfc-d413-b7328b9a6b9b,0,benign_login,0,NoAlert,A_AUTH,6.601
2026081412,099f88da-29e8-a812-9cbd-1ef15b44a781,1,bruteforce,1,Violation,D_BRUTEFORCE,9.1
2026081412,5baca5ad-2688-1b83-a99f-3748022dcf36,1,bruteforce,1,Violation,D_BRUTEFORCE,9.1
2026081412,3ac8dbd7-81bd-92dd-ba0b-00516f87d6d8,1,bruteforce,1,Violation,D_BRUTEFORCE,9.201
2026081412,7399d13c-3f9f-fc9e-fed9-48e7f13c51fe,1,bruteforce,1,Violation,D_BRUTEFORCE,9.0
2026081412,eeeaa46b-5de5-c03b-b36f-5fcd51829ed2,1,bruteforce,1,Violation,D_BRUTEFORCE,9.101
2026081412,8a4c6bbc-4b09-2c02-9d53-4fd012180385,0,benign_public,0,NoAlert,A_PUBLIC,6.801
2026081412,a9d8aaad-eafc-49de-c013-3e7a31a2e8bd,0,benign_public,0,NoAlert,A_PUBLIC,6.6
2026081412,c00dff33-307b-369a-da35-1128958cc90b,0,benign_public,0,NoAlert,A_PUBLIC,6.601
2026081412,04198477-cca5-3fe5-586c-d665d9e0ad8f,0,benign_login,0,NoAlert,A_AUTH,6.8
2026081412,05683025-4aef-ac45-092b-ed17a7c0d39e,0,benign_status,0,NoAlert,A_STATUS,6.7
2026081412,80a856e2-c303-69ec-8885-dff94e44327e,0,benign_public,0,NoAlert,A_PUBLIC,6.9
2026081412,1ca05be3-ba42-0ac9-9a7b-44799834773e,0,benign_login,0,NoAlert,A_AUTH,6.5
2026081412,d6e1717c-ac13-9198-ab58-3878e4a43ef0,0,benign_login,0,NoAlert,A_AUTH,6.401
2026081412,34957420-6ad6-b78e-4666-9a47b4b4380b,1,path_traversal,1,Violation,D_TRAVERSAL,6.7
2026081412,eda65f1d-a21d-aea5-a531-7ca2c236628f,0,benign_status,0,NoAlert,A_STATUS,6.501
2026081412,5f99046f-42b9-2cc4-9070-2b1d5612c93c,0,benign_public,0,NoAlert,A_PUBLIC,6.4
2026081412,20a01a39-4f6b-d68d-c643-b421394a1908,0,benign_public,0,NoAlert,A_PUBLIC,6.301
2026081412,0e23abbf-9427-2171-a473-71714369a2a3,1,path_traversal,1,Violation,D_TRAVERSAL,6.4
2026081412,eeb70353-11f8-a260-7246-d7cd1c519109,1,bruteforce,0,NoAlert,A_AUTH_FAIL_SINGLE,8.701
2026081412,ee5cea2a-2baf-a180-b084-9a8d8c709d7a,1,bruteforce,0,NoAlert,A_AUTH_FAIL_SINGLE,8.6
2026081412,123746f9-21ba-9d03-fbd7-2f2c5c39c5ea,1,bruteforce,0,NoAlert,A_AUTH_FAIL_SINGLE,8.401
2026081412,51bc1dcf-992d-1225-6cab-3c5a276eb41a,1,bruteforce,1,Violation,D_BRUTEFORCE,9.101
2026081412,3ef8e948-45cc-b108-fb30-c4d0affb1562,1,bruteforce,1,Violation,D_BRUTEFORCE,9.0
2026081412,1d8f0ca1-5d39-2063-2ba0-375c844d01a4,0,benign_public,0,NoAlert,A_PUBLIC,6.601
2026081412,a413a7e4-2d18-d293-4d8c-a9b0bc72cd8f,0,benign_login,0,NoAlert,A_AUTH,6.5
2026081412,374fd865-5c94-136c-7380-02e69ba6aaee,0,benign_status,0,NoAlert,A_STATUS,6.601
2026081412,93dd1642-e7c0-1151-a4da-819ab039b550,1,bruteforce,0,NoAlert,A_AUTH_FAIL_SINGLE,8.7
2026081412,8e91b0c2-4db5-17d7-c034-b25eb45b366e,1,bruteforce,0,NoAlert,A_AUTH_FAIL_SINGLE,8.501
2026081412,4f64b723-59c3-0919-da68-41b96eb19826,1,bruteforce,0,NoAlert,A_AUTH_FAIL_SINGLE,8.3
2026081412,9badff8e-9690-259d-01a6-44dfe67b1f13,1,bruteforce,1,Violation,D_BRUTEFORCE,9.1
2026081412,269f3e14-574e-46bf-ba0f-40670105e4c2,1,bruteforce,1,Violation,D_BRUTEFORCE,9.401
2026081412,af2ac64c-c014-73eb-08e5-d687daff5a39,0,benign_status,0,NoAlert,A_STATUS,6.7
2026081412,4bc3816d-cb8e-0013-2be9-5e300148feb2,0,benign_status,0,NoAlert,A_STATUS,6.601
2026081412,8c763c90-728f-3406-785c-38a35ad9ace2,0,benign_public,0,NoAlert,A_PUBLIC,6.8
2026081412,7f82427d-284a-f494-62ef-bf2aade7980a,0,benign_public,0,NoAlert,A_PUBLIC,6.301
2026081412,4be2e89d-9a7f-e79f-3b79-0db73f7cf4dd,0,benign_public,0,NoAlert,A_PUBLIC,6.3
2026081412,fcbfafe9-3905-6f2f-d538-a05634d8c2a3,0,benign_login,0,NoAlert,A_AUTH,6.401
2026081412,58826d6e-38cf-db0c-e270-939b003ae77a,0,benign_login,0,NoAlert,A_AUTH,6.3
2026081412,8a0fc36c-49a2-d2ba-a57d-d90f6ba7ab83,0,benign_login,0,NoAlert,A_AUTH,6.601
2026081412,27c2dda5-2c89-1f65-1186-73af1ae68b65,0,benign_login,0,NoAlert,A_AUTH,6.4
2026081412,a362cd17-ac47-942c-5d86-edd1bcae000e,0,benign_public,0,NoAlert,A_PUBLIC,6.5
2026081412,917220ee-eddc-1bf0-7fa2-faa904d8ae71,0,benign_login,0,NoAlert,A_AUTH,6.201
2026081412,b56cdeea-cb44-8953-5644-82d61901150e,0,benign_login,0,NoAlert,A_AUTH,6.5
2026081412,633b06e1-52f1-5d1e-18f8-e1068866b6b3,0,benign_status,0,NoAlert,A_STATUS,6.301
2026081412,978014aa-b26c-d17a-e736-358eba929e14,0,benign_login,0,NoAlert,A_AUTH,6.2
2026081412,49a9900d-f286-cd5b-ce80-790c062413a2,1,bruteforce,0,NoAlert,A_AUTH_FAIL_SINGLE,8.401
2026081412,143e6dca-97da-db4d-6749-a30aee58e1c9,1,bruteforce,0,NoAlert,A_AUTH_FAIL_SINGLE,8.4
2026081412,a15c78e1-cb49-1396-d851-45c64aabf24b,1,bruteforce,0,NoAlert,A_AUTH_FAIL_SINGLE,8.201
2026081412,95b52044-acf8-4172-25ad-c19b76b80a9c,1,bruteforce,1,Violation,D_BRUTEFORCE,9.201
2026081412,d584339c-9c83-1ca1-baeb-d7269f86171b,1,bruteforce,1,Violation,D_BRUTEFORCE,8.8
2026081412,c1d2bc46-2bf5-fab2-ff26-23eaeafefa18,1,path_traversal,1,Violation,D_TRAVERSAL,6.801
2026081412,df7d7696-58ea-2be2-e7f5-651996bf8e04,0,benign_public,0,NoAlert,A_PUBLIC,6.4
2026081412,e4f78e04-ae0c-10c3-9edf-7acdf4c53a7a,0,benign_status,0,NoAlert,A_STATUS,6.501
2026081412,06343ee0-48ca-9885-e882-942daeefa8b4,0,benign_login,0,NoAlert,A_AUTH,6.3
2026081412,2f49402c-4a1c-f952-a299-c31779de4bc9,0,benign_login,0,NoAlert,A_AUTH,6.301
2026081412,714781a3-9b3a-a481-f8be-9a0cfdefb2bb,0,benign_login,0,NoAlert,A_AUTH,6.2
2026081412,8bbe6bcc-b411-9cca-b904-8607bcaa535d,0,benign_login,0,NoAlert,A_AUTH,6.3
2026081412,9a15b0f3-49fd-4c52-d818-2d157073ef60,0,benign_public,0,NoAlert,A_PUBLIC,6.4
2026081412,b8f15f90-5174-a942-8f7f-ea9463a7d57f,0,benign_status,0,NoAlert,A_STATUS,6.3
2026081412,f4e53b53-8687-d267-717e-88fc1fc94356,0,benign_status,0,NoAlert,A_STATUS,6.101
2026081412,6bf6f38c-4b04-d094-ad1d-4a63ec6aaa1e,0,benign_status,0,NoAlert,A_STATUS,6.3
2026081412,b6a9a812-2f14-da59-9164-57ed918ad089,0,benign_login,0,NoAlert,A_AUTH,6.201
2026081412,f130f191-5a12-14f1-6057-18bd1f52911d,0,benign_public,0,NoAlert,A_PUBLIC,6.2
2026081412,12826bff-13e6-96c4-74bc-8b338bdabcfc,0,benign_login,0,NoAlert,A_AUTH,6.101
2026081412,ae37fda6-4765-b18f-9cde-859156461e78,1,admin_probe,1,Violation,D_ADMIN,6.5
2026081412,753670dd-98ca-3ad4-407b-3dcb9d0901d5,0,benign_login,0,NoAlert,A_AUTH,6.301
2026081412,7dee640e-8010-f381-046d-f9d98aabaa00,0,benign_login,0,NoAlert,A_AUTH,6.6
2026081412,a39c0903-0771-22d3-ce91-5cea36071d9c,1,command_probe,1,Violation,D_COMMAND,6.6
2026081412,0b9295a1-3640-8a00-211f-54e7150a0652,0,benign_login,0,NoAlert,A_AUTH,6.3
2026081413,a66c4fc0-794a-bc8c-75cd-cd367e664053,0,benign_public,0,NoAlert,A_PUBLIC,34.602
2026081413,c7917c43-787a-c471-fd2c-fe880504fd0d,0,benign_login,0,NoAlert,A_AUTH,10.4
2026081413,cae73d70-5f80-6341-447d-8951f1b72de4,0,benign_status,0,NoAlert,A_STATUS,8.3
2026081413,27b5595b-7ba9-8814-d825-01605f742b7a,0,benign_public,0,NoAlert,A_PUBLIC,7.201
2026081413,1dc674bf-829e-5941-637b-d25bb7b80163,0,benign_public,0,NoAlert,A_PUBLIC,7.1
2026081413,488981aa-72c9-ed77-6764-bf1b62b4b94e,1,bruteforce,0,NoAlert,A_AUTH_FAIL_SINGLE,15.401
2026081413,c2baab6f-e24c-cc35-e6e6-006d8672210e,1,bruteforce,0,NoAlert,A_AUTH_FAIL_SINGLE,10.401
2026081413,8f0ba0bb-b902-6416-f6a4-7196363e05a0,1,bruteforce,0,NoAlert,A_AUTH_FAIL_SINGLE,9.201
2026081413,6dcf048d-e47b-8dae-da5d-a48b46ecd8c3,1,bruteforce,1,Violation,D_BRUTEFORCE,12.701
2026081413,c51f5eb7-d2ad-dfe6-76e0-31882c2317a8,1,bruteforce,1,Violation,D_BRUTEFORCE,9.6
2026081413,af3a3afb-d4b0-5e49-513c-f4f9b39128c2,0,benign_public,0,NoAlert,A_PUBLIC,6.701
2026081413,247c1051-4b6e-9afc-39c2-ff3e87282052,0,benign_public,0,NoAlert,A_PUBLIC,6.7
2026081413,31d58c09-7904-f0a7-125c-022344542925,0,benign_login,0,NoAlert,A_AUTH,6.201
2026081413,ee24ccaf-9b37-750e-8e81-dd7878bb8c83,0,benign_login,0,NoAlert,A_AUTH,6.3
2026081413,de34cf32-c972-9f8a-c9bb-2a6bc8d592db,1,bruteforce,0,NoAlert,A_AUTH_FAIL_SINGLE,9.101
2026081413,e9a648bc-6dab-c208-38fd-167885f72ff8,1,bruteforce,0,NoAlert,A_AUTH_FAIL_SINGLE,8.801
2026081413,ae322380-1d9f-332a-bca3-b386c538a365,1,bruteforce,0,NoAlert,A_AUTH_FAIL_SINGLE,8.2
2026081413,c6a9b2b2-cf95-7d7d-4be2-f2280abc8934,1,bruteforce,1,Violation,D_BRUTEFORCE,11.001
2026081413,9d6a2361-fc85-d821-6054-d2299299a404,1,bruteforce,1,Violation,D_BRUTEFORCE,9.801
2026081413,851cd474-33b2-7b30-79cb-3041a885291d,0,benign_login,0,NoAlert,A_AUTH,7.4
2026081413,8b3fb476-e913-05d7-2955-9e6fb5291f4d,0,benign_public,0,NoAlert,A_PUBLIC,6.901
2026081413,e96b5751-8405-4161-afc7-9edc52dad8d6,0,benign_status,0,NoAlert,A_STATUS,6.5
2026081413,8197f9b7-2783-8e90-8387-f664712086bf,0,benign_login,0,NoAlert,A_AUTH,6.7
2026081413,2c8602da-996e-9297-80e2-84fb4054bf9d,0,benign_status,0,NoAlert,A_STATUS,8.201
2026081413,82bf5689-e8ad-34f5-e850-40dfe468a610,0,benign_status,0,NoAlert,A_STATUS,6.9
2026081413,18cdace7-8363-3003-3bfd-ae7fe065ea1f,0,benign_public,0,NoAlert,A_PUBLIC,6.501
2026081413,4748bc52-9ae1-ade7-e2a6-a093f1d90980,1,bruteforce,0,NoAlert,A_AUTH_FAIL_SINGLE,12.201
2026081413,4c5f0d63-1137-da40-5e4c-8b7c930e3138,1,bruteforce,0,NoAlert,A_AUTH_FAIL_SINGLE,9.5
2026081413,e4d5e779-eedb-49b0-bbc1-a45a8bee49e4,1,bruteforce,0,NoAlert,A_AUTH_FAIL_SINGLE,10.901
2026081413,f216b4f2-6bad-096f-1a7f-3c2401a1f206,1,bruteforce,1,Violation,D_BRUTEFORCE,13.101
2026081413,b19c4419-3c20-7dda-d079-7d3885964a84,1,bruteforce,1,Violation,D_BRUTEFORCE,13.801
2026081413,8998c45d-a1ee-ed94-db26-42ced54496c4,0,benign_status,0,NoAlert,A_STATUS,11.601
2026081413,d31958c1-f71b-295b-e9e4-145ad7452289,1,bruteforce,1,Violation,D_BRUTEFORCE,9.801
2026081413,065dd49d-4e80-e367-14f9-a0200aff2438,1,bruteforce,1,Violation,D_BRUTEFORCE,10.2
2026081413,51f4f1b6-c2bf-b892-bb55-9050c4930216,1,bruteforce,1,Violation,D_BRUTEFORCE,9.201
2026081413,5c767d02-56b8-442d-58e0-5d11f38da7c9,1,bruteforce,1,Violation,D_BRUTEFORCE,9.301
2026081413,a6577a17-4b53-d0ff-d35f-cbec12bf4d21,1,bruteforce,1,Violation,D_BRUTEFORCE,10.2
2026081413,4d187aa3-21f2-753d-24fc-30e836a8c0fa,0,benign_status,0,NoAlert,A_STATUS,6.701
2026081413,99cfb305-327d-8486-3ce8-1e7951985820,0,benign_public,0,NoAlert,A_PUBLIC,7.3
2026081413,6e275d90-8905-3ef4-e02e-237934097111,0,benign_login,0,NoAlert,A_AUTH,6.901
2026081413,5815ff2b-dddb-b29b-1a6f-4c281b03ed16,0,benign_login,0,NoAlert,A_AUTH,6.8
2026081413,999fa4c7-6c6f-f2f2-ae0b-ad5ae85284f7,0,benign_status,0,NoAlert,A_STATUS,7.701
2026081413,f2babc7b-6acc-78dc-5da5-b79a68bf292a,0,benign_status,0,NoAlert,A_STATUS,6.7
2026081413,e86a4168-7402-2503-abe4-3ce0f8e0c2a8,0,benign_status,0,NoAlert,A_STATUS,6.801
2026081413,9668d865-9f6b-6bab-8130-52dea600df38,0,benign_status,0,NoAlert,A_STATUS,6.2
2026081413,6e3e833a-f1e1-3fef-af3e-f8d8db9fa5ac,0,benign_login,0,NoAlert,A_AUTH,6.101
2026081413,7523550f-8dab-bb97-82f9-bfd977370777,0,benign_login,0,NoAlert,A_AUTH,6.1
2026081413,825282fb-ff06-6349-0f05-d960ba0e8d0c,0,benign_status,0,NoAlert,A_STATUS,5.901
2026081413,f8a54adc-01bf-87dc-a62a-bf0217fa95e2,1,bruteforce,0,NoAlert,A_AUTH_FAIL_SINGLE,9.0
2026081413,f628a3e6-a173-0a39-eb80-2594b1ebe76b,1,bruteforce,0,NoAlert,A_AUTH_FAIL_SINGLE,8.201
2026081413,084f423c-79d6-76c7-49bd-7ba551d13a58,1,bruteforce,0,NoAlert,A_AUTH_FAIL_SINGLE,8.601
2026081413,e58e1081-a1d2-2ccc-cdf2-faf140f48623,1,bruteforce,1,Violation,D_BRUTEFORCE,9.4
2026081413,94090646-739c-6cd8-6482-35af35fd3518,1,bruteforce,1,Violation,D_BRUTEFORCE,9.901
2026081413,5cc47b06-5d2a-a08e-4a39-98bebbc5de77,0,benign_public,0,NoAlert,A_PUBLIC,7.801
2026081413,da6dc945-eade-ceea-18f5-8b185b9fb372,0,benign_status,0,NoAlert,A_STATUS,6.5
2026081413,a5ad278e-cbab-3efc-a1a0-8da63925db79,0,benign_status,0,NoAlert,A_STATUS,6.601
2026081413,04838954-b1d4-a1a9-c943-3ec3758b3324,0,benign_public,0,NoAlert,A_PUBLIC,6.2
2026081413,18e4642a-f206-b72e-dc4c-3d571209bf6b,0,benign_login,0,NoAlert,A_AUTH,6.201
2026081413,e404ada0-97b3-45d3-4411-01957767fd25,0,benign_login,0,NoAlert,A_AUTH,6.3
2026081413,5e999f08-2a0e-ddae-ca3d-5db9e575f1cc,1,bruteforce,0,NoAlert,A_AUTH_FAIL_SINGLE,8.001
2026081413,5d4d9983-a202-8453-e0b5-138a0ce1d390,1,bruteforce,0,NoAlert,A_AUTH_FAIL_SINGLE,8.1
2026081413,0b187686-b038-6e3d-5a89-3a00f34bacc4,1,bruteforce,0,NoAlert,A_AUTH_FAIL_SINGLE,8.9
2026081413,767ca174-0666-fdbc-642c-8c12611a05af,1,bruteforce,1,Violation,D_BRUTEFORCE,9.101
2026081413,c5538483-7134-08f1-decf-f61a50dbff32,1,bruteforce,1,Violation,D_BRUTEFORCE,8.8
2026081413,7afe2770-52c8-bb68-85bb-6b47844b4f20,1,bruteforce,1,Violation,D_BRUTEFORCE,9.0
2026081413,f0ad5556-50e1-4195-e39c-3ee8445d7360,1,bruteforce,1,Violation,D_BRUTEFORCE,8.801
2026081413,1c78b817-8a3c-61b6-ea04-ee869c95f564,1,bruteforce,1,Violation,D_BRUTEFORCE,8.8
2026081413,d68c7b23-68a6-cf77-19f1-aee4aac0ea9d,1,bruteforce,1,Violation,D_BRUTEFORCE,8.5
2026081413,a5f845eb-119f-4982-b327-a8e2075b9fb6,1,bruteforce,1,Violation,D_BRUTEFORCE,8.501
2026081413,c02184f8-a485-110e-b3d3-cfe6b95f881e,0,benign_login,0,NoAlert,A_AUTH,6.7
2026081413,4299197e-8c90-b80d-7f68-fbfb7049d7fa,0,benign_status,0,NoAlert,A_STATUS,5.901
2026081413,a4cc9bde-0453-ade4-c53b-382c3adc4c42,0,benign_public,0,NoAlert,A_PUBLIC,6.1
2026081413,d0343f1b-ac46-bce7-bc44-fbeba2efdf1f,0,benign_status,0,NoAlert,A_STATUS,6.0
2026081413,85f52bf1-373e-10db-4644-3d7f091322a4,0,benign_status,0,NoAlert,A_STATUS,6.0
2026081413,f7a28b06-e11e-7fe1-87dc-2cf29dfeb6e0,0,benign_login,0,NoAlert,A_AUTH,6.1
2026081413,cc54adbb-1600-a791-c541-d02cd7193e51,0,benign_login,0,NoAlert,A_AUTH,6.001
2026081413,0cd4e008-ee6f-6499-bb05-184c1f013646,0,benign_login,0,NoAlert,A_AUTH,6.1
2026081413,23b0a711-ca55-7a8b-8238-1215fae17c1f,0,benign_status,0,NoAlert,A_STATUS,6.401
2026081413,02318304-38eb-3c9e-d7bd-c56197c11658,0,benign_login,0,NoAlert,A_AUTH,5.9
2026081413,3090704c-3a59-e757-ff98-10c92a9832e4,0,benign_public,0,NoAlert,A_PUBLIC,5.801
2026081413,f9a608a4-d579-aaac-d682-2d06a1fa5863,0,benign_status,0,NoAlert,A_STATUS,5.8
2026081413,9e619d69-eb48-2645-83ec-dc469f0de0f6,0,benign_public,0,NoAlert,A_PUBLIC,5.901
2026081413,26e6a640-d50d-c3fd-0c28-b8004b80949b,0,benign_login,0,NoAlert,A_AUTH,6.1
2026081413,b4ff6848-19b0-1b8d-d7a2-e6ea2df23470,0,benign_login,0,NoAlert,A_AUTH,6.3
2026081413,11e39a55-a76a-1bef-ab2c-b1ab0a4eabb0,0,benign_public,0,NoAlert,A_PUBLIC,6.1
2026081413,f06bfd2c-9e4e-aee2-8d9c-901976a2db77,0,benign_status,0,NoAlert,A_STATUS,6.0
2026081413,d4b4d29e-f8e5-b575-8d67-ec26d76cb522,1,bruteforce,0,NoAlert,A_AUTH_FAIL_SINGLE,8.501
2026081413,e4a78d97-b6a9-3719-9ceb-f8b8dd3da533,1,bruteforce,0,NoAlert,A_AUTH_FAIL_SINGLE,8.001
2026081413,f4244ded-f335-e4a8-2495-9e46c01e49ae,1,bruteforce,0,NoAlert,A_AUTH_FAIL_SINGLE,7.9
2026081413,630dc6e0-4abb-1a3e-2b47-96d028553074,1,bruteforce,1,Violation,D_BRUTEFORCE,8.701
2026081413,8df499db-cbcc-1720-29be-98f8ddc37bcd,1,bruteforce,1,Violation,D_BRUTEFORCE,8.8
2026081413,54641d56-3c0c-7ea0-ac0e-0e634726bb6c,0,benign_status,0,NoAlert,A_STATUS,6.001
2026081413,8cd491ee-5e15-da8a-3722-01172aeb37b3,1,path_traversal,1,Violation,D_TRAVERSAL,6.8
2026081413,f992ebe8-4c42-0883-0101-7422e13938e8,0,benign_public,0,NoAlert,A_PUBLIC,6.801
2026081413,3ffd878b-0379-317f-e820-0118eecb7423,0,benign_login,0,NoAlert,A_AUTH,6.8
2026081413,45801d0a-beae-ed3a-2fb8-b0d9aac29c3c,1,bruteforce,0,NoAlert,A_AUTH_FAIL_SINGLE,7.801
2026081413,d2b5681d-8ce7-1791-52be-328a9f543ddd,1,bruteforce,0,NoAlert,A_AUTH_FAIL_SINGLE,8.301
2026081413,799d2d9f-0fd5-b292-34af-d64ad62451a0,1,bruteforce,0,NoAlert,A_AUTH_FAIL_SINGLE,8.3
2026081413,de799d2f-d564-b78d-e462-98538f7186a2,1,bruteforce,1,Violation,D_BRUTEFORCE,9.301
2026081413,b327561a-9c69-d896-8e4e-46b9037f10fe,1,bruteforce,1,Violation,D_BRUTEFORCE,9.5
2026081413,09f9cb39-ba8d-dd80-98d5-da60d33f4d14,0,benign_status,0,NoAlert,A_STATUS,6.901
2026081413,df6778db-9fa7-7e6c-e20e-1a30cb9309f2,0,benign_public,0,NoAlert,A_PUBLIC,6.3
2026081413,d55fab96-a1fa-1992-e659-77c76fd4ec41,0,benign_public,0,NoAlert,A_PUBLIC,6.801
2026081413,62c107a2-4ac0-d723-434c-5fb694a1ed75,0,benign_status,0,NoAlert,A_STATUS,6.4
2026081413,61727f11-bfe9-935c-c5a9-bc6649721592,0,benign_login,0,NoAlert,A_AUTH,6.201
2026081413,331df6f1-f6f6-b209-74b5-d533657511ee,0,benign_login,0,NoAlert,A_AUTH,6.1
2026081413,7e91aa3f-80b9-e431-189a-cd9ea5bd7c12,0,benign_public,0,NoAlert,A_PUBLIC,6.001
2026081413,aac89254-5864-138a-673e-7baf2d1a5657,0,benign_login,0,NoAlert,A_AUTH,6.3
2026081413,d669cfe1-0216-fb3f-b499-925242d53905,0,benign_status,0,NoAlert,A_STATUS,6.001
2026081413,1d392e77-1fe5-a91a-62c9-17611a6cb418,0,benign_login,0,NoAlert,A_AUTH,6.4
2026081413,c05a8a8c-4d71-b28c-3a3f-a919b54b6d85,0,benign_login,0,NoAlert,A_AUTH,6.101
2026081413,d1f7b245-6720-7448-37f4-ffb8e1d1eb15,1,command_probe,1,Violation,D_COMMAND,7.4
2026081413,b72588e6-4041-8e89-574c-165a384284b0,0,benign_public,0,NoAlert,A_PUBLIC,6.401
2026081413,ea2685bc-7958-53c1-27e0-6481d7976923,0,benign_public,0,NoAlert,A_PUBLIC,23.201
2026081413,0aafac60-8f09-9fce-5f59-b41c2b026a65,0,benign_login,0,NoAlert,A_AUTH,6.501
2026081413,f0197d83-d62a-39fe-b6d8-3a55fe556769,0,benign_public,0,NoAlert,A_PUBLIC,5.9
2026081413,22a28ebd-250b-ecb2-c80c-06215dcb64d5,0,benign_login,0,NoAlert,A_AUTH,6.101
2026081413,794f46bf-97ef-2d53-2a73-54af1d20dd38,0,benign_login,0,NoAlert,A_AUTH,6.8
2026081413,40d92a34-78e4-8fe2-584f-d312ba2ac06c,1,admin_probe,1,Violation,D_ADMIN,7.801
2026081413,ece225c6-dd66-5b8e-866a-bf1a86dd9ff8,1,command_probe,1,Violation,D_COMMAND,6.3
2026081413,4fdd88bc-44fd-4699-1650-aa66c1c6e7e9,0,benign_status,0,NoAlert,A_STATUS,6.301
2026081413,546570f1-d41a-53a3-595e-bb162d15e109,0,benign_status,0,NoAlert,A_STATUS,6.1
2026081413,af8a4d60-dac2-10ff-4b55-edbf508de5c2,0,benign_public,0,NoAlert,A_PUBLIC,6.001
2026081413,38e3b4dd-09c2-e967-8d27-9095aac74e18,0,benign_status,0,NoAlert,A_STATUS,5.9
2026081413,1ab3bd61-b63a-3d42-0471-b8303009f31f,0,benign_status,0,NoAlert,A_STATUS,6.0
2026081413,088f1166-0d7b-c84e-f610-21cca26b4a9c,0,benign_login,0,NoAlert,A_AUTH,6.201
2026081413,dd494f9f-569e-d3eb-faed-ef0a06dd1e2f,0,benign_public,0,NoAlert,A_PUBLIC,6.5
2026081413,ecc0dc92-8e4c-89a0-422a-97753c474757,0,benign_public,0,NoAlert,A_PUBLIC,6.101
2026081413,8a200665-f622-ac4b-cafb-ee9fa84e36ea,0,benign_status,0,NoAlert,A_STATUS,6.5
2026081413,6db7383a-8096-dd6a-9d25-020e1ee1ab03,0,benign_public,0,NoAlert,A_PUBLIC,7.001
2026081413,2e70d2bd-5068-ed6e-49f8-3dcdd3f98e0e,0,benign_public,0,NoAlert,A_PUBLIC,5.8
2026081413,425918fa-a37e-aeb8-b347-2727a8022d47,0,benign_status,0,NoAlert,A_STATUS,6.201
2026081413,ffe851d0-0c26-38b4-5538-4f2aaf9a8252,1,bruteforce,0,NoAlert,A_AUTH_FAIL_SINGLE,9.6
2026081413,0c2db2c4-20e9-d3fe-a4bb-09d5eb4109cd,1,bruteforce,0,NoAlert,A_AUTH_FAIL_SINGLE,11.0
2026081413,c67b5135-d625-cdda-ad48-12bef454f9a2,1,bruteforce,0,NoAlert,A_AUTH_FAIL_SINGLE,8.201
2026081413,b3b495d6-5c42-34da-ca9f-6c2d515f5eab,1,bruteforce,1,Violation,D_BRUTEFORCE,8.8
2026081413,93b4e334-1eec-cdb5-b8ee-b81e5aaaa2c8,1,bruteforce,1,Violation,D_BRUTEFORCE,9.0
2026081413,63e65977-e1d3-9ef7-753f-17adb4da00e1,0,benign_public,0,NoAlert,A_PUBLIC,6.301
2026081413,e8c1717f-d7dd-6bd0-e97b-a38668cde3a9,0,benign_login,0,NoAlert,A_AUTH,6.5
2026081413,3120229d-9ee9-f340-6f0a-288787103f5f,0,benign_status,0,NoAlert,A_STATUS,6.901
2026081413,682c8cd9-55c9-65c0-35f2-0f259dad0231,0,benign_login,0,NoAlert,A_AUTH,6.3
2026081413,20df210a-0411-28e7-1060-927330bda8a2,0,benign_status,0,NoAlert,A_STATUS,6.3
2026081413,b4ea9eee-0e05-c75b-d6d9-d08a9354a6a1,0,benign_status,0,NoAlert,A_STATUS,6.3
2026081413,b0851250-c74c-f858-518d-e5b803e8850a,1,admin_probe,1,Violation,D_ADMIN,7.101
2026081413,5bb6dcf8-ac6d-6e4c-5f0e-70ded977b7d7,1,path_traversal,1,Violation,D_TRAVERSAL,7.6
2026081413,c45e90d8-8fc5-3869-72be-7b594cfe9f33,0,benign_login,0,NoAlert,A_AUTH,6.301
2026081413,d8c2b70d-3a1c-268e-8ad8-15ec60254f6e,0,benign_public,0,NoAlert,A_PUBLIC,6.8
2026081413,33eb51ff-9233-1e38-2755-b02fd7b23775,1,bruteforce,0,NoAlert,A_AUTH_FAIL_SINGLE,9.201
2026081413,c6cac524-9559-6faf-129c-e338f34b4e17,1,bruteforce,0,NoAlert,A_AUTH_FAIL_SINGLE,8.9
2026081413,d19eef2b-3b6c-94c4-20c1-acf041c21a7c,1,bruteforce,0,NoAlert,A_AUTH_FAIL_SINGLE,8.8
2026081413,21c40602-66dd-019b-04e5-16cd7a377f1d,1,bruteforce,1,Violation,D_BRUTEFORCE,16.301
2026081413,1ffc3166-cc0c-b444-ba9f-b654be6b3fcd,1,bruteforce,1,Violation,D_BRUTEFORCE,17.301
2026081413,396486e6-e93e-0a06-e053-9fe430e19b52,0,benign_status,0,NoAlert,A_STATUS,12.0
2026081413,6aacbed8-6748-e89a-9086-75c8c4b70625,0,benign_login,0,NoAlert,A_AUTH,10.101
2026081413,b34a0f81-6254-bf4c-9b31-7938c8090094,0,benign_public,0,NoAlert,A_PUBLIC,7.101
2026081413,354a639c-83ae-3e64-c5d7-a87dc671fa7d,0,benign_public,0,NoAlert,A_PUBLIC,6.8
2026081413,e9aee917-13b9-8d70-ed3b-1db1cfe7ba81,0,benign_status,0,NoAlert,A_STATUS,6.701
2026081413,e0392495-6b13-bec1-f841-5d20c200bc6f,0,benign_status,0,NoAlert,A_STATUS,6.9
2026081413,cc671783-0ba1-b00e-4673-77aba82d29c2,0,benign_login,0,NoAlert,A_AUTH,6.301
2026081413,e72cd6f1-cc8e-ce11-bb01-67f3b7be7222,0,benign_status,0,NoAlert,A_STATUS,6.2
2026081413,749de206-edc6-fed0-545f-f3fdff4898fe,0,benign_login,0,NoAlert,A_AUTH,6.101
2026081413,38f485f9-64d9-b5f6-d84d-fd760bdd05d4,0,benign_login,0,NoAlert,A_AUTH,6.1
2026081413,23c665a9-7444-ec2c-cb5d-1896543cd2a3,0,benign_public,0,NoAlert,A_PUBLIC,6.201
2026081413,447ea002-8ddb-8fb9-dcc0-69a425ca834a,0,benign_public,0,NoAlert,A_PUBLIC,6.6
2026081413,7db84741-45d5-0b93-c735-35bb234c423f,0,benign_login,0,NoAlert,A_AUTH,5.9
2026081413,934ffcbe-f92e-d28d-e230-d10fbeaa02bd,0,benign_status,0,NoAlert,A_STATUS,6.5
2026081413,cfedf597-fc61-2029-208e-c31847940d91,0,benign_login,0,NoAlert,A_AUTH,6.4
2026081413,94df8bed-90a2-ddf1-22b1-c09440d2bf78,0,benign_login,0,NoAlert,A_AUTH,5.801
2026081413,53a91953-7438-655e-4ba3-cdb9bf8d4015,0,benign_public,0,NoAlert,A_PUBLIC,6.1
2026081413,9f5fe93b-8b71-94af-28c2-01da1e919763,0,benign_login,0,NoAlert,A_AUTH,6.401
2026081413,a1fd117d-ccde-060e-c1b6-ce06fd9d6550,1,admin_probe,1,Violation,D_ADMIN,6.2
2026081413,63a4bc06-db67-e143-9d62-24c416f9da40,0,benign_public,0,NoAlert,A_PUBLIC,6.501
2026081413,9b2958e0-11a5-30d1-4ee8-bb9ee5f26414,0,benign_public,0,NoAlert,A_PUBLIC,6.5
2026081413,3093c28b-d640-0d9d-f63e-eaaa840bd433,0,benign_public,0,NoAlert,A_PUBLIC,6.301
2026081413,317dc460-06b9-92bb-f546-6dbe3364058f,0,benign_public,0,NoAlert,A_PUBLIC,5.9
2026081413,95028fd4-524c-edbb-d006-606fc47e2524,1,admin_probe,1,Violation,D_ADMIN,6.201
2026081413,dd6e287a-7dc0-3327-3763-5e931c94c037,0,benign_public,0,NoAlert,A_PUBLIC,6.4
2026081413,3016feb6-7b93-a7ce-8846-e2085f09865b,0,benign_public,0,NoAlert,A_PUBLIC,5.801
2026081413,8d256c99-536c-fc84-1545-3645ba1dc96a,0,benign_public,0,NoAlert,A_PUBLIC,5.7
2026081413,977c62be-7c99-12e3-0ac7-838be4ff3fd4,0,benign_status,0,NoAlert,A_STATUS,5.8
2026081413,b8e7ffc4-655a-6b4f-c881-82ac6496939e,0,benign_login,0,NoAlert,A_AUTH,5.8
2026081413,3e34dd65-e480-1b5d-26db-2eb1a510169c,0,benign_status,0,NoAlert,A_STATUS,32.802
2026081413,27293fc1-a122-bff4-4a60-a2a375de6260,0,benign_public,0,NoAlert,A_PUBLIC,6.701
2026081413,cf4c8a79-23bf-51ac-8dd5-ce8acbb6f2e0,0,benign_status,0,NoAlert,A_STATUS,5.9
2026081413,9730e5d2-ba78-2497-d3c1-c2ef27db3cdd,0,benign_public,0,NoAlert,A_PUBLIC,5.8
2026081413,d2557635-2b5e-24d7-849b-a4b0f9b7814f,0,benign_public,0,NoAlert,A_PUBLIC,5.7
2026081413,5bfec1ae-58c6-dca2-5852-773114197757,0,benign_login,0,NoAlert,A_AUTH,6.0
2026081413,54e448af-e0fa-d0a7-2475-d02c98c448ad,1,bruteforce,0,NoAlert,A_AUTH_FAIL_SINGLE,9.801
2026081413,e361182c-27b7-fe32-1a6a-7d19b761dfad,1,bruteforce,0,NoAlert,A_AUTH_FAIL_SINGLE,12.001
2026081413,a6d8cbd0-c402-77a3-9178-24f90f80487a,1,bruteforce,0,NoAlert,A_AUTH_FAIL_SINGLE,11.801
2026081413,6b8e70c9-f060-c82f-f0f5-22d8819eee46,1,bruteforce,1,Violation,D_BRUTEFORCE,42.103
2026081413,ca4604a6-9a19-be00-1c2d-624a94df8a6e,1,bruteforce,1,Violation,D_BRUTEFORCE,18.701
2026081413,f2fc08ab-bb8e-4740-da55-74e20565d4a6,0,benign_login,0,NoAlert,A_AUTH,8.6
2026081413,72da74c5-e053-918d-6a20-f39d46ff3e2e,0,benign_public,0,NoAlert,A_PUBLIC,7.2
2026081413,882f988f-a08e-fad6-01f5-b72fc0e878be,1,bruteforce,0,NoAlert,A_AUTH_FAIL_SINGLE,8.601
2026081413,ff2d18f6-9e26-a713-8039-13c43cf1d0ee,1,bruteforce,0,NoAlert,A_AUTH_FAIL_SINGLE,8.2
2026081413,79f553e5-ac36-385c-2e76-ccf529549afb,1,bruteforce,0,NoAlert,A_AUTH_FAIL_SINGLE,8.201
2026081413,0ebc4f34-192a-02ec-7be4-a90fc2e6f51f,1,bruteforce,1,Violation,D_BRUTEFORCE,9.1
2026081413,5693fb81-23e8-df60-7a77-ef4d86d447e6,1,bruteforce,1,Violation,D_BRUTEFORCE,9.2
2026081413,4345fc75-b9fe-f2ea-f634-0ec0ae3cac88,0,benign_status,0,NoAlert,A_STATUS,6.301
2026081413,f19ab805-8afc-43f3-6625-8dcda2144b42,0,benign_status,0,NoAlert,A_STATUS,6.1
2026081413,e11d1a78-4d28-db39-8f7c-46792ce3739b,0,benign_login,0,NoAlert,A_AUTH,6.201
2026081413,9bbf642a-6ce4-c300-9a82-e981ffd917d6,0,benign_login,0,NoAlert,A_AUTH,6.1
2026081413,8df5467b-7fd0-3a73-0b93-3a35d83225d7,0,benign_public,0,NoAlert,A_PUBLIC,6.4
2026081413,66e89166-af35-f7a9-bf41-426bbcd49011,0,benign_login,0,NoAlert,A_AUTH,6.101
2026081413,e52d08bd-5b71-5ba2-0842-ee833c7c9eca,0,benign_status,0,NoAlert,A_STATUS,6.0
2026081413,a7fa0d84-3924-414e-3812-d0c4568f9896,0,benign_public,0,NoAlert,A_PUBLIC,6.301
2026081413,10ed10e0-00b8-496d-a258-af3885f8452b,0,benign_public,0,NoAlert,A_PUBLIC,6.3
2026081413,e6443af6-4bb0-437d-1ed0-1c6a494ce428,1,bruteforce,0,NoAlert,A_AUTH_FAIL_SINGLE,7.901
2026081413,f7874a8f-f14e-0de5-7179-7006344a26c8,1,bruteforce,0,NoAlert,A_AUTH_FAIL_SINGLE,7.7
2026081413,900e66d3-1a22-20db-3333-f92ec91358e8,1,bruteforce,0,NoAlert,A_AUTH_FAIL_SINGLE,8.301
2026081413,7d285627-bbe9-e0fa-fe9c-875722e80db1,1,bruteforce,1,Violation,D_BRUTEFORCE,8.901
2026081413,13bc45ee-eaf1-ca18-3223-c25e42e56c40,1,bruteforce,1,Violation,D_BRUTEFORCE,9.3
2026081413,b9c6bd94-9f3c-971e-f10c-ae038704c375,0,benign_status,0,NoAlert,A_STATUS,6.801
2026081413,9da4eede-3ad4-b459-0be0-2c39c91690fb,0,benign_login,0,NoAlert,A_AUTH,6.9
2026081413,dd3f3445-ee11-d0da-9227-e1fa3b24903d,0,benign_status,0,NoAlert,A_STATUS,6.201
2026081413,9a2e864c-6104-a9cb-018a-51313646eeb8,0,benign_status,0,NoAlert,A_STATUS,6.3
2026081413,c1678344-2ad4-7260-725a-0efde80c6690,0,benign_login,0,NoAlert,A_AUTH,6.301
2026081413,7b466aa9-56e6-bd2d-11b5-3cb37a6dfa1c,1,bruteforce,0,NoAlert,A_AUTH_FAIL_SINGLE,8.0
2026081413,4dae3f11-afb2-0ffc-cc6c-cefb1e26a914,1,bruteforce,0,NoAlert,A_AUTH_FAIL_SINGLE,7.801
2026081413,95c79688-9ef2-4e4e-d67b-b8e8fd2d1840,1,bruteforce,0,NoAlert,A_AUTH_FAIL_SINGLE,8.0
2026081413,cea5d320-e4d3-775a-e3b8-2b0d15536865,1,bruteforce,1,Violation,D_BRUTEFORCE,8.301
2026081413,4bc8c07a-a146-2381-5634-c384c53440ed,1,bruteforce,1,Violation,D_BRUTEFORCE,8.5
2026081413,dd538d7e-74ac-d736-1851-1972c12d07e4,0,benign_status,0,NoAlert,A_STATUS,6.2
2026081413,863e27ae-f5de-c5fb-f351-3092aae512f2,0,benign_public,0,NoAlert,A_PUBLIC,6.2
2026081413,362de517-6295-eaea-fc2e-f30769fbe7d2,1,admin_probe,1,Violation,D_ADMIN,6.101
2026081413,e985ca4c-2507-b134-264b-950e45871e6c,0,benign_status,0,NoAlert,A_STATUS,6.0
2026081413,e78bd940-cea8-dcf2-c94d-04c6b8d92c6e,0,benign_status,0,NoAlert,A_STATUS,6.001
2026081413,47185724-f0bc-22aa-59eb-5a2db6abc50d,0,benign_status,0,NoAlert,A_STATUS,6.3
2026081413,d716d81b-c360-a3e6-37af-d554016e0c33,0,benign_status,0,NoAlert,A_STATUS,6.101
2026081413,b6582b4e-89b3-00f5-24e2-6684365cf969,1,bruteforce,0,NoAlert,A_AUTH_FAIL_SINGLE,7.9
2026081413,745b3c6f-d593-efc3-cbb6-3342709a8a40,1,bruteforce,0,NoAlert,A_AUTH_FAIL_SINGLE,8.101
2026081413,c44f0a76-0532-a9a7-62a6-fe137c0fb2db,1,bruteforce,0,NoAlert,A_AUTH_FAIL_SINGLE,7.7
2026081413,434617ac-463c-86ea-4cac-6a293ccdfe88,1,bruteforce,1,Violation,D_BRUTEFORCE,8.801
2026081413,4948e232-1335-18b1-11d8-8bfadb2a747c,1,bruteforce,1,Violation,D_BRUTEFORCE,8.501
2026081413,815b3867-17d5-61e2-04e7-e6d9ca46e42b,0,benign_status,0,NoAlert,A_STATUS,6.2
2026081413,403de870-9362-ec47-3eb1-bfa969dca67b,0,benign_public,0,NoAlert,A_PUBLIC,6.1
2026081413,be01fbd9-c3c1-c847-858a-9234d6d57aac,0,benign_public,0,NoAlert,A_PUBLIC,6.0
2026081413,e1525ea0-892a-8606-411c-39047647b8e5,0,benign_public,0,NoAlert,A_PUBLIC,6.2
2026081413,6c137f35-e322-ca35-d5ef-e23adbdf24d4,0,benign_public,0,NoAlert,A_PUBLIC,5.701
2026081413,93c008a4-f82b-8d2e-9748-2c9886413874,1,bruteforce,0,NoAlert,A_AUTH_FAIL_SINGLE,7.7
2026081413,0227c61e-8214-0522-6650-eba848f61d97,1,bruteforce,0,NoAlert,A_AUTH_FAIL_SINGLE,7.701
2026081413,5df9f176-7e1e-2b34-1bd1-3c912a9d91a0,1,bruteforce,0,NoAlert,A_AUTH_FAIL_SINGLE,7.7
2026081413,fe9f0909-4763-0d14-7e6a-1935dddf3b05,1,bruteforce,1,Violation,D_BRUTEFORCE,8.401
2026081413,b579047a-4515-a2e9-acd8-df02c4778718,1,bruteforce,1,Violation,D_BRUTEFORCE,8.401
2026081413,ef0955a0-7c54-59c1-7096-a792fa075c13,0,benign_public,0,NoAlert,A_PUBLIC,6.0
2026081413,4fe4e825-f497-8fd6-ae1a-eb5d67638c58,0,benign_public,0,NoAlert,A_PUBLIC,5.9
2026081413,96fa3fb5-8571-82f5-8a13-1d89b557cf0c,0,benign_status,0,NoAlert,A_STATUS,6.0
2026081413,e14dc606-35c2-995d-db47-22dcd02235e2,0,benign_public,0,NoAlert,A_PUBLIC,5.7
2026081413,d52cbe59-1ed6-77c3-2b33-1ee1279f8cd1,0,benign_login,0,NoAlert,A_AUTH,6.201
2026081413,88e9bd60-d9c6-dff4-208e-71fc01597941,0,benign_login,0,NoAlert,A_AUTH,6.4
2026081413,69249c85-edda-bfd7-f542-849ff61a0885,0,benign_public,0,NoAlert,A_PUBLIC,6.001
2026081413,ad40e6b7-d71f-7211-2907-48bb4a3f688b,1,command_probe,1,Violation,D_COMMAND,6.9
2026081413,784c360b-9f8a-2bca-e993-d56535b10206,0,benign_login,0,NoAlert,A_AUTH,5.801
2026081413,9605bf54-84ce-8981-ea29-6b2ba2670b06,0,benign_status,0,NoAlert,A_STATUS,6.1
2026081413,93163049-f415-f8ef-d87d-d0ccc851868b,0,benign_status,0,NoAlert,A_STATUS,6.2
2026081413,0c355766-217c-210a-6c33-e72d4af536be,0,benign_status,0,NoAlert,A_STATUS,6.101
2026081413,c6896efa-e480-2da7-9e60-db992ab99bdf,0,benign_public,0,NoAlert,A_PUBLIC,6.1
2026081413,339599c2-87e8-ff3c-ff8b-2d603c5c5c6c,0,benign_status,0,NoAlert,A_STATUS,9.901
2026081413,c066f21b-d13a-73f4-a96e-3ca1e989cd28,1,path_traversal,1,Violation,D_TRAVERSAL,11.501
2026081413,ed99abbe-2acc-420b-8fe4-676585b62671,0,benign_status,0,NoAlert,A_STATUS,10.701
2026081413,48f37ee3-8872-df5d-c9ca-36d7c7ca6aef,0,benign_status,0,NoAlert,A_STATUS,9.5
2026081413,a9c2201b-0457-a6d0-278f-4aa781d1dcd5,0,benign_status,0,NoAlert,A_STATUS,9.501
2026081413,e159cc6b-3317-f97c-d273-f3b521c6bc7a,0,benign_public,0,NoAlert,A_PUBLIC,9.501
2026081413,594c1b49-aa33-bbfc-1ad1-1137ba2446d5,0,benign_public,0,NoAlert,A_PUBLIC,10.701
2026081413,b6a5853f-6252-6b0d-4b54-14c2aad4561e,0,benign_status,0,NoAlert,A_STATUS,12.3
2026081413,5f869f56-6fd4-7584-3aeb-bc9b1072f7f4,0,benign_login,0,NoAlert,A_AUTH,12.4
2026081413,ab45ae48-a89c-31d0-9576-85c5c16bed56,1,command_probe,1,Violation,D_COMMAND,13.101
2026081413,f1541580-f157-1298-327e-4187b49b9ef1,0,benign_status,0,NoAlert,A_STATUS,12.501
2026081413,59cf0cca-a1f9-b116-0c70-e6dedd484960,0,benign_public,0,NoAlert,A_PUBLIC,11.6
2026081413,b394dbb6-d260-92eb-3f97-941a49024728,0,benign_status,0,NoAlert,A_STATUS,10.801
2026081413,9ee4cb36-1979-a8c4-2fbc-b2841a252a0a,0,benign_login,0,NoAlert,A_AUTH,11.801
2026081413,19fae663-43ab-72af-9f35-124af1201e48,0,benign_public,0,NoAlert,A_PUBLIC,10.401
2026081413,e2adba55-44d9-c709-dce4-e3737f40cf51,0,benign_login,0,NoAlert,A_AUTH,10.1
2026081413,94634029-aea0-a260-3deb-8a80bb4cb432,0,benign_status,0,NoAlert,A_STATUS,10.3
2026081413,c3748e07-2680-478f-d9c2-91d9d1e6b408,0,benign_status,0,NoAlert,A_STATUS,9.301
2026081413,849c3991-24f7-e01d-1fb5-a4a1a0a99d06,0,benign_status,0,NoAlert,A_STATUS,10.301
2026081413,99732d1e-5439-7a89-4f3e-d6892b8f6383,0,benign_login,0,NoAlert,A_AUTH,10.8
2026081413,d53db8e7-666f-073d-5b76-f223b39623fa,0,benign_status,0,NoAlert,A_STATUS,10.401
2026081413,01458711-9352-847c-7d3b-71a1eeb7559e,1,command_probe,1,Violation,D_COMMAND,11.501
2026081413,d84c361b-7709-8988-142e-defe6bfdb1e6,0,benign_public,0,NoAlert,A_PUBLIC,11.101
2026081413,06a8ec56-b4cd-d057-966a-efd1eb7a75c9,0,benign_login,0,NoAlert,A_AUTH,11.501
2026081413,74eb3e2a-d8fc-ffa4-cdbd-775cae677547,1,bruteforce,0,NoAlert,A_AUTH_FAIL_SINGLE,15.501
2026081413,4f88b427-a95b-da3c-fef9-2569c247912a,1,bruteforce,0,NoAlert,A_AUTH_FAIL_SINGLE,14.501
2026081413,397c7aaa-79a1-5697-df1d-54d2d0b2a853,1,bruteforce,0,NoAlert,A_AUTH_FAIL_SINGLE,14.001
2026081413,b4f1fe61-2757-ab2b-e29b-b11b700c2df9,1,bruteforce,1,Violation,D_BRUTEFORCE,16.201
2026081413,8d5caed2-b649-6f5b-0265-4882f8dd9cac,1,bruteforce,1,Violation,D_BRUTEFORCE,15.101
2026081413,457a63ef-8936-212c-9400-f672624441e6,0,benign_public,0,NoAlert,A_PUBLIC,10.701
2026081413,812e34f6-fcd8-4feb-fa50-985215644370,0,benign_public,0,NoAlert,A_PUBLIC,9.9
2026081413,d06b4096-a0b7-8b72-b01d-9d7ec3aa44a7,0,benign_public,0,NoAlert,A_PUBLIC,10.2
2026081413,c5124ef3-56a5-7977-d7a5-1216f02fee1c,0,benign_login,0,NoAlert,A_AUTH,10.501
2026081413,6b2d630d-1339-b6c1-1f57-e0c3dce1856d,0,benign_public,0,NoAlert,A_PUBLIC,10.301
2026081413,5b7e7458-d23e-ca1b-1b97-b5cb996b4b31,0,benign_login,0,NoAlert,A_AUTH,10.2
2026081413,d49a7177-0bb7-8b7b-b31b-73e2d3dd5483,0,benign_login,0,NoAlert,A_AUTH,10.2
2026081413,cb980ed2-be51-476d-1492-8e6edde5134c,1,path_traversal,1,Violation,D_TRAVERSAL,10.701
2026081413,7762d229-40d4-ccc9-12b0-d9e2a9dcbfb9,0,benign_login,0,NoAlert,A_AUTH,10.401
2026081413,37af01a9-d34d-ff00-5e9b-1e85bef966f8,0,benign_public,0,NoAlert,A_PUBLIC,10.901
2026081413,fc0a23e2-ec28-6eef-afd6-8b2d4a6dfa7b,0,benign_public,0,NoAlert,A_PUBLIC,10.6
2026081413,ba0283d8-3f0a-242b-b6ad-2546c496c512,0,benign_public,0,NoAlert,A_PUBLIC,10.901
2026081413,8b25c61b-4ba4-5ec0-e7c2-ba3fa2cbbcad,0,benign_public,0,NoAlert,A_PUBLIC,10.301
2026081414,7019fcc3-64c6-f0de-730b-b1e185a23bf9,0,benign_public,0,NoAlert,A_PUBLIC,21.301
2026081414,5e6c25bd-23b5-d114-64ba-e2d35f82dc11,0,benign_login,0,NoAlert,A_AUTH,9.001
2026081414,3543dded-7868-9212-49f8-0c69e3a60b6e,1,bruteforce,0,NoAlert,A_AUTH_FAIL_SINGLE,11.301
2026081414,2e130847-2c1d-7a39-8601-d292e3a08803,1,bruteforce,0,NoAlert,A_AUTH_FAIL_SINGLE,8.7
2026081414,3a0bca90-c47e-1dbb-002a-c3b8eb8ed08f,1,bruteforce,0,NoAlert,A_AUTH_FAIL_SINGLE,8.201
2026081414,c7e970a4-a2c1-be66-c96e-2cd9bc15c621,1,bruteforce,1,Violation,D_BRUTEFORCE,9.3
2026081414,d15e3b14-510c-bc3b-7e83-a39a1e3e3f51,1,bruteforce,1,Violation,D_BRUTEFORCE,8.601
2026081414,24cb6f49-7dc7-b617-7de6-7922f9c3f1a4,0,benign_login,0,NoAlert,A_AUTH,6.4
2026081414,f95490c7-fda7-3af6-93e8-44dc0d8f57b1,0,benign_status,0,NoAlert,A_STATUS,6.6
2026081414,afd3d4a1-5e0e-c4a2-c86c-5360cdeaea85,1,path_traversal,1,Violation,D_TRAVERSAL,6.2
2026081414,b4750a66-c969-22e4-4f68-4d167832d16a,0,benign_public,0,NoAlert,A_PUBLIC,6.201
2026081414,ebfb7814-50a8-5f92-a733-23fb65ef030f,0,benign_login,0,NoAlert,A_AUTH,6.1
2026081414,cbf98a5d-cd96-f88c-cf5c-b98a42d0c5cb,0,benign_login,0,NoAlert,A_AUTH,5.901
2026081414,8cf5727b-2094-74d2-5d9c-cd1878dffbb6,0,benign_public,0,NoAlert,A_PUBLIC,6.2
2026081414,19c150b7-f59e-7e1e-d8a3-22fae89ee67b,0,benign_status,0,NoAlert,A_STATUS,6.201
2026081414,f99ee9b8-16a3-8b5a-beb3-c510b54f6e4c,0,benign_login,0,NoAlert,A_AUTH,5.9
2026081414,3fe55222-5c7f-31a8-cfa6-2109d1d5277d,0,benign_login,0,NoAlert,A_AUTH,5.9
2026081414,a9025dfa-3272-bc1f-f371-bbd95afff752,0,benign_status,0,NoAlert,A_STATUS,6.0
2026081414,5bbe0c7e-1319-78d9-b7a1-87aeedb3d871,1,command_probe,1,Violation,D_COMMAND,5.9
2026081414,6fc40bb8-a8e4-d8ea-4969-513913bc0d08,0,benign_public,0,NoAlert,A_PUBLIC,5.901
2026081414,de6f146a-9430-704b-627c-507a42064edc,0,benign_status,0,NoAlert,A_STATUS,5.9
2026081414,8e528b51-ba7f-e2cc-7c1b-8efe6fb56f09,0,benign_status,0,NoAlert,A_STATUS,5.801
2026081414,3f3d4928-f9aa-9098-fb4c-9e56c83fb701,0,benign_status,0,NoAlert,A_STATUS,5.7
2026081414,9f4d2ea1-aad8-95dd-0169-032f675bc20a,0,benign_login,0,NoAlert,A_AUTH,5.8
2026081414,b2380e56-26e0-5308-915b-41a8b897b07b,0,benign_public,0,NoAlert,A_PUBLIC,5.901
2026081414,ea7e129e-24fd-e5ca-d711-d8376761043a,0,benign_public,0,NoAlert,A_PUBLIC,5.7
2026081414,38925227-ccb3-ff94-f5a0-b3d9fdb924f7,0,benign_login,0,NoAlert,A_AUTH,5.801
2026081414,8b0cdf20-7d87-cd1f-01ff-d8ac4474fc43,0,benign_status,0,NoAlert,A_STATUS,5.8
2026081414,b906bfdb-47ca-017c-6260-06dbbee62fb5,0,benign_status,0,NoAlert,A_STATUS,5.701
2026081414,e6a99eb2-aee7-ec37-8560-4288ddf6a63d,1,bruteforce,0,NoAlert,A_AUTH_FAIL_SINGLE,8.0
2026081414,e48270fc-c053-01ee-8ca3-9ac072608224,1,bruteforce,0,NoAlert,A_AUTH_FAIL_SINGLE,7.601
2026081414,797cc19d-b064-1277-0be5-ad786f80aa1a,1,bruteforce,0,NoAlert,A_AUTH_FAIL_SINGLE,7.6
2026081414,50fcecc9-78e2-6c15-595b-f001d9a93a45,1,bruteforce,1,Violation,D_BRUTEFORCE,8.401
2026081414,49d306b9-c3e6-e589-a76e-33d676c1ca17,1,bruteforce,1,Violation,D_BRUTEFORCE,8.0
2026081414,f0c82438-635c-ff5a-6e29-517073ce8363,0,benign_public,0,NoAlert,A_PUBLIC,6.001
2026081414,ec157b8e-6c90-e5d9-2cc5-f7f41d07eb56,0,benign_public,0,NoAlert,A_PUBLIC,5.7
2026081414,232e1022-559b-93b4-276f-8bfc9a6ccbd2,0,benign_login,0,NoAlert,A_AUTH,5.701
2026081414,f4c42ea7-e5fb-5537-a148-f53cd360a515,0,benign_login,0,NoAlert,A_AUTH,5.6
2026081414,efdbccc7-104d-7ff4-b3e2-2b9741bc9998,0,benign_status,0,NoAlert,A_STATUS,6.0
2026081414,889c7dc1-bfc8-adaa-82ca-1af4f4feb6c6,0,benign_public,0,NoAlert,A_PUBLIC,5.701
2026081414,55b87730-4778-30f4-0d6a-a14472dbd7b3,0,benign_public,0,NoAlert,A_PUBLIC,5.7
2026081414,d2c7fcad-0751-1b29-b92b-ef1bbb117375,0,benign_status,0,NoAlert,A_STATUS,5.601
2026081414,ff5b87f2-53d2-ded9-817f-b64902de9ced,1,command_probe,1,Violation,D_COMMAND,5.8
2026081414,d3e7af9c-d580-c8dd-d43a-652b237f1985,0,benign_public,0,NoAlert,A_PUBLIC,5.501
2026081414,6429d527-df5a-576d-1624-05d783c08634,0,benign_public,0,NoAlert,A_PUBLIC,5.7
2026081414,fb7dafff-3a79-1358-8e7c-3bc73fb7905b,0,benign_status,0,NoAlert,A_STATUS,5.7
2026081414,bbdbb559-adf7-7f8a-7667-734dce9bbe24,0,benign_public,0,NoAlert,A_PUBLIC,5.801
2026081414,f2b88186-b040-f978-de8f-9188cd1e2c73,1,command_probe,1,Violation,D_COMMAND,5.6
2026081414,0a494ad3-d669-168f-ce49-bff6147069d6,0,benign_status,0,NoAlert,A_STATUS,5.501
2026081414,26428d9d-9d5c-4f87-3209-bda9929200c2,0,benign_public,0,NoAlert,A_PUBLIC,5.5
2026081414,374d28d7-7278-90b1-5e05-12d4063a3392,0,benign_login,0,NoAlert,A_AUTH,5.8
2026081414,3746f75d-9799-ac53-58e5-38bf484f7931,1,bruteforce,0,NoAlert,A_AUTH_FAIL_SINGLE,7.501
2026081414,9930a94d-1a96-b7f4-04b9-614ab63d6ec1,1,bruteforce,0,NoAlert,A_AUTH_FAIL_SINGLE,7.6
2026081414,64d17a7e-01ad-fa7c-7671-8e8d4180ca39,1,bruteforce,0,NoAlert,A_AUTH_FAIL_SINGLE,7.701
2026081414,2f2afb4f-9361-817a-75a7-2befe291ee73,1,bruteforce,1,Violation,D_BRUTEFORCE,8.101
2026081414,b9ab542b-ae1d-d7bc-8295-0aa3e7625025,1,bruteforce,1,Violation,D_BRUTEFORCE,8.2
2026081414,bf99d52c-21e5-9d15-cc58-3d918734dcff,0,benign_public,0,NoAlert,A_PUBLIC,6.001
2026081414,e9c5a86e-1507-415b-199e-a59afc7bcc61,0,benign_login,0,NoAlert,A_AUTH,5.9
2026081414,0ea09a33-59b1-7d53-fd72-b866603f1d0c,0,benign_public,0,NoAlert,A_PUBLIC,5.7
2026081414,f8c1a6ca-b989-b473-9ddf-42671a94dec0,1,bruteforce,0,NoAlert,A_AUTH_FAIL_SINGLE,7.501
2026081414,a2263c84-5d6d-6b0b-b49f-d9938d9e1d18,1,bruteforce,0,NoAlert,A_AUTH_FAIL_SINGLE,7.3
2026081414,74fff799-550b-c4e6-dd5d-09b721acb68e,1,bruteforce,0,NoAlert,A_AUTH_FAIL_SINGLE,7.101
2026081414,b995e7e7-1f7a-80f3-d025-28fdded4f19c,1,bruteforce,1,Violation,D_BRUTEFORCE,8.0
2026081414,1425a286-0e75-b192-ce47-a8c40841d638,1,bruteforce,1,Violation,D_BRUTEFORCE,8.0
2026081414,92c8d799-1d81-a24e-21e8-6e0341203f39,0,benign_status,0,NoAlert,A_STATUS,5.9
2026081414,69c44cfa-fb28-3313-bf1e-3e12cc4b99dd,0,benign_status,0,NoAlert,A_STATUS,5.7
2026081414,d1adbd4c-7b6a-fb9c-0e3e-0b8c69bee344,1,bruteforce,0,NoAlert,A_AUTH_FAIL_SINGLE,7.4
2026081414,07d5df70-6be8-868a-d738-89a17cc4a4f8,1,bruteforce,0,NoAlert,A_AUTH_FAIL_SINGLE,7.201
2026081414,c44f363f-7ffd-7708-8d89-4427e3095861,1,bruteforce,0,NoAlert,A_AUTH_FAIL_SINGLE,7.3
2026081414,2c52b875-f32e-be08-677a-486a1a03746c,1,bruteforce,1,Violation,D_BRUTEFORCE,8.1
2026081414,8c8da7f6-ba52-49fa-6326-59cba6cf6ced,1,bruteforce,1,Violation,D_BRUTEFORCE,8.001
2026081414,72eda9c1-c316-e782-55e8-26381baa0797,1,bruteforce,1,Violation,D_BRUTEFORCE,7.9
2026081414,90b94483-3282-d2ae-9486-82ea72d21ea4,1,bruteforce,1,Violation,D_BRUTEFORCE,8.201
2026081414,3583c0b5-03cb-6696-772b-362f07d0f45d,1,bruteforce,1,Violation,D_BRUTEFORCE,8.1
2026081414,47e90309-ff5b-ae80-40a9-c5abb368c5b4,1,bruteforce,1,Violation,D_BRUTEFORCE,8.301
2026081414,8a510aa6-947a-0d61-e4c2-71a03aeb8086,1,bruteforce,1,Violation,D_BRUTEFORCE,7.9
2026081414,05a13a11-3b98-8066-51f2-b1aa26055cd7,0,benign_public,0,NoAlert,A_PUBLIC,5.901
2026081414,ffe1d0dd-b15b-9491-a1bc-4d7cf105c52e,0,benign_login,0,NoAlert,A_AUTH,5.9
2026081414,579ba807-a7f2-0ca4-31df-5e46059419fd,0,benign_status,0,NoAlert,A_STATUS,5.701
2026081414,10ecce04-df8f-e454-d147-6fc163cb999a,0,benign_public,0,NoAlert,A_PUBLIC,5.6
2026081414,e9a48fdb-3560-17e0-053b-0bc2e1308ac8,0,benign_public,0,NoAlert,A_PUBLIC,5.701
2026081414,e3bf5f4e-20a2-9062-265d-69c4ef997353,0,benign_status,0,NoAlert,A_STATUS,5.7
2026081414,68565bfd-8078-c341-c544-2ea936a80dd7,0,benign_status,0,NoAlert,A_STATUS,5.5
2026081414,866fc37c-9b8e-e755-7e36-61bfc5dd0005,0,benign_login,0,NoAlert,A_AUTH,5.601
2026081414,b7a8337c-da6b-c57e-437d-7ad6432bae94,0,benign_login,0,NoAlert,A_AUTH,5.4
2026081414,c492c31f-0cd6-c66d-4186-a4c8ed2d665d,1,bruteforce,0,NoAlert,A_AUTH_FAIL_SINGLE,7.401
2026081414,5426ffff-f4c0-507b-98f1-16cb0d9ca6c3,1,bruteforce,0,NoAlert,A_AUTH_FAIL_SINGLE,7.3
2026081414,30653c2b-4bc5-49ce-8c13-0098ef6ecd6e,1,bruteforce,0,NoAlert,A_AUTH_FAIL_SINGLE,7.201
2026081414,9999be0f-10e2-ec41-0f7c-adc4cf0f4c0c,1,bruteforce,1,Violation,D_BRUTEFORCE,8.2
2026081414,a7bbd297-f93d-dd87-ad3f-98d754b0f1b1,1,bruteforce,1,Violation,D_BRUTEFORCE,8.101
2026081414,23cc3461-26ee-cbb4-bcb4-4348e0204a01,0,benign_status,0,NoAlert,A_STATUS,6.1
2026081414,e2a05de0-0ce3-9359-7da8-d97375897981,1,admin_probe,1,Violation,D_ADMIN,6.101
2026081414,5571eaf7-8f9f-6c4c-e152-c236e1f1e159,0,benign_public,0,NoAlert,A_PUBLIC,6.0
2026081414,10b89cb0-5a6f-cb42-5c93-54dc7f026a53,0,benign_status,0,NoAlert,A_STATUS,5.801
2026081414,7ef873ac-8df2-5b5f-6f86-9c92e5026069,1,command_probe,1,Violation,D_COMMAND,6.0
2026081414,d4f5fa6d-f04f-e787-2408-c15f8b723f8d,0,benign_public,0,NoAlert,A_PUBLIC,5.7
2026081414,015ca6a8-8bea-f2da-b1a2-b9ebefccf91d,0,benign_public,0,NoAlert,A_PUBLIC,5.701
2026081414,67cb59ad-62e3-a3b6-c5b1-7a63223bcda5,0,benign_login,0,NoAlert,A_AUTH,5.9
2026081414,69d5ed76-c85f-6bdc-d7a4-375c3b20ca32,0,benign_public,0,NoAlert,A_PUBLIC,5.701
2026081414,008fc2f4-d5a7-a9b6-1e8d-c3b124e9c0be,0,benign_login,0,NoAlert,A_AUTH,5.8
2026081414,9f22501c-e96d-939e-885c-da3d9f5b0108,0,benign_public,0,NoAlert,A_PUBLIC,5.8
2026081414,f4bd7357-db8b-0670-9ede-dae862cb3331,0,benign_status,0,NoAlert,A_STATUS,5.8
2026081414,61039913-3bf7-dc4d-18c5-bf3749ebb7d1,0,benign_login,0,NoAlert,A_AUTH,5.7
2026081414,edf499e2-5665-e3ab-4cc7-70ae6c3a0b22,0,benign_login,0,NoAlert,A_AUTH,5.701
2026081414,52a59f2d-ee4b-6ae0-7b2a-dc4232b69968,0,benign_public,0,NoAlert,A_PUBLIC,5.8
2026081414,1f1233c0-503f-0a23-da96-5dc9e828bf60,0,benign_status,0,NoAlert,A_STATUS,5.601
2026081414,22e46752-0473-ca59-d0b1-3522ee1092bf,1,bruteforce,0,NoAlert,A_AUTH_FAIL_SINGLE,7.4
2026081414,e559cfd7-c210-8259-b691-d8bd3c41d3bf,1,bruteforce,0,NoAlert,A_AUTH_FAIL_SINGLE,7.501
2026081414,d2200d6d-c68d-dbf0-9991-c5f1b89cb89e,1,bruteforce,0,NoAlert,A_AUTH_FAIL_SINGLE,7.3
2026081414,10971c58-14ff-46f0-09f5-f8d8f843b783,1,bruteforce,1,Violation,D_BRUTEFORCE,8.001
2026081414,44dc5d39-97b2-35a1-b3cf-59faaa58dae2,1,bruteforce,1,Violation,D_BRUTEFORCE,8.0
2026081414,0ad2986a-dd6c-5c06-afa7-e5b090abc43d,1,bruteforce,1,Violation,D_BRUTEFORCE,8.101
2026081414,36ff3a9a-11b2-4a26-ec94-15afad926143,1,bruteforce,1,Violation,D_BRUTEFORCE,8.0
2026081414,c2b15d9a-f651-29bc-52a5-32a3fa3637fa,1,bruteforce,1,Violation,D_BRUTEFORCE,8.001
2026081414,e5c5b7c5-f0c8-5240-aca1-dada3d121d4c,1,bruteforce,1,Violation,D_BRUTEFORCE,7.8
2026081414,fa5031da-5833-631b-042e-a610000a07fd,1,bruteforce,1,Violation,D_BRUTEFORCE,7.7
2026081414,fe79512d-7fea-922b-cfca-ac2a12b8511b,0,benign_public,0,NoAlert,A_PUBLIC,6.0
2026081414,75735abf-5a3f-c27e-5469-2ac1e7ff4918,0,benign_login,0,NoAlert,A_AUTH,5.801
2026081414,945b8055-4e77-a742-a8a3-34fb9d557a58,0,benign_login,0,NoAlert,A_AUTH,5.8
2026081414,80551427-2d17-b26c-9e5e-ac232329f2a6,0,benign_login,0,NoAlert,A_AUTH,5.701
2026081414,09387d59-302b-903c-7c43-d74e92c550e3,0,benign_login,0,NoAlert,A_AUTH,5.5
2026081414,9ee94481-289c-12ee-07dc-fe5d3c98f266,1,bruteforce,0,NoAlert,A_AUTH_FAIL_SINGLE,7.101
2026081414,c82be6f0-a76f-f5ed-8ceb-190ee45260ac,1,bruteforce,0,NoAlert,A_AUTH_FAIL_SINGLE,7.1
2026081414,dae2e238-4c13-43dd-f1f9-c31dc9cc8882,1,bruteforce,0,NoAlert,A_AUTH_FAIL_SINGLE,7.101
2026081414,1f00f656-96f8-8847-ff5d-abad645d7108,1,bruteforce,1,Violation,D_BRUTEFORCE,7.8
2026081414,de697ebb-65d3-b6a9-43f3-d8bbb808f0f1,1,bruteforce,1,Violation,D_BRUTEFORCE,7.901
2026081414,c6165c94-ace3-2520-7296-6c000f82dcb8,0,benign_status,0,NoAlert,A_STATUS,5.8
2026081414,40574fc9-192f-4311-79bc-862f27fc4c57,1,admin_probe,1,Violation,D_ADMIN,5.8
2026081414,d968485a-be3a-b364-1cbb-06b46831ccc7,0,benign_public,0,NoAlert,A_PUBLIC,5.6
2026081414,030f8fec-b570-ebf4-5c7b-39c017bf3b4b,0,benign_public,0,NoAlert,A_PUBLIC,5.7
2026081414,932a63c2-83a4-6d0e-95ac-79641a95ecb7,1,bruteforce,0,NoAlert,A_AUTH_FAIL_SINGLE,7.201
2026081414,52689390-3c07-0587-f74f-5c37c89a3a93,1,bruteforce,0,NoAlert,A_AUTH_FAIL_SINGLE,7.1
2026081414,56375b55-b7da-41d4-af44-1de858bb2dcd,1,bruteforce,0,NoAlert,A_AUTH_FAIL_SINGLE,7.201
2026081414,b1791987-fb73-c0ce-ca9b-b83673d6758b,1,bruteforce,1,Violation,D_BRUTEFORCE,8.0
2026081414,ccd80a5e-6445-41b1-bf5f-21d21d823ab8,1,bruteforce,1,Violation,D_BRUTEFORCE,8.001
2026081414,bd97aae5-b881-dcc8-f819-b3bccb9d6c14,0,benign_public,0,NoAlert,A_PUBLIC,5.8
2026081414,6fbb9d01-a6fd-e43c-49d7-4a55846a5fc9,0,benign_status,0,NoAlert,A_STATUS,5.801
2026081414,b32a047d-a4fe-389b-b35c-f83df9a38a7c,0,benign_status,0,NoAlert,A_STATUS,5.6
2026081414,5f1f6004-0800-55c1-80f2-745f3d859a75,0,benign_public,0,NoAlert,A_PUBLIC,5.601
2026081414,6b972064-8b7d-e2ab-156a-e187253fee3b,0,benign_login,0,NoAlert,A_AUTH,5.9
2026081414,5523189f-cdb3-ea15-273c-42943b45db76,0,benign_login,0,NoAlert,A_AUTH,5.7
2026081414,7f7532f5-60fb-d42f-4841-7606a29b0ea9,0,benign_status,0,NoAlert,A_STATUS,5.601
2026081414,031c78a2-26be-bb25-a350-5d9e7d9d3ec1,0,benign_public,0,NoAlert,A_PUBLIC,5.5
2026081414,0ad81068-9443-3845-f8a3-334ca7e44556,1,admin_probe,1,Violation,D_ADMIN,6.101
2026081414,df92f444-b59c-e6c3-d80a-312a1d32bd9c,0,benign_public,0,NoAlert,A_PUBLIC,6.2
2026081414,fff7062e-8f8f-ddcf-7782-b1e502eb77bb,0,benign_status,0,NoAlert,A_STATUS,9.601
2026081414,0afda381-57e1-9d1c-555b-22b532d95723,0,benign_public,0,NoAlert,A_PUBLIC,5.8
2026081414,b5795569-e81f-bf6d-af3d-0eec84ddc523,0,benign_login,0,NoAlert,A_AUTH,5.801
2026081414,dfdfcb41-8b20-382f-cdad-6dc324bf3a67,0,benign_login,0,NoAlert,A_AUTH,5.8
2026081414,968f0041-4225-de87-734e-2ffccc78a2e6,0,benign_status,0,NoAlert,A_STATUS,5.7
2026081414,ce77d7b7-91cb-2f8a-00d2-65616ad5d264,0,benign_public,0,NoAlert,A_PUBLIC,5.6
2026081414,0c72125e-7f05-1b79-6e15-82d7e1bdbe80,0,benign_public,0,NoAlert,A_PUBLIC,5.8
2026081414,f7f19091-94ea-dea7-a329-3af411c57c3b,0,benign_public,0,NoAlert,A_PUBLIC,5.701
2026081414,06e0042b-6d0d-6c89-dfad-fd9439618fc9,0,benign_public,0,NoAlert,A_PUBLIC,5.8
2026081414,5f9f8ae2-572c-dae9-689d-c3691fd4eec4,0,benign_login,0,NoAlert,A_AUTH,5.601
2026081414,b4de5de9-eb96-0664-03a3-08de3d7ed173,0,benign_login,0,NoAlert,A_AUTH,5.6
2026081414,d3f2c634-f810-6643-ce1c-f0e662b674d9,0,benign_public,0,NoAlert,A_PUBLIC,5.6
2026081414,7df14e6c-0a6b-2150-0a3b-2f7c577e36f0,0,benign_login,0,NoAlert,A_AUTH,5.701
2026081414,5b564c7d-4f16-4698-c485-37edc0a1d4c0,0,benign_public,0,NoAlert,A_PUBLIC,5.7
2026081414,1d8e1a0b-6d87-d61c-c3cc-6172dd94a6e6,0,benign_login,0,NoAlert,A_AUTH,5.601
2026081414,f2e74a8d-20ea-baf6-61a7-6e1d0b644470,0,benign_login,0,NoAlert,A_AUTH,5.7
2026081414,062d3c75-c7a7-fe1c-0679-4c988fb262d3,0,benign_login,0,NoAlert,A_AUTH,5.6
2026081414,3d1a63c6-82fe-4129-8c6a-2ad032e7e4bd,0,benign_status,0,NoAlert,A_STATUS,5.601
2026081414,afc1852b-b671-33fa-2c8c-f41678ff6633,0,benign_login,0,NoAlert,A_AUTH,5.6
2026081414,8b2fe25f-f8d7-727c-f5fe-6957742cc354,0,benign_public,0,NoAlert,A_PUBLIC,5.901
2026081414,49885d9c-8b2b-4754-95b8-acb19e109e3f,0,benign_status,0,NoAlert,A_STATUS,6.0
2026081414,e6b40e23-fbc1-24af-e2cc-1c809551b38f,0,benign_login,0,NoAlert,A_AUTH,5.6
2026081414,168891ae-e06b-9783-a6d7-8c8273d26acd,0,benign_status,0,NoAlert,A_STATUS,5.801
2026081414,2c6af794-9a3b-1e66-8a83-0066bcbb6a0d,1,command_probe,1,Violation,D_COMMAND,5.9
2026081414,5f0386cc-3ccf-1eaa-d42c-35debbfe0197,0,benign_login,0,NoAlert,A_AUTH,5.601
2026081414,8e7b11d2-ef5b-ec61-3c28-1fdaaaae3ce9,1,bruteforce,0,NoAlert,A_AUTH_FAIL_SINGLE,7.6
2026081414,95a01c86-3921-89ac-7e0f-0e7723e6e4db,1,bruteforce,0,NoAlert,A_AUTH_FAIL_SINGLE,7.201
2026081414,b6fa4aae-103d-9c34-a61a-781995dbc8e5,1,bruteforce,0,NoAlert,A_AUTH_FAIL_SINGLE,7.3
2026081414,44bfab07-041b-540e-dbef-3fc60c560427,1,bruteforce,1,Violation,D_BRUTEFORCE,8.201
2026081414,2b11cf9e-5541-8aa5-2208-7675ddea0e6b,1,bruteforce,1,Violation,D_BRUTEFORCE,8.0
2026081414,1d794543-5f4a-aa95-f369-bfbd5f42328a,0,benign_status,0,NoAlert,A_STATUS,5.801
2026081414,8e44bde2-4b44-b6dd-6cf1-d4900bf80f6b,0,benign_public,0,NoAlert,A_PUBLIC,5.9
2026081414,5a503fe7-e8a6-1edc-4c93-f120f4cd8b20,1,path_traversal,1,Violation,D_TRAVERSAL,5.901
2026081414,d7611507-4e0d-9c2f-b970-579634cdaceb,0,benign_public,0,NoAlert,A_PUBLIC,5.6
2026081414,7d7cfb46-cc11-37ec-5447-ee7c471689a2,0,benign_public,0,NoAlert,A_PUBLIC,5.6
2026081414,929f3411-abf5-8fc3-9c87-5788235f3917,0,benign_public,0,NoAlert,A_PUBLIC,5.501
2026081414,e1032277-527c-3b63-0b03-9dd660a28b14,0,benign_public,0,NoAlert,A_PUBLIC,5.6
2026081414,5207d57c-e639-f334-8388-b849dc9faec4,0,benign_public,0,NoAlert,A_PUBLIC,5.501
2026081414,d70a44fa-a8ec-b161-ed87-60e24de060ff,0,benign_public,0,NoAlert,A_PUBLIC,5.9
2026081414,1ea34498-44a0-187d-f7d4-59293c88a72e,0,benign_public,0,NoAlert,A_PUBLIC,5.6
2026081414,22201109-4491-c44c-57f8-cec026e2457e,0,benign_status,0,NoAlert,A_STATUS,5.901
2026081414,a6dcff8c-886d-e22f-2ce8-5430f210159e,1,bruteforce,0,NoAlert,A_AUTH_FAIL_SINGLE,7.7
2026081414,1ca29e8b-f494-9a0c-bb92-12f45aff6a7d,1,bruteforce,0,NoAlert,A_AUTH_FAIL_SINGLE,7.301
2026081414,c69dfa9f-f08d-ef40-cbdb-d9a61968d361,1,bruteforce,0,NoAlert,A_AUTH_FAIL_SINGLE,7.3
2026081414,a294857e-e451-d4db-6196-6f55d306a090,1,bruteforce,1,Violation,D_BRUTEFORCE,8.001
2026081414,3d0a53de-c52d-5b30-3b44-0744abeaeb0c,1,bruteforce,1,Violation,D_BRUTEFORCE,8.401
2026081414,5a086dd9-9e57-ce5c-692e-eac6a3deb248,0,benign_status,0,NoAlert,A_STATUS,6.0
2026081414,177c4462-c8fd-1c61-a8c8-42cc32042980,0,benign_status,0,NoAlert,A_STATUS,5.7
2026081414,7713b0f1-bbbe-59d9-c14e-566d293064af,1,command_probe,1,Violation,D_COMMAND,5.601
2026081414,8bdaffcd-e46e-2924-9913-fe8c226ed128,0,benign_public,0,NoAlert,A_PUBLIC,5.6
2026081414,1d9785e4-54dc-dab0-351d-3a1f3c1091af,0,benign_public,0,NoAlert,A_PUBLIC,5.701
2026081414,b7965c89-6b6e-d880-3a3a-3012bb0504a3,1,bruteforce,0,NoAlert,A_AUTH_FAIL_SINGLE,7.2
2026081414,d05585b6-4f42-9099-5e48-96045a7ba93d,1,bruteforce,0,NoAlert,A_AUTH_FAIL_SINGLE,7.201
2026081414,2892a493-4965-3e41-b21d-205583deeb30,1,bruteforce,0,NoAlert,A_AUTH_FAIL_SINGLE,7.3
2026081414,8a06fb75-5b22-a327-69b0-6ba4ecf03d0a,1,bruteforce,1,Violation,D_BRUTEFORCE,8.201
2026081414,0200e932-a51f-25ef-d83c-75a99e4be651,1,bruteforce,1,Violation,D_BRUTEFORCE,8.0
2026081414,e544d5d8-4ff2-b4d7-c7ad-080afff711d6,1,admin_probe,1,Violation,D_ADMIN,6.201
2026081414,e06be36a-ebe9-6d1e-3def-e203753bd3ae,0,benign_public,0,NoAlert,A_PUBLIC,5.8
2026081414,40259d88-8f94-7d1f-4b71-221486c969eb,0,benign_public,0,NoAlert,A_PUBLIC,5.901
2026081414,ea64fd22-f245-ba4f-ee74-1021acb3794f,0,benign_public,0,NoAlert,A_PUBLIC,7.4
2026081414,7245f6fd-ff65-450d-3e9a-b94a786dc5f9,0,benign_status,0,NoAlert,A_STATUS,6.001
2026081414,f7a22483-7994-dc13-da2e-34cc94120fb0,0,benign_public,0,NoAlert,A_PUBLIC,5.8
2026081414,cce9d8b1-10eb-ed6f-c4bc-997ff75ebc91,0,benign_public,0,NoAlert,A_PUBLIC,5.7
2026081414,edb66ea3-9d07-3f48-bcd7-bfa5f45581f5,0,benign_login,0,NoAlert,A_AUTH,24.002
2026081414,e85c7fd9-62cb-5430-9902-370595cce26a,0,benign_status,0,NoAlert,A_STATUS,11.101
2026081414,6383d8c5-5325-18ee-02c4-c8e1b4e73a59,0,benign_public,0,NoAlert,A_PUBLIC,7.3
2026081414,34775181-b8ac-fa26-6273-f5c4ea198c89,1,bruteforce,0,NoAlert,A_AUTH_FAIL_SINGLE,9.001
2026081414,9538412a-9979-8130-ec2e-17f03deeecef,1,bruteforce,0,NoAlert,A_AUTH_FAIL_SINGLE,8.101
2026081414,4c9aa875-005c-ae62-482f-c23a7451dc8b,1,bruteforce,0,NoAlert,A_AUTH_FAIL_SINGLE,7.8
2026081414,69884598-b146-1c51-ce5b-9af9e487cd18,1,bruteforce,1,Violation,D_BRUTEFORCE,8.901
2026081414,05cee204-58e1-f53b-0657-c48ee1803bba,1,bruteforce,1,Violation,D_BRUTEFORCE,8.4
2026081414,23ab9b4a-6fbb-f500-5827-2855d263a3b9,0,benign_public,0,NoAlert,A_PUBLIC,6.101
2026081414,17e8eaa1-8f4a-12a5-0622-1c63c54f229c,0,benign_status,0,NoAlert,A_STATUS,6.0
2026081414,88d53353-a236-73bd-f172-690a56655cab,0,benign_public,0,NoAlert,A_PUBLIC,5.801
2026081414,f4022f5d-fcc6-2d58-e6e9-eaf620d2f175,0,benign_public,0,NoAlert,A_PUBLIC,5.8
2026081414,45d8f63e-1f5d-dd08-2dba-323ff4f19c22,0,benign_public,0,NoAlert,A_PUBLIC,5.8
2026081414,3bd893fd-2aa5-bb9b-c8f1-d31fe6fac45e,0,benign_status,0,NoAlert,A_STATUS,5.501
2026081414,d22123d5-1913-f7f5-78e8-139b8263e38e,0,benign_login,0,NoAlert,A_AUTH,5.7
2026081414,11e9fd33-7d60-f26c-3d8e-5e86c2bb4356,0,benign_status,0,NoAlert,A_STATUS,9.001
2026081414,140e039f-fbcc-2ac8-8742-05771213f6e1,1,bruteforce,0,NoAlert,A_AUTH_FAIL_SINGLE,8.0
2026081414,faf233c6-d80a-ec43-3fa1-8a69b6abee27,1,bruteforce,0,NoAlert,A_AUTH_FAIL_SINGLE,7.6
2026081414,86e2749b-cd55-0eb9-f347-1f15e4e84cf6,1,bruteforce,0,NoAlert,A_AUTH_FAIL_SINGLE,7.401
2026081414,c1d7fb41-23de-08d7-9d32-e802d7bd6260,1,bruteforce,1,Violation,D_BRUTEFORCE,8.6
2026081414,8c95c3c7-a6c9-5d45-706a-b44a8660432b,1,bruteforce,1,Violation,D_BRUTEFORCE,8.301
2026081414,ef5ad943-688e-c9db-a65e-88a93401eb77,0,benign_status,0,NoAlert,A_STATUS,5.8
2026081414,30adcfad-a900-02bb-f6d4-c22f3cc2d686,0,benign_status,0,NoAlert,A_STATUS,5.801
2026081414,d99956a6-5a1b-4785-e94e-27ab9c88b96f,1,admin_probe,1,Violation,D_ADMIN,5.8
2026081414,10dc90ea-607c-60f9-36a2-8b2ee7e4947c,0,benign_public,0,NoAlert,A_PUBLIC,5.7
2026081414,d7430d72-8458-24ab-2646-ebf1d65932c0,0,benign_login,0,NoAlert,A_AUTH,5.801
2026081414,1b999dde-1053-d63f-2af7-29341890af38,0,benign_login,0,NoAlert,A_AUTH,5.7
2026081414,97024f8e-022d-32a1-d644-931071e047c7,0,benign_status,0,NoAlert,A_STATUS,5.801
2026081414,b66b2db4-8682-af82-2fe8-3bd29de435b0,0,benign_status,0,NoAlert,A_STATUS,6.0
2026081414,92324fda-9416-df01-261a-7fc48da6f0ab,0,benign_public,0,NoAlert,A_PUBLIC,6.001
2026081414,05b6ad23-ff77-b5c4-7d32-c6cbc616c8ff,0,benign_status,0,NoAlert,A_STATUS,6.0
2026081414,68934e77-b989-fbde-46a8-9349b87221da,0,benign_status,0,NoAlert,A_STATUS,5.8
2026081414,0c8df10f-af93-6872-e259-6ec3899fd70c,1,bruteforce,0,NoAlert,A_AUTH_FAIL_SINGLE,7.601
2026081414,5ee1135f-3063-89c1-8043-b7ba8f2cd5ea,1,bruteforce,0,NoAlert,A_AUTH_FAIL_SINGLE,7.6
2026081414,1c7ad19c-ad4b-a17e-5754-4b193e0f32db,1,bruteforce,0,NoAlert,A_AUTH_FAIL_SINGLE,7.501
2026081414,ab8b4ae8-5b13-fd37-35f7-0681e836e84c,1,bruteforce,1,Violation,D_BRUTEFORCE,19.901
2026081414,7e6548bb-eaed-58b6-dfb0-a875b0aa89bd,1,bruteforce,1,Violation,D_BRUTEFORCE,14.801
2026081414,2e9fb985-cb75-4075-1fda-944ba1c0a472,0,benign_login,0,NoAlert,A_AUTH,7.401
2026081414,f13879e9-6abf-5e37-8dce-914c44511b1c,0,benign_login,0,NoAlert,A_AUTH,6.2
2026081414,e613720c-ea47-f29c-e3ce-8c8715edd3f0,1,admin_probe,1,Violation,D_ADMIN,6.101
2026081414,12583c08-0511-8c1f-510d-5193dc619f11,0,benign_login,0,NoAlert,A_AUTH,5.9
2026081414,23df40da-87d7-88a1-9fb5-0aad36187712,1,path_traversal,1,Violation,D_TRAVERSAL,6.001
2026081414,8b02b2d7-bd5a-1ac3-86bc-0ac2bf2e9d54,0,benign_login,0,NoAlert,A_AUTH,5.8
2026081414,b504f8a7-18bd-eec6-d116-65f80339d5a5,0,benign_status,0,NoAlert,A_STATUS,5.701
2026081414,bc349c71-6af3-e70f-7919-033b09035f1c,1,bruteforce,0,NoAlert,A_AUTH_FAIL_SINGLE,7.8
2026081414,894c6d8c-833f-f3f5-0b77-dbbfffc026f6,1,bruteforce,0,NoAlert,A_AUTH_FAIL_SINGLE,7.501
2026081414,c83b6c27-e8fa-a888-ea64-61d886b2e605,1,bruteforce,0,NoAlert,A_AUTH_FAIL_SINGLE,7.5
2026081414,1dc8a205-3418-46e9-2d56-150d1a55455c,1,bruteforce,1,Violation,D_BRUTEFORCE,8.201
2026081414,d691dd76-c697-a391-f914-3284e59090b2,1,bruteforce,1,Violation,D_BRUTEFORCE,8.1
2026081414,cc2b0e09-f7da-0d3e-d60b-426c9b48e516,1,bruteforce,1,Violation,D_BRUTEFORCE,8.001
2026081414,b98e7acd-610c-0ef8-9380-409d7544b8ec,1,bruteforce,1,Violation,D_BRUTEFORCE,8.1
2026081414,872f041f-d6f6-a83b-1b40-d182b801a9d5,1,bruteforce,1,Violation,D_BRUTEFORCE,8.001
2026081414,b842cf99-7254-ecd8-84fa-a40b3be1fab4,1,bruteforce,1,Violation,D_BRUTEFORCE,8.0
2026081414,783a693b-1e90-4b08-72a1-3057ed73b787,1,bruteforce,1,Violation,D_BRUTEFORCE,8.1
2026081414,bfc85f45-384a-492e-5f7e-6eeaca255303,0,benign_login,0,NoAlert,A_AUTH,6.0
2026081414,b8706e88-52b2-5930-18f4-128a5df93f0d,0,benign_public,0,NoAlert,A_PUBLIC,5.8
2026081414,548b7712-61f9-ee4c-6285-ab458fdf9296,0,benign_status,0,NoAlert,A_STATUS,5.7
2026081414,f4efca45-ac11-d0be-7001-457167b2b641,0,benign_status,0,NoAlert,A_STATUS,5.701
2026081414,baa2f0e9-7200-cd0c-18b9-0994b3c1341e,0,benign_public,0,NoAlert,A_PUBLIC,5.6
2026081414,9ce993af-bda6-cb3b-09b5-c588693a4a2d,0,benign_login,0,NoAlert,A_AUTH,5.601
2026081414,c01f862b-11fb-5e46-b5bb-483f4d30c378,0,benign_login,0,NoAlert,A_AUTH,5.8
2026081414,a4af50d4-3087-b534-130a-e2a07a670ecd,0,benign_status,0,NoAlert,A_STATUS,5.8
2026081414,ce552c85-cd88-e74b-95e1-63a0b2b54d97,0,benign_status,0,NoAlert,A_STATUS,5.801
2026081414,36abe21a-35f1-9c0d-dd28-48c8c4127ab0,0,benign_login,0,NoAlert,A_AUTH,5.7
2026081414,1844fd1e-e9ec-9b40-408b-e417f910301d,0,benign_login,0,NoAlert,A_AUTH,5.701
2026081414,f36c8ac9-af22-537d-e1e4-22cdef91f309,0,benign_login,0,NoAlert,A_AUTH,5.7
2026081414,6f5acc88-5079-b3e4-68d4-e006b52c5641,0,benign_login,0,NoAlert,A_AUTH,5.6
2026081414,e9367a1e-e106-1a3f-f913-2bbf9c3adfc7,0,benign_status,0,NoAlert,A_STATUS,5.8
2026081414,9cb48f60-fe33-1509-a54d-be75998b3d37,1,path_traversal,1,Violation,D_TRAVERSAL,5.9
2026081414,78047c34-8fd5-3279-9d02-fde56a31f6a6,1,command_probe,1,Violation,D_COMMAND,5.801
2026081414,d2f485a9-573c-9bdc-ba2f-ea7ac3638dbd,0,benign_login,0,NoAlert,A_AUTH,5.7
2026081414,15c3e604-2df5-df8b-fa1c-d07427f0eb3b,0,benign_login,0,NoAlert,A_AUTH,5.701
2026081414,bef405a5-25d3-c1ca-2efe-19058e8cdc90,1,bruteforce,0,NoAlert,A_AUTH_FAIL_SINGLE,7.8
2026081414,f61f3c0f-7d94-08e4-4091-fd8c3c3b0270,1,bruteforce,0,NoAlert,A_AUTH_FAIL_SINGLE,7.401
2026081414,18d7349c-888e-7eff-1802-9aba995fd52a,1,bruteforce,0,NoAlert,A_AUTH_FAIL_SINGLE,7.3
2026081414,b031aac6-1633-4898-9dc2-3dfea4e9072e,1,bruteforce,1,Violation,D_BRUTEFORCE,8.101
2026081414,27f77e94-c7ea-b5d5-c1b5-7af111092443,1,bruteforce,1,Violation,D_BRUTEFORCE,8.0
2026081414,896bd774-97e2-4a09-74bb-75bc1ea96480,0,benign_login,0,NoAlert,A_AUTH,5.801
2026081414,345e08d7-9dc2-7562-ac54-550c98a3788a,1,command_probe,1,Violation,D_COMMAND,5.8
2026081414,c546b4b6-db09-7746-6562-ed1d7841f9ee,1,bruteforce,0,NoAlert,A_AUTH_FAIL_SINGLE,7.201
2026081414,8123bb95-6fd1-71b9-8694-45dc08f20296,1,bruteforce,0,NoAlert,A_AUTH_FAIL_SINGLE,7.1
2026081414,0e792aac-75e5-e08b-d299-5ddf3acd64e8,1,bruteforce,0,NoAlert,A_AUTH_FAIL_SINGLE,7.201
2026081414,d00f9c15-8bac-2378-f8e8-3d2f814a11cb,1,bruteforce,1,Violation,D_BRUTEFORCE,8.1
2026081414,f9d1becb-3eba-830c-5e67-365cf8a78150,1,bruteforce,1,Violation,D_BRUTEFORCE,8.101
2026081414,b46433ea-d89a-da25-385d-25de3758e24c,0,benign_public,0,NoAlert,A_PUBLIC,6.1
2026081414,784ebf95-7d87-a230-3920-699458ae5eb3,0,benign_public,0,NoAlert,A_PUBLIC,5.701
2026081414,485a1d64-80ae-2d26-a3c6-938920a30630,0,benign_status,0,NoAlert,A_STATUS,5.6
2026081414,e6506f3d-692d-fc15-8f45-b5c206972574,0,benign_public,0,NoAlert,A_PUBLIC,5.6
2026081414,a7e8c722-c408-662f-7a99-23757914674e,1,path_traversal,1,Violation,D_TRAVERSAL,5.901
2026081414,1e2ee760-61ca-918f-447f-f00c215014b1,1,command_probe,1,Violation,D_COMMAND,5.9
2026081414,6b447519-d130-42eb-bc77-9ffe111e0541,0,benign_login,0,NoAlert,A_AUTH,5.701
2026081414,14c2c63c-51f1-e68c-96ad-026c499fa769,0,benign_public,0,NoAlert,A_PUBLIC,5.7
2026081415,a6aff515-490a-02e0-1e3f-126eb9f2ae6e,0,benign_public,0,NoAlert,A_PUBLIC,20.302
2026081415,4ccff67a-2e31-1b83-81dd-c40df6b8459e,0,benign_login,0,NoAlert,A_AUTH,9.2
2026081415,c1fd50fa-d587-191c-d60a-48087d68a0ea,1,bruteforce,0,NoAlert,A_AUTH_FAIL_SINGLE,11.601
2026081415,0331419a-fe34-89dd-1463-250c3faac52f,1,bruteforce,0,NoAlert,A_AUTH_FAIL_SINGLE,8.901
2026081415,c9872d20-043c-bbc1-77d5-33c4c5e3a9e5,1,bruteforce,0,NoAlert,A_AUTH_FAIL_SINGLE,8.3
2026081415,4940080d-2767-f2de-7793-26125aded4e2,1,bruteforce,1,Violation,D_BRUTEFORCE,9.601
2026081415,d46366da-4a38-09ba-d924-37ce14a6037a,1,bruteforce,1,Violation,D_BRUTEFORCE,9.301
2026081415,1b6bce77-a1e3-ea0b-4466-8ed34b58ad98,0,benign_public,0,NoAlert,A_PUBLIC,6.9
2026081415,f38e0fb6-663f-88e7-fd9b-76097dd00791,0,benign_status,0,NoAlert,A_STATUS,6.201
2026081415,ddd75878-b86a-163f-883d-dcae9ddd7604,0,benign_status,0,NoAlert,A_STATUS,5.9
2026081415,9e307b89-a614-d7d5-e4cf-ac32b31625fd,0,benign_public,0,NoAlert,A_PUBLIC,5.901
2026081415,62284224-c657-81d2-db89-d42aeba8e325,0,benign_login,0,NoAlert,A_AUTH,6.1
2026081415,203e57cc-e834-f572-5b50-680d6f2b6545,0,benign_login,0,NoAlert,A_AUTH,5.8
2026081415,30d436bb-14f8-32bb-972c-b1b9408a4851,0,benign_status,0,NoAlert,A_STATUS,5.901
2026081415,d26bbdef-5d23-3017-e59f-73d6242b83b3,0,benign_login,0,NoAlert,A_AUTH,5.7
2026081415,a6e810fd-eceb-6d0d-4384-ce8fff4ec68f,0,benign_public,0,NoAlert,A_PUBLIC,5.801
2026081415,75fbe170-668d-5243-056d-8de793fd5288,0,benign_status,0,NoAlert,A_STATUS,5.7
2026081415,70e14254-c430-af99-0065-276854a480a0,0,benign_status,0,NoAlert,A_STATUS,5.801
2026081415,31aa0d46-532f-2efe-adaa-3f77c3a55a93,1,bruteforce,0,NoAlert,A_AUTH_FAIL_SINGLE,7.8
2026081415,f1ef1d90-8c44-2ad6-2376-0e487c774381,1,bruteforce,0,NoAlert,A_AUTH_FAIL_SINGLE,7.501
2026081415,6b53252f-8940-0c01-0325-c691bd10d484,1,bruteforce,0,NoAlert,A_AUTH_FAIL_SINGLE,7.3
2026081415,c70295a7-6a84-cc3e-10e8-0c3354137ff1,1,bruteforce,1,Violation,D_BRUTEFORCE,8.301
2026081415,06ea82c4-3cc8-3131-acc4-43acf74fe781,1,bruteforce,1,Violation,D_BRUTEFORCE,8.3
2026081415,0d153213-5ae9-e0c0-ddea-07772c8a49d3,1,bruteforce,1,Violation,D_BRUTEFORCE,8.301
2026081415,0cf2ef59-3305-18a4-0ea7-9e967f6c414c,1,bruteforce,1,Violation,D_BRUTEFORCE,8.2
2026081415,84394ae2-f1a8-94ff-8580-9770f7d0e7bf,1,bruteforce,1,Violation,D_BRUTEFORCE,8.0
2026081415,c52e6ca1-fec9-add0-9d3a-f752ec43c641,1,bruteforce,1,Violation,D_BRUTEFORCE,8.001
2026081415,bcd45876-8b34-3389-4959-da0fe83d832a,1,bruteforce,1,Violation,D_BRUTEFORCE,8.1
2026081415,dba045a6-f1e3-a97d-fde6-0b82aab44edf,0,benign_status,0,NoAlert,A_STATUS,5.901
2026081415,ace5153e-8e64-3bea-5774-dce8c78aacac,0,benign_public,0,NoAlert,A_PUBLIC,5.8
2026081415,db02d2d4-6468-b8fc-b784-f736b07af8a0,0,benign_status,0,NoAlert,A_STATUS,5.7
2026081415,3d1473d1-ff13-4816-7077-1b3f912b6af5,0,benign_status,0,NoAlert,A_STATUS,5.601
2026081415,d9e3f713-77b2-b3b7-306d-2ca925599db2,0,benign_status,0,NoAlert,A_STATUS,5.6
2026081415,649674b2-a8cf-edce-fd2b-ff1fb7de3f7f,0,benign_public,0,NoAlert,A_PUBLIC,5.601
2026081415,ff65d437-3d88-2750-57ac-9902a8d53039,0,benign_public,0,NoAlert,A_PUBLIC,5.7
2026081415,8e41f2b5-50c4-9597-9d7e-e50419d44f08,0,benign_status,0,NoAlert,A_STATUS,5.6
2026081415,1d9d4b12-2177-fcd8-1507-f92305a3eb71,0,benign_login,0,NoAlert,A_AUTH,5.601
2026081415,fd7e7dd6-1144-047b-2acd-c1896f28c5e2,0,benign_status,0,NoAlert,A_STATUS,5.6
2026081415,9ce5bf32-ba07-2f58-091c-98592c6fe704,0,benign_status,0,NoAlert,A_STATUS,5.601
2026081415,9dcd444c-4ae8-4aa6-ec27-2c1976982163,0,benign_public,0,NoAlert,A_PUBLIC,5.9
2026081415,e76365ab-6d5b-d122-34b3-752898a483a7,0,benign_login,0,NoAlert,A_AUTH,5.5
2026081415,c4b9328c-ba51-513c-43dc-a0bebe566cb9,0,benign_status,0,NoAlert,A_STATUS,5.6
2026081415,b55fd7b0-7306-10a2-fdc7-630c8f1d11cb,0,benign_public,0,NoAlert,A_PUBLIC,5.7
2026081415,7f9db6d4-85d6-2bf3-01d0-e22c2093600c,0,benign_public,0,NoAlert,A_PUBLIC,5.601
2026081415,76c1966f-5b62-52a3-fd1b-0bb00f04356d,0,benign_status,0,NoAlert,A_STATUS,5.4
2026081415,648204e7-df27-dd70-1749-d631d1680a94,0,benign_login,0,NoAlert,A_AUTH,5.701
2026081415,ac29a489-c135-627a-97ca-7c44eefa0353,0,benign_status,0,NoAlert,A_STATUS,5.5
2026081415,25fcb727-8b32-efab-a413-83732db27759,0,benign_login,0,NoAlert,A_AUTH,5.6
2026081415,56ddc42f-d36c-02a5-38f9-98a6f5684512,0,benign_login,0,NoAlert,A_AUTH,5.501
2026081415,cd419929-6db3-50c3-57db-4b9d7e2349f5,0,benign_status,0,NoAlert,A_STATUS,5.6
2026081415,7fd3e92b-f0cc-5d9c-a414-9fdf2dd15c59,0,benign_public,0,NoAlert,A_PUBLIC,5.601
2026081415,edf0b4b9-f906-1013-9a8d-49b1fc9debce,0,benign_public,0,NoAlert,A_PUBLIC,5.5
2026081415,6fc46daa-a3d6-8beb-7ced-c9422966b935,0,benign_login,0,NoAlert,A_AUTH,5.5
2026081415,a8d3969b-a347-8420-9463-7db501535f02,1,admin_probe,1,Violation,D_ADMIN,6.001
2026081415,4a21569a-d5c1-2098-1620-bfbd6655d6e2,1,path_traversal,1,Violation,D_TRAVERSAL,6.0
2026081415,defeab90-5805-d4a3-e89e-097f41fe5829,1,bruteforce,0,NoAlert,A_AUTH_FAIL_SINGLE,7.601
2026081415,7994fe42-1a77-731e-ada5-4e8929c8e62d,1,bruteforce,0,NoAlert,A_AUTH_FAIL_SINGLE,7.4
2026081415,cd410727-1ee3-32fa-83a9-3ef30b0d05bd,1,bruteforce,0,NoAlert,A_AUTH_FAIL_SINGLE,7.201
2026081415,92179b0c-8248-bd28-716b-ea035e3fa981,1,bruteforce,1,Violation,D_BRUTEFORCE,8.1
2026081415,c19f4327-eb10-761f-2f72-4f74330dd8d4,1,bruteforce,1,Violation,D_BRUTEFORCE,8.001
2026081415,9232405f-5c4a-9fcd-4b2b-258d88176188,1,path_traversal,1,Violation,D_TRAVERSAL,5.8
2026081415,06e6f7d9-bf2a-c6b0-d416-fc9d462be7ec,0,benign_login,0,NoAlert,A_AUTH,5.701
2026081415,34d4aa0d-ab70-fcca-862e-b3c7b2ae308e,0,benign_public,0,NoAlert,A_PUBLIC,5.6
2026081415,4a5971a6-1d77-5383-a108-d4a2775b6acb,0,benign_public,0,NoAlert,A_PUBLIC,5.601
2026081415,287af13b-bdfa-be14-ff5c-9a43b4986ed4,0,benign_status,0,NoAlert,A_STATUS,5.9
2026081415,ef0726f7-0a89-1823-46f1-c8330ceaa718,0,benign_public,0,NoAlert,A_PUBLIC,6.2
2026081415,300bc452-545c-416c-4757-cb868d9fe1b5,0,benign_status,0,NoAlert,A_STATUS,5.801
2026081415,68a6ef48-5ffc-02e2-ba83-189e3350765c,0,benign_public,0,NoAlert,A_PUBLIC,5.8
2026081415,e4c4b71b-5d08-d3b6-4590-15ee83c17645,0,benign_public,0,NoAlert,A_PUBLIC,5.601
2026081415,6dbdf4ef-76d8-8ba3-badf-f3ed2a00a2f9,0,benign_public,0,NoAlert,A_PUBLIC,5.6
2026081415,cabfb323-32fb-da9a-e8e5-4af6203fb9a1,0,benign_status,0,NoAlert,A_STATUS,5.5
2026081415,3f66e44a-151a-f5c6-91d8-132cb9309468,0,benign_public,0,NoAlert,A_PUBLIC,5.401
2026081415,aae73ca5-d41f-8c31-0bd0-bbe9738b83a0,0,benign_public,0,NoAlert,A_PUBLIC,5.4
2026081415,3cd0747c-f627-f844-060f-2af226e589e9,0,benign_public,0,NoAlert,A_PUBLIC,5.501
2026081415,c5575259-6937-3ae1-5b04-42bba041822c,1,bruteforce,0,NoAlert,A_AUTH_FAIL_SINGLE,7.5
2026081415,de26fd21-1b7f-e8d8-7d8b-2801d30df350,1,bruteforce,0,NoAlert,A_AUTH_FAIL_SINGLE,7.101
2026081415,d3c92439-dee1-28ba-1a06-4aba35ed5f47,1,bruteforce,0,NoAlert,A_AUTH_FAIL_SINGLE,7.2
2026081415,655a5f9b-6f60-75c3-5fee-c6194e9eb0d2,1,bruteforce,1,Violation,D_BRUTEFORCE,8.101
2026081415,3028d40d-84a2-5dd9-9eeb-f71e23b13f57,1,bruteforce,1,Violation,D_BRUTEFORCE,12.501
2026081415,e546a279-6f8f-abf6-fd34-40c26a72d37a,0,benign_login,0,NoAlert,A_AUTH,5.8
2026081415,24a57153-b885-cec9-88e3-951876400557,0,benign_status,0,NoAlert,A_STATUS,5.7
2026081415,5570cd81-9100-3c34-c40f-129b68aa7450,1,command_probe,1,Violation,D_COMMAND,6.001
2026081415,d7cfbd46-5589-69f6-ef40-c73e41fa543d,0,benign_login,0,NoAlert,A_AUTH,5.7
2026081415,e1ccb4dc-c8a6-d3c2-4f67-f9d545038100,0,benign_login,0,NoAlert,A_AUTH,5.501
2026081415,5ae4492f-f96a-2129-54eb-77304ebbd2b7,0,benign_public,0,NoAlert,A_PUBLIC,5.7
2026081415,55b55659-7440-bd5e-5d2e-ea4c33061642,1,admin_probe,1,Violation,D_ADMIN,5.9
2026081415,8010ee26-6b48-3ca4-69eb-70dafed918c7,0,benign_login,0,NoAlert,A_AUTH,5.5
2026081415,6a45c65f-0a0f-3c08-d660-b5da7a4781ff,1,bruteforce,0,NoAlert,A_AUTH_FAIL_SINGLE,7.1
2026081415,21fbdefe-dbe8-2898-dfb7-7adfa714f8ce,1,bruteforce,0,NoAlert,A_AUTH_FAIL_SINGLE,7.201
2026081415,cad2e90f-bf35-17d5-94d3-427fe4fa6b86,1,bruteforce,0,NoAlert,A_AUTH_FAIL_SINGLE,7.3
2026081415,fcafed19-d705-2f59-92f9-569edff32036,1,bruteforce,1,Violation,D_BRUTEFORCE,7.901
2026081415,322f328c-43a3-070b-6c9f-855d5b0971e1,1,bruteforce,1,Violation,D_BRUTEFORCE,8.601
2026081415,a54ff534-bf6a-d9c6-cd49-a2f0fce4770e,0,benign_public,0,NoAlert,A_PUBLIC,5.9
2026081415,941dd564-2d6a-ddc2-20b8-d617aa33c325,0,benign_login,0,NoAlert,A_AUTH,5.8
2026081415,bd9293a2-484e-a3f8-ab1d-7df9aaeee1b4,0,benign_login,0,NoAlert,A_AUTH,5.601
2026081415,177a89b4-fe2d-a044-760c-0f7a87ccb837,0,benign_public,0,NoAlert,A_PUBLIC,5.8
2026081415,8361ff99-118e-67f6-b40d-962b51ef6bd4,0,benign_public,0,NoAlert,A_PUBLIC,5.701
2026081415,0f71251e-8ec8-dc92-a449-1dded2d65535,0,benign_public,0,NoAlert,A_PUBLIC,5.6
2026081415,eb2a6584-fb22-a4d9-05b7-7b058f7c622f,0,benign_status,0,NoAlert,A_STATUS,5.901
2026081415,dcc9d502-3bf9-b502-a8e6-95ea999b632a,0,benign_status,0,NoAlert,A_STATUS,6.0
2026081415,424eebea-9010-6745-4c4e-fbb0bcfc7671,0,benign_status,0,NoAlert,A_STATUS,5.7
2026081415,17c6f18f-1e1d-a80e-97ed-44edc579d2b2,0,benign_login,0,NoAlert,A_AUTH,5.801
2026081415,5050ba38-9334-3b3e-c07d-93d493a57e76,0,benign_login,0,NoAlert,A_AUTH,5.8
2026081415,2aeb6faa-9f6b-1945-c52a-c270c06c9d37,0,benign_status,0,NoAlert,A_STATUS,5.801
2026081415,ae8f70ec-8987-e55c-9cf7-afc33d0c387a,0,benign_login,0,NoAlert,A_AUTH,5.8
2026081415,dbe519ce-957f-a78d-d6b5-e4ca67b44b58,0,benign_status,0,NoAlert,A_STATUS,5.9
2026081415,7b2bfc21-6c0e-5e18-b447-33e32a6fcd41,0,benign_status,0,NoAlert,A_STATUS,5.9
2026081415,4e843869-f4a4-9c92-4616-a299fbb01869,0,benign_public,0,NoAlert,A_PUBLIC,6.0
2026081415,25ed9616-d8d6-42a0-73fb-955e85fb2d7c,0,benign_public,0,NoAlert,A_PUBLIC,5.701
2026081415,b9a371ca-1da5-ed19-16a4-9d7685717c57,1,path_traversal,1,Violation,D_TRAVERSAL,6.1
2026081415,8c73a351-3857-0fb2-115a-1de2c05f1465,0,benign_status,0,NoAlert,A_STATUS,5.701
2026081415,5f2169b5-ea85-72a2-fc53-eded065ed76c,0,benign_status,0,NoAlert,A_STATUS,5.5
2026081415,217f11a0-076b-5d38-b25c-73b3cc4bff10,1,bruteforce,0,NoAlert,A_AUTH_FAIL_SINGLE,7.701
2026081415,96ea8735-e8d5-ae3d-032d-61aca87f9f6c,1,bruteforce,0,NoAlert,A_AUTH_FAIL_SINGLE,7.4
2026081415,7f0cc14e-4d46-8a35-79c5-6508fd8c7dc5,1,bruteforce,0,NoAlert,A_AUTH_FAIL_SINGLE,7.401
2026081415,7176d828-93df-4746-84d1-bd0f8432648e,1,bruteforce,1,Violation,D_BRUTEFORCE,8.1
2026081415,4c5d3263-5455-ea0d-a5c9-a4527c0a7316,1,bruteforce,1,Violation,D_BRUTEFORCE,8.301
2026081415,7a272da2-85c4-fb49-fce4-ece6e461288d,0,benign_login,0,NoAlert,A_AUTH,5.8
2026081415,36d29990-bebb-b2a0-737b-f75203db701f,0,benign_login,0,NoAlert,A_AUTH,5.501
2026081415,348f066c-9cfc-b2d7-ced7-c3b1a8f15419,0,benign_public,0,NoAlert,A_PUBLIC,5.7
2026081415,93a87e60-71aa-a5e5-c25a-d05b4cc36f88,0,benign_login,0,NoAlert,A_AUTH,5.7
2026081415,6a807477-3662-7116-24f2-701e817ac631,0,benign_login,0,NoAlert,A_AUTH,5.501
2026081415,15fb86aa-27b6-0ce6-5c29-86971f22dc14,1,command_probe,1,Violation,D_COMMAND,5.8
2026081415,328f4179-6893-5517-28f2-a786bb05c48a,1,bruteforce,0,NoAlert,A_AUTH_FAIL_SINGLE,7.201
2026081415,688a25fe-7e9e-a934-ab0e-b263efa2292b,1,bruteforce,0,NoAlert,A_AUTH_FAIL_SINGLE,7.1
2026081415,95131c28-8113-0dde-fcd0-58bee7d785fa,1,bruteforce,0,NoAlert,A_AUTH_FAIL_SINGLE,7.101
2026081415,1b16484d-ec5a-56c9-43c9-0cf2c5530158,1,bruteforce,1,Violation,D_BRUTEFORCE,8.1
2026081415,d42fff51-6ab2-277f-f4c0-5bebf920defa,1,bruteforce,1,Violation,D_BRUTEFORCE,8.001
2026081415,13401df8-c1e9-55c4-30cc-b9b4ff7dfaba,0,benign_public,0,NoAlert,A_PUBLIC,5.7
2026081415,357e7f04-eabe-038d-6385-2a65462b8b05,0,benign_login,0,NoAlert,A_AUTH,5.701
2026081415,4a5f77e1-a709-4258-6466-ee43605ff7dc,1,admin_probe,1,Violation,D_ADMIN,5.7
2026081415,d532c352-d766-c932-c093-ac3ff1803527,1,command_probe,1,Violation,D_COMMAND,5.801
2026081415,cf7b1f04-3e74-72cb-b5de-d3915f436ec0,0,benign_login,0,NoAlert,A_AUTH,5.6
2026081415,7040cf47-6507-cb3a-4aa4-4fe991c42378,0,benign_public,0,NoAlert,A_PUBLIC,5.6
2026081415,7a1f50b2-e223-1173-35f1-9586c58e2755,0,benign_public,0,NoAlert,A_PUBLIC,5.501
2026081415,8c377c0f-eefa-abea-49e0-cb75e52d7b57,0,benign_login,0,NoAlert,A_AUTH,5.5
2026081415,b56e651b-71ab-f654-f5f0-2f4b03f87e25,0,benign_status,0,NoAlert,A_STATUS,5.401
2026081415,b72e90cd-9473-2392-ae84-3526da5a720f,1,bruteforce,0,NoAlert,A_AUTH_FAIL_SINGLE,7.3
2026081415,40cdf53a-5d75-b323-df81-951c1f44c2ea,1,bruteforce,0,NoAlert,A_AUTH_FAIL_SINGLE,9.601
2026081415,922b941d-09a4-d734-5715-e312fc63ff6f,1,bruteforce,0,NoAlert,A_AUTH_FAIL_SINGLE,7.7
2026081415,e420723f-d4d5-031c-c907-487cfcf0961a,1,bruteforce,1,Violation,D_BRUTEFORCE,8.101
2026081415,00eeb895-55ce-e243-775d-2f97f5b046cd,1,bruteforce,1,Violation,D_BRUTEFORCE,8.0
2026081415,8b62ad27-198c-fc5a-98ec-e41a4c5b1666,0,benign_status,0,NoAlert,A_STATUS,5.801
2026081415,c9302316-6357-6cc7-0904-0b621ab6b827,0,benign_status,0,NoAlert,A_STATUS,5.7
2026081415,61300d1c-18af-bfb1-81db-a4579b6d5751,1,admin_probe,1,Violation,D_ADMIN,5.701
2026081415,3ab66c1b-1658-1a52-754e-aabf17a7796e,1,admin_probe,1,Violation,D_ADMIN,5.6
2026081415,adf7bf32-e5dd-1853-8ffe-2d5b8776d1a1,0,benign_login,0,NoAlert,A_AUTH,5.5
2026081415,eb9b4158-db41-7d80-b457-7e93a9e98229,0,benign_status,0,NoAlert,A_STATUS,5.501
2026081415,ad4687d5-8790-fbdb-edf8-08f277afe34f,0,benign_login,0,NoAlert,A_AUTH,5.5
2026081415,0068305f-79a9-baa7-dae7-4eb9d01b9286,0,benign_login,0,NoAlert,A_AUTH,5.601
2026081415,e4ad0ea9-9500-c0db-3752-0a7a9bc3051e,0,benign_status,0,NoAlert,A_STATUS,5.5
2026081415,a0545a19-905b-8b85-994e-7e80bbca9302,1,bruteforce,0,NoAlert,A_AUTH_FAIL_SINGLE,7.201
2026081415,f73a128b-9a8e-5dc8-d258-994fc8e54668,1,bruteforce,0,NoAlert,A_AUTH_FAIL_SINGLE,7.3
2026081415,d542001f-f044-1638-f64f-a0215175253e,1,bruteforce,0,NoAlert,A_AUTH_FAIL_SINGLE,7.101
2026081415,ac63d400-7fc4-c16e-2acd-bc43c7f5ed0f,1,bruteforce,1,Violation,D_BRUTEFORCE,8.0
2026081415,da3199c2-71d5-56dc-3f87-7d078678db1f,1,bruteforce,1,Violation,D_BRUTEFORCE,8.201
2026081415,1825e753-3cce-8833-71b8-7fdab623dd00,0,benign_login,0,NoAlert,A_AUTH,5.8
2026081415,51a8a877-d7b4-9f54-fd77-90889b26afaf,1,bruteforce,1,Violation,D_BRUTEFORCE,9.701
2026081415,86b4889f-3abc-e5ce-6cac-dd4a2d327d5a,1,bruteforce,1,Violation,D_BRUTEFORCE,8.3
2026081415,ccd8d7e2-dabf-118e-595b-8355a95b1ff9,1,bruteforce,1,Violation,D_BRUTEFORCE,8.101
2026081415,40b1313e-d391-e2ef-8ecf-0708f3e91786,1,bruteforce,1,Violation,D_BRUTEFORCE,30.502
2026081415,4c02efa3-4187-fd32-ec21-70d16ed7cc69,1,bruteforce,1,Violation,D_BRUTEFORCE,8.2
2026081415,089d44dd-b4e1-d1e7-0fd7-1890611412d4,0,benign_login,0,NoAlert,A_AUTH,5.9
2026081415,de8af92c-7e05-4d50-82cd-d080372f0905,1,path_traversal,1,Violation,D_TRAVERSAL,5.8
2026081415,e0a7b303-2966-40b0-3954-8cc2b0eb0fe5,0,benign_public,0,NoAlert,A_PUBLIC,5.701
2026081415,621f76cb-b248-1c10-94ef-e5a2996dae41,0,benign_public,0,NoAlert,A_PUBLIC,5.8
2026081415,560d7814-3cc8-fd36-69c2-d388378ea8d5,1,command_probe,1,Violation,D_COMMAND,5.801
2026081415,06324466-2812-1fd0-288e-4a2a1bba0c03,1,admin_probe,1,Violation,D_ADMIN,5.6
2026081415,3ee9b58e-5f70-0a86-20d2-716aa22ccaf9,1,bruteforce,0,NoAlert,A_AUTH_FAIL_SINGLE,7.1
2026081415,73c0e177-eed2-29c0-6f13-830de4ab395a,1,bruteforce,0,NoAlert,A_AUTH_FAIL_SINGLE,7.101
2026081415,c13d618f-daf2-3e37-fbf7-03fcdbd3fad9,1,bruteforce,0,NoAlert,A_AUTH_FAIL_SINGLE,7.3
2026081415,9d30df62-bda4-6e0a-a3d6-18240b66b552,1,bruteforce,1,Violation,D_BRUTEFORCE,7.801
2026081415,a816769c-b0ac-08a5-c7ed-4ec418c7718d,1,bruteforce,1,Violation,D_BRUTEFORCE,8.001
2026081415,946f3422-d425-8ba8-7c64-9fc1f193fea3,1,path_traversal,1,Violation,D_TRAVERSAL,5.8
2026081415,32f56896-386a-7fee-d921-cb6bd5f6d9f4,0,benign_login,0,NoAlert,A_AUTH,5.7
2026081415,59c3241c-5273-3990-aa6c-a19c306ba87d,1,bruteforce,0,NoAlert,A_AUTH_FAIL_SINGLE,7.401
2026081415,58683ea6-18a8-d02d-b89d-0d2acf67954d,1,bruteforce,0,NoAlert,A_AUTH_FAIL_SINGLE,7.4
2026081415,08cc9841-a9b3-eb25-d4d3-bcb83c6f9708,1,bruteforce,0,NoAlert,A_AUTH_FAIL_SINGLE,7.401
2026081415,bd717916-0989-2231-0b2f-cf019322d907,1,bruteforce,1,Violation,D_BRUTEFORCE,8.0
2026081415,81ccc8a7-5a85-f7be-41ad-70656f55e182,1,bruteforce,1,Violation,D_BRUTEFORCE,8.2
2026081415,fb05feab-50bf-f004-004a-b7f0102c6af3,0,benign_login,0,NoAlert,A_AUTH,5.8
2026081415,2afa7cd9-1a62-b012-1c57-b0a8d91ff3f5,0,benign_public,0,NoAlert,A_PUBLIC,5.8
2026081415,25ae4d70-38a4-df53-5ffc-311ec435806c,0,benign_status,0,NoAlert,A_STATUS,5.6
2026081415,f3247168-420d-fe16-909e-7a9d2036dd8d,0,benign_login,0,NoAlert,A_AUTH,5.601
2026081415,945fe7e4-81dd-1f87-0407-55e0cb0a1030,0,benign_public,0,NoAlert,A_PUBLIC,5.6
2026081415,bf74ae85-5e4e-e59c-4c98-903dd6266a8f,0,benign_public,0,NoAlert,A_PUBLIC,5.601
2026081415,9de95d21-77e3-3d75-d726-7d54deedbba7,0,benign_status,0,NoAlert,A_STATUS,5.7
2026081415,c265ecba-ef1b-8e5d-9b55-c2f988cb82db,0,benign_login,0,NoAlert,A_AUTH,5.5
2026081415,6d165354-ed0b-3d0e-8e77-7be08fc4a2a5,0,benign_public,0,NoAlert,A_PUBLIC,5.601
2026081415,4ff3f29d-9d90-0d65-ed87-ee44bcabbdd9,0,benign_login,0,NoAlert,A_AUTH,5.6
2026081415,22ff504f-3277-7405-3506-a80122ea29f2,1,path_traversal,1,Violation,D_TRAVERSAL,5.901
2026081415,9be420ab-cb71-3cff-9ff3-72f11f2e148d,0,benign_status,0,NoAlert,A_STATUS,5.8
2026081415,9ddbffb3-d976-37df-e921-4687a1e8ab19,0,benign_status,0,NoAlert,A_STATUS,5.7
2026081415,14bd4b50-07e6-a00d-9abb-e0c2bd44fa7b,0,benign_status,0,NoAlert,A_STATUS,5.601
2026081415,06915ca6-e3c8-daea-fcd1-6a14d790ed5b,0,benign_status,0,NoAlert,A_STATUS,5.7
2026081415,0c752118-cade-ace8-2a11-a6167794f803,0,benign_login,0,NoAlert,A_AUTH,5.701
2026081415,34ccd16b-0d8a-0314-a9de-5c597a1313a8,0,benign_status,0,NoAlert,A_STATUS,5.7
2026081415,795a3166-eb53-6e04-d3fc-467e09cce280,0,benign_status,0,NoAlert,A_STATUS,5.7
2026081415,ba1413ca-bb2e-df87-88d1-2c077680b6ae,1,admin_probe,1,Violation,D_ADMIN,5.801
2026081415,915d3c8d-40bf-1d05-6ff7-acfbd1d457b5,0,benign_login,0,NoAlert,A_AUTH,5.6
2026081415,20085c68-a294-24b8-8806-bc142500251a,0,benign_login,0,NoAlert,A_AUTH,5.601
2026081415,2690ac46-3fa1-917c-a601-6789381732cf,0,benign_public,0,NoAlert,A_PUBLIC,5.7
2026081415,d2509ae3-56f3-afd2-6c47-8df5b07711c6,0,benign_status,0,NoAlert,A_STATUS,5.701
2026081415,d8b4736a-2f32-bb44-bb42-948c3d36845d,0,benign_status,0,NoAlert,A_STATUS,5.7
2026081415,667c8da5-fc2e-3d7d-ec29-484e580fd0f2,0,benign_login,0,NoAlert,A_AUTH,5.8
2026081415,4bfd46a8-86b0-961c-8cbb-e5da16b6ab45,0,benign_login,0,NoAlert,A_AUTH,5.801
2026081415,83af5897-e72a-961f-f76b-7f9c2850582c,1,command_probe,1,Violation,D_COMMAND,5.8
2026081415,d0dfd488-a8c0-8539-391b-65ec7fcc4c5a,0,benign_public,0,NoAlert,A_PUBLIC,5.501
2026081415,f3c76195-9f23-30de-382a-04b1a6746a4e,0,benign_public,0,NoAlert,A_PUBLIC,5.4
2026081415,98cc0ab8-0c5b-ad99-de12-3407d5481037,0,benign_status,0,NoAlert,A_STATUS,5.6
2026081415,3be66f6a-d3b8-5f47-2425-918323d27410,1,path_traversal,1,Violation,D_TRAVERSAL,5.701
2026081415,54c042a2-a964-6c60-fabe-269d3b587797,1,bruteforce,0,NoAlert,A_AUTH_FAIL_SINGLE,7.3
2026081415,fb7594fc-a961-e523-a4df-7356c8970198,1,bruteforce,0,NoAlert,A_AUTH_FAIL_SINGLE,7.301
2026081415,fdd20001-4d7d-59e9-37b6-c990e8228551,1,bruteforce,0,NoAlert,A_AUTH_FAIL_SINGLE,7.1
2026081415,77146e79-4094-1edb-9d90-66ce9a50798b,1,bruteforce,1,Violation,D_BRUTEFORCE,8.401
2026081415,698e1488-bed4-2c0b-ec74-20c8f68ebaff,1,bruteforce,1,Violation,D_BRUTEFORCE,7.9
2026081415,0373f518-ea8b-6374-e6fd-d1e268d42c6f,0,benign_login,0,NoAlert,A_AUTH,5.801
2026081415,0b53d9f4-3003-a090-2356-7a1e70794c0b,0,benign_status,0,NoAlert,A_STATUS,5.8
2026081415,887d1d50-0999-bf0a-e23a-51c1b5ae461c,1,bruteforce,0,NoAlert,A_AUTH_FAIL_SINGLE,7.301
2026081415,11ddd189-2cfc-777d-f84d-258a1ddad94c,1,bruteforce,0,NoAlert,A_AUTH_FAIL_SINGLE,7.3
2026081415,b4ea9ac8-dacd-4713-2921-0a8fb6fd83e1,1,bruteforce,0,NoAlert,A_AUTH_FAIL_SINGLE,7.201
2026081415,c3f52b8b-ab3c-3975-fa2c-3261db596cb9,1,bruteforce,1,Violation,D_BRUTEFORCE,8.0
2026081415,c0e86e39-93c8-5bdd-541d-3ba421502fd0,1,bruteforce,1,Violation,D_BRUTEFORCE,8.001
2026081415,91de35d2-ded6-4798-a8ba-44b509b8070c,0,benign_public,0,NoAlert,A_PUBLIC,5.9
2026081415,0e04103a-2712-d1ce-b4bd-13e552139d67,0,benign_login,0,NoAlert,A_AUTH,5.801
2026081415,ccb60737-6d52-62ac-181b-e26efe0cf157,1,command_probe,1,Violation,D_COMMAND,5.8
2026081415,d352b48f-bb44-96ac-f260-06a0b258d605,0,benign_login,0,NoAlert,A_AUTH,5.501
2026081415,faa419e1-264e-5f7d-4464-8ed3f1d3d656,0,benign_login,0,NoAlert,A_AUTH,5.6
2026081415,befd8226-2c6a-a4ce-1c80-e65c475066ea,0,benign_login,0,NoAlert,A_AUTH,5.5
2026081415,4cdb872f-8d5e-e7a5-1883-5deb582eed57,0,benign_login,0,NoAlert,A_AUTH,5.301
2026081415,dad9e531-1701-71a8-97b1-8d00c5a4fe84,0,benign_status,0,NoAlert,A_STATUS,5.5
2026081415,1b91b89b-36e1-a277-66d7-2b9b68e81dd7,0,benign_status,0,NoAlert,A_STATUS,5.401
2026081415,cbb6dfe0-caac-dbb9-015d-ff39e45abff7,0,benign_status,0,NoAlert,A_STATUS,5.5
2026081415,2fb77366-484b-cf15-b90b-ac6cb8f6a5c8,1,bruteforce,0,NoAlert,A_AUTH_FAIL_SINGLE,7.301
2026081415,66413a03-d83f-10b9-8a91-94c1472875b3,1,bruteforce,0,NoAlert,A_AUTH_FAIL_SINGLE,7.1
2026081415,64911ae0-ecea-f50c-e56a-0324a4640a5b,1,bruteforce,0,NoAlert,A_AUTH_FAIL_SINGLE,7.001
2026081415,368d3491-210e-7d65-27c5-f0983a338811,1,bruteforce,1,Violation,D_BRUTEFORCE,7.9
2026081415,2efe6817-f391-451b-0a08-e0b808e8c24d,1,bruteforce,1,Violation,D_BRUTEFORCE,7.901
2026081415,5bb345a0-db64-0f72-7e23-4678d58ae2be,0,benign_login,0,NoAlert,A_AUTH,5.8
2026081415,fbccb6a0-b2cb-1443-b848-acb2b50dd63d,1,bruteforce,1,Violation,D_BRUTEFORCE,7.901
2026081415,93879e77-5c17-f56a-9a76-30592eb147af,1,bruteforce,1,Violation,D_BRUTEFORCE,7.8
2026081415,aa904d70-f0c3-9a55-5a70-50ce84089a09,1,bruteforce,1,Violation,D_BRUTEFORCE,7.801
2026081415,dbb500e6-bc0c-5a55-40ef-88e47ef66729,1,bruteforce,1,Violation,D_BRUTEFORCE,7.9
2026081415,666ed383-e6e2-d5d1-b627-5dbe810ece40,1,bruteforce,1,Violation,D_BRUTEFORCE,7.901
2026081415,68002e04-3a58-ace5-90e9-ea5f338cfce8,0,benign_status,0,NoAlert,A_STATUS,5.7
2026081415,f2461778-70e7-f186-6e1a-42b8a9220f18,0,benign_status,0,NoAlert,A_STATUS,5.601
2026081415,decb3fb5-d622-b509-3d4e-a497619ff2f4,0,benign_login,0,NoAlert,A_AUTH,5.5
2026081415,eb970a0a-6dcf-15fc-be40-9756f48de0c9,1,bruteforce,0,NoAlert,A_AUTH_FAIL_SINGLE,7.1
2026081415,63ce89b2-e9b9-bbd4-e0cc-c9e58481d28d,1,bruteforce,0,NoAlert,A_AUTH_FAIL_SINGLE,7.2
2026081415,7cc6f339-5c80-91a8-0670-7caa15bdf15c,1,bruteforce,0,NoAlert,A_AUTH_FAIL_SINGLE,7.4
2026081415,f0f038b7-f677-aa96-0702-fd3bb5e95c2c,1,bruteforce,1,Violation,D_BRUTEFORCE,8.1
2026081415,7fab52ee-0a77-4b2a-8443-d0b95e8cbc9c,1,bruteforce,1,Violation,D_BRUTEFORCE,8.101
2026081415,88b8925d-58b1-1b45-3b72-c8b7562ed943,1,bruteforce,1,Violation,D_BRUTEFORCE,7.8
2026081415,3b21c680-2c33-e9da-fac9-0ffec6e85dd6,1,bruteforce,1,Violation,D_BRUTEFORCE,7.901
2026081415,c8d26d78-4159-a3f0-8052-8387a5e074c4,1,bruteforce,1,Violation,D_BRUTEFORCE,8.1
2026081415,f9a78ec4-709f-d703-4c08-09e953647782,1,bruteforce,1,Violation,D_BRUTEFORCE,22.602
2026081415,dedda383-503f-eb3b-435a-4d4b8f353753,1,bruteforce,1,Violation,D_BRUTEFORCE,16.601
2026081415,91a8a91b-887e-351d-abc9-685a7e665093,0,benign_public,0,NoAlert,A_PUBLIC,7.601
2026081415,94e779a5-c0a5-5db3-2b15-518ddbba04a0,0,benign_login,0,NoAlert,A_AUTH,6.5
2026081415,2e1049e5-152b-1e78-af34-a78e5c740b69,0,benign_login,0,NoAlert,A_AUTH,6.2
2026081415,a7300328-ef50-af27-9c03-e8dbe2c5c7d5,0,benign_status,0,NoAlert,A_STATUS,6.201
2026081415,dc628dc9-a62d-da12-a7ed-74a033ffd376,0,benign_public,0,NoAlert,A_PUBLIC,6.0
2026081415,5bf3dfe8-4f39-2f84-6337-7093ed2dc858,1,command_probe,1,Violation,D_COMMAND,6.001
2026081415,29a8a77f-f142-1f20-3f5f-392ada06b6ff,0,benign_status,0,NoAlert,A_STATUS,6.1
2026081415,6a038ff6-711c-de89-8c8b-c12c3eb4670b,0,benign_status,0,NoAlert,A_STATUS,6.001
2026081415,4869cf5c-b96b-17ed-aa59-3c7db38088a5,0,benign_public,0,NoAlert,A_PUBLIC,5.8
2026081415,94d7c3fe-e31d-48bc-6524-7b1c550bbbc2,0,benign_login,0,NoAlert,A_AUTH,5.8
2026081415,cc96239e-2c06-9b87-c76e-0fd7a537cf4e,0,benign_login,0,NoAlert,A_AUTH,5.601
2026081415,4e8a94f8-75f2-2384-6521-a5d4d5e4ef3b,1,bruteforce,0,NoAlert,A_AUTH_FAIL_SINGLE,8.0
2026081415,102433ad-b18f-c860-38aa-3cf7957d39c7,1,bruteforce,0,NoAlert,A_AUTH_FAIL_SINGLE,8.0
2026081415,74623823-c552-23b4-2eb8-aaacdaaaef07,1,bruteforce,0,NoAlert,A_AUTH_FAIL_SINGLE,7.601
2026081415,56202b84-9749-2b5b-5235-9c06e58c9485,1,bruteforce,1,Violation,D_BRUTEFORCE,8.5
2026081415,d80f9c98-56ba-9033-e9d0-5388fb13abcc,1,bruteforce,1,Violation,D_BRUTEFORCE,8.401
2026081415,efbb2c11-a2cf-8113-fe23-2312e33f4a0a,0,benign_login,0,NoAlert,A_AUTH,6.2
2026081415,568451e0-ed5e-efd6-ff01-5d34415636cb,0,benign_public,0,NoAlert,A_PUBLIC,6.001
2026081415,df540ec8-d0c6-7f71-6e26-523270d17737,0,benign_status,0,NoAlert,A_STATUS,6.1
2026081415,85073518-d272-baf2-1ec6-2502ef252108,0,benign_public,0,NoAlert,A_PUBLIC,5.9
2026081415,4f6213c3-6970-76a0-a1ea-cd3c6669b6a6,0,benign_public,0,NoAlert,A_PUBLIC,5.9
2026081415,d2d1028a-6c90-82c5-0ac6-5f915ce74578,0,benign_public,0,NoAlert,A_PUBLIC,5.9
2026081415,f72d82fa-ba5a-13b6-f0c7-8ca2cc39d7c2,1,command_probe,1,Violation,D_COMMAND,5.901
2026081415,96f35b1a-04fb-16ce-5ed9-ad3dd0bc8af7,0,benign_login,0,NoAlert,A_AUTH,5.7
2026081415,4f8b285b-ddeb-6c2f-93cf-f419f3b705af,0,benign_status,0,NoAlert,A_STATUS,5.601
2026081415,f94fcaaa-8024-f1d1-69aa-6409a7b2704b,0,benign_status,0,NoAlert,A_STATUS,5.6
2026081415,d0842978-9bfc-3735-efb8-6a2234459a95,0,benign_public,0,NoAlert,A_PUBLIC,5.6
2026081415,4616d918-e98c-ee12-64fc-f53140b5458e,0,benign_login,0,NoAlert,A_AUTH,5.801
2026081415,d5dcf048-da1b-709d-ac05-0753ed764c2b,0,benign_status,0,NoAlert,A_STATUS,5.8
2026081415,01e7fa5f-617d-937b-3382-f18e24f4d6eb,1,admin_probe,1,Violation,D_ADMIN,5.901
2026081415,1e30db17-8ffa-5584-4142-03a00a346d64,0,benign_public,0,NoAlert,A_PUBLIC,5.6
2026081415,29723173-352e-394a-e350-1f3fc30b7813,1,bruteforce,0,NoAlert,A_AUTH_FAIL_SINGLE,7.701
2026081415,cae5243e-70aa-3890-d204-65a84605fe67,1,bruteforce,0,NoAlert,A_AUTH_FAIL_SINGLE,7.4
2026081415,ec8f253b-c3e1-afe4-30e2-646a28e3c2f6,1,bruteforce,0,NoAlert,A_AUTH_FAIL_SINGLE,7.501
2026081415,79b9484f-64ab-d0c2-144f-961057690110,1,bruteforce,1,Violation,D_BRUTEFORCE,8.1
2026081415,ba3c2c38-d9bc-616d-f362-8e5d9df2185f,1,bruteforce,1,Violation,D_BRUTEFORCE,8.301
2026081415,503a50ba-4dd1-9215-f991-e1af806d7a78,1,admin_probe,1,Violation,D_ADMIN,5.9
2026081415,a5da49af-08b7-a23c-1745-3678946e9d76,1,command_probe,1,Violation,D_COMMAND,6.001
2026081415,e0c3003b-dc80-2995-305b-a3bda696235b,0,benign_public,0,NoAlert,A_PUBLIC,5.7
2026081415,6654ace4-95fb-2b0c-8598-bf25f5398fba,1,command_probe,1,Violation,D_COMMAND,5.9
2026081415,9c8311ad-c08d-8d7d-492d-9b6ac67ce5b7,1,path_traversal,1,Violation,D_TRAVERSAL,5.8
2026081415,37b8d2c9-d69e-47fc-deeb-2443173e0658,0,benign_public,0,NoAlert,A_PUBLIC,5.7
2026081415,b97499ca-fe99-099c-6cd9-8c322e33d426,0,benign_login,0,NoAlert,A_AUTH,5.701
2026081416,6b4dea89-6719-b734-ac08-106b16c51e82,0,benign_public,0,NoAlert,A_PUBLIC,19.301
2026081416,ad26613e-36a0-dbb8-8754-538f947db22e,1,admin_probe,1,Violation,D_ADMIN,9.3
2026081416,763457e4-a071-7b4f-f452-c12f911f620d,1,bruteforce,0,NoAlert,A_AUTH_FAIL_SINGLE,10.901
2026081416,e9c65aaa-cfdc-d883-df15-f028c358a82f,1,bruteforce,0,NoAlert,A_AUTH_FAIL_SINGLE,8.501
2026081416,873845fd-af4a-544c-55c5-bab13a588ae6,1,bruteforce,0,NoAlert,A_AUTH_FAIL_SINGLE,8.1
2026081416,d1ed55d6-07ec-0c60-ce05-b8e9af08e727,1,bruteforce,1,Violation,D_BRUTEFORCE,9.601
2026081416,7adf1a21-ea2d-0579-f315-591ee903496c,1,bruteforce,1,Violation,D_BRUTEFORCE,8.5
2026081416,30cecb06-99c1-f99d-f475-2d7d1b35f831,0,benign_public,0,NoAlert,A_PUBLIC,6.3
2026081416,d1085992-c784-57cf-87f7-b9c8e2733ece,0,benign_login,0,NoAlert,A_AUTH,6.4
2026081416,f0ac55f7-8740-0a9b-b314-fbe01b0e44da,0,benign_login,0,NoAlert,A_AUTH,6.301
2026081416,faedd233-acec-7479-854c-a56a6ff37742,1,bruteforce,0,NoAlert,A_AUTH_FAIL_SINGLE,7.8
2026081416,a68b85eb-e513-d8a1-983d-8e759867cc1b,1,bruteforce,0,NoAlert,A_AUTH_FAIL_SINGLE,7.801
2026081416,6325789a-7e16-ab1a-e439-4dc9a7260c67,1,bruteforce,0,NoAlert,A_AUTH_FAIL_SINGLE,7.3
2026081416,5ef5259b-1e04-864f-0c9b-c07ff37d150b,1,bruteforce,1,Violation,D_BRUTEFORCE,8.2
2026081416,632cbeff-4ac7-973b-3659-66443bb1811b,1,bruteforce,1,Violation,D_BRUTEFORCE,8.101
2026081416,0ef369ff-307d-9cc3-0082-2bb83acdb0a4,1,admin_probe,1,Violation,D_ADMIN,6.0
2026081416,3987272f-0c7b-6242-fb83-9fd75f2aacee,1,command_probe,1,Violation,D_COMMAND,6.0
2026081416,586c65f3-6082-8d9d-2859-d6af1fbfc121,1,path_traversal,1,Violation,D_TRAVERSAL,6.1
2026081416,de7fef17-10c3-37b6-0c5f-d6eee156b26e,1,path_traversal,1,Violation,D_TRAVERSAL,6.2
2026081416,f4fc8a8a-c93a-ae76-1d8b-7d14f901bddb,0,benign_public,0,NoAlert,A_PUBLIC,6.001
2026081416,398002f9-1ca6-456f-a97f-7b221ff491e1,0,benign_login,0,NoAlert,A_AUTH,5.8
2026081416,454605c4-2a90-3f53-79f1-c07eab1496fc,1,bruteforce,0,NoAlert,A_AUTH_FAIL_SINGLE,7.701
2026081416,03bd32c0-323f-0775-ecc9-b125a2710334,1,bruteforce,0,NoAlert,A_AUTH_FAIL_SINGLE,7.6
2026081416,6a5cd010-d73f-a08f-0f00-b8c8972affeb,1,bruteforce,0,NoAlert,A_AUTH_FAIL_SINGLE,7.201
2026081416,d2dd770b-4987-89a9-010a-0ee70fe0b270,1,bruteforce,1,Violation,D_BRUTEFORCE,7.9
2026081416,955e2efd-d188-337b-9874-fb46f0cfa137,1,bruteforce,1,Violation,D_BRUTEFORCE,7.701
2026081416,3d8b014c-c262-1338-632e-39850137179c,0,benign_public,0,NoAlert,A_PUBLIC,5.8
2026081416,0cb92424-678b-a362-1561-5313a2657491,1,bruteforce,1,Violation,D_BRUTEFORCE,8.001
2026081416,79810056-ed49-49ec-973a-719a45273e09,1,bruteforce,1,Violation,D_BRUTEFORCE,8.0
2026081416,097f595e-6ea1-16df-c5dc-f4949ac79c31,1,bruteforce,1,Violation,D_BRUTEFORCE,8.0
2026081416,539760b3-b42a-d96d-884b-2ed236de3826,1,bruteforce,1,Violation,D_BRUTEFORCE,7.901
2026081416,6641fe45-a393-670b-af14-bbef7f962d4d,1,bruteforce,1,Violation,D_BRUTEFORCE,8.1
2026081416,877ea8b8-e60b-9673-9537-3e96a4e0dc68,0,benign_status,0,NoAlert,A_STATUS,6.101
2026081416,34d70858-eb55-b77b-f86c-35ed70b7122d,1,bruteforce,1,Violation,D_BRUTEFORCE,8.1
2026081416,557aaac7-80b1-49ca-2530-22f619fb5c52,1,bruteforce,1,Violation,D_BRUTEFORCE,7.701
2026081416,9a8cfcfd-4938-ecf0-86be-db68b3cc46a0,1,bruteforce,1,Violation,D_BRUTEFORCE,7.8
2026081416,bf8d0a22-3b87-cc30-e5c5-6afb2db5d160,1,bruteforce,1,Violation,D_BRUTEFORCE,8.101
2026081416,230238ec-ce7a-f689-a014-ad84c1b22e8c,1,bruteforce,1,Violation,D_BRUTEFORCE,8.3
2026081416,f17a5504-873b-b7ff-6bb1-81bd69bc35a2,0,benign_login,0,NoAlert,A_AUTH,5.901
2026081416,961bed1c-c72d-bc57-428d-f4e24b8810d0,0,benign_public,0,NoAlert,A_PUBLIC,5.9
2026081416,09d23a91-93b2-ec36-3198-65c816945c25,0,benign_status,0,NoAlert,A_STATUS,5.701
2026081416,1a0ee2cc-ea52-c3d7-6e7e-4bd967c45eab,0,benign_login,0,NoAlert,A_AUTH,5.7
2026081416,48ff9d49-6772-c78e-49ce-baafa27c85fe,0,benign_login,0,NoAlert,A_AUTH,5.6
2026081416,033a1e7c-0d72-f0aa-91ae-61cf1dbaa080,0,benign_login,0,NoAlert,A_AUTH,5.9
2026081416,f21ebec2-8fa8-c23e-9024-6efa60a14959,0,benign_public,0,NoAlert,A_PUBLIC,5.6
2026081416,0f27a3d1-245e-6cca-137f-f8f7f2eb9793,0,benign_status,0,NoAlert,A_STATUS,5.801
2026081416,b9010649-3786-d6e7-382a-339240aab7f8,0,benign_login,0,NoAlert,A_AUTH,5.6
2026081416,7d4212ed-e1d0-ce34-1d03-756a48656c68,0,benign_public,0,NoAlert,A_PUBLIC,5.701
2026081416,bd06e88c-4c8d-bde3-68f4-c23c63e64c4b,1,bruteforce,0,NoAlert,A_AUTH_FAIL_SINGLE,7.5
2026081416,7e5c6aaf-ef45-12ee-fad9-bd7ee2e28b9d,1,bruteforce,0,NoAlert,A_AUTH_FAIL_SINGLE,7.601
2026081416,a23c682f-cb2c-a21e-2617-91682183979a,1,bruteforce,0,NoAlert,A_AUTH_FAIL_SINGLE,7.4
2026081416,e4f9ebd0-03df-405b-a5ed-9b40eaa0b047,1,bruteforce,1,Violation,D_BRUTEFORCE,8.001
2026081416,8c0870ce-2d4b-fce8-9eaf-6467b488e8f3,1,bruteforce,1,Violation,D_BRUTEFORCE,8.1
2026081416,ceb5d920-f93f-75d3-e89e-61075059ba48,0,benign_status,0,NoAlert,A_STATUS,5.701
2026081416,a3b357a7-9173-6789-8ea5-c7622932d3c2,0,benign_status,0,NoAlert,A_STATUS,5.7
2026081416,c504632b-b118-3adf-149d-118f982e6441,0,benign_login,0,NoAlert,A_AUTH,5.6
2026081416,db52ffa7-e1ce-025f-5d43-4953d2333241,0,benign_status,0,NoAlert,A_STATUS,5.6
2026081416,f5e0cb4d-145c-d1e2-ef3f-d369e4d71a47,1,path_traversal,1,Violation,D_TRAVERSAL,5.8
2026081416,37631a48-4a7f-ae5f-0f58-364f50f4f399,0,benign_status,0,NoAlert,A_STATUS,5.701
2026081416,0b56616b-dba3-0f42-08e1-46eea2524488,1,command_probe,1,Violation,D_COMMAND,5.8
2026081416,e8708a34-581c-de19-f6dc-f0cba853cea5,0,benign_public,0,NoAlert,A_PUBLIC,5.901
2026081416,be47b0d9-7b03-2165-1cdf-08e1f466ec99,1,admin_probe,1,Violation,D_ADMIN,6.0
2026081416,f954594e-ee54-1681-923e-f6d473fca5d9,1,bruteforce,0,NoAlert,A_AUTH_FAIL_SINGLE,7.601
2026081416,8692898c-f2f3-b457-afd2-4ce6a19193de,1,bruteforce,0,NoAlert,A_AUTH_FAIL_SINGLE,7.5
2026081416,37fe37ca-0d4d-6e27-e1c4-84f8d55f6567,1,bruteforce,0,NoAlert,A_AUTH_FAIL_SINGLE,7.301
2026081416,dbac5bb7-cc72-116b-c33a-a09a8a0e79f1,1,bruteforce,1,Violation,D_BRUTEFORCE,8.2
2026081416,4b7a5a47-def0-de3e-2967-db6dae1131db,1,bruteforce,1,Violation,D_BRUTEFORCE,8.201
2026081416,c5a5ad86-3eb6-bb26-7d64-1bc25584f4d7,1,bruteforce,1,Violation,D_BRUTEFORCE,8.4
2026081416,5c3e9e40-d36c-7734-0991-f71d1292d1c5,1,bruteforce,1,Violation,D_BRUTEFORCE,7.901
2026081416,ce25c5e5-56cf-c80a-170b-8cb1ca157db1,1,bruteforce,1,Violation,D_BRUTEFORCE,7.9
2026081416,cf3a4395-d21f-bc5c-0bc7-7afdfb0ea213,1,bruteforce,1,Violation,D_BRUTEFORCE,8.001
2026081416,c8a10788-a010-cc1b-6801-b35eb24a3322,1,bruteforce,1,Violation,D_BRUTEFORCE,7.901
2026081416,98a5991b-1a52-5cb9-e757-c628566d456a,1,admin_probe,1,Violation,D_ADMIN,10.7
2026081416,4a9b7348-44bd-4947-836a-c0d9cb0b1a1d,0,benign_login,0,NoAlert,A_AUTH,6.301
2026081416,9f876ae5-6768-417c-2a63-ecd8f3706cab,0,benign_public,0,NoAlert,A_PUBLIC,5.8
2026081416,81ae77dc-ddfe-f20e-b42b-2f2ebf05b1ed,0,benign_public,0,NoAlert,A_PUBLIC,5.801
2026081416,271d5e4e-9a44-4edd-9331-d09a7481197c,1,command_probe,1,Violation,D_COMMAND,5.9
2026081416,1981aa89-43b6-0993-9002-ebaa958ae5f0,0,benign_status,0,NoAlert,A_STATUS,6.101
2026081416,525218ec-ae5a-216d-9e20-9dfa4f9571b7,0,benign_login,0,NoAlert,A_AUTH,5.7
2026081416,34b02110-aa8a-b048-36b1-d708ed44086d,0,benign_public,0,NoAlert,A_PUBLIC,5.6
2026081416,61bd60b2-8901-7634-d703-785e0c3c25c9,0,benign_public,0,NoAlert,A_PUBLIC,5.901
2026081416,71a7caa1-52ed-cb29-d424-d9f5183d125b,0,benign_status,0,NoAlert,A_STATUS,5.6
2026081416,3eb6a99d-5e86-1d2c-5bfa-b55e4677aa68,1,bruteforce,0,NoAlert,A_AUTH_FAIL_SINGLE,7.601
2026081416,46d0b430-db27-7d29-aa27-ca42f2f57687,1,bruteforce,0,NoAlert,A_AUTH_FAIL_SINGLE,7.3
2026081416,265f5349-10cf-fafb-781c-11b79ea7f454,1,bruteforce,0,NoAlert,A_AUTH_FAIL_SINGLE,7.301
2026081416,054459ee-a21d-9cfc-a60f-8befa855223b,1,bruteforce,1,Violation,D_BRUTEFORCE,8.1
2026081416,04c62c42-15c9-0985-f5a7-0161c7f21798,1,bruteforce,1,Violation,D_BRUTEFORCE,7.901
2026081416,cb453738-c0da-0f6a-b694-4f3e4a757f69,1,command_probe,1,Violation,D_COMMAND,5.7
2026081416,e8f08f6c-7edb-0e8a-187e-faa9079ceca2,0,benign_status,0,NoAlert,A_STATUS,5.601
2026081416,625004a2-8af2-afb3-4ce7-e0819247c6ad,0,benign_status,0,NoAlert,A_STATUS,6.0
2026081416,64243583-d463-e214-ece5-f2266c1e7b8b,0,benign_public,0,NoAlert,A_PUBLIC,5.801
2026081416,f2295b26-6746-7bf3-0e2c-41f4485a3c82,1,admin_probe,1,Violation,D_ADMIN,7.5
2026081416,778682e7-d406-f82b-e29e-b3ed405c6ec0,0,benign_login,0,NoAlert,A_AUTH,5.901
2026081416,1cde0588-a0fd-98b4-a2ba-1de3e883ef4d,0,benign_login,0,NoAlert,A_AUTH,6.0
2026081416,c3d53a7a-4b5e-152d-f42e-f3433197acd0,1,path_traversal,1,Violation,D_TRAVERSAL,6.0
2026081416,e177ef20-7e2a-d90e-1584-4c1775fd734b,0,benign_public,0,NoAlert,A_PUBLIC,5.701
2026081416,d621b50f-d9bb-a855-e78e-dbf202f78a6b,0,benign_public,0,NoAlert,A_PUBLIC,6.0
2026081416,7804b845-64d3-7a40-0512-197ad3eb2db5,1,bruteforce,0,NoAlert,A_AUTH_FAIL_SINGLE,7.701
2026081416,32b659d5-0ce1-32ee-3e61-f5883ebfef04,1,bruteforce,0,NoAlert,A_AUTH_FAIL_SINGLE,7.5
2026081416,f263f79c-3d6b-d5e5-19d1-4f36a99169b0,1,bruteforce,0,NoAlert,A_AUTH_FAIL_SINGLE,7.401
2026081416,9dada174-1c71-f3d3-fdcb-84219e09744a,1,bruteforce,1,Violation,D_BRUTEFORCE,8.2
2026081416,f21827a8-cdef-1f2e-2f50-e53978eda900,1,bruteforce,1,Violation,D_BRUTEFORCE,8.101
2026081416,b7cf795c-e3ba-bea9-ccd7-14cb7ff5c4bb,0,benign_login,0,NoAlert,A_AUTH,5.9
2026081416,68b14dc9-bd65-1474-70e5-da1bb30f1e0e,0,benign_public,0,NoAlert,A_PUBLIC,5.601
2026081416,d520e0e2-daee-0411-c021-e583a9385379,1,bruteforce,0,NoAlert,A_AUTH_FAIL_SINGLE,7.6
2026081416,2360c60d-6483-4ca7-0252-2a75fadf06c7,1,bruteforce,0,NoAlert,A_AUTH_FAIL_SINGLE,7.401
2026081416,9f55e071-7dec-a32e-c932-7db434388de3,1,bruteforce,0,NoAlert,A_AUTH_FAIL_SINGLE,7.4
2026081416,40e9301b-b3e0-d559-c8d2-108f2ad857c7,1,bruteforce,1,Violation,D_BRUTEFORCE,7.901
2026081416,c60d105d-1a28-171e-c04d-78b31d207bf8,1,bruteforce,1,Violation,D_BRUTEFORCE,7.8
2026081416,78d058f3-e174-2e76-cbda-82c04b186070,0,benign_public,0,NoAlert,A_PUBLIC,5.9
2026081416,4956d1e4-8332-d6e3-bf43-567de1f6e3f2,0,benign_status,0,NoAlert,A_STATUS,5.9
2026081416,ba5a4967-61c2-ea3b-6785-ad6d4e7694aa,0,benign_login,0,NoAlert,A_AUTH,6.101
2026081416,623565f5-4790-b8f8-c373-a7fe3bfe5bcb,0,benign_login,0,NoAlert,A_AUTH,5.8
2026081416,991129c4-5d85-414d-1878-8c1bcbc5741c,0,benign_public,0,NoAlert,A_PUBLIC,5.601
2026081416,723811a8-f587-8d6f-ae51-2ff67c00cbd4,0,benign_login,0,NoAlert,A_AUTH,5.7
2026081416,66774725-6a39-6a72-0d01-ea966c4ad634,0,benign_public,0,NoAlert,A_PUBLIC,5.7
2026081416,d2bb288c-f995-dbbb-b121-216354b18811,0,benign_public,0,NoAlert,A_PUBLIC,5.6
2026081416,877ec441-fb88-6b8e-39fa-621be0f9d11d,1,path_traversal,1,Violation,D_TRAVERSAL,5.8
2026081416,8fb862e2-8890-39d4-83d4-dc61ddc9882e,0,benign_login,0,NoAlert,A_AUTH,5.401
2026081416,4130aeb6-e50d-d4a9-4c32-39ee11a2d258,1,bruteforce,0,NoAlert,A_AUTH_FAIL_SINGLE,7.3
2026081416,e367df5d-33b7-2a74-992a-90543deef1e1,1,bruteforce,0,NoAlert,A_AUTH_FAIL_SINGLE,7.201
2026081416,3f2d9ba4-0b6e-31c5-1310-e9fe433922c2,1,bruteforce,0,NoAlert,A_AUTH_FAIL_SINGLE,7.2
2026081416,8e856beb-7fcd-0b2b-8def-563a3fbab5ee,1,bruteforce,1,Violation,D_BRUTEFORCE,8.001
2026081416,839b2dce-f6da-34d0-bcef-c885f0a78057,1,bruteforce,1,Violation,D_BRUTEFORCE,8.1
2026081416,4cf4a3b5-7149-96ba-6082-c1b8b74e7497,0,benign_status,0,NoAlert,A_STATUS,5.701
2026081416,d9a419a7-5995-2c05-ab60-5c520e5ea894,0,benign_status,0,NoAlert,A_STATUS,5.5
2026081416,e5830d52-ecb4-a4d5-982d-976b90ff8ab2,1,bruteforce,0,NoAlert,A_AUTH_FAIL_SINGLE,7.101
2026081416,0466afb4-1114-737d-c635-4b8661e347bc,1,bruteforce,0,NoAlert,A_AUTH_FAIL_SINGLE,7.2
2026081416,820a4689-a8c1-461e-94ce-33ce1a00c654,1,bruteforce,0,NoAlert,A_AUTH_FAIL_SINGLE,7.001
2026081416,f65e9f5e-4905-a046-c71a-33334a1636b1,1,bruteforce,1,Violation,D_BRUTEFORCE,8.1
2026081416,e25f3893-a6fa-6459-a47c-01007ca4f024,1,bruteforce,1,Violation,D_BRUTEFORCE,7.901
2026081416,342a57b1-33ae-9bb7-c399-46a973c899f2,0,benign_status,0,NoAlert,A_STATUS,5.9
2026081416,45b48f4a-2a8e-096d-480c-433488733800,0,benign_status,0,NoAlert,A_STATUS,5.701
2026081416,c27ec634-2fe8-174f-52ee-dbdf7d0283d8,0,benign_public,0,NoAlert,A_PUBLIC,5.6
2026081416,a4619ef7-50b8-c442-0bcb-bdd4f1182b60,0,benign_public,0,NoAlert,A_PUBLIC,5.6
2026081416,cbea958c-c1a8-f086-4e96-f1c181d21a55,0,benign_status,0,NoAlert,A_STATUS,5.501
2026081416,7e8cf7cc-becd-3c8f-dbf2-a4eb5a1e930c,0,benign_status,0,NoAlert,A_STATUS,5.6
2026081416,c852bbaf-37cb-1ad0-7a95-5401201784ea,0,benign_public,0,NoAlert,A_PUBLIC,5.701
2026081416,de7f6eaa-03c6-ffc3-2397-17e0e545ac0a,0,benign_status,0,NoAlert,A_STATUS,5.5
2026081416,1c7b6bb3-8a4b-c730-36ff-bcbd82d83bc6,1,bruteforce,0,NoAlert,A_AUTH_FAIL_SINGLE,7.301
2026081416,56f478da-012a-9c65-8078-aafc28e9f4fa,1,bruteforce,0,NoAlert,A_AUTH_FAIL_SINGLE,6.9
2026081416,0a87087f-683d-dc62-bf85-a794441c3f46,1,bruteforce,0,NoAlert,A_AUTH_FAIL_SINGLE,7.101
2026081416,55aedf4f-68c0-48c2-8a8d-678282219864,1,bruteforce,1,Violation,D_BRUTEFORCE,7.9
2026081416,72583711-1697-fbb5-a2a4-396d177f7ec7,1,bruteforce,1,Violation,D_BRUTEFORCE,7.901
2026081416,0fcf16b1-d315-9f2b-d010-3949cc838258,0,benign_login,0,NoAlert,A_AUTH,5.7
2026081416,8b6daa8b-accd-655a-9160-cae8f8456ae6,0,benign_login,0,NoAlert,A_AUTH,5.8
2026081416,f4808d0b-5b15-28b8-2922-5c0d9de423e1,0,benign_login,0,NoAlert,A_AUTH,5.7
2026081416,ea96ddd8-ef5e-f975-ea52-f3a6e86f1b2b,0,benign_login,0,NoAlert,A_AUTH,5.9
2026081416,fd71db9d-5e4b-9d94-dd80-c1e4c5a07647,0,benign_status,0,NoAlert,A_STATUS,5.801
2026081416,6412930e-676e-9af3-436d-5befaff5a59b,0,benign_public,0,NoAlert,A_PUBLIC,5.6
2026081416,26a0f78f-aaac-f738-c7a7-674a4c32183a,0,benign_login,0,NoAlert,A_AUTH,7.401
2026081416,b9c615af-7251-15f8-fddb-7deaa637cbef,1,command_probe,1,Violation,D_COMMAND,5.9
2026081416,65655073-38e6-1472-c4a0-1c1d4b5b0877,0,benign_status,0,NoAlert,A_STATUS,5.701
2026081416,389db071-7021-66d2-ed3c-55030c8b4caf,0,benign_login,0,NoAlert,A_AUTH,5.4
2026081416,c1f3415c-e574-9c68-46b2-03d587677e02,0,benign_public,0,NoAlert,A_PUBLIC,5.5
2026081416,74cebf33-2867-61c5-4334-e994e0553281,0,benign_public,0,NoAlert,A_PUBLIC,5.401
2026081416,95d9eedf-609a-2c29-88da-f46285aa1061,1,command_probe,1,Violation,D_COMMAND,5.7
2026081416,3828913f-6907-aeb1-f780-c40312945793,0,benign_login,0,NoAlert,A_AUTH,5.601
2026081416,eedf5746-2ad9-ad72-3bb4-cbda23d3b2d4,0,benign_public,0,NoAlert,A_PUBLIC,5.8
2026081416,bac3d593-3c00-0f0a-a1f9-ace76907aa28,1,admin_probe,1,Violation,D_ADMIN,5.8
2026081416,060bbb85-1741-c3be-219d-a992f9431ed8,0,benign_login,0,NoAlert,A_AUTH,5.601
2026081416,99026ea2-bcb4-ab0a-7bba-5026ac7d8414,0,benign_public,0,NoAlert,A_PUBLIC,5.5
2026081416,c71ea168-77f1-7d4f-be0b-8c92b76b591b,0,benign_login,0,NoAlert,A_AUTH,5.501
2026081416,a07664af-1424-e293-70b9-a5a3c8346719,0,benign_public,0,NoAlert,A_PUBLIC,5.5
2026081416,eb2986ea-67a4-b5e8-f969-c04c10740b83,0,benign_status,0,NoAlert,A_STATUS,5.6
2026081416,31448887-8b1a-6b89-1572-3b03e50cd1eb,0,benign_public,0,NoAlert,A_PUBLIC,5.601
2026081416,2e5b4903-38d4-05b8-249d-e6a1d9b45ed6,1,bruteforce,0,NoAlert,A_AUTH_FAIL_SINGLE,7.4
2026081416,cb5a4eaa-9b82-4752-6fd0-ec275af1e480,1,bruteforce,0,NoAlert,A_AUTH_FAIL_SINGLE,7.301
2026081416,e054e24d-c9e4-4f08-fcfb-f6980b71bb28,1,bruteforce,0,NoAlert,A_AUTH_FAIL_SINGLE,7.3
2026081416,cb8aab27-e885-3ca1-cc5e-c78f3d50613e,1,bruteforce,1,Violation,D_BRUTEFORCE,9.701
2026081416,1b130749-f79d-a88d-0f0a-3b17776d1e00,1,bruteforce,1,Violation,D_BRUTEFORCE,8.101
2026081416,e8d901e0-870c-edc8-03a6-32394c8a10fe,0,benign_public,0,NoAlert,A_PUBLIC,5.6
2026081416,704468a6-7a48-cb26-fd82-59994b8a4a8e,1,command_probe,1,Violation,D_COMMAND,5.6
2026081416,7c16fb9e-8d38-0141-5c1a-35ae2e018bda,0,benign_status,0,NoAlert,A_STATUS,5.701
2026081416,3b0e8132-6f86-2e39-aadd-95175b04af47,0,benign_login,0,NoAlert,A_AUTH,5.5
2026081416,8f89f844-cf73-9ca0-d2de-8f38b8b9b101,0,benign_status,0,NoAlert,A_STATUS,5.401
2026081416,9757bd04-91aa-64d9-69e1-1d2e419f5296,1,command_probe,1,Violation,D_COMMAND,5.7
2026081416,f0ff3de4-e800-f991-bbcd-42253fd4152f,0,benign_public,0,NoAlert,A_PUBLIC,5.6
2026081416,84f8fe37-fa03-1386-7352-b7e99641a84f,1,path_traversal,1,Violation,D_TRAVERSAL,6.001
2026081416,8fe22fd7-e1d0-49ba-4c2b-a76dd1ee0fe4,0,benign_public,0,NoAlert,A_PUBLIC,5.6
2026081416,8f69746e-0123-99da-b37d-20eddf7d3bc1,1,bruteforce,0,NoAlert,A_AUTH_FAIL_SINGLE,7.401
2026081416,acfcd2b2-b934-177f-d695-197deda5c1e8,1,bruteforce,0,NoAlert,A_AUTH_FAIL_SINGLE,7.1
2026081416,220ab531-efef-3e7c-a21c-dcc90f55864e,1,bruteforce,0,NoAlert,A_AUTH_FAIL_SINGLE,7.001
2026081416,f22844ea-072f-b164-f905-416105ace80a,1,bruteforce,1,Violation,D_BRUTEFORCE,8.0
2026081416,27fb537d-e84f-448d-bd03-885acd8073eb,1,bruteforce,1,Violation,D_BRUTEFORCE,7.901
2026081416,5d56e2de-58fa-f35c-ccbe-f67bbdd0ce8a,1,command_probe,1,Violation,D_COMMAND,5.6
2026081416,848f8de9-8eca-d173-766f-28cd855a4373,0,benign_login,0,NoAlert,A_AUTH,5.601
2026081416,cc15dcc0-7259-617b-6663-9751073cfc90,0,benign_login,0,NoAlert,A_AUTH,5.6
2026081416,aac2bea6-76f9-d844-b568-82625d4e51b5,0,benign_login,0,NoAlert,A_AUTH,5.6
2026081416,574040a5-3c68-e73d-f7b1-204adb8f3325,0,benign_login,0,NoAlert,A_AUTH,5.701
2026081416,7953ef7e-ad36-5127-a15a-69e5388b892e,1,admin_probe,1,Violation,D_ADMIN,5.7
2026081416,0a761ae3-fd12-0ce5-0f09-f32e52088ad0,0,benign_public,0,NoAlert,A_PUBLIC,5.501
2026081416,8d1ba486-73fe-bdb9-e8f5-259bdc66a2cb,0,benign_status,0,NoAlert,A_STATUS,5.5
2026081416,55da33f3-9491-94c6-c150-a19d4f7a2bbc,0,benign_status,0,NoAlert,A_STATUS,5.5
2026081416,9d6ece60-9325-6bb5-1ddd-cecbe25525d0,0,benign_status,0,NoAlert,A_STATUS,5.701
2026081416,56f8d3d7-e76b-61f5-182d-5347ae6fd411,0,benign_status,0,NoAlert,A_STATUS,5.6
2026081416,a10e0ef0-4c19-a4c6-87d2-74636e6e80e4,1,bruteforce,0,NoAlert,A_AUTH_FAIL_SINGLE,7.501
2026081416,097e0d7d-9721-b9a8-2c95-f4ba24a2aecc,1,bruteforce,0,NoAlert,A_AUTH_FAIL_SINGLE,7.4
2026081416,1b96a425-ec72-4172-fb26-cd905901d4b9,1,bruteforce,0,NoAlert,A_AUTH_FAIL_SINGLE,7.401
2026081416,30296e0a-4645-edf5-a07c-d803092073fd,1,bruteforce,1,Violation,D_BRUTEFORCE,8.1
2026081416,c15f2362-c308-7c42-3f7c-97dc059ec1ae,1,bruteforce,1,Violation,D_BRUTEFORCE,8.101
2026081416,23080019-75cf-e161-2e25-21cfa243747e,1,bruteforce,1,Violation,D_BRUTEFORCE,8.201
2026081416,1bb9ba77-639e-e0ff-2e9c-ca17935c15c8,1,bruteforce,1,Violation,D_BRUTEFORCE,8.0
2026081416,7da57ada-aa3a-6946-473a-65c18bd51a4d,1,bruteforce,1,Violation,D_BRUTEFORCE,7.801
2026081416,09a43b4f-03a8-2d06-3949-1ea5efbea545,1,bruteforce,1,Violation,D_BRUTEFORCE,7.7
2026081416,c005d414-4bdf-f829-97ba-76d84ef9568a,1,bruteforce,1,Violation,D_BRUTEFORCE,8.001
2026081416,42b95cd1-934e-b80e-72ee-7c5f3e1f7c4c,0,benign_login,0,NoAlert,A_AUTH,5.9
2026081416,81ccb1fc-e4c7-235b-e414-b949867d4858,0,benign_public,0,NoAlert,A_PUBLIC,5.801
2026081416,9426ddec-91a8-9852-6222-5f68f18092d8,0,benign_login,0,NoAlert,A_AUTH,5.6
2026081416,15aae1a5-2103-e212-71ea-0d494a13b4c0,1,bruteforce,0,NoAlert,A_AUTH_FAIL_SINGLE,7.401
2026081416,140ec517-7e2e-cb51-6dfc-b66c6c482f14,1,bruteforce,0,NoAlert,A_AUTH_FAIL_SINGLE,7.4
2026081416,cff6c949-4f07-0fd9-68a2-f81cb5b406d5,1,bruteforce,0,NoAlert,A_AUTH_FAIL_SINGLE,7.301
2026081416,ab565d09-7e35-a8e6-0aeb-7d23bc070d4c,1,bruteforce,1,Violation,D_BRUTEFORCE,8.0
2026081416,88a124b5-d40a-749f-fe40-6505ac045226,1,bruteforce,1,Violation,D_BRUTEFORCE,8.101
2026081416,e68b51f1-efa0-8ad3-a635-acecb0b81a4b,1,bruteforce,1,Violation,D_BRUTEFORCE,7.8
2026081416,68bca159-acd9-de76-81bc-8346c1bb8f04,1,bruteforce,1,Violation,D_BRUTEFORCE,8.101
2026081416,b0aee240-3ba2-4230-e2f2-0bb2b6dcdabd,1,bruteforce,1,Violation,D_BRUTEFORCE,8.0
2026081416,64671c29-3c10-706e-bdd5-7038b06e429e,1,bruteforce,1,Violation,D_BRUTEFORCE,8.101
2026081416,8f59106d-f58d-54c9-09af-8cb675b70969,1,bruteforce,1,Violation,D_BRUTEFORCE,8.1
2026081416,01d4f757-d557-4ab2-fd06-3e0dff4c84f8,0,benign_status,0,NoAlert,A_STATUS,6.0
2026081416,856f3657-8e76-5e06-eb5c-cdeb11f74f1c,0,benign_login,0,NoAlert,A_AUTH,5.8
2026081416,9fe957ac-1d06-49e3-6773-2b84b63b88be,0,benign_status,0,NoAlert,A_STATUS,5.801
2026081416,da45021c-fc6d-f429-1d36-274084572347,0,benign_public,0,NoAlert,A_PUBLIC,5.9
2026081416,2fce2536-e824-19fc-3e2a-dfd60e1c963b,0,benign_public,0,NoAlert,A_PUBLIC,5.701
2026081416,576c7a8d-d781-5608-bc4b-d9728d9e3580,1,bruteforce,0,NoAlert,A_AUTH_FAIL_SINGLE,7.3
2026081416,5a6bccdc-2f2d-93f5-dca3-11cc4223d5b3,1,bruteforce,0,NoAlert,A_AUTH_FAIL_SINGLE,7.601
2026081416,954ce696-5443-a94d-1288-72c125d30720,1,bruteforce,0,NoAlert,A_AUTH_FAIL_SINGLE,7.5
2026081416,6cf3ab73-5b82-b35a-04b5-49b433f1e2e9,1,bruteforce,1,Violation,D_BRUTEFORCE,8.201
2026081416,6eee2eb4-28fc-d41e-8cba-78477e561f1f,1,bruteforce,1,Violation,D_BRUTEFORCE,8.1
2026081416,2dc5de4e-c4f7-efad-946a-caeedc8ef96f,0,benign_status,0,NoAlert,A_STATUS,5.801
2026081416,1319e58c-3349-197e-3dca-19d30c9c4c63,0,benign_public,0,NoAlert,A_PUBLIC,5.8
2026081416,9b1d8fd5-c4b5-e0d9-a993-984da2829cff,0,benign_login,0,NoAlert,A_AUTH,6.001
2026081416,7d6443fb-aa18-506c-68b7-16049156fee3,0,benign_login,0,NoAlert,A_AUTH,5.9
2026081416,5b514b59-8fd7-9648-f744-2cd77e906a63,0,benign_public,0,NoAlert,A_PUBLIC,5.6
2026081416,95554056-cd0b-1a88-55e4-5e93db7cfc66,0,benign_status,0,NoAlert,A_STATUS,5.701
2026081416,24b35a20-aae6-9a93-84a7-f29b450dd865,0,benign_public,0,NoAlert,A_PUBLIC,5.5
2026081416,9ae5fe8a-478b-0305-29e0-df84c910e946,0,benign_login,0,NoAlert,A_AUTH,5.701
2026081416,1adf2dcb-1678-f4d9-bd07-fdd81eb9dd23,0,benign_status,0,NoAlert,A_STATUS,5.8
2026081416,2ca47c15-a9ae-310b-09b2-9b03f4176b38,1,admin_probe,1,Violation,D_ADMIN,5.9
2026081416,75f1f1d2-107b-23d4-c8c4-3fb28d0ef512,0,benign_login,0,NoAlert,A_AUTH,6.0
2026081416,3ec7a565-7721-fb2e-a5b6-a32ac8765299,0,benign_status,0,NoAlert,A_STATUS,5.8
2026081416,1bb4375c-f300-0e65-550c-d38c7d123607,0,benign_login,0,NoAlert,A_AUTH,5.701
2026081416,84a93d8d-0b7b-afe0-c943-686ec046c069,0,benign_login,0,NoAlert,A_AUTH,5.8
2026081416,6b6909db-2c61-3b4d-dd31-10b00704e262,0,benign_public,0,NoAlert,A_PUBLIC,5.701
2026081416,7f63e0fe-ea8e-a3d3-b591-39fa3683647f,0,benign_status,0,NoAlert,A_STATUS,5.7
2026081416,08e7b00b-2d1a-6146-0bd8-82c827ac2fb2,0,benign_login,0,NoAlert,A_AUTH,5.6
2026081416,2a9c45bb-e4e5-6197-8213-7ab92589df0f,1,bruteforce,0,NoAlert,A_AUTH_FAIL_SINGLE,7.701
2026081416,90c13db9-0fe0-0d9b-1943-50097f14517d,1,bruteforce,0,NoAlert,A_AUTH_FAIL_SINGLE,7.6
2026081416,44137513-225c-bf48-5055-983d6b7c9e6f,1,bruteforce,0,NoAlert,A_AUTH_FAIL_SINGLE,7.301
2026081416,e2db657f-e81e-6ce4-d0cb-ef3323cca9d0,1,bruteforce,1,Violation,D_BRUTEFORCE,8.201
2026081416,1eea180c-f975-1ca7-0140-2266b203d0f9,1,bruteforce,1,Violation,D_BRUTEFORCE,8.1
2026081416,9bdcfad6-3ef1-36e7-97c2-d0ca4cf353e5,0,benign_status,0,NoAlert,A_STATUS,5.901
2026081416,7243c476-e2d0-b0ab-7607-8925e661865d,0,benign_public,0,NoAlert,A_PUBLIC,5.7
2026081416,3b0fdcb1-10cd-4f2f-0607-b119634abf69,0,benign_login,0,NoAlert,A_AUTH,5.7
2026081416,407eb6e2-cc5e-240e-ce47-034c494e2526,1,bruteforce,0,NoAlert,A_AUTH_FAIL_SINGLE,7.301
2026081416,d0f07941-a485-30ff-ca61-a478a1f8ed4b,1,bruteforce,0,NoAlert,A_AUTH_FAIL_SINGLE,7.1
2026081416,8c45f57c-8b87-9cca-74fd-60c060095ed1,1,bruteforce,0,NoAlert,A_AUTH_FAIL_SINGLE,7.401
2026081416,8684bece-36a9-859f-04f4-949bdea5c4f8,1,bruteforce,1,Violation,D_BRUTEFORCE,8.3
2026081416,5e2ebae4-88fd-4d9a-45fb-8c419030519a,1,bruteforce,1,Violation,D_BRUTEFORCE,27.702
2026081416,f75b9fd8-13dc-2b72-1648-82cf1e1c693d,0,benign_login,0,NoAlert,A_AUTH,9.601
2026081416,726f3cb4-f115-556e-b96d-a5c834d65e71,0,benign_login,0,NoAlert,A_AUTH,6.801
2026081416,03a6cedc-2d8a-9d30-6f50-ad5515e5e313,0,benign_public,0,NoAlert,A_PUBLIC,6.3
2026081416,00a7a8ed-0151-0923-bf4f-54743eb88318,0,benign_public,0,NoAlert,A_PUBLIC,6.1
2026081416,d011ed56-3710-8e94-284f-065631114264,0,benign_public,0,NoAlert,A_PUBLIC,6.401
2026081416,8e192239-18f5-d17d-869e-4281124560ea,0,benign_public,0,NoAlert,A_PUBLIC,6.0
2026081416,13ad10d7-3172-f4a6-b308-1edef1d55155,0,benign_public,0,NoAlert,A_PUBLIC,5.901
2026081416,1d22133e-3641-1d0f-5924-2057ff69d6f1,1,path_traversal,1,Violation,D_TRAVERSAL,6.6
2026081416,1d14dfc0-39ac-434e-5811-0024cab96c9f,0,benign_login,0,NoAlert,A_AUTH,6.201
2026081416,98c2b9b3-492a-6280-2d18-9e06ce828a4b,1,bruteforce,0,NoAlert,A_AUTH_FAIL_SINGLE,8.4
2026081416,d25a0cf3-2f87-96eb-8288-b7a7c47bc8af,1,bruteforce,0,NoAlert,A_AUTH_FAIL_SINGLE,8.001
2026081416,78834a0e-b116-8476-1610-9a8c4d9102ad,1,bruteforce,0,NoAlert,A_AUTH_FAIL_SINGLE,7.8
2026081416,528ef296-4d81-c8f1-5d2e-569e9405cca3,1,bruteforce,1,Violation,D_BRUTEFORCE,8.401
2026081416,49d4234b-c0b5-f146-dc1b-33e8a53043d4,1,bruteforce,1,Violation,D_BRUTEFORCE,8.301
2026081416,23933bda-9eae-a770-73bb-d665c8988459,0,benign_status,0,NoAlert,A_STATUS,6.1
2026081416,8389f289-875a-3f20-13b8-1efe664daa3a,0,benign_public,0,NoAlert,A_PUBLIC,5.9
2026081416,f582487e-fc94-2e45-c0d0-9aad561fc74d,1,admin_probe,1,Violation,D_ADMIN,6.201
2026081416,82833889-c517-aaa8-cd8a-7adc13ab8f65,0,benign_status,0,NoAlert,A_STATUS,5.8
2026081416,d62705a0-a835-3612-1449-c9ed0806c13f,0,benign_public,0,NoAlert,A_PUBLIC,5.701
2026081416,23e1d99c-b3ee-5cd5-c878-b1478591606c,1,bruteforce,0,NoAlert,A_AUTH_FAIL_SINGLE,7.7
2026081416,0ec0fe0a-3086-4019-1e21-5b43b01b1c46,1,bruteforce,0,NoAlert,A_AUTH_FAIL_SINGLE,7.801
2026081416,335ea5f2-b91a-99e3-a9b1-338b1562e51c,1,bruteforce,0,NoAlert,A_AUTH_FAIL_SINGLE,7.6
2026081416,d943f919-a79e-671c-7eae-e34b105859fd,1,bruteforce,1,Violation,D_BRUTEFORCE,8.201
2026081416,4e0240b3-088f-8051-7db9-64734765e49e,1,bruteforce,1,Violation,D_BRUTEFORCE,8.3
2026081416,ae878c3d-227b-158b-0317-107086378d99,1,admin_probe,1,Violation,D_ADMIN,6.101
2026081416,e9085d1c-c542-f11b-700b-1a099e254025,0,benign_status,0,NoAlert,A_STATUS,5.9
2026081416,abecec6f-dd47-9df3-e9a9-fa073a33a355,0,benign_login,0,NoAlert,A_AUTH,5.701
2026081416,3f81cb3f-acb4-f42c-e88b-3c5c14eca5fd,0,benign_login,0,NoAlert,A_AUTH,5.6
2026081416,72a4c2f1-6249-423b-a16d-24369b46fe39,0,benign_public,0,NoAlert,A_PUBLIC,5.601
2026081416,9ea36eb6-ee4f-bfd9-9c35-57b056389ee9,1,bruteforce,0,NoAlert,A_AUTH_FAIL_SINGLE,7.5
2026081416,3fb62230-9c9e-0980-d45d-9126eae77e91,1,bruteforce,0,NoAlert,A_AUTH_FAIL_SINGLE,7.501
2026081416,ac858f70-4d43-7f59-4c35-1752e9715d07,1,bruteforce,0,NoAlert,A_AUTH_FAIL_SINGLE,7.3
2026081416,cc2247ad-dd3e-4d46-c44e-006706ef755e,1,bruteforce,1,Violation,D_BRUTEFORCE,8.001
2026081416,fd0c5525-41ef-2675-d5f5-9db9d3fc86e6,1,bruteforce,1,Violation,D_BRUTEFORCE,8.1
2026081416,b6039a8e-a353-166f-41cd-3135abb05efd,0,benign_login,0,NoAlert,A_AUTH,5.701
2026081416,0ef3e0bb-9761-83d2-2f5f-285f065288be,0,benign_status,0,NoAlert,A_STATUS,5.7
2026081416,4ec62191-a25e-e10e-dbb5-86bdd82358e5,0,benign_status,0,NoAlert,A_STATUS,28.602
2026081416,a1f72d62-e8e5-7462-e6f7-48779f6df6af,0,benign_public,0,NoAlert,A_PUBLIC,8.1
2026081416,672776a3-bb71-5ef2-5606-b1bfd00ce386,0,benign_public,0,NoAlert,A_PUBLIC,25.901
2026081416,4f12fff3-d8a2-a735-c43e-4c76f1a806e2,0,benign_public,0,NoAlert,A_PUBLIC,16.301
2026081416,e66661df-b6d7-c238-a4d7-d527df4b2e6b,1,bruteforce,0,NoAlert,A_AUTH_FAIL_SINGLE,14.6
2026081417,e6eb0b17-f330-4180-b87d-69e7e160f508,0,benign_public,0,NoAlert,A_PUBLIC,19.801
2026081417,f811209a-d9ea-5adf-243d-a830e1ca8e81,1,bruteforce,0,NoAlert,A_AUTH_FAIL_SINGLE,13.2
2026081417,2b363eda-07d9-5aee-3de8-cebc1c5b2da6,1,bruteforce,0,NoAlert,A_AUTH_FAIL_SINGLE,9.3
2026081417,97aeb122-5f9d-0fe2-1b29-b5084f13c098,1,bruteforce,0,NoAlert,A_AUTH_FAIL_SINGLE,8.101
2026081417,f3187a1d-3f5f-2051-170b-54dae2d7c2e1,1,bruteforce,1,Violation,D_BRUTEFORCE,9.3
2026081417,53284e61-a393-61f6-5ff6-a57a81f711b4,1,bruteforce,1,Violation,D_BRUTEFORCE,9.201
2026081417,493e2283-fb99-44b7-7bed-03979992a39d,0,benign_public,0,NoAlert,A_PUBLIC,6.601
2026081417,e3867311-af4e-8eb5-1932-47f5a632427a,0,benign_status,0,NoAlert,A_STATUS,6.2
2026081417,4c42cf96-1cc0-d554-e764-38ed10680c69,1,bruteforce,0,NoAlert,A_AUTH_FAIL_SINGLE,7.5
2026081417,a0a8dcc2-dce4-a8e0-eceb-ccec40329832,1,bruteforce,0,NoAlert,A_AUTH_FAIL_SINGLE,7.2
2026081417,95765408-44bd-fd4b-59fc-1e9365a6ca55,1,bruteforce,0,NoAlert,A_AUTH_FAIL_SINGLE,7.201
2026081417,0bcd4ca3-dcca-585d-97f3-16e41a70d554,1,bruteforce,1,Violation,D_BRUTEFORCE,8.2
2026081417,235a5769-9ba5-51f7-ca6d-0ed519e87c9e,1,bruteforce,1,Violation,D_BRUTEFORCE,8.201
2026081417,95f036d4-b5a9-83c7-8ac1-b407d048dfa8,0,benign_status,0,NoAlert,A_STATUS,6.0
2026081417,22d099fd-5335-9ce1-aef6-8cc4a2b12a20,1,bruteforce,1,Violation,D_BRUTEFORCE,8.201
2026081417,fede2784-dd51-7008-756e-234a8c872958,1,bruteforce,1,Violation,D_BRUTEFORCE,8.3
2026081417,e1794e61-9a92-0445-d8a1-c14dd5831094,1,bruteforce,1,Violation,D_BRUTEFORCE,8.401
2026081417,6bb152d9-073e-d2ca-02e8-52c9c8ddbccf,1,bruteforce,1,Violation,D_BRUTEFORCE,8.1
2026081417,134210c8-8688-2a90-9809-9ffdf89c4cfd,1,bruteforce,1,Violation,D_BRUTEFORCE,8.101
2026081417,7efac816-5ae2-e474-a72a-53e9930e459f,0,benign_status,0,NoAlert,A_STATUS,6.0
2026081417,646d7910-4ac7-8daa-2f7c-84a718d9dab1,0,benign_login,0,NoAlert,A_AUTH,6.401
2026081417,d1d30f8e-7998-c888-91a5-c481768bca08,0,benign_login,0,NoAlert,A_AUTH,6.0
2026081417,15847d86-2337-56aa-dd39-c36ff63fb97b,0,benign_login,0,NoAlert,A_AUTH,5.901
2026081417,5bc43ea5-1d33-4550-2b74-a984adbf8294,1,bruteforce,0,NoAlert,A_AUTH_FAIL_SINGLE,7.5
2026081417,c31ee8df-9ca3-7408-14e8-f5aa65674655,1,bruteforce,0,NoAlert,A_AUTH_FAIL_SINGLE,7.501
2026081417,903fee9a-eb07-3135-2878-77972b67c4d9,1,bruteforce,0,NoAlert,A_AUTH_FAIL_SINGLE,7.2
2026081417,bbec7a10-70ed-900c-9151-6d444e7a5373,1,bruteforce,1,Violation,D_BRUTEFORCE,8.101
2026081417,bb0f9cb9-b834-844e-6c52-10059f4849c7,1,bruteforce,1,Violation,D_BRUTEFORCE,8.1
2026081417,0d8212f5-45e0-75cb-28cb-c69703a0839a,0,benign_status,0,NoAlert,A_STATUS,5.9
2026081417,8738a404-b68f-b1d0-2caf-9f9c700bb603,0,benign_status,0,NoAlert,A_STATUS,5.7
2026081417,1744ec56-394b-008c-ae9f-3d9268c9a52f,0,benign_login,0,NoAlert,A_AUTH,6.101
2026081417,0d759da1-062c-2197-43a5-e302ee90a2a7,0,benign_public,0,NoAlert,A_PUBLIC,6.0
2026081417,6967036a-654e-177a-4a0b-bd3fd8471e8a,0,benign_status,0,NoAlert,A_STATUS,5.901
2026081417,7cf81a75-5aa5-6a57-196f-a7cf1c3757cb,1,bruteforce,0,NoAlert,A_AUTH_FAIL_SINGLE,7.7
2026081417,4e163608-d154-e7a1-9930-ea3ccf35e52a,1,bruteforce,0,NoAlert,A_AUTH_FAIL_SINGLE,7.501
2026081417,fb2e3aca-33f7-ca7d-c93f-e3bf9188e06c,1,bruteforce,0,NoAlert,A_AUTH_FAIL_SINGLE,7.4
2026081417,2d30ac55-9fde-0e1f-6b6e-6492633ffe35,1,bruteforce,1,Violation,D_BRUTEFORCE,8.101
2026081417,33be6154-c884-5b86-412c-c7e0aa9b36cf,1,bruteforce,1,Violation,D_BRUTEFORCE,8.0
2026081417,da42b26b-08af-1e6d-732e-8aa8f3b32829,0,benign_login,0,NoAlert,A_AUTH,5.901
2026081417,2e1c546d-f7ee-71b4-dc83-ed4b78694f6d,0,benign_status,0,NoAlert,A_STATUS,5.9
2026081417,ac063369-08b7-c49c-d70e-6d7e7ab09bcc,0,benign_status,0,NoAlert,A_STATUS,5.701
2026081417,76d349f3-dced-2356-20e7-3f6d47abcef9,0,benign_status,0,NoAlert,A_STATUS,5.7
2026081417,81c87b74-1f99-6cdd-c894-43fa94fa5d34,1,bruteforce,0,NoAlert,A_AUTH_FAIL_SINGLE,7.701
2026081417,705388e1-15a0-55aa-09a0-e7bb9f5ce939,1,bruteforce,0,NoAlert,A_AUTH_FAIL_SINGLE,7.0
2026081417,39d2425e-4de5-d88c-5720-3b654d5874e8,1,bruteforce,0,NoAlert,A_AUTH_FAIL_SINGLE,7.201
2026081417,2ef45ac9-0e6b-c8a0-3ed5-cb744f719da8,1,bruteforce,1,Violation,D_BRUTEFORCE,7.9
2026081417,f55701fa-6055-a943-10cb-e481df60f094,1,bruteforce,1,Violation,D_BRUTEFORCE,7.901
2026081417,1c844025-2d25-5c9f-d44e-e203e2710b09,0,benign_public,0,NoAlert,A_PUBLIC,5.9
2026081417,9a75d560-6a18-37fe-29f5-de5b0f2b5597,0,benign_login,0,NoAlert,A_AUTH,6.0
2026081417,1d318eb5-e173-956d-dad9-d283a80be2cd,1,bruteforce,0,NoAlert,A_AUTH_FAIL_SINGLE,7.4
2026081417,66c64c8f-478e-cd43-b106-fb6713b548f0,1,bruteforce,0,NoAlert,A_AUTH_FAIL_SINGLE,7.301
2026081417,def292e4-22a8-7ff4-8554-680abec4df98,1,bruteforce,0,NoAlert,A_AUTH_FAIL_SINGLE,7.5
2026081417,2faad6a5-2de3-93fe-6569-5428da5abd51,1,bruteforce,1,Violation,D_BRUTEFORCE,8.201
2026081417,059d6c35-342a-934f-4847-019d5da8ee78,1,bruteforce,1,Violation,D_BRUTEFORCE,8.1
2026081417,5eabb76e-b2db-39c1-7807-f43d662b52e8,0,benign_status,0,NoAlert,A_STATUS,5.901
2026081417,c66934d2-3b6c-6301-acee-6a92e9de4474,0,benign_status,0,NoAlert,A_STATUS,5.7
2026081417,8d5a1809-be9d-3734-62e7-05b7cc2da498,0,benign_login,0,NoAlert,A_AUTH,5.6
2026081417,fa4a7e97-e230-48b9-1e65-6efab313657a,0,benign_status,0,NoAlert,A_STATUS,5.601
2026081417,9b582c9f-29a8-2961-87a2-d9ea0b5fd3d1,0,benign_public,0,NoAlert,A_PUBLIC,5.7
2026081417,d12966c7-a7c3-1933-8224-18580db7c2cf,0,benign_status,0,NoAlert,A_STATUS,5.601
2026081417,a700eebf-13c1-234c-2357-3b2c2cdf49b1,0,benign_status,0,NoAlert,A_STATUS,5.6
2026081417,45bb2586-18eb-8785-6038-8519202f5801,0,benign_login,0,NoAlert,A_AUTH,5.6
2026081417,66700354-4aaa-e8e0-c743-0c8e44a575d6,0,benign_public,0,NoAlert,A_PUBLIC,5.801
2026081417,5e210fd7-57f0-d32d-ba55-d7ec039d775a,0,benign_status,0,NoAlert,A_STATUS,5.6
2026081417,8334af5c-5de6-9cc5-5814-07271fdc2d2d,0,benign_public,0,NoAlert,A_PUBLIC,6.001
2026081417,c906ed1a-82aa-22c6-9e80-24250a09777a,0,benign_login,0,NoAlert,A_AUTH,6.0
2026081417,2d3b6980-b972-8657-9d7c-f39cc7337f28,0,benign_status,0,NoAlert,A_STATUS,6.101
2026081417,d0703af6-13cd-f2e5-04b6-7e60af95fe10,0,benign_public,0,NoAlert,A_PUBLIC,5.8
2026081417,ced7a410-e4fa-c519-d664-adbfb3cb49af,0,benign_status,0,NoAlert,A_STATUS,5.7
2026081417,6fa97a9b-c3db-bf4d-d157-6daecd271f02,0,benign_status,0,NoAlert,A_STATUS,5.601
2026081417,dd95f2cd-eb68-b6fa-3e0b-b4c5918764b2,0,benign_public,0,NoAlert,A_PUBLIC,5.7
2026081417,41522534-c639-3297-3b72-70a7935a2304,0,benign_login,0,NoAlert,A_AUTH,5.801
2026081417,d3402749-2cfb-3c4f-53d1-69035be83041,0,benign_login,0,NoAlert,A_AUTH,5.8
2026081417,71be7df4-7e2a-116f-141c-7f4e40f18ec8,0,benign_public,0,NoAlert,A_PUBLIC,5.8
2026081417,20c152e4-059a-e561-5a58-7b026469085c,0,benign_status,0,NoAlert,A_STATUS,5.7
2026081417,0e520c26-e55f-0f75-54f4-2b97f30861bc,1,bruteforce,0,NoAlert,A_AUTH_FAIL_SINGLE,7.6
2026081417,a4abf510-f1ff-1105-aa89-cebffd9fb366,1,bruteforce,0,NoAlert,A_AUTH_FAIL_SINGLE,7.601
2026081417,79fea4cf-5d1b-b86d-aeaa-45d2e24b5fd9,1,bruteforce,0,NoAlert,A_AUTH_FAIL_SINGLE,7.501
2026081417,23cc7d3d-655b-77cf-d4cf-13ff070d751b,1,bruteforce,1,Violation,D_BRUTEFORCE,8.2
2026081417,ea39e4b8-f692-4868-453f-cdbc5f1b73f4,1,bruteforce,1,Violation,D_BRUTEFORCE,30.302
2026081417,ff02f7e7-8bee-1ac6-306b-170fc8def43c,0,benign_login,0,NoAlert,A_AUTH,6.601
2026081417,d8a3e862-8d4a-219f-2a89-ae78968e2da1,0,benign_public,0,NoAlert,A_PUBLIC,5.9
2026081417,d63f7ef7-6fce-e615-496a-6205136405d4,0,benign_status,0,NoAlert,A_STATUS,5.7
2026081417,db6c261f-b339-5a6f-c1ad-2b2734debbd4,0,benign_public,0,NoAlert,A_PUBLIC,9.7
2026081417,b83811a3-da69-54cd-c25d-7338326b43ff,0,benign_public,0,NoAlert,A_PUBLIC,5.801
2026081417,b70ee591-f36e-383e-4c9f-410a909f6dfe,0,benign_status,0,NoAlert,A_STATUS,5.7
2026081417,364c1553-f3b7-3083-e274-2389e21dcc37,0,benign_status,0,NoAlert,A_STATUS,5.7
2026081417,356c2761-7d7c-2bb3-9f0c-fce4db8c3939,0,benign_public,0,NoAlert,A_PUBLIC,5.701
2026081417,6bf887cd-df36-ad8e-9311-2962021fe863,0,benign_login,0,NoAlert,A_AUTH,5.8
2026081417,4d4f97cb-85ba-9ee5-5bc7-bc043ea6c5ce,0,benign_public,0,NoAlert,A_PUBLIC,5.801
2026081417,eff76a97-7893-e70e-1d0c-680a527514cc,0,benign_login,0,NoAlert,A_AUTH,5.7
2026081417,1259b3ae-e2e6-25f1-a636-ac9e0479208d,0,benign_login,0,NoAlert,A_AUTH,5.6
2026081417,beb6ec0a-3118-e454-0841-2d396515c2bf,0,benign_status,0,NoAlert,A_STATUS,5.8
2026081417,a841ce6f-88b4-464c-d0b2-dec6706aada2,0,benign_public,0,NoAlert,A_PUBLIC,6.1
2026081417,98366bbf-3faa-24ee-f4b9-ce06ea22c6f5,0,benign_status,0,NoAlert,A_STATUS,5.701
2026081417,db6ccc6b-0370-e628-5778-f7bb76f0406b,0,benign_public,0,NoAlert,A_PUBLIC,5.7
2026081417,07bc12bb-704d-96bc-a6fd-cebdccc6d193,0,benign_public,0,NoAlert,A_PUBLIC,5.801
2026081417,62782f5d-40ea-651e-f178-a7902eb587bc,1,bruteforce,0,NoAlert,A_AUTH_FAIL_SINGLE,7.7
2026081417,bd7e3ee2-1815-3eae-d550-0b7857e80a99,1,bruteforce,0,NoAlert,A_AUTH_FAIL_SINGLE,7.901
2026081417,00a6e108-d8bc-51b9-0f9c-e117e63acfe4,1,bruteforce,0,NoAlert,A_AUTH_FAIL_SINGLE,7.5
2026081417,e7c959aa-87da-89c2-1e3b-c8d01a9c5f76,1,bruteforce,1,Violation,D_BRUTEFORCE,8.301
2026081417,cd350262-989e-3b26-163a-4e6169a4c86f,1,bruteforce,1,Violation,D_BRUTEFORCE,8.4
2026081417,5bba5f73-fd21-2d49-f1dd-f525718aa25d,0,benign_login,0,NoAlert,A_AUTH,8.001
2026081417,e3e028bc-dd5e-84a7-9a88-0b8c7bd31470,0,benign_login,0,NoAlert,A_AUTH,5.6
2026081417,b6d4a6e4-457d-70e7-4062-94bb49cda21c,0,benign_public,0,NoAlert,A_PUBLIC,6.101
2026081417,08e12f2b-4635-8323-c20f-69632abac950,0,benign_public,0,NoAlert,A_PUBLIC,5.8
2026081417,aea53e51-4e6a-c902-2cc0-1410596d74c3,0,benign_status,0,NoAlert,A_STATUS,5.601
2026081417,c2e571a0-6861-00f0-2a77-c5b3a34efe15,1,bruteforce,0,NoAlert,A_AUTH_FAIL_SINGLE,7.6
2026081417,9f56674d-59ca-52f0-353b-f3fb03179c45,1,bruteforce,0,NoAlert,A_AUTH_FAIL_SINGLE,7.501
2026081417,898703b9-b59c-979c-d9dd-2908ebd0e48e,1,bruteforce,0,NoAlert,A_AUTH_FAIL_SINGLE,7.4
2026081417,098560db-c2be-4e82-bb1c-4535e5aaccc4,1,bruteforce,1,Violation,D_BRUTEFORCE,8.401
2026081417,9a9e1d80-1387-675a-5d48-5d78eaabf06b,1,bruteforce,1,Violation,D_BRUTEFORCE,8.5
2026081417,b68d3c09-4fc6-b405-85c0-f183ded9d8fd,0,benign_public,0,NoAlert,A_PUBLIC,6.0
2026081417,6560293a-7ab3-a988-2e06-dd06b85e5d81,0,benign_status,0,NoAlert,A_STATUS,6.1
2026081417,d41a641a-8ed8-704f-fce6-690242947443,0,benign_status,0,NoAlert,A_STATUS,5.801
2026081417,0b66490f-dd3f-3d49-1f65-64a3bda4be8a,0,benign_login,0,NoAlert,A_AUTH,6.1
2026081417,8888d634-dff6-8243-c2c3-ce16e1a5d24e,1,bruteforce,0,NoAlert,A_AUTH_FAIL_SINGLE,7.401
2026081417,5ffb4ce9-d9cd-719e-9d3e-3c6b422eeb84,1,bruteforce,0,NoAlert,A_AUTH_FAIL_SINGLE,7.3
2026081417,73265df3-a73f-0a73-6c74-dba4bf4a3240,1,bruteforce,0,NoAlert,A_AUTH_FAIL_SINGLE,7.201
2026081417,5d1a14aa-8121-ddb4-8afe-e10ed5af4856,1,bruteforce,1,Violation,D_BRUTEFORCE,7.9
2026081417,75b1ca2f-3614-fe96-39c2-572887f1e7b8,1,bruteforce,1,Violation,D_BRUTEFORCE,8.001
2026081417,eaf285f7-e520-34d0-1e46-f8de28d35093,0,benign_status,0,NoAlert,A_STATUS,6.0
2026081417,7771b6d4-f7a8-3e75-7d01-7c69d3edcafa,0,benign_public,0,NoAlert,A_PUBLIC,5.901
2026081417,ce5c39f3-ae74-1fc2-6024-583b0cba2576,0,benign_public,0,NoAlert,A_PUBLIC,5.7
2026081417,ffb2e9d0-22e8-6f17-71e6-a7510e3e7c00,0,benign_status,0,NoAlert,A_STATUS,5.801
2026081417,80762b42-97a3-ccb6-ee3b-6709bc847aa1,0,benign_status,0,NoAlert,A_STATUS,5.8
2026081417,dec65a48-be59-df8c-5fbc-63fc5df23954,0,benign_login,0,NoAlert,A_AUTH,5.7
2026081417,07638032-3527-6f46-642b-6b8b10753c97,0,benign_status,0,NoAlert,A_STATUS,5.601
2026081417,34597d1f-bb06-89b4-3cf1-b6a3ef40d711,0,benign_status,0,NoAlert,A_STATUS,5.6
2026081417,fdc666f1-5200-91d8-38b5-6218e4a37c5c,0,benign_status,0,NoAlert,A_STATUS,5.701
2026081417,5e20c77b-fbdc-2e6d-703d-44ac3f664c76,0,benign_status,0,NoAlert,A_STATUS,5.6
2026081417,3aa80074-ef0e-dbd5-d784-b8f168028052,0,benign_status,0,NoAlert,A_STATUS,5.7
2026081417,8365c1f0-1af8-8c0b-c351-efcf948e36ec,1,admin_probe,1,Violation,D_ADMIN,5.901
2026081417,80da019b-2120-d66a-24ce-33638fe70fff,0,benign_login,0,NoAlert,A_AUTH,5.8
2026081417,9f509b34-3264-1c8d-cbaf-33e35c6ef957,0,benign_login,0,NoAlert,A_AUTH,5.701
2026081417,664e4997-6baf-a88e-937a-f1b6320e79e3,1,bruteforce,0,NoAlert,A_AUTH_FAIL_SINGLE,7.7
2026081417,ca83542e-7702-4bf6-aa1c-f10a60fcd56d,1,bruteforce,0,NoAlert,A_AUTH_FAIL_SINGLE,7.601
2026081417,768fde70-2c65-3fd7-b760-da1927ab5967,1,bruteforce,0,NoAlert,A_AUTH_FAIL_SINGLE,7.4
2026081417,c50f576e-43d5-10c3-22b7-5590fd75c2ba,1,bruteforce,1,Violation,D_BRUTEFORCE,8.101
2026081417,0105b755-a4c1-c890-72c9-04848345ebc7,1,bruteforce,1,Violation,D_BRUTEFORCE,7.9
2026081417,39d37323-aa27-2275-1fe0-27f6eef4166e,0,benign_login,0,NoAlert,A_AUTH,5.701
2026081417,8ff1ed82-84e0-1165-908f-e287095dd708,0,benign_login,0,NoAlert,A_AUTH,5.9
2026081417,54ca8597-a28b-1840-188b-55116a5c9bca,1,bruteforce,0,NoAlert,A_AUTH_FAIL_SINGLE,7.401
2026081417,5a983aa9-e079-f2b9-a9e2-ae51521703a8,1,bruteforce,0,NoAlert,A_AUTH_FAIL_SINGLE,7.2
2026081417,9f3be07b-3fb9-5907-ad95-450fb882630c,1,bruteforce,0,NoAlert,A_AUTH_FAIL_SINGLE,7.201
2026081417,444668fd-15cf-38a4-aafd-1558ef07b180,1,bruteforce,1,Violation,D_BRUTEFORCE,7.9
2026081417,e96d7a9c-fa01-c11c-8ce8-91aaefb0122a,1,bruteforce,1,Violation,D_BRUTEFORCE,8.001
2026081417,c604c221-1ec7-3b43-95be-3c52177c3147,1,path_traversal,1,Violation,D_TRAVERSAL,5.9
2026081417,24e497c9-ec84-a35b-cb4d-ae0ffc91f686,0,benign_status,0,NoAlert,A_STATUS,5.701
2026081417,1f482dbe-228a-a0a0-1149-6b288b20991d,0,benign_login,0,NoAlert,A_AUTH,5.8
2026081417,8c22cd36-ff19-b6e8-7313-0be7622dfa7b,0,benign_status,0,NoAlert,A_STATUS,5.601
2026081417,17b9d5a2-3c61-d628-03e0-a423a4d61b5f,0,benign_public,0,NoAlert,A_PUBLIC,5.5
2026081417,97b89ca6-32cd-a203-4d27-b81263581061,0,benign_status,0,NoAlert,A_STATUS,5.6
2026081417,99e59a22-a6b3-e1c1-acf8-5fe6619d174d,0,benign_status,0,NoAlert,A_STATUS,5.601
2026081417,bdc96825-da07-eaf1-31ad-c7a6ef9fb133,0,benign_public,0,NoAlert,A_PUBLIC,5.6
2026081417,c389a58a-1025-a5b1-d2aa-e1eb256ed304,0,benign_public,0,NoAlert,A_PUBLIC,5.601
2026081417,02fdea46-0dff-b442-e051-e6ad2e5866fa,0,benign_login,0,NoAlert,A_AUTH,5.7
2026081417,ceb9513b-e5c7-597e-e47d-c5562abdf5dd,0,benign_public,0,NoAlert,A_PUBLIC,5.6
2026081417,f3f177fd-bbe2-eca7-6715-9723d3e9988c,0,benign_public,0,NoAlert,A_PUBLIC,6.001
2026081417,ddf127e4-a5b3-7520-9bd3-1785e542ce72,0,benign_status,0,NoAlert,A_STATUS,5.5
2026081417,1c6f678e-1fd8-715a-9b08-feec0a1f5f7c,0,benign_login,0,NoAlert,A_AUTH,5.801
2026081417,97b275f0-96dd-e57d-e885-7a8c269f2337,0,benign_status,0,NoAlert,A_STATUS,5.6
2026081417,40722836-7d72-ba6a-3ad3-d479a6a4c778,0,benign_public,0,NoAlert,A_PUBLIC,5.6
2026081417,de3542a3-0618-59a1-2099-ba1cedd047e7,0,benign_login,0,NoAlert,A_AUTH,5.7
2026081417,bfd89351-57a6-165d-3d19-caf41ed6bf1e,1,admin_probe,1,Violation,D_ADMIN,5.8
2026081417,e13f740f-aa33-2af2-6303-f044895fe042,0,benign_login,0,NoAlert,A_AUTH,5.601
2026081417,f9dac620-5243-4ca6-eaf9-50813f44b1d0,0,benign_status,0,NoAlert,A_STATUS,5.7
2026081417,3c11c30b-1fee-fb8e-de1a-02fd93f7fc71,1,path_traversal,1,Violation,D_TRAVERSAL,6.001
2026081417,ac2aeb0e-bbdc-a0a0-57f8-15e214b55820,0,benign_public,0,NoAlert,A_PUBLIC,5.6
2026081417,1da9527e-72e5-7343-fffe-a01041fe73e6,0,benign_status,0,NoAlert,A_STATUS,5.7
2026081417,4aec2037-6b0d-fdf9-2009-1d8084a27546,0,benign_status,0,NoAlert,A_STATUS,5.501
2026081417,9fdd0b02-0ca3-b855-818f-0efa3c365a1e,1,bruteforce,0,NoAlert,A_AUTH_FAIL_SINGLE,7.3
2026081417,b2118ab3-9818-2556-a6ec-0e506ce6f5a1,1,bruteforce,0,NoAlert,A_AUTH_FAIL_SINGLE,7.301
2026081417,12fed7ef-04d8-a104-244f-d01a261b41fb,1,bruteforce,0,NoAlert,A_AUTH_FAIL_SINGLE,7.6
2026081417,69b3e1fe-e830-7e08-f879-1a0d49f348a0,1,bruteforce,1,Violation,D_BRUTEFORCE,8.101
2026081417,10aafbdd-bd55-cbee-d3e9-3e65e7836c12,1,bruteforce,1,Violation,D_BRUTEFORCE,8.001
2026081417,ac4e1b56-41b4-cb56-c7f4-9a531bf0aec3,1,path_traversal,1,Violation,D_TRAVERSAL,5.8
2026081417,6054c8b7-2816-e56c-3a66-9be6170f4b40,0,benign_public,0,NoAlert,A_PUBLIC,5.6
2026081417,1d5c480d-f37d-3dad-6991-466728388ccc,0,benign_public,0,NoAlert,A_PUBLIC,5.701
2026081417,ad89abee-0c77-a413-e3f6-b1f1c7c47467,0,benign_login,0,NoAlert,A_AUTH,5.5
2026081417,bfe93e8b-c5d4-0534-5819-4fd0c467678a,0,benign_login,0,NoAlert,A_AUTH,5.601
2026081417,b3dbcc55-72d7-15b4-ae6b-e8f4856e02ff,0,benign_public,0,NoAlert,A_PUBLIC,5.4
2026081417,fc797e3b-0545-b270-16ad-71003c358ee0,1,bruteforce,0,NoAlert,A_AUTH_FAIL_SINGLE,7.3
2026081417,ae143998-5f53-d5c8-b823-1fca9b14b741,1,bruteforce,0,NoAlert,A_AUTH_FAIL_SINGLE,7.4
2026081417,4dcb9a96-1b6e-6354-b00c-29bb31f0fa8f,1,bruteforce,0,NoAlert,A_AUTH_FAIL_SINGLE,7.201
2026081417,641f8d24-9002-c6f5-e8d1-c86c5aecf6dc,1,bruteforce,1,Violation,D_BRUTEFORCE,8.0
2026081417,e0c7be87-7d03-938f-88fb-c1950822e97c,1,bruteforce,1,Violation,D_BRUTEFORCE,7.901
2026081417,03bbd357-32df-299f-9332-ae05ac586000,0,benign_status,0,NoAlert,A_STATUS,5.6
2026081417,5249996d-9140-afa9-93b0-ea6513cef05c,0,benign_login,0,NoAlert,A_AUTH,5.9
2026081417,ca5c0cea-3950-0d74-660d-ae972224ae6c,1,bruteforce,0,NoAlert,A_AUTH_FAIL_SINGLE,7.6
2026081417,b0bf2202-9e0b-26a2-a872-f997acd8b505,1,bruteforce,0,NoAlert,A_AUTH_FAIL_SINGLE,7.301
2026081417,d105ef5a-f8de-15b2-2da3-a5e2754c452d,1,bruteforce,0,NoAlert,A_AUTH_FAIL_SINGLE,7.4
2026081417,17c7d627-b656-3902-9d4c-e2d61b9a10a5,1,bruteforce,1,Violation,D_BRUTEFORCE,8.101
2026081417,2938dd09-e50c-ca11-7b11-bf0facd2ef8a,1,bruteforce,1,Violation,D_BRUTEFORCE,8.2
2026081417,198ac44e-62fb-e747-0a50-7fa7ec7f0d4a,0,benign_public,0,NoAlert,A_PUBLIC,5.701
2026081417,e6681723-8f74-1828-df7d-affb45e17919,0,benign_status,0,NoAlert,A_STATUS,5.6
2026081417,e8cf655f-b73b-76ce-2f56-3d2b0a7e6f30,0,benign_login,0,NoAlert,A_AUTH,5.6
2026081417,3cd1e272-22c5-c73a-2f12-c6938fdec348,1,bruteforce,0,NoAlert,A_AUTH_FAIL_SINGLE,7.201
2026081417,d84dae19-6828-c25b-a047-c373edb9ff90,1,bruteforce,0,NoAlert,A_AUTH_FAIL_SINGLE,7.5
2026081417,5751c95c-64a8-b1e2-c920-0bc6235725f0,1,bruteforce,0,NoAlert,A_AUTH_FAIL_SINGLE,7.401
2026081417,497422e0-03eb-0824-cd00-18449afafa77,1,bruteforce,1,Violation,D_BRUTEFORCE,8.401
2026081417,fe2557d2-7f80-3e7f-3cbe-1def5723f11f,1,bruteforce,1,Violation,D_BRUTEFORCE,8.4
2026081417,513a4694-c73e-3ccc-494f-c7eef0d2065e,1,path_traversal,1,Violation,D_TRAVERSAL,5.901
2026081417,fc35d4a7-26af-df6e-b173-d74d391fb607,0,benign_status,0,NoAlert,A_STATUS,5.6
2026081417,707955bf-6af4-d51e-4653-65dd7005ac92,0,benign_login,0,NoAlert,A_AUTH,5.7
2026081417,3b5aa361-1e93-f48a-85ec-01b5b5a87228,0,benign_status,0,NoAlert,A_STATUS,5.601
2026081417,ed031b8b-5030-b191-889e-418fb58c30ff,0,benign_status,0,NoAlert,A_STATUS,5.7
2026081417,a39863a2-a1e0-df90-3807-64691d517c24,0,benign_public,0,NoAlert,A_PUBLIC,5.501
2026081417,d83a08af-f4ca-177b-3f00-c8fdb2f736b1,0,benign_public,0,NoAlert,A_PUBLIC,5.6
2026081417,e8670be8-eaf5-633f-07cd-f4ac34ddf56c,1,command_probe,1,Violation,D_COMMAND,6.301
2026081417,b23e6900-a40b-d44e-7f8b-e0e5e695e238,0,benign_public,0,NoAlert,A_PUBLIC,5.7
2026081417,71d18a67-4e34-e8e9-7fbc-3b5893d632ee,0,benign_login,0,NoAlert,A_AUTH,5.8
2026081417,4ce1fafb-2a35-e684-dd47-f2000caa9e27,0,benign_status,0,NoAlert,A_STATUS,5.801
2026081417,7bb81b4c-a4d3-1ba8-c364-338be26bca03,0,benign_public,0,NoAlert,A_PUBLIC,5.6
2026081417,9cc19be7-79a9-30ba-c604-ce002cdaa1aa,0,benign_status,0,NoAlert,A_STATUS,5.601
2026081417,21417b44-40cf-84b2-0929-e270f1344b38,0,benign_public,0,NoAlert,A_PUBLIC,5.7
2026081417,e8f83f9c-74a9-3ff1-40f9-641eac2c2a57,0,benign_status,0,NoAlert,A_STATUS,5.7
2026081417,31ba0987-f462-5ead-3986-f57794c479dc,0,benign_public,0,NoAlert,A_PUBLIC,5.601
2026081417,bfdf682b-9f6c-3d64-e6cf-f85d3eb9b714,0,benign_public,0,NoAlert,A_PUBLIC,5.8
2026081417,f2e02741-7c3f-dd96-b36d-ba419f20021b,0,benign_login,0,NoAlert,A_AUTH,5.801
2026081417,3b2eb51a-a9c9-9a2d-b4d2-8633a36a29a0,0,benign_login,0,NoAlert,A_AUTH,5.9
2026081417,f69a96d2-43ce-04d8-4c8d-c0107000b146,0,benign_public,0,NoAlert,A_PUBLIC,5.7
2026081417,e90d01fc-bf5c-d4ea-edeb-69248d0b614c,1,path_traversal,1,Violation,D_TRAVERSAL,5.7
2026081417,103e7254-b128-ca69-900e-c76f6a4c20ef,0,benign_status,0,NoAlert,A_STATUS,5.6
2026081417,5a604e36-1573-d441-7a42-7899369ca6ac,1,bruteforce,0,NoAlert,A_AUTH_FAIL_SINGLE,7.601
2026081417,56df1eba-b2cc-8346-5dd2-670e63edf02f,1,bruteforce,0,NoAlert,A_AUTH_FAIL_SINGLE,7.2
2026081417,d7cb1502-b060-070a-9b75-52e602e63472,1,bruteforce,0,NoAlert,A_AUTH_FAIL_SINGLE,7.201
2026081417,8bfafbb5-1077-46bd-7344-42457a07f865,1,bruteforce,1,Violation,D_BRUTEFORCE,8.0
2026081417,41233a4a-fa8d-52c2-bb66-7ddab30c96d9,1,bruteforce,1,Violation,D_BRUTEFORCE,8.001
2026081417,67802c0d-8ed0-70f1-8868-d7328418e6ad,1,admin_probe,1,Violation,D_ADMIN,6.0
2026081417,c4d7a6db-efc6-cef0-6fc7-d8b2ea9991fc,0,benign_login,0,NoAlert,A_AUTH,5.701
2026081417,7e05c274-2a96-c2fa-ce58-c7453aedf825,0,benign_login,0,NoAlert,A_AUTH,5.6
2026081417,9e468705-a95f-4cfe-7d01-710bb4230c72,0,benign_public,0,NoAlert,A_PUBLIC,5.501
2026081417,c68565c9-6cde-5a05-d684-07260045bcc3,0,benign_public,0,NoAlert,A_PUBLIC,5.6
2026081417,e61c4351-5147-db85-4a29-941aecc98b74,1,bruteforce,0,NoAlert,A_AUTH_FAIL_SINGLE,7.301
2026081417,0807b883-a135-0bd2-5700-88ba58c0f224,1,bruteforce,0,NoAlert,A_AUTH_FAIL_SINGLE,7.2
2026081417,7e7a57ce-5f5b-2b6e-f1ba-7361fd509fe2,1,bruteforce,0,NoAlert,A_AUTH_FAIL_SINGLE,7.201
2026081417,10743390-103a-5c3e-bec8-f298cf26bd3f,1,bruteforce,1,Violation,D_BRUTEFORCE,7.9
2026081417,7818d641-5d94-2f30-888f-1ba717642616,1,bruteforce,1,Violation,D_BRUTEFORCE,7.801
2026081417,e77c9682-d171-7b18-bb1b-76d78edc26c5,0,benign_public,0,NoAlert,A_PUBLIC,5.7
2026081417,fa30cb9f-e4aa-de5f-967f-7e55215fb2fe,0,benign_login,0,NoAlert,A_AUTH,5.7
2026081417,2948db4a-528a-05ef-f207-f09b0a98b3a0,0,benign_login,0,NoAlert,A_AUTH,5.6
2026081417,4ee3f519-b2ab-73cb-2f88-4ebd213986d6,0,benign_status,0,NoAlert,A_STATUS,5.6
2026081417,afb6e30a-c229-14a7-41f0-0c87f838a299,0,benign_status,0,NoAlert,A_STATUS,5.401
2026081417,c8921479-3345-d421-8c24-aa0162c8c627,0,benign_login,0,NoAlert,A_AUTH,5.6
2026081417,ff412a93-1693-32dc-20b7-bb7a8acb57ad,0,benign_status,0,NoAlert,A_STATUS,5.601
2026081417,17180a54-2c5f-954e-be09-866ed784c135,0,benign_login,0,NoAlert,A_AUTH,5.6
2026081417,9564f8a8-e865-28e7-45f1-cbd856a79277,0,benign_public,0,NoAlert,A_PUBLIC,5.6
2026081417,dcf8e811-fcdd-f0f0-8141-8ca3f2ec8f62,0,benign_status,0,NoAlert,A_STATUS,18.802
2026081417,e71c797b-8198-350d-1799-ac180c976cc1,1,command_probe,1,Violation,D_COMMAND,13.301
2026081417,a2db7993-d87e-2a4c-7a48-065b414c1b6b,0,benign_login,0,NoAlert,A_AUTH,8.4
2026081417,bbea5d33-2f71-3b90-126d-3d0a680a6114,1,bruteforce,0,NoAlert,A_AUTH_FAIL_SINGLE,9.801
2026081417,d6587bff-d97c-dac6-1168-e6b95511ad6c,1,bruteforce,0,NoAlert,A_AUTH_FAIL_SINGLE,8.4
2026081417,7d3eb54b-6ac2-6b94-9474-21e18a4aa9e0,1,bruteforce,0,NoAlert,A_AUTH_FAIL_SINGLE,7.9
2026081417,9605e877-498a-d219-ea64-c1e4530581a7,1,bruteforce,1,Violation,D_BRUTEFORCE,8.601
2026081417,a47f95c4-a73e-96e2-2918-24eaf05a9c61,1,bruteforce,1,Violation,D_BRUTEFORCE,8.4
2026081417,9e790a06-f24c-9527-fe44-78c8f6126949,0,benign_login,0,NoAlert,A_AUTH,6.201
2026081417,aa117bcb-219d-f124-33e5-b0eecd9929e8,0,benign_login,0,NoAlert,A_AUTH,6.0
2026081417,80727446-7b3a-fd99-fe6a-caeed0850ce7,1,command_probe,1,Violation,D_COMMAND,6.001
2026081417,409e0e7d-8ecb-eabd-d45c-e2329743b7b0,0,benign_status,0,NoAlert,A_STATUS,5.9
2026081417,25782131-8719-9df8-6dcd-4b712b7a308e,0,benign_status,0,NoAlert,A_STATUS,5.7
2026081417,deb7fa9a-edfc-2472-847f-250e784b2785,0,benign_login,0,NoAlert,A_AUTH,5.901
2026081417,8e967870-2cb6-f70a-227a-b89773710ca5,0,benign_login,0,NoAlert,A_AUTH,6.1
2026081417,d73abef9-9b10-9fba-2564-a9089c7fbcf6,0,benign_public,0,NoAlert,A_PUBLIC,6.101
2026081417,c6e9de5d-a8ec-a06d-2076-09354d611307,0,benign_public,0,NoAlert,A_PUBLIC,6.0
2026081417,6aa0d772-f5fc-fcf5-eab3-1e71ae1494b1,0,benign_status,0,NoAlert,A_STATUS,5.9
2026081417,bbf402a5-76dc-ad91-5098-9a26f58838a3,0,benign_login,0,NoAlert,A_AUTH,5.9
2026081417,eddc7c17-b83a-659e-35a5-58bec27bd3fa,1,admin_probe,1,Violation,D_ADMIN,6.1
2026081417,ef65c233-7132-0fcd-8d6c-570d82e49833,1,bruteforce,0,NoAlert,A_AUTH_FAIL_SINGLE,7.801
2026081417,7b05c997-6fb4-9e42-b1ea-e60e5a0929d9,1,bruteforce,0,NoAlert,A_AUTH_FAIL_SINGLE,7.6
2026081417,4c2d2973-e1d4-4131-0da5-2b81e4152f28,1,bruteforce,0,NoAlert,A_AUTH_FAIL_SINGLE,7.501
2026081417,7d4ab186-a938-e2cd-d4a7-2087da243f68,1,bruteforce,1,Violation,D_BRUTEFORCE,8.501
2026081417,a368718c-6a41-7b03-a8ce-29b1c6793008,1,bruteforce,1,Violation,D_BRUTEFORCE,8.7
2026081417,d001b95c-c288-e7d6-2fda-d86060a4dfad,0,benign_login,0,NoAlert,A_AUTH,6.101
2026081417,d90b12e0-7075-cb8f-e6fd-982d43284fbe,0,benign_status,0,NoAlert,A_STATUS,5.8
2026081417,f16cf07a-e869-44bf-ca41-980dd52e8a16,0,benign_login,0,NoAlert,A_AUTH,5.9
2026081417,cf658344-3cc8-1b26-fd38-a30b2ea17384,0,benign_status,0,NoAlert,A_STATUS,5.701
2026081417,73e23663-4953-7524-2382-a2906760fe2f,0,benign_login,0,NoAlert,A_AUTH,5.7
2026081417,13efb041-3c0c-37a1-892f-7e6267e3c2f6,0,benign_public,0,NoAlert,A_PUBLIC,6.301
2026081417,0490dc35-543e-aefa-1745-6dfd35ff86ec,0,benign_public,0,NoAlert,A_PUBLIC,6.2
2026081417,7d895fe6-cfbc-f09f-cbfb-63f91f3441e3,0,benign_public,0,NoAlert,A_PUBLIC,5.701
2026081417,12d0ac24-1ba4-a3df-1cb7-51f1e6e2c475,0,benign_login,0,NoAlert,A_AUTH,5.8
2026081417,24cf1105-85a1-eda2-fa76-8f8d7e8affcf,0,benign_status,0,NoAlert,A_STATUS,5.8
2026081417,d061d0fd-1c9c-12c0-2e2f-698ddc068f6f,1,command_probe,1,Violation,D_COMMAND,5.801
2026081417,de639ed8-c808-dee3-ff36-c6ac61c2a76d,0,benign_public,0,NoAlert,A_PUBLIC,5.7
2026081417,e24a97ba-7601-7a1a-88e1-687a5f491983,1,bruteforce,0,NoAlert,A_AUTH_FAIL_SINGLE,7.501
2026081417,c070ea75-0644-6a4c-8727-2977f24da5a1,1,bruteforce,0,NoAlert,A_AUTH_FAIL_SINGLE,7.5
2026081417,64816361-375d-861b-21ce-5027d836b3c9,1,bruteforce,0,NoAlert,A_AUTH_FAIL_SINGLE,7.501
2026081417,c6b6a8f7-dc47-ded2-aff5-3d7f8cc8fa27,1,bruteforce,1,Violation,D_BRUTEFORCE,8.3
2026081417,60f57562-464e-585f-715b-77d30538c3ec,1,bruteforce,1,Violation,D_BRUTEFORCE,8.301
2026081417,181cf1e5-50fd-088b-8d69-977c9e0ce6dc,0,benign_login,0,NoAlert,A_AUTH,5.8
2026081417,fff1f7fb-fb5c-50a0-8008-57da303c2a8f,0,benign_status,0,NoAlert,A_STATUS,5.801
2026081417,b0f7c395-7d8f-8f96-983d-1cc7a196aa58,1,bruteforce,0,NoAlert,A_AUTH_FAIL_SINGLE,7.3
2026081417,bda71b40-9b80-18bb-c940-b5c9eb16937f,1,bruteforce,0,NoAlert,A_AUTH_FAIL_SINGLE,7.401
2026081417,e20b9755-fae7-ec42-deaa-759c742c930c,1,bruteforce,0,NoAlert,A_AUTH_FAIL_SINGLE,7.5
2026081417,c77c7f92-79aa-09fc-059f-79c62ad8b2e2,1,bruteforce,1,Violation,D_BRUTEFORCE,8.101
2026081417,37bc0921-18a6-9fef-98c9-858e71f25151,1,bruteforce,1,Violation,D_BRUTEFORCE,8.101
2026081417,02e55738-128c-d684-27d9-cf45e0663f48,0,benign_public,0,NoAlert,A_PUBLIC,5.7
2026081417,5dbb5d3b-7088-94a2-044e-702b48eba6fb,0,benign_status,0,NoAlert,A_STATUS,5.6
2026081417,684f0ecb-f8ef-0b80-d41b-f4da1c55715f,0,benign_login,0,NoAlert,A_AUTH,5.701
2026081418,a2c3e73f-cf95-af89-cff5-55ad3444d06a,1,path_traversal,1,Violation,D_TRAVERSAL,20.902
2026081418,8d2dc46f-81ef-65e4-0363-9dbc6b20f517,1,bruteforce,0,NoAlert,A_AUTH_FAIL_SINGLE,13.901
2026081418,b7775f56-b797-883d-9cf6-65f36679cc5e,1,bruteforce,0,NoAlert,A_AUTH_FAIL_SINGLE,9.201
2026081418,3e786328-cf76-e26a-aa27-b9d46335c4bf,1,bruteforce,0,NoAlert,A_AUTH_FAIL_SINGLE,8.7
2026081418,77d71e15-7c23-4c7e-9c75-b693033de06d,1,bruteforce,1,Violation,D_BRUTEFORCE,9.901
2026081418,c79ca260-069d-d1b9-1010-a0b64e26ca76,1,bruteforce,1,Violation,D_BRUTEFORCE,25.602
2026081418,c831a905-8394-7a49-9a27-f48fc4150f0f,0,benign_public,0,NoAlert,A_PUBLIC,6.8
2026081418,0c5e0533-c8f8-b4ad-dba7-b40c7ba6420f,0,benign_login,0,NoAlert,A_AUTH,6.501
2026081418,4b97c588-d457-9b39-8521-1194853983f7,0,benign_login,0,NoAlert,A_AUTH,5.9
2026081418,c8c96ede-3643-5c38-6005-7d88a7c8ea2a,0,benign_login,0,NoAlert,A_AUTH,5.901
2026081418,d88d8aff-7113-7885-dccd-ae3fbdd441ed,0,benign_login,0,NoAlert,A_AUTH,6.1
2026081418,4eddb508-ec12-ca4b-f221-cf3864735f21,0,benign_public,0,NoAlert,A_PUBLIC,6.0
2026081418,070f6233-4e52-5f7c-e9c3-d24a02cb8716,0,benign_public,0,NoAlert,A_PUBLIC,5.601
2026081418,64bb2f10-06d6-6c94-9a8d-62b1f8a45991,0,benign_login,0,NoAlert,A_AUTH,5.6
2026081418,e333d8c4-1c06-ce1c-6194-9d54f40908e2,0,benign_public,0,NoAlert,A_PUBLIC,5.901
2026081418,b9e75c39-7f41-1e33-e5c8-ab1687946427,0,benign_status,0,NoAlert,A_STATUS,5.8
2026081418,504e8c45-4f87-abc3-b62b-c52bc86c5ac5,0,benign_status,0,NoAlert,A_STATUS,5.7
2026081418,3bc6519a-5ebf-0632-2716-1da521640fd6,0,benign_login,0,NoAlert,A_AUTH,5.701
2026081418,ccb773e7-edcf-af8b-02d9-e1c78efa6e1a,0,benign_public,0,NoAlert,A_PUBLIC,5.9
2026081418,007d9a21-cac9-b121-4ed9-aa9f9e698b6d,0,benign_status,0,NoAlert,A_STATUS,5.801
2026081418,9767ce66-0147-ded0-d3a3-c136702b41e2,0,benign_public,0,NoAlert,A_PUBLIC,5.9
2026081418,cfab0bbd-22ad-31d0-d9fb-9522c32e74a5,0,benign_login,0,NoAlert,A_AUTH,5.501
2026081418,a1f274f9-1859-85b0-80e4-c2078586d132,1,bruteforce,0,NoAlert,A_AUTH_FAIL_SINGLE,7.7
2026081418,2631c65d-9bab-df97-65ea-bb85b76235e4,1,bruteforce,0,NoAlert,A_AUTH_FAIL_SINGLE,7.501
2026081418,5062978a-b435-ce58-ec5e-61d2c4c5e812,1,bruteforce,0,NoAlert,A_AUTH_FAIL_SINGLE,7.4
2026081418,ccd6d261-f621-227d-6d4a-ca8d5561d72d,1,bruteforce,1,Violation,D_BRUTEFORCE,8.101
2026081418,0e11a7c7-3094-0455-24d4-ba28b9f5c43b,1,bruteforce,1,Violation,D_BRUTEFORCE,8.1
2026081418,d4279e0c-80fd-73f0-0d4c-c922ba071f2c,0,benign_login,0,NoAlert,A_AUTH,5.901
2026081418,f0d98f9f-e63b-fe35-dd0d-7a17edbb9cdc,0,benign_public,0,NoAlert,A_PUBLIC,5.8
2026081418,54857d5b-3ca6-d2ee-9b1c-272f7efad435,0,benign_login,0,NoAlert,A_AUTH,5.501
2026081418,dd77e76c-f036-cde7-48ef-e239c04ad046,1,bruteforce,0,NoAlert,A_AUTH_FAIL_SINGLE,7.2
2026081418,39a46e15-04ea-f192-4901-433c56d39fb6,1,bruteforce,0,NoAlert,A_AUTH_FAIL_SINGLE,7.301
2026081418,91cb37ff-a421-9826-adff-618c8ea8c609,1,bruteforce,0,NoAlert,A_AUTH_FAIL_SINGLE,7.1
2026081418,b6283a95-d4cb-7003-bc4f-5d4d4b38d0b4,1,bruteforce,1,Violation,D_BRUTEFORCE,8.101
2026081418,8774195d-11af-9d7e-1318-b04d96e7319d,1,bruteforce,1,Violation,D_BRUTEFORCE,8.1
2026081418,dcd294fe-d454-a7c0-a592-c8ddafaa2cb7,0,benign_public,0,NoAlert,A_PUBLIC,6.001
2026081418,e1d9aa69-3c6a-eead-afb5-6e9f77b1a51b,0,benign_status,0,NoAlert,A_STATUS,27.601
2026081418,2dd37bd4-c643-311a-ca58-8d9e8154348a,0,benign_status,0,NoAlert,A_STATUS,5.8
2026081418,bfaae916-536d-c749-d4b5-f27c259902ad,0,benign_public,0,NoAlert,A_PUBLIC,5.9
2026081418,9763f767-0335-fdcb-f600-355d7b36f703,0,benign_status,0,NoAlert,A_STATUS,5.901
2026081418,cce95e33-ed31-4b1f-e7e8-9333a8d459a1,0,benign_status,0,NoAlert,A_STATUS,5.7
2026081418,70c132b8-b627-e9bc-ef9f-3f3152093c17,0,benign_login,0,NoAlert,A_AUTH,5.801
2026081418,650fd7a2-3bc0-6f4f-24bc-02731f485099,0,benign_login,0,NoAlert,A_AUTH,5.9
2026081418,11e07349-7841-9a7b-fdcd-b7e0e204944b,0,benign_public,0,NoAlert,A_PUBLIC,5.9
2026081418,8fd3c209-37ba-9bc3-184b-b2c8606bfc2f,0,benign_login,0,NoAlert,A_AUTH,5.9
2026081418,37c31487-1e8b-837c-d294-0fb0004657d8,0,benign_status,0,NoAlert,A_STATUS,5.8
2026081418,bf311361-6a2a-3a5a-00c9-3365e379e223,0,benign_public,0,NoAlert,A_PUBLIC,5.901
2026081418,bdcae30b-ec89-ea1f-6f2c-4c40e8677fbf,1,bruteforce,0,NoAlert,A_AUTH_FAIL_SINGLE,23.301
2026081418,5dd2cc6a-809d-cabb-6753-1a80ba410f62,1,bruteforce,0,NoAlert,A_AUTH_FAIL_SINGLE,16.401
2026081418,f4ad0885-51bf-2587-7684-823ae18b8e68,1,bruteforce,0,NoAlert,A_AUTH_FAIL_SINGLE,9.701
2026081418,3fba6bbc-4ae1-932e-e656-bb276acca150,1,bruteforce,1,Violation,D_BRUTEFORCE,9.101
2026081418,37623eb0-f491-1d5e-88fd-805dec82ada9,1,bruteforce,1,Violation,D_BRUTEFORCE,8.6
2026081418,ae607dfd-c343-6c36-a427-5df166cdb666,0,benign_status,0,NoAlert,A_STATUS,6.201
2026081418,57a1d205-c4fb-30c9-2e3e-0db8c3c48b6f,0,benign_public,0,NoAlert,A_PUBLIC,6.0
2026081418,5df66afb-f654-70fd-aee7-f0db30801a68,1,admin_probe,1,Violation,D_ADMIN,6.301
2026081418,f2ebd322-a0b5-1624-d9a6-19b99bce4ed0,0,benign_login,0,NoAlert,A_AUTH,5.8
2026081418,445a4a08-adf9-8e1f-6b4a-e8e8d8aeb9af,0,benign_login,0,NoAlert,A_AUTH,6.001
2026081418,15fdfd47-d950-c60c-37e8-0df4745ecb98,0,benign_status,0,NoAlert,A_STATUS,5.9
2026081418,e0a1ebf6-0863-787c-f26a-8581c41fab19,0,benign_public,0,NoAlert,A_PUBLIC,6.2
2026081418,324a0e9e-78f5-2300-990e-ef0cff6bf714,0,benign_login,0,NoAlert,A_AUTH,5.601
2026081418,dc255680-ebb5-9989-97ca-d94428ad314f,0,benign_login,0,NoAlert,A_AUTH,5.7
2026081418,ee1073c4-a7d4-4921-53e9-4f464d192794,0,benign_status,0,NoAlert,A_STATUS,5.701
2026081418,7a184b5a-e86c-d374-70a5-8f6e02b50b61,0,benign_public,0,NoAlert,A_PUBLIC,5.9
2026081418,2b64d89a-e32d-1dd8-de8c-4db15528b9db,1,bruteforce,0,NoAlert,A_AUTH_FAIL_SINGLE,7.701
2026081418,133c281d-fd72-728c-78df-5a7ed4e13ee9,1,bruteforce,0,NoAlert,A_AUTH_FAIL_SINGLE,7.8
2026081418,88a7f290-68e2-7c85-3ab3-b772df2b807f,1,bruteforce,0,NoAlert,A_AUTH_FAIL_SINGLE,7.901
2026081418,1faa4b3d-6deb-3249-2105-71c21f95feec,1,bruteforce,1,Violation,D_BRUTEFORCE,8.8
2026081418,3027b814-bda4-c504-94c1-f875bf218599,1,bruteforce,1,Violation,D_BRUTEFORCE,8.401
2026081418,29c843e0-42bb-b4ae-27ca-8c8215c3387c,0,benign_status,0,NoAlert,A_STATUS,6.0
2026081418,214fe454-14f8-c911-2375-45a2510d4c17,0,benign_login,0,NoAlert,A_AUTH,5.901
2026081418,df846d87-3b32-33a9-ee51-8c0144b915de,0,benign_login,0,NoAlert,A_AUTH,6.1
2026081418,589c818a-7abd-1da1-00b1-1331cca47321,0,benign_login,0,NoAlert,A_AUTH,6.001
2026081418,60dd09ff-f132-a2f5-4333-e034b847f765,0,benign_login,0,NoAlert,A_AUTH,5.8
2026081418,111a0a8a-1f1e-24fb-e429-5badbb54e05e,0,benign_login,0,NoAlert,A_AUTH,5.901
2026081418,b13dc956-a596-f144-3b7c-94a700d77bd8,0,benign_public,0,NoAlert,A_PUBLIC,5.8
2026081418,cadf3d11-ac63-b9c7-36a5-ac6c7cfa6c05,0,benign_public,0,NoAlert,A_PUBLIC,10.101
2026081418,0ffc7371-27e0-0883-5959-01d30c8bbf39,0,benign_public,0,NoAlert,A_PUBLIC,5.8
2026081418,4fe884e7-b1e9-4ca6-5c1a-8903b087b35d,1,bruteforce,0,NoAlert,A_AUTH_FAIL_SINGLE,7.801
2026081418,eb1f5494-3af2-a9b3-334f-f90b580bd4b1,1,bruteforce,0,NoAlert,A_AUTH_FAIL_SINGLE,7.4
2026081418,0fd9fed0-37a4-b84e-8acb-4024c1ed2810,1,bruteforce,0,NoAlert,A_AUTH_FAIL_SINGLE,7.301
2026081418,56ea7b86-ebbb-7e81-2be5-1edb3308b0f9,1,bruteforce,1,Violation,D_BRUTEFORCE,8.0
2026081418,742afad9-6b0a-2cdb-18a2-291ccc7a50eb,1,bruteforce,1,Violation,D_BRUTEFORCE,8.001
2026081418,e7425284-fcfe-0e9d-5dba-68980798c0b4,1,bruteforce,1,Violation,D_BRUTEFORCE,8.001
2026081418,066d4252-115c-2586-b702-8db08e6e4e3d,1,bruteforce,1,Violation,D_BRUTEFORCE,8.2
2026081418,7641e92f-6272-85bc-9339-4bb462132922,1,bruteforce,1,Violation,D_BRUTEFORCE,8.001
2026081418,33ed48d8-02ef-c9d1-266b-1127df602d97,1,bruteforce,1,Violation,D_BRUTEFORCE,7.9
2026081418,86c5b430-31af-d764-b640-10cba94b3acb,1,bruteforce,1,Violation,D_BRUTEFORCE,7.901
2026081418,66d0df1c-53b6-04bf-2177-be9873c3f7f1,0,benign_login,0,NoAlert,A_AUTH,6.0
2026081418,bfd06736-9fac-cc6e-9b3d-582d5442fa83,0,benign_login,0,NoAlert,A_AUTH,6.001
2026081418,21a6e4fc-43dc-3c63-dd7a-0f9212cacda8,0,benign_login,0,NoAlert,A_AUTH,5.9
2026081418,f3765ff4-4f9c-b426-4286-423a5f1638cb,0,benign_status,0,NoAlert,A_STATUS,5.7
2026081418,e8ab2bae-7401-89c2-6e7d-846af79b9e62,0,benign_public,0,NoAlert,A_PUBLIC,5.6
2026081418,cd833eeb-0261-093b-c6d9-2d8675907b58,1,bruteforce,0,NoAlert,A_AUTH_FAIL_SINGLE,7.4
2026081418,196d59a3-d332-5e18-b8b3-dd8d7ae6dbd6,1,bruteforce,0,NoAlert,A_AUTH_FAIL_SINGLE,7.4
2026081418,db55e2bd-7553-6b47-9d41-c4cc2e33ecb6,1,bruteforce,0,NoAlert,A_AUTH_FAIL_SINGLE,7.1
2026081418,216e4cb6-56a9-4131-c6d1-048eaffff39e,1,bruteforce,1,Violation,D_BRUTEFORCE,11.3
2026081418,9afe736d-3c2b-c696-17fe-3838dc3c8a93,1,bruteforce,1,Violation,D_BRUTEFORCE,8.001
2026081418,efb8379a-b650-c29f-b43e-83bbe7de8bd8,0,benign_public,0,NoAlert,A_PUBLIC,5.9
2026081418,30a61866-c98c-6e5f-5a23-962400cf381b,0,benign_status,0,NoAlert,A_STATUS,5.901
2026081418,bc83dc08-5583-6aaa-8d7b-93f2f9325e30,0,benign_status,0,NoAlert,A_STATUS,5.8
2026081418,ee2f25f8-de4e-1513-7d53-48ffccc964eb,0,benign_status,0,NoAlert,A_STATUS,5.601
2026081418,c219d3f8-d88a-6595-3b62-5bfa34789093,0,benign_status,0,NoAlert,A_STATUS,5.7
2026081418,b3daa16c-dcb2-2734-95e5-921a50b347af,0,benign_public,0,NoAlert,A_PUBLIC,5.9
2026081418,9899b64a-d150-9a68-6787-9feb00f31985,0,benign_public,0,NoAlert,A_PUBLIC,5.601
2026081418,67618828-e1cc-74cb-8dee-589de657b6ab,0,benign_login,0,NoAlert,A_AUTH,6.1
2026081418,3f6bba08-a941-2f6c-bcf3-cfffc5e6b97c,0,benign_status,0,NoAlert,A_STATUS,5.901
2026081418,99d1cfa0-dda8-4f02-0ba7-cfd92a0868bd,1,path_traversal,1,Violation,D_TRAVERSAL,6.0
2026081418,7a22b79b-62eb-4687-6de8-bbe16d4d6f4d,0,benign_login,0,NoAlert,A_AUTH,5.7
2026081418,2a0f96d6-6789-f509-3aad-bfc4163f5768,0,benign_public,0,NoAlert,A_PUBLIC,5.7
2026081418,b8f95ee7-8ae2-59e6-fcf1-0f1688ec7aa6,0,benign_public,0,NoAlert,A_PUBLIC,5.9
2026081418,87bf9074-cb3d-f325-bada-df2d8f6872a7,0,benign_status,0,NoAlert,A_STATUS,5.901
2026081418,3dee7d40-3221-566c-b4d4-43f8ebdadb7a,0,benign_public,0,NoAlert,A_PUBLIC,5.8
2026081418,360d6365-a6e7-d5cf-3d17-3bd3fac83e95,0,benign_login,0,NoAlert,A_AUTH,5.901
2026081418,70129572-3b20-0810-03bc-cf5fe87b966e,0,benign_login,0,NoAlert,A_AUTH,5.6
2026081418,90ffdbb1-5b53-6372-1599-559c6d8c5ba1,0,benign_status,0,NoAlert,A_STATUS,7.501
2026081418,73d63952-94d9-e079-e4d6-5547bc762e50,0,benign_login,0,NoAlert,A_AUTH,5.8
2026081418,38ff3ac8-e82c-12bb-8611-b1748ee58fea,0,benign_public,0,NoAlert,A_PUBLIC,5.7
2026081418,d61ee74c-f89c-e280-48e4-b9b18f8daf8a,0,benign_public,0,NoAlert,A_PUBLIC,5.601
2026081418,acb5adbb-ff27-736e-6276-15a45a15f335,0,benign_public,0,NoAlert,A_PUBLIC,5.6
2026081418,a0a9854a-727b-ef0a-6c58-b3e5dd2c7590,0,benign_public,0,NoAlert,A_PUBLIC,5.601
2026081418,d9a84458-c5fc-a10e-d900-83f8ed442651,0,benign_login,0,NoAlert,A_AUTH,5.8
2026081418,3e23a8cf-4e98-7670-ddba-85805584f9c0,1,command_probe,1,Violation,D_COMMAND,6.0
2026081418,35012bf1-4c87-7f50-194b-05294b8968f3,0,benign_login,0,NoAlert,A_AUTH,5.9
2026081418,57f1cb33-0a4f-2a88-a7a8-f9ba94caa408,1,bruteforce,0,NoAlert,A_AUTH_FAIL_SINGLE,7.8
2026081418,5b815a1d-de90-38c9-7ca6-63f95e1b1036,1,bruteforce,0,NoAlert,A_AUTH_FAIL_SINGLE,7.5
2026081418,9197458b-2bc7-ad83-5d62-497fc4a8a553,1,bruteforce,0,NoAlert,A_AUTH_FAIL_SINGLE,7.401
2026081418,b97d8ba4-07c2-ed03-6107-2e8bcfca67e7,1,bruteforce,1,Violation,D_BRUTEFORCE,8.0
2026081418,53f0607d-e34f-38f9-e8c8-96126c302028,1,bruteforce,1,Violation,D_BRUTEFORCE,8.001
2026081418,fb665f5d-9be7-bba4-4b9a-3bef637a622c,1,bruteforce,1,Violation,D_BRUTEFORCE,8.2
2026081418,3eb35ed2-e354-bca1-1f32-12a875300d9d,1,bruteforce,1,Violation,D_BRUTEFORCE,8.101
2026081418,fe7b41a2-4127-519d-ed30-9bffa319cefe,1,bruteforce,1,Violation,D_BRUTEFORCE,8.1
2026081418,71e8f3a9-abb0-5e9f-2082-bd5c32b1f507,1,bruteforce,1,Violation,D_BRUTEFORCE,7.901
2026081418,729c3a2a-777c-79f5-b14e-fbe62d8ef50a,1,bruteforce,1,Violation,D_BRUTEFORCE,7.801
2026081418,4689533c-c9f5-8e79-be3c-bf4ee6bdda04,0,benign_login,0,NoAlert,A_AUTH,6.2
2026081418,628f4b50-a44b-bd97-95b2-c13bb9b6fba7,1,bruteforce,1,Violation,D_BRUTEFORCE,8.301
2026081418,f889eadc-4aee-b3da-3351-a3277fc43c92,1,bruteforce,1,Violation,D_BRUTEFORCE,8.7
2026081418,c488ea76-974d-55ed-7ea0-61c1700e0b3d,1,bruteforce,1,Violation,D_BRUTEFORCE,8.101
2026081418,31fd68a5-f9d8-dad7-5e3d-0d0bb5580ea9,1,bruteforce,1,Violation,D_BRUTEFORCE,7.9
2026081418,956d9e49-b0e6-92c1-a38f-ad7902544876,1,bruteforce,1,Violation,D_BRUTEFORCE,8.001
2026081418,add10f39-3e41-128e-9061-2712f207af9d,0,benign_public,0,NoAlert,A_PUBLIC,6.0
2026081418,807876ee-7ec9-f931-8e29-f81796e09685,0,benign_status,0,NoAlert,A_STATUS,5.801
2026081418,98f1b5d1-d3e6-9263-b5a3-b419cbb86924,0,benign_public,0,NoAlert,A_PUBLIC,6.2
2026081418,d6269bf7-87cd-84f4-9485-1cb5a441fc41,0,benign_public,0,NoAlert,A_PUBLIC,5.801
2026081418,0ab5165e-0a31-e44b-5ea9-26770a5f286e,0,benign_login,0,NoAlert,A_AUTH,5.6
2026081418,6d89245c-a48a-4a53-7318-477f1a159b3b,0,benign_public,0,NoAlert,A_PUBLIC,5.6
2026081418,5e348c86-69f2-2a3f-16a9-31c05b919f20,0,benign_login,0,NoAlert,A_AUTH,5.701
2026081418,ef70e614-c75f-fc61-4b54-30ef3859045f,0,benign_status,0,NoAlert,A_STATUS,5.6
2026081418,29b90fac-3e89-6646-cce4-da758e25f278,0,benign_login,0,NoAlert,A_AUTH,5.501
2026081418,91016c63-6d0f-c932-da52-b334b599e206,0,benign_public,0,NoAlert,A_PUBLIC,5.7
2026081418,2a4884d0-6fa4-edc2-791b-0c59343b5095,0,benign_login,0,NoAlert,A_AUTH,5.8
2026081418,e28bcc0b-6273-0ff7-a33e-f5a59e9b4ef4,0,benign_login,0,NoAlert,A_AUTH,5.5
2026081418,a74f202c-d55a-d3f2-810b-392aa9889187,1,command_probe,1,Violation,D_COMMAND,5.8
2026081418,bcd4412d-e7bc-bb3d-074c-07253a46b788,0,benign_status,0,NoAlert,A_STATUS,5.601
2026081418,2f57997a-4e71-8da0-928c-7c676f7adda6,1,bruteforce,0,NoAlert,A_AUTH_FAIL_SINGLE,7.4
2026081418,b8ff6b56-0cf2-0f80-14b7-601ca239d866,1,bruteforce,0,NoAlert,A_AUTH_FAIL_SINGLE,7.601
2026081418,60516bbc-63c7-9a15-da6f-1d8b0657355e,1,bruteforce,0,NoAlert,A_AUTH_FAIL_SINGLE,7.7
2026081418,a2cddc5e-69aa-e78b-3eaa-2e072c65048f,1,bruteforce,1,Violation,D_BRUTEFORCE,8.201
2026081418,ab159adf-8284-d895-f163-36001b27a627,1,bruteforce,1,Violation,D_BRUTEFORCE,8.3
2026081418,cb2349b7-4ee8-82ad-d74d-aa49aee5cc16,0,benign_login,0,NoAlert,A_AUTH,6.201
2026081418,2d29dceb-7e30-09f2-f842-ec9227685ee6,1,bruteforce,1,Violation,D_BRUTEFORCE,8.1
2026081418,5dddefc2-2797-a5b6-5e73-1972e98a5239,1,bruteforce,1,Violation,D_BRUTEFORCE,8.001
2026081418,9349a18b-164c-3a33-4984-9845cdea204e,1,bruteforce,1,Violation,D_BRUTEFORCE,8.001
2026081418,f478ab4d-a046-0e1e-eb9f-36b0515296ac,1,bruteforce,1,Violation,D_BRUTEFORCE,8.3
2026081418,a52dbe03-7b41-faa4-b028-27dc7a5fe02c,1,bruteforce,1,Violation,D_BRUTEFORCE,8.101
2026081418,cef4eea0-7cdd-0f71-105d-5b1a3c6c5b83,0,benign_login,0,NoAlert,A_AUTH,6.2
2026081418,f68c42a8-9f67-f571-6d4e-49b4b615e4bc,1,bruteforce,1,Violation,D_BRUTEFORCE,7.901
2026081418,d1cf94c4-a057-b000-8732-56c2a790dca3,1,bruteforce,1,Violation,D_BRUTEFORCE,8.0
2026081418,b88cdc3e-4f51-93b6-a015-7a68857791d6,1,bruteforce,1,Violation,D_BRUTEFORCE,7.901
2026081418,37a1e3da-8daf-597a-fb7a-206d36a93c9d,1,bruteforce,1,Violation,D_BRUTEFORCE,7.9
2026081418,4b1c6a9c-5356-58a9-0572-12a700aec402,1,bruteforce,1,Violation,D_BRUTEFORCE,7.801
2026081418,e70f0786-7d33-d6a3-6749-f23c70b142a7,0,benign_login,0,NoAlert,A_AUTH,5.6
2026081418,5a4999cf-ae10-1e41-7911-b5237dda06a2,0,benign_status,0,NoAlert,A_STATUS,5.701
2026081418,f968fc6a-47c3-9e1c-a0b0-610e91e4f3fb,0,benign_public,0,NoAlert,A_PUBLIC,6.1
2026081418,f028bcef-9e4e-d106-4b64-92d96268d46a,0,benign_public,0,NoAlert,A_PUBLIC,5.801
2026081418,cfd8211b-3f11-ab35-095b-e7aaf3f109fe,0,benign_public,0,NoAlert,A_PUBLIC,5.9
2026081418,a4c33648-2d60-776c-3c8a-7e15b5c640e9,0,benign_login,0,NoAlert,A_AUTH,5.6
2026081418,564d3710-2be1-6799-229d-20bd8088a8db,0,benign_status,0,NoAlert,A_STATUS,5.801
2026081418,2ffea465-6378-82d8-1035-81afacafc95f,0,benign_public,0,NoAlert,A_PUBLIC,5.7
2026081418,36113cb2-4b3d-d3fb-85ac-83538da485fe,0,benign_login,0,NoAlert,A_AUTH,5.801
2026081418,9da09865-15cc-b2d4-124c-5ce79aee8a21,0,benign_login,0,NoAlert,A_AUTH,5.6
2026081418,518352bc-c0fc-3e8c-a9a5-f5531e4ac355,0,benign_status,0,NoAlert,A_STATUS,5.6
2026081418,e1b67dd3-e374-fdcb-0a67-72af88ff2e93,0,benign_public,0,NoAlert,A_PUBLIC,5.7
2026081418,c5c263e4-375d-4a68-f452-5da9fd295227,0,benign_status,0,NoAlert,A_STATUS,5.7
2026081418,4b1d9e93-8daf-0f88-4fc2-23e8a6dfcd82,0,benign_public,0,NoAlert,A_PUBLIC,5.701
2026081418,29735173-8eca-0f10-a57b-853dadd38d0c,0,benign_status,0,NoAlert,A_STATUS,5.6
2026081418,2ea06046-6f61-5017-3afd-e95febb64026,0,benign_public,0,NoAlert,A_PUBLIC,5.501
2026081418,b5c1184e-db3a-6cd6-6a55-2169bc12301f,0,benign_public,0,NoAlert,A_PUBLIC,5.6
2026081418,1fba0e31-d5ba-320a-11d2-8926e1740243,0,benign_login,0,NoAlert,A_AUTH,5.7
2026081418,e39c1de0-9695-fab8-f82e-d301c54bd48f,0,benign_public,0,NoAlert,A_PUBLIC,5.801
2026081418,81a6b8bd-65fe-746c-eba2-c2a522b4596f,0,benign_status,0,NoAlert,A_STATUS,5.7
2026081418,8c4f1fd1-51bd-9ebb-acce-904b0170d389,0,benign_public,0,NoAlert,A_PUBLIC,5.601
2026081418,032cb1a6-8caa-7412-7469-5d65df0b5396,0,benign_login,0,NoAlert,A_AUTH,5.4
2026081418,0b3b64b5-2e20-d353-a789-a8d26b066dae,0,benign_public,0,NoAlert,A_PUBLIC,5.6
2026081418,4f7ab23d-b6a9-bc72-be84-a810f3de7aea,0,benign_status,0,NoAlert,A_STATUS,5.701
2026081418,2f3ae802-bb8d-9540-b87a-056989b8c52d,0,benign_public,0,NoAlert,A_PUBLIC,5.6
2026081418,7de424d9-a945-9811-8a90-b5bfe335c285,0,benign_public,0,NoAlert,A_PUBLIC,5.601
2026081418,cadce78a-e0b5-24e6-d35b-cc4c55556184,0,benign_login,0,NoAlert,A_AUTH,5.7
2026081418,46b76bf9-5b96-f5f3-e3a6-b15670620824,1,command_probe,1,Violation,D_COMMAND,5.8
2026081418,18975cd5-84e4-804d-85cd-460727a32fcb,0,benign_public,0,NoAlert,A_PUBLIC,5.601
2026081418,05c023a1-fb62-bfdd-18b5-78e552c1e003,0,benign_public,0,NoAlert,A_PUBLIC,5.7
2026081418,3ce4b18d-55ea-489d-b4ae-0053126082b1,0,benign_login,0,NoAlert,A_AUTH,5.701
2026081418,11a4501b-6208-85fc-b8fc-31efc415ab09,0,benign_status,0,NoAlert,A_STATUS,5.7
2026081418,573f3137-d211-bde1-e604-431be6bc171e,0,benign_public,0,NoAlert,A_PUBLIC,5.7
2026081418,c3743957-3416-2e5e-82df-cdc83c3504b4,0,benign_public,0,NoAlert,A_PUBLIC,5.7
2026081418,8596e014-3ce1-595d-8fa3-2051059b59c7,0,benign_public,0,NoAlert,A_PUBLIC,5.7
2026081418,3bdf64e2-47e0-40e2-c7ce-c70d57547f92,0,benign_public,0,NoAlert,A_PUBLIC,5.601
2026081418,acf5ffdb-ffcf-fea1-ee39-f46a860ce0ac,1,path_traversal,1,Violation,D_TRAVERSAL,6.0
2026081418,330d1e9e-4116-7a70-5ea0-631609785041,0,benign_login,0,NoAlert,A_AUTH,5.901
2026081418,eb636edf-8923-dea5-776f-10bb193669bc,1,path_traversal,1,Violation,D_TRAVERSAL,5.9
2026081418,86bdb76e-46e8-7641-d456-f79c458c8d7f,0,benign_public,0,NoAlert,A_PUBLIC,5.7
2026081418,a5e11f1b-79cb-b0f4-5ce4-73f3ffd0590d,0,benign_public,0,NoAlert,A_PUBLIC,5.701
2026081418,37a39b9a-4c2c-1a3e-a353-29c37c2040aa,0,benign_public,0,NoAlert,A_PUBLIC,5.4
2026081418,4bc870da-19cf-3a18-ab0e-7e24c9a9d8a8,0,benign_login,0,NoAlert,A_AUTH,5.801
2026081418,6bc051d1-58b4-46a4-1b88-0376be0b980f,0,benign_public,0,NoAlert,A_PUBLIC,6.0
2026081418,2765bbbc-03a6-aab1-7e3d-085c02693bc1,0,benign_public,0,NoAlert,A_PUBLIC,5.8
2026081418,54edaa1e-507f-c0fb-2c14-d5b734aa09ec,0,benign_status,0,NoAlert,A_STATUS,5.6
2026081418,b8459736-2f41-d02d-0e73-e97b7f43fbe7,0,benign_status,0,NoAlert,A_STATUS,5.7
2026081418,d3c1acb0-f7af-2d1e-9741-d3dcd6b98a4d,0,benign_login,0,NoAlert,A_AUTH,5.601
2026081418,ceba905e-117e-7daf-f72b-5de7dc8b1f81,0,benign_login,0,NoAlert,A_AUTH,5.6
2026081418,5a5dd9f9-fdd6-f078-35b5-915d6218d683,0,benign_status,0,NoAlert,A_STATUS,5.4
2026081418,a73b01cc-de14-11fc-44c2-178e97cb6caa,0,benign_status,0,NoAlert,A_STATUS,5.7
2026081418,45757830-2e83-b77d-353f-f0f9ddb5231c,0,benign_status,0,NoAlert,A_STATUS,5.8
2026081418,256a3ba9-5542-9368-91c5-6d577137e468,0,benign_login,0,NoAlert,A_AUTH,5.901
2026081418,bc2ad901-fd16-3584-bbe6-6f0a1d1ebcc4,1,bruteforce,0,NoAlert,A_AUTH_FAIL_SINGLE,7.7
2026081418,6b58e6c6-05d6-1b03-d11d-56c011c44fa2,1,bruteforce,0,NoAlert,A_AUTH_FAIL_SINGLE,7.501
2026081418,76473dce-0765-b987-1066-587816321127,1,bruteforce,0,NoAlert,A_AUTH_FAIL_SINGLE,7.3
2026081418,1fc746cd-3599-1cdf-5fa2-127d93d80c35,1,bruteforce,1,Violation,D_BRUTEFORCE,8.101
2026081418,3c1ae1e9-76ee-d2bf-57db-5c7d80c536bc,1,bruteforce,1,Violation,D_BRUTEFORCE,8.0
2026081418,c20f664a-e11f-edfb-0329-f296440db723,0,benign_status,0,NoAlert,A_STATUS,5.801
2026081418,1ecfe2ab-779c-73d6-3711-98111167e40a,0,benign_public,0,NoAlert,A_PUBLIC,5.7
2026081418,381c33ef-5292-bd55-491c-a6bf9bb3e0e8,0,benign_login,0,NoAlert,A_AUTH,5.601
2026081418,653fe956-d9a6-f48c-61d7-2740bf1f33d6,0,benign_status,0,NoAlert,A_STATUS,5.8
2026081418,fc79f17b-cbc9-2bdf-054f-dd88ae98df2d,1,command_probe,1,Violation,D_COMMAND,5.701
2026081418,16580b09-d736-a3be-49e3-d823bf8f8ffc,0,benign_status,0,NoAlert,A_STATUS,5.5
2026081418,7db0b047-c190-9d7b-9172-6084d845bfee,0,benign_public,0,NoAlert,A_PUBLIC,5.5
2026081418,83058bf7-fc3c-f941-9b2d-ab268ae075f7,0,benign_status,0,NoAlert,A_STATUS,5.601
2026081418,db06f9f1-def1-4926-70a1-e00deaec6c6d,0,benign_status,0,NoAlert,A_STATUS,5.7
2026081418,b6bb36db-2092-498b-1c8d-e79ed80bfd52,0,benign_status,0,NoAlert,A_STATUS,5.501
2026081418,fa809970-fc80-1533-9f16-0b70264fd9b8,0,benign_status,0,NoAlert,A_STATUS,5.9
2026081418,e1170b88-1aa1-a498-4d6a-4744ba2cd104,0,benign_public,0,NoAlert,A_PUBLIC,5.8
2026081418,498e242c-c1f8-0396-d2aa-d30f612d8441,0,benign_public,0,NoAlert,A_PUBLIC,5.601
2026081418,8be9768c-7304-8546-d4a2-5fb336eee55c,0,benign_login,0,NoAlert,A_AUTH,21.401
2026081418,ecb139df-b320-ecbd-17fe-1eabcd18efce,0,benign_public,0,NoAlert,A_PUBLIC,11.301
2026081418,7f0a9ccb-bd17-5b10-26ae-5daece0c7677,0,benign_status,0,NoAlert,A_STATUS,7.601
2026081418,276be6d2-9cf8-a7ca-87e3-44e6965af254,1,path_traversal,1,Violation,D_TRAVERSAL,6.8
2026081418,ed55d2f1-069a-d7f9-89cc-ad215a3f8a59,0,benign_login,0,NoAlert,A_AUTH,6.201
2026081418,aeae24ed-45c9-4f91-870e-0275b528f915,0,benign_public,0,NoAlert,A_PUBLIC,6.1
2026081418,ee84b1b0-8856-4b7a-0b6c-7c4e884bfd7f,0,benign_public,0,NoAlert,A_PUBLIC,5.9
2026081418,29ed0241-209c-58ab-8bb4-efc577ee245a,0,benign_status,0,NoAlert,A_STATUS,5.601
2026081418,da561da0-6c4f-4566-e61d-44dccfd81aab,0,benign_login,0,NoAlert,A_AUTH,5.7
2026081418,77fa38fd-22ea-0608-6820-7e05f57ae1da,0,benign_login,0,NoAlert,A_AUTH,28.102
2026081418,0b1375ca-dc62-60a8-2e9d-69cb4756a8e2,0,benign_status,0,NoAlert,A_STATUS,6.001
2026081418,72e0b256-1ff9-bf18-c646-a61a976205a5,0,benign_login,0,NoAlert,A_AUTH,45.303
2026081418,7d0784d9-4d7b-df38-2a00-f4dc4b227993,0,benign_public,0,NoAlert,A_PUBLIC,9.0
2026081418,79254639-18a9-2a22-82ef-df7a950cd5ea,0,benign_public,0,NoAlert,A_PUBLIC,6.501
2026081418,b9f2384f-fc29-1e1c-aca7-1d276305013b,1,bruteforce,0,NoAlert,A_AUTH_FAIL_SINGLE,9.2
2026081418,918077c1-11ce-5ea8-e4fc-a7725c616896,1,bruteforce,0,NoAlert,A_AUTH_FAIL_SINGLE,8.401
2026081418,c2da1aaf-8d51-3016-372d-648461492288,1,bruteforce,0,NoAlert,A_AUTH_FAIL_SINGLE,24.302
2026081418,3381af9b-26de-135c-b63e-70ea16253a7a,1,bruteforce,1,Violation,D_BRUTEFORCE,9.1
2026081418,26eb2ed2-f222-4ff0-8dcb-fc01a60880df,1,bruteforce,1,Violation,D_BRUTEFORCE,9.001
2026081418,cbf638fe-e19a-5a69-0e15-d9089f39b663,0,benign_status,0,NoAlert,A_STATUS,6.3
2026081418,a3ddb49f-9cb0-a5be-63ac-f15ef172fb33,0,benign_login,0,NoAlert,A_AUTH,5.801
2026081418,706ceaea-b762-fccf-85d0-fda75cf44e43,0,benign_public,0,NoAlert,A_PUBLIC,6.1
2026081418,779fd6d0-ad93-fc53-1d26-0bb65172d230,0,benign_public,0,NoAlert,A_PUBLIC,5.8
2026081418,7b4dc4b8-2f9e-de2a-112d-6d705e6c10f2,0,benign_status,0,NoAlert,A_STATUS,5.9
2026081418,320acdf6-36ea-c789-c3f4-ae3b75623d5e,0,benign_status,0,NoAlert,A_STATUS,5.801
2026081418,82b01916-98d9-44be-1294-ff3ae48e73d0,0,benign_login,0,NoAlert,A_AUTH,5.9
2026081418,a46e8549-e896-e31f-f211-fd884d920664,1,bruteforce,0,NoAlert,A_AUTH_FAIL_SINGLE,7.801
2026081418,069af5f1-fdf8-eba7-2213-435ad282f201,1,bruteforce,0,NoAlert,A_AUTH_FAIL_SINGLE,24.601
2026081418,aa3e4ffc-9358-4c92-816b-c8e3c566ab9d,1,bruteforce,0,NoAlert,A_AUTH_FAIL_SINGLE,7.601
2026081418,1ff43cd5-03f1-cbeb-2643-69ff36dc33e3,1,bruteforce,1,Violation,D_BRUTEFORCE,28.902
2026081418,9a4b35a6-6714-61f3-fd41-de71d0ef9337,1,bruteforce,1,Violation,D_BRUTEFORCE,23.801
2026081418,b576f381-8e83-f66c-36db-5a5263ed0df1,0,benign_public,0,NoAlert,A_PUBLIC,6.001
2026081418,fc95bcf6-647a-dbcb-dc93-c9cedcbd6dec,0,benign_login,0,NoAlert,A_AUTH,5.6
2026081418,dc432c69-dd7f-bb6b-09f6-d1fdb57a9ed9,0,benign_status,0,NoAlert,A_STATUS,5.601
2026081418,061898c9-29b0-430f-65b6-534d8625499f,0,benign_status,0,NoAlert,A_STATUS,27.201
2026081418,28170d43-313a-d5a9-60ec-7bcf35fc7464,0,benign_login,0,NoAlert,A_AUTH,5.8
2026081418,4f4a9ed5-d23a-e203-a0be-7dcb535f2d7a,1,command_probe,1,Violation,D_COMMAND,5.9
2026081418,4729cbc2-6271-a61b-1502-10d500eb5624,0,benign_public,0,NoAlert,A_PUBLIC,22.802
2026081418,958b9f2f-b830-6889-89d4-1681686c42b0,0,benign_login,0,NoAlert,A_AUTH,5.6
2026081418,92e846d1-8451-cb0e-286c-0ec624abd534,0,benign_status,0,NoAlert,A_STATUS,5.701
2026081418,6fb30ff1-476a-0a8e-1bca-d80e15cef924,0,benign_public,0,NoAlert,A_PUBLIC,26.201
2026081418,583b70f1-8bfa-9a88-0d2b-440ec8935c42,1,admin_probe,1,Violation,D_ADMIN,6.101
2026081418,3581f412-8546-86c0-3b60-6aee8a840a88,0,benign_status,0,NoAlert,A_STATUS,5.9
2026081418,ddca8938-c660-ea58-0392-78f7951420f1,0,benign_status,0,NoAlert,A_STATUS,5.801
2026081418,fb5c3cc2-67a2-73db-4fdb-6ee85130590c,0,benign_login,0,NoAlert,A_AUTH,5.8
2026081418,2e72552e-c5de-4df8-8f7c-cbff5b15bd47,0,benign_public,0,NoAlert,A_PUBLIC,5.7
2026081418,5c3c3ea9-835e-69b5-047f-147e0f690bf0,0,benign_status,0,NoAlert,A_STATUS,5.9
2026081418,c84436a9-3f4d-147d-f35d-bcf9916e2336,0,benign_status,0,NoAlert,A_STATUS,21.401
2026081418,ee9fcbfa-895e-b652-80a4-b327fdf016ca,0,benign_status,0,NoAlert,A_STATUS,26.402
2026081418,492ccb80-8bbb-f6ba-71ac-11f66e3358bb,0,benign_public,0,NoAlert,A_PUBLIC,6.0
2026081418,231259e0-ec61-313a-c7ad-8481aa7ec3d5,0,benign_status,0,NoAlert,A_STATUS,6.1
2026081418,f6f8407c-8265-e90a-5020-122eb87bbb29,0,benign_login,0,NoAlert,A_AUTH,5.8
2026081418,c28ab28b-340e-887d-4bac-cec1cf050300,0,benign_public,0,NoAlert,A_PUBLIC,5.801
2026081418,d2972cec-9f22-bc73-a050-4441c43c4473,0,benign_public,0,NoAlert,A_PUBLIC,5.7
2026081418,5b265eea-9fb2-c79f-6297-54de7075791f,0,benign_status,0,NoAlert,A_STATUS,5.701
2026081418,9c3b540c-e7df-0b05-61ad-16b776407161,0,benign_login,0,NoAlert,A_AUTH,5.8
2026081418,010e07d9-5f18-0bbf-ab2d-2cf75435f24e,0,benign_login,0,NoAlert,A_AUTH,20.101
2026081418,55bd0d37-8c0d-4091-964e-8ddfc41f5f31,0,benign_status,0,NoAlert,A_STATUS,5.601
2026081418,2f623c70-ec92-75dc-db01-05c759941d30,0,benign_login,0,NoAlert,A_AUTH,5.7
2026081419,a07ebc19-7b59-a32b-b731-6ce4717ddf17,0,benign_public,0,NoAlert,A_PUBLIC,22.401
2026081419,96bd60a5-bb09-4593-6a66-f6d2030e76eb,0,benign_login,0,NoAlert,A_AUTH,9.401
2026081419,ddf8469a-b8a5-5397-2038-41fdcf661e7b,0,benign_login,0,NoAlert,A_AUTH,7.501
2026081419,15c22bb6-d1cd-276d-91ca-25333593446c,1,bruteforce,0,NoAlert,A_AUTH_FAIL_SINGLE,11.4
2026081419,c60af7b7-5a5a-c2bc-d188-e9a3d4fa084e,1,bruteforce,0,NoAlert,A_AUTH_FAIL_SINGLE,9.201
2026081419,11ca8392-5088-249f-f317-7b736cc710a1,1,bruteforce,0,NoAlert,A_AUTH_FAIL_SINGLE,8.801
2026081419,74ad6b48-e875-1c38-bef0-0765d0e940dc,1,bruteforce,1,Violation,D_BRUTEFORCE,9.4
2026081419,9c3cb114-3728-cd55-e7c8-b7469ab6200b,1,bruteforce,1,Violation,D_BRUTEFORCE,8.801
2026081419,427d9c98-eb3f-57c0-08f4-c60d2721a310,0,benign_public,0,NoAlert,A_PUBLIC,21.201
2026081419,ec1e395e-dfa5-573e-31e1-bc6581060b2d,0,benign_status,0,NoAlert,A_STATUS,6.301
2026081419,0d517283-89dc-1373-8d54-7d0c0136037b,0,benign_status,0,NoAlert,A_STATUS,6.0
2026081419,4697ab45-07d0-160e-cd0f-a9c4fd25c5c9,1,admin_probe,1,Violation,D_ADMIN,6.101
2026081419,8ee1d702-c437-0df6-31f8-7c0b3371f7b9,0,benign_public,0,NoAlert,A_PUBLIC,5.9
2026081419,1c12a342-d952-8eb5-38f2-871f3089dfb1,0,benign_login,0,NoAlert,A_AUTH,25.902
2026081419,7b8d7206-fde9-9ba3-005a-476bbb2d5686,0,benign_login,0,NoAlert,A_AUTH,5.8
2026081419,c959b3f8-f927-eeab-48e5-4809d940d997,0,benign_login,0,NoAlert,A_AUTH,5.901
2026081419,422c54ef-3895-6d06-6f87-60231f51dba4,0,benign_login,0,NoAlert,A_AUTH,5.9
2026081419,b77bcc3e-1d90-3039-4c38-c3ac1aaebd51,0,benign_public,0,NoAlert,A_PUBLIC,5.701
2026081419,295d2146-8849-02c0-85d0-40dd0670cf96,0,benign_login,0,NoAlert,A_AUTH,5.9
2026081419,a9ddfa17-b6c9-1bd8-7834-fb40775a1071,1,command_probe,1,Violation,D_COMMAND,6.1
2026081419,9b17ad09-bbb2-6020-8d71-30494bd34a8f,1,admin_probe,1,Violation,D_ADMIN,6.0
2026081419,c905448d-9338-45bf-296d-68edeaf2fcf9,1,bruteforce,0,NoAlert,A_AUTH_FAIL_SINGLE,8.1
2026081419,fa4ffad2-a1c7-0eeb-50a4-1643df1ecfec,1,bruteforce,0,NoAlert,A_AUTH_FAIL_SINGLE,8.0
2026081419,5f9e675d-817c-0206-efe7-634941f727f4,1,bruteforce,0,NoAlert,A_AUTH_FAIL_SINGLE,7.701
2026081419,39a6c137-a3d5-491f-ff16-a91ef40bc44b,1,bruteforce,1,Violation,D_BRUTEFORCE,8.4
2026081419,4c4747ce-5cf9-3c93-6d70-2e3220cddf30,1,bruteforce,1,Violation,D_BRUTEFORCE,22.902
2026081419,9101c149-cd25-131a-a77f-d6910ea5924c,0,benign_public,0,NoAlert,A_PUBLIC,5.7
2026081419,7b04b7f3-23ba-9f5c-42ed-5e23480d1a00,0,benign_login,0,NoAlert,A_AUTH,6.201
2026081419,cf7f1f80-88ab-2c8d-ec36-b82f6f51e9a8,0,benign_login,0,NoAlert,A_AUTH,5.7
2026081419,20536e9a-4270-cbad-9136-0b48eadd6180,1,bruteforce,0,NoAlert,A_AUTH_FAIL_SINGLE,28.802
2026081419,df1238b7-354a-9d4d-a906-59b745360178,1,bruteforce,0,NoAlert,A_AUTH_FAIL_SINGLE,7.8
2026081419,8d25981d-b4cd-19c2-9a4e-b018ff36ff10,1,bruteforce,0,NoAlert,A_AUTH_FAIL_SINGLE,7.5
2026081419,31b7644d-2d30-a791-10e9-a343a2500fcc,1,bruteforce,1,Violation,D_BRUTEFORCE,8.501
2026081419,6b2dce62-b8cb-2cfd-e4a1-fd1a106e8c9f,1,bruteforce,1,Violation,D_BRUTEFORCE,8.4
2026081419,a7d6cf33-f8a1-c0e6-9289-d8f80b0ece89,0,benign_login,0,NoAlert,A_AUTH,6.201
2026081419,bbeabfc6-ffa6-021b-b4fd-ab91badcca88,0,benign_public,0,NoAlert,A_PUBLIC,6.5
2026081419,ddab4bcb-82c3-02fa-84bb-a10288d8d14a,0,benign_login,0,NoAlert,A_AUTH,5.901
2026081419,e6a8a4d4-6e9a-9e8c-33dd-ebb05697b4f1,0,benign_status,0,NoAlert,A_STATUS,5.9
2026081419,736d3d1b-b0c9-907a-7713-5504db3506cb,0,benign_public,0,NoAlert,A_PUBLIC,5.9
2026081419,24ffa5c0-bfb5-8e87-c11d-a86dddf7030d,0,benign_login,0,NoAlert,A_AUTH,5.8
2026081419,c632b6df-2cd7-7847-7c1f-b727bbcbff3a,0,benign_public,0,NoAlert,A_PUBLIC,5.8
2026081419,7dc5e414-b792-2b76-054b-e0bb0341190c,1,admin_probe,1,Violation,D_ADMIN,27.202
2026081419,e14d361f-a1aa-6c10-bc4f-2d097f31929e,1,bruteforce,0,NoAlert,A_AUTH_FAIL_SINGLE,7.601
2026081419,d464f9d6-17b2-009c-5d28-7af5099e9961,1,bruteforce,0,NoAlert,A_AUTH_FAIL_SINGLE,7.8
2026081419,e24a5f9a-d3b0-6771-50b3-a6ac39d2a384,1,bruteforce,0,NoAlert,A_AUTH_FAIL_SINGLE,7.601
2026081419,d7178531-7046-a0b1-86d8-809b04fac8ff,1,bruteforce,1,Violation,D_BRUTEFORCE,8.4
2026081419,e97a1044-1f81-6a6d-68e1-00efa7800120,1,bruteforce,1,Violation,D_BRUTEFORCE,8.901
2026081419,e4f3e657-26c2-0cdf-5afc-0284f157b7fc,0,benign_login,0,NoAlert,A_AUTH,5.8
2026081419,f3460a19-8300-39a9-be8a-34e5a2a16df0,0,benign_public,0,NoAlert,A_PUBLIC,5.601
2026081419,57cb4dbe-60c4-af1e-e6a1-27d4a6064985,1,bruteforce,0,NoAlert,A_AUTH_FAIL_SINGLE,7.4
2026081419,d4316549-b9e5-00c1-24c9-e4c52d4865b4,1,bruteforce,0,NoAlert,A_AUTH_FAIL_SINGLE,7.701
2026081419,08f8620f-708f-fdf9-3c58-0879cf1c3462,1,bruteforce,0,NoAlert,A_AUTH_FAIL_SINGLE,7.4
2026081419,0cbc63fc-76fc-4a91-a725-79284c062f7f,1,bruteforce,1,Violation,D_BRUTEFORCE,8.301
2026081419,012b2b8e-0fd8-95bb-d8e9-853ec9e62c38,1,bruteforce,1,Violation,D_BRUTEFORCE,22.601
2026081419,2370e9b7-3ba4-0925-65c5-d44990cecd4e,0,benign_public,0,NoAlert,A_PUBLIC,6.101
2026081419,04477335-c8fa-98ba-112a-bfba8879f4ff,0,benign_public,0,NoAlert,A_PUBLIC,5.8
2026081419,d140d5f4-ab2e-1065-978f-e644b1e3db6d,0,benign_status,0,NoAlert,A_STATUS,5.901
2026081419,51fd0e3b-81e8-defc-975b-a3c34f87c243,1,bruteforce,0,NoAlert,A_AUTH_FAIL_SINGLE,7.5
2026081419,33a51f2c-f14b-5de1-7129-44e90efb7d64,1,bruteforce,0,NoAlert,A_AUTH_FAIL_SINGLE,28.502
2026081419,cf34745b-1737-53f6-09e3-4f57cb982194,1,bruteforce,0,NoAlert,A_AUTH_FAIL_SINGLE,7.401
2026081419,8b2821e2-9cfb-fc46-3d3d-ac53509a7b0d,1,bruteforce,1,Violation,D_BRUTEFORCE,8.2
2026081419,800bfb94-6feb-a36f-5f19-81e44e6da45c,1,bruteforce,1,Violation,D_BRUTEFORCE,8.301
2026081419,3cd6e879-1d9b-c259-07c0-ee37b77e3e61,1,admin_probe,1,Violation,D_ADMIN,6.2
2026081419,775bf6d9-3a73-c04a-045a-e20d1af5fe3d,0,benign_login,0,NoAlert,A_AUTH,6.001
2026081419,822788ba-2ece-947f-0810-9fe69252f0ad,0,benign_public,0,NoAlert,A_PUBLIC,20.501
2026081419,f2d2c9f7-6b5f-c546-0ba2-aa5b741fad8e,0,benign_login,0,NoAlert,A_AUTH,6.101
2026081419,16dd6e64-bcb5-379c-326e-b16324a9bf33,1,bruteforce,0,NoAlert,A_AUTH_FAIL_SINGLE,7.6
2026081419,4692c895-3112-db8e-21d0-773b38556e92,1,bruteforce,0,NoAlert,A_AUTH_FAIL_SINGLE,7.601
2026081419,0a68c74d-b4c9-8a4b-2e56-a7e1df489082,1,bruteforce,0,NoAlert,A_AUTH_FAIL_SINGLE,28.101
2026081419,4f3c4c0f-192d-1dec-41c6-6e4d5c1a0882,1,bruteforce,1,Violation,D_BRUTEFORCE,8.401
2026081419,e2a01b03-cf3f-dc6b-f348-ff7a20321fbe,1,bruteforce,1,Violation,D_BRUTEFORCE,8.201
2026081419,559441b4-14fa-0027-98e5-cc0dea2f3dae,0,benign_public,0,NoAlert,A_PUBLIC,6.0
2026081419,4f0f31a9-1f7b-254d-a872-0b49cf5af78e,0,benign_login,0,NoAlert,A_AUTH,5.9
2026081419,08850f4a-fe86-0a6f-53d8-7d2d1245aba4,0,benign_public,0,NoAlert,A_PUBLIC,5.8
2026081419,6bbe8578-612b-1808-b77e-534741f4e6c7,1,bruteforce,0,NoAlert,A_AUTH_FAIL_SINGLE,7.6
2026081419,a1c7208e-c75b-19e3-2c4f-0bab1f1e1069,1,bruteforce,0,NoAlert,A_AUTH_FAIL_SINGLE,7.601
2026081419,bc71afa2-effb-17c2-b6e3-8418d947bdbc,1,bruteforce,0,NoAlert,A_AUTH_FAIL_SINGLE,7.301
2026081419,2bf75d42-dd90-222c-95a8-dd83cbb9471a,1,bruteforce,1,Violation,D_BRUTEFORCE,8.2
2026081419,21dd2afd-6306-afa3-1373-b9e1124a031b,1,bruteforce,1,Violation,D_BRUTEFORCE,8.301
2026081419,24d5fa7a-b688-7e06-0e7c-54e978440a17,1,command_probe,1,Violation,D_COMMAND,6.1
2026081419,7dc83eac-b21b-58e9-93ea-708a44de34f0,0,benign_public,0,NoAlert,A_PUBLIC,5.701
2026081419,996b716e-364f-9fd9-0c29-a73934bcfa4c,0,benign_status,0,NoAlert,A_STATUS,5.7
2026081419,e1898431-951f-a4ca-cbc8-a60c3aa671bd,0,benign_public,0,NoAlert,A_PUBLIC,5.8
2026081419,7df56e7b-b10c-f484-3b68-cfa0b4e24cb5,1,command_probe,1,Violation,D_COMMAND,5.801
2026081419,d2dc5604-dad0-504b-0dbd-bda371213b87,1,bruteforce,0,NoAlert,A_AUTH_FAIL_SINGLE,7.5
2026081419,7a6d10c4-f527-d9cc-f613-500313347ab9,1,bruteforce,0,NoAlert,A_AUTH_FAIL_SINGLE,7.501
2026081419,5b3ebc8c-d7e6-a4d5-cc42-4a43dd94ff78,1,bruteforce,0,NoAlert,A_AUTH_FAIL_SINGLE,7.2
2026081419,cf86c292-51cb-e760-d9f8-cbcbd621e585,1,bruteforce,1,Violation,D_BRUTEFORCE,8.301
2026081419,b2dbebe6-c009-4220-8a12-383455e6dfda,1,bruteforce,1,Violation,D_BRUTEFORCE,8.201
2026081419,227cd162-86fa-e6cb-67f1-fd52b0fda9f3,0,benign_public,0,NoAlert,A_PUBLIC,6.0
2026081419,951096f8-35e7-ae97-4dd2-09b55fd732de,0,benign_login,0,NoAlert,A_AUTH,5.8
2026081419,e71a04e9-e894-8075-fb75-16f7a06087cb,1,command_probe,1,Violation,D_COMMAND,5.901
2026081419,d5906d1a-4332-ec5a-34c1-c38084c15b7f,0,benign_login,0,NoAlert,A_AUTH,5.8
2026081419,401f292a-786f-6f81-caf0-7b8722dde748,1,admin_probe,1,Violation,D_ADMIN,5.801
2026081419,27d46e7c-2c7f-404e-fa2b-c4043bbe62c2,0,benign_login,0,NoAlert,A_AUTH,5.6
2026081419,380b03f5-7b1c-fcf8-db95-fc2d6c8a8d9b,0,benign_login,0,NoAlert,A_AUTH,5.801
2026081419,79292e5d-ff48-3c3f-a492-f6b479192339,0,benign_login,0,NoAlert,A_AUTH,5.7
2026081419,67716e12-3d4b-831f-2120-bb6946167ddd,0,benign_login,0,NoAlert,A_AUTH,5.9
2026081419,b5aae2b6-d1fd-cce1-0c4e-98d8d88acf12,0,benign_status,0,NoAlert,A_STATUS,5.901
2026081419,d8b8969b-48b4-2e50-1b68-3cf962c8c9ea,0,benign_status,0,NoAlert,A_STATUS,5.9
2026081419,ffd2c350-8847-546b-b0a0-2e94991b85c4,0,benign_status,0,NoAlert,A_STATUS,5.601
2026081419,796b743b-a5d1-9b1f-7a26-e54ea6ab6859,0,benign_public,0,NoAlert,A_PUBLIC,5.6
2026081419,99060744-ec3b-29cf-8af1-b7d0dc959879,0,benign_status,0,NoAlert,A_STATUS,5.8
2026081419,e0c718dd-8a8c-ae0f-a77e-84b1a91a8202,0,benign_status,0,NoAlert,A_STATUS,5.7
2026081419,bcc06081-6638-ece8-1131-24373300a298,0,benign_public,0,NoAlert,A_PUBLIC,5.6
2026081419,d04f1091-a04d-3b79-3eba-01b6f0a5ef20,0,benign_status,0,NoAlert,A_STATUS,5.701
2026081419,1ebcdeb5-5bf8-6eb0-cd0f-a3363b1a6da7,1,bruteforce,0,NoAlert,A_AUTH_FAIL_SINGLE,7.6
2026081419,13f9b1b3-77ed-f889-ca19-3d55849c0052,1,bruteforce,0,NoAlert,A_AUTH_FAIL_SINGLE,7.401
2026081419,cf10250f-9747-09a8-82c4-47e77d89086d,1,bruteforce,0,NoAlert,A_AUTH_FAIL_SINGLE,7.3
2026081419,47a366cb-8a5d-cf2a-46f9-0c3a68569076,1,bruteforce,1,Violation,D_BRUTEFORCE,8.101
2026081419,519a927f-b7fe-59f1-3a44-4d606b9771a2,1,bruteforce,1,Violation,D_BRUTEFORCE,8.401
2026081419,11dc0c3f-a29a-705e-e725-92395d73693c,0,benign_login,0,NoAlert,A_AUTH,5.7
2026081419,47ab2156-25e4-46ea-4154-b0800498415f,0,benign_status,0,NoAlert,A_STATUS,6.0
2026081419,df4d1266-34f0-3cdf-e6e1-93088a198eb6,1,path_traversal,1,Violation,D_TRAVERSAL,6.101
2026081419,ac47f242-ac34-9e2c-f884-16e9bc3e6897,0,benign_public,0,NoAlert,A_PUBLIC,5.8
2026081419,f491570f-a59b-247a-26b2-10e5812831b6,0,benign_public,0,NoAlert,A_PUBLIC,5.601
2026081419,f4a55887-938c-0520-b291-636ca1750d3b,1,bruteforce,0,NoAlert,A_AUTH_FAIL_SINGLE,7.1
2026081419,152b83a1-58a7-c40e-c640-6c5810ecebd9,1,bruteforce,0,NoAlert,A_AUTH_FAIL_SINGLE,7.401
2026081419,cf9546ab-4ed5-0619-481f-565c54069c50,1,bruteforce,0,NoAlert,A_AUTH_FAIL_SINGLE,7.3
2026081419,d834efd0-cf82-b785-9581-66df438c6cdc,1,bruteforce,1,Violation,D_BRUTEFORCE,8.401
2026081419,986a7903-d78e-cd7c-2b42-db1e1a642ee4,1,bruteforce,1,Violation,D_BRUTEFORCE,8.0
2026081419,f7f55611-a3af-a204-5f35-76fedc354e97,0,benign_public,0,NoAlert,A_PUBLIC,5.701
2026081419,7954b047-114c-9186-6d9e-50979618b3b4,0,benign_public,0,NoAlert,A_PUBLIC,5.6
2026081419,0eea9fd8-ca45-560f-60fd-0b54b41f73dc,0,benign_status,0,NoAlert,A_STATUS,27.302
2026081419,098f6416-55f8-0570-bc03-a9cc018d4fa3,0,benign_status,0,NoAlert,A_STATUS,5.9
2026081419,a26b8675-11c4-50c6-781b-f6b68e4528c8,0,benign_public,0,NoAlert,A_PUBLIC,5.801
2026081419,f33517e0-fd88-08f3-acee-63a68e57eb8b,0,benign_login,0,NoAlert,A_AUTH,5.8
2026081419,320f19f4-ab5b-8866-56ed-28fe7a0c17cd,0,benign_public,0,NoAlert,A_PUBLIC,5.801
2026081419,56fe200f-c30f-42bb-d221-a23a2afef2e8,0,benign_login,0,NoAlert,A_AUTH,6.4
2026081419,12fa4d19-05ac-2ea7-34ae-49c5c42821d1,1,admin_probe,1,Violation,D_ADMIN,21.902
2026081419,22f40a1c-5f07-60f4-7723-00231b712c67,1,path_traversal,1,Violation,D_TRAVERSAL,6.0
2026081419,8373441f-7822-cee2-0144-b4141d37bfe9,0,benign_login,0,NoAlert,A_AUTH,5.7
2026081419,d7926b06-ceb7-e0ae-4494-58aa226b114d,0,benign_login,0,NoAlert,A_AUTH,5.701
2026081419,af6f0a30-511b-8f1a-31f2-2321ec383180,0,benign_login,0,NoAlert,A_AUTH,5.7
2026081419,3c0156a8-0b60-e771-3b02-f2ac4d0d3a7a,0,benign_status,0,NoAlert,A_STATUS,5.901
2026081419,d9e0a51e-dd56-0b67-0dd3-c0c2ae69da83,1,path_traversal,1,Violation,D_TRAVERSAL,5.8
2026081419,20cf099d-2612-a475-a804-252843141b86,0,benign_login,0,NoAlert,A_AUTH,5.7
2026081419,6e4db8f7-5263-0ab8-f108-497dc60a6080,0,benign_public,0,NoAlert,A_PUBLIC,5.6
2026081419,b608389c-6182-2a43-1b6a-96551ea3b571,0,benign_status,0,NoAlert,A_STATUS,5.6
2026081419,e6b9e699-7e07-14ad-a6af-78d080473e82,0,benign_login,0,NoAlert,A_AUTH,5.601
2026081419,3a7502d2-502c-cc33-651e-ca0fdc338dfa,0,benign_status,0,NoAlert,A_STATUS,5.7
2026081419,926e15e6-8fca-710d-426a-e87246fb6f4d,0,benign_public,0,NoAlert,A_PUBLIC,5.701
2026081419,369987f8-aeb8-f522-993c-bf43c2658d8c,0,benign_login,0,NoAlert,A_AUTH,5.6
2026081419,0307b207-fefc-5c3e-a536-911a5944a29a,1,bruteforce,0,NoAlert,A_AUTH_FAIL_SINGLE,7.4
2026081419,6483861e-6ab8-23f0-4ad2-9017e9d66f46,1,bruteforce,0,NoAlert,A_AUTH_FAIL_SINGLE,7.2
2026081419,b9391564-cf56-51d7-55a4-0a64622f1b44,1,bruteforce,0,NoAlert,A_AUTH_FAIL_SINGLE,7.3
2026081419,c624dd3c-cdec-7628-c180-db2178701928,1,bruteforce,1,Violation,D_BRUTEFORCE,8.3
2026081419,c8e093d3-c5dc-60c3-c957-1420d6b635e3,1,bruteforce,1,Violation,D_BRUTEFORCE,8.501
2026081419,abb9c7e4-da01-493b-9a16-a903ff6449dd,1,path_traversal,1,Violation,D_TRAVERSAL,6.3
2026081419,583b67fc-03d5-4df1-9e06-a96c42c8a873,1,bruteforce,1,Violation,D_BRUTEFORCE,8.501
2026081419,4ed9d6bc-a2cb-f36c-be88-edb7cba130b1,1,bruteforce,1,Violation,D_BRUTEFORCE,8.4
2026081419,31b1e03e-db61-b6ee-3e77-ddd92f1e1a79,1,bruteforce,1,Violation,D_BRUTEFORCE,8.401
2026081419,28d1bc4a-b4af-436a-7952-448eeb442728,1,bruteforce,1,Violation,D_BRUTEFORCE,8.2
2026081419,2313beca-e6c3-77da-7405-d04acf9a6a4e,1,bruteforce,1,Violation,D_BRUTEFORCE,8.101
2026081419,cea64aaa-268e-d54f-cebe-3d65be93385e,0,benign_login,0,NoAlert,A_AUTH,6.0
2026081419,43196afb-8702-1203-95e7-e5fa0d435227,0,benign_public,0,NoAlert,A_PUBLIC,5.901
2026081419,07f9bb8c-58b6-705b-3c65-7013252d9261,0,benign_public,0,NoAlert,A_PUBLIC,5.9
2026081419,7e7468ef-5f12-7caf-2965-8fa274e7bb67,0,benign_public,0,NoAlert,A_PUBLIC,5.801
2026081419,0e4229a0-11cd-62af-4b9e-baff1e41b630,0,benign_status,0,NoAlert,A_STATUS,5.7
2026081419,4997af1b-e265-a0ec-5caf-f77f9c213795,0,benign_public,0,NoAlert,A_PUBLIC,5.601
2026081419,46b511ab-3b33-c704-213f-d8485efb6443,0,benign_public,0,NoAlert,A_PUBLIC,5.6
2026081419,e64937e0-3f6f-99d6-54ed-f3eb33282438,1,path_traversal,1,Violation,D_TRAVERSAL,5.9
2026081419,601e76ec-04f8-6e67-2493-17dc5ebd1e6b,0,benign_status,0,NoAlert,A_STATUS,5.701
2026081419,8809d734-df24-4d9c-0984-e619d9588c40,0,benign_public,0,NoAlert,A_PUBLIC,5.6
2026081419,f9d5a735-d9dc-8c01-6730-de1df6fd0b68,1,bruteforce,0,NoAlert,A_AUTH_FAIL_SINGLE,7.401
2026081419,7f7cad0c-fad1-8b11-3129-05b694d1fd44,1,bruteforce,0,NoAlert,A_AUTH_FAIL_SINGLE,7.7
2026081419,c6e0d36c-bd95-9c31-5886-2ca19560ba02,1,bruteforce,0,NoAlert,A_AUTH_FAIL_SINGLE,7.301
2026081419,bc3fe6f2-c175-830d-6167-d2e3c61c9fed,1,bruteforce,1,Violation,D_BRUTEFORCE,8.1
2026081419,531ccea4-8aee-9b6a-e62d-605e66429670,1,bruteforce,1,Violation,D_BRUTEFORCE,8.401
2026081419,8824b253-1725-1316-1244-fdb80307605f,0,benign_public,0,NoAlert,A_PUBLIC,5.9
2026081419,8755be6d-e74d-b94d-7353-3d290227ba6e,0,benign_login,0,NoAlert,A_AUTH,5.901
2026081419,ff11b9e9-60e9-5d0a-2aa1-fd094b394ac4,0,benign_status,0,NoAlert,A_STATUS,5.7
2026081419,d3b11342-e070-db9e-6055-cd2dd73feeb5,0,benign_login,0,NoAlert,A_AUTH,5.801
2026081419,9e1d4316-1f34-59b6-e490-e7d1ae2eae5c,0,benign_status,0,NoAlert,A_STATUS,5.8
2026081419,8055364a-2203-fd18-b5b6-fbc0a9b2f1c6,1,bruteforce,0,NoAlert,A_AUTH_FAIL_SINGLE,7.401
2026081419,ef84a26f-2041-101e-05eb-06a3e3fb1dd2,1,bruteforce,0,NoAlert,A_AUTH_FAIL_SINGLE,7.4
2026081419,46d316e6-d94b-6fe1-6378-bd5af6e1a542,1,bruteforce,0,NoAlert,A_AUTH_FAIL_SINGLE,7.301
2026081419,572acd4f-6a75-4e7c-87fc-975ae9eb4e2a,1,bruteforce,1,Violation,D_BRUTEFORCE,8.1
2026081419,bb2d640f-89d3-ab04-bbee-fdbe7e3286dc,1,bruteforce,1,Violation,D_BRUTEFORCE,8.101
2026081419,dcfcb0e9-d56d-0571-395e-b06b7ebc93d1,0,benign_status,0,NoAlert,A_STATUS,6.1
2026081419,18e5cbf5-9f5e-c4ee-0a21-4e9fd7c1e6ef,0,benign_public,0,NoAlert,A_PUBLIC,5.701
2026081419,1380def5-2718-f693-54fd-7b269ae90505,0,benign_status,0,NoAlert,A_STATUS,5.9
2026081419,28bef4a4-3f21-25db-0655-127822c1ee52,1,bruteforce,0,NoAlert,A_AUTH_FAIL_SINGLE,7.401
2026081419,85e2b754-4068-6dbb-db9d-c8f42d94a28f,1,bruteforce,0,NoAlert,A_AUTH_FAIL_SINGLE,7.1
2026081419,b88331ba-cd3a-6832-7146-5259e45c8d49,1,bruteforce,0,NoAlert,A_AUTH_FAIL_SINGLE,7.101
2026081419,e4ebbbe3-9494-0321-09fe-73543ecd773e,1,bruteforce,1,Violation,D_BRUTEFORCE,8.0
2026081419,2a48fdf2-0ea9-1e63-4658-389a4df58cc9,1,bruteforce,1,Violation,D_BRUTEFORCE,8.101
2026081419,b1d9b6a5-5f92-9b76-e463-c07e6f423252,0,benign_status,0,NoAlert,A_STATUS,6.0
2026081419,1cc2919d-41dc-95a8-3dc4-43448fc8cc5a,0,benign_public,0,NoAlert,A_PUBLIC,6.001
2026081419,7659c08b-70e9-bb8f-8b2e-c028ae953d77,0,benign_public,0,NoAlert,A_PUBLIC,5.6
2026081419,c5a3e7fb-e7e4-c4e6-3bea-48dbb8d03e6c,0,benign_login,0,NoAlert,A_AUTH,6.0
2026081419,d54fb05d-87c3-afe2-b303-1036bfd7f879,0,benign_login,0,NoAlert,A_AUTH,5.701
2026081419,cd9ec3d1-8348-abfd-0967-df8e77a188c1,0,benign_status,0,NoAlert,A_STATUS,5.6
2026081419,ef1256b0-b094-4ddd-32e4-4b3968276df2,0,benign_public,0,NoAlert,A_PUBLIC,5.701
2026081419,c37776b1-cd23-9343-e0d8-8bb3132aba06,0,benign_public,0,NoAlert,A_PUBLIC,5.5
2026081419,ad2ecfd1-bdf8-b5fe-f4da-a5890af947f1,1,bruteforce,0,NoAlert,A_AUTH_FAIL_SINGLE,7.2
2026081419,2bf328cc-e684-9382-c1fe-c14a9bf556c2,1,bruteforce,0,NoAlert,A_AUTH_FAIL_SINGLE,7.4
2026081419,1b92234e-ced1-c206-a689-9559617801ff,1,bruteforce,0,NoAlert,A_AUTH_FAIL_SINGLE,7.801
2026081419,d0c81880-689c-275f-4be2-29299ee39b3e,1,bruteforce,1,Violation,D_BRUTEFORCE,8.5
2026081419,566a00a4-cd7f-4c7f-aa13-a9faed93a2b5,1,bruteforce,1,Violation,D_BRUTEFORCE,8.301
2026081419,1a84227f-b3c0-25aa-8200-e9e4a56ea812,0,benign_public,0,NoAlert,A_PUBLIC,5.9
2026081419,0fd39dab-78b3-cbf7-16c2-15cb2922a789,0,benign_public,0,NoAlert,A_PUBLIC,28.302
2026081419,abfecf04-74ee-e4a8-495b-d7553bf4a714,0,benign_status,0,NoAlert,A_STATUS,9.601
2026081419,fd3ab47b-0925-dc36-ac0c-02b85b5c05f8,1,command_probe,1,Violation,D_COMMAND,7.4
2026081419,66f68692-5d3f-49b2-c018-ceda68b2a8da,0,benign_login,0,NoAlert,A_AUTH,6.401
2026081419,9bb49225-e225-e05c-2c79-f45c80b62ba8,0,benign_login,0,NoAlert,A_AUTH,6.1
2026081419,5363fd69-78fa-d8a1-2fa1-12f63b1dbdd7,0,benign_public,0,NoAlert,A_PUBLIC,5.801
2026081419,653dd67f-185b-a3a1-5587-60f24a474bb0,1,path_traversal,1,Violation,D_TRAVERSAL,6.2
2026081419,7acb58e1-c9da-8af0-709f-8ea7a27c0a24,0,benign_status,0,NoAlert,A_STATUS,6.301
2026081419,44ca41a7-cfb4-8c09-43a5-c22ffa8147d2,1,bruteforce,0,NoAlert,A_AUTH_FAIL_SINGLE,8.7
2026081419,e0263159-5e2c-5914-3024-8b022c14e61c,1,bruteforce,0,NoAlert,A_AUTH_FAIL_SINGLE,8.001
2026081419,c0ab3234-e8d8-9728-4dc0-14398bce3f1c,1,bruteforce,0,NoAlert,A_AUTH_FAIL_SINGLE,7.8
2026081419,55bc5e43-df68-ba6a-dfea-08ac79f33b63,1,bruteforce,1,Violation,D_BRUTEFORCE,8.801
2026081419,0c077ff3-04a3-6cde-bcbe-f8faf113cf8a,1,bruteforce,1,Violation,D_BRUTEFORCE,8.601
2026081419,c89e8f8d-8496-e6cd-f1ba-26efaed49fc3,0,benign_status,0,NoAlert,A_STATUS,6.2
2026081419,06102429-f3a4-6a84-4dfb-5349c01353a8,0,benign_public,0,NoAlert,A_PUBLIC,6.0
2026081419,47b8a5bd-74e0-4b21-bf72-5d86b188b896,0,benign_public,0,NoAlert,A_PUBLIC,5.801
2026081419,df9d1dee-f848-be4e-993d-614173908d00,0,benign_public,0,NoAlert,A_PUBLIC,5.8
2026081419,d19231d8-365f-35e8-f54d-d8280624a756,0,benign_login,0,NoAlert,A_AUTH,5.901
2026081419,3934c90f-f4f4-40e2-9c1c-ce642297a245,0,benign_public,0,NoAlert,A_PUBLIC,5.8
2026081419,0c63676d-035a-636f-883a-896a8fa45a07,0,benign_status,0,NoAlert,A_STATUS,5.901
2026081419,911cc011-2643-1eeb-421f-c633a89eb217,0,benign_status,0,NoAlert,A_STATUS,5.6
2026081419,fd86b24a-5671-595d-1ec2-126061c6aa80,1,bruteforce,0,NoAlert,A_AUTH_FAIL_SINGLE,7.5
2026081419,48b2f253-0718-1196-a208-1edec2044653,1,bruteforce,0,NoAlert,A_AUTH_FAIL_SINGLE,7.401
2026081419,6217e478-6309-92cd-8ea0-d59dd127b684,1,bruteforce,0,NoAlert,A_AUTH_FAIL_SINGLE,7.701
2026081419,fb5fc0e5-b346-bf15-25df-0401e6d356c6,1,bruteforce,1,Violation,D_BRUTEFORCE,8.9
2026081419,4b02caa5-a41a-88bf-6f31-795707b926ae,1,bruteforce,1,Violation,D_BRUTEFORCE,8.701
2026081419,37bd9aab-ebae-c2e6-3fe5-812a70025249,0,benign_public,0,NoAlert,A_PUBLIC,6.0
2026081419,db5a5b00-0741-6e70-092b-9379e6ab1b10,0,benign_login,0,NoAlert,A_AUTH,6.401
2026081419,90d9980c-5226-226b-dc9c-12b3e190be0d,1,admin_probe,1,Violation,D_ADMIN,6.2
2026081419,955c35b1-2668-6672-2d94-cb7cc22188f4,0,benign_login,0,NoAlert,A_AUTH,6.001
2026081419,cef7fe67-8a84-5d9d-4159-02c0d230c4db,0,benign_status,0,NoAlert,A_STATUS,5.8
2026081419,ac31c97e-6e0d-cd76-e688-4029e1f4094f,0,benign_login,0,NoAlert,A_AUTH,5.9
2026081419,d19c0277-aecc-a1e5-af4e-2691bfb7207e,1,bruteforce,0,NoAlert,A_AUTH_FAIL_SINGLE,7.701
2026081419,e1872453-2b27-fc93-d6f9-c433fff55781,1,bruteforce,0,NoAlert,A_AUTH_FAIL_SINGLE,7.7
2026081419,361e8424-395f-16bf-45fa-8b538f2a555e,1,bruteforce,0,NoAlert,A_AUTH_FAIL_SINGLE,7.7
2026081419,ada70788-5c35-c1ba-e984-f2c25fba1d14,1,bruteforce,1,Violation,D_BRUTEFORCE,8.401
2026081419,e6ad378f-29a8-bac9-6e98-ad5dcff81d07,1,bruteforce,1,Violation,D_BRUTEFORCE,8.3
2026081419,24c10676-2487-083b-2d1b-09508b251cfb,1,command_probe,1,Violation,D_COMMAND,6.001
2026081419,09da1b14-c3b6-bf36-6eec-4a281938e7c9,1,bruteforce,1,Violation,D_BRUTEFORCE,8.3
2026081419,13e4f9fa-75e0-3cb8-b1aa-b07a32308599,1,bruteforce,1,Violation,D_BRUTEFORCE,8.401
2026081419,25463ce1-fa23-fffe-53df-8697961e94b1,1,bruteforce,1,Violation,D_BRUTEFORCE,8.2
2026081419,af78e458-2559-0d99-c27b-41a50904c37b,1,bruteforce,1,Violation,D_BRUTEFORCE,8.301
2026081419,9b870ec9-e6f4-29d6-2436-9b20524ef6ee,1,bruteforce,1,Violation,D_BRUTEFORCE,8.301
2026081419,30cb5291-1dcb-dfdf-d9b1-2bfe4e307f7d,0,benign_public,0,NoAlert,A_PUBLIC,6.1
2026081419,f222ae12-83bd-8e6f-a1e7-5cac4d152043,0,benign_status,0,NoAlert,A_STATUS,5.9
2026081419,c33e4e5b-c805-fec4-e797-6188982428d4,1,bruteforce,0,NoAlert,A_AUTH_FAIL_SINGLE,7.501
2026081419,120dd542-071e-62f9-e840-e4d27abf1797,1,bruteforce,0,NoAlert,A_AUTH_FAIL_SINGLE,7.5
2026081419,921fc15f-9185-ed70-e420-a3f493d1f0a5,1,bruteforce,0,NoAlert,A_AUTH_FAIL_SINGLE,27.702
2026081419,a160914d-fe9f-f534-8ef6-50727368f8be,1,bruteforce,1,Violation,D_BRUTEFORCE,8.201
2026081419,3fe8f34a-42e0-e432-8c57-51bc13a63143,1,bruteforce,1,Violation,D_BRUTEFORCE,8.4
2026081419,e0bf0e59-e1bc-3d48-63b8-e0fa05e596fd,0,benign_status,0,NoAlert,A_STATUS,6.101
2026081419,f3e22619-1e7a-fe27-341d-97812a30073e,0,benign_public,0,NoAlert,A_PUBLIC,5.9
2026081419,2f53eb1c-afcc-6f7d-6b49-ae010e2d6e2d,0,benign_public,0,NoAlert,A_PUBLIC,6.001
2026081419,5a3579ef-b0e1-c652-f45b-47a8d403a53b,0,benign_login,0,NoAlert,A_AUTH,6.2
2026081419,8b6ac861-06d5-b731-828b-b43b8f8fd4c7,1,bruteforce,0,NoAlert,A_AUTH_FAIL_SINGLE,8.001
2026081419,d702ad2d-fbe2-69c9-0a05-245d5e6dde4a,1,bruteforce,0,NoAlert,A_AUTH_FAIL_SINGLE,7.6
2026081419,212375a2-87a3-b1a4-847c-2465298875f7,1,bruteforce,0,NoAlert,A_AUTH_FAIL_SINGLE,7.601
2026081419,06c75fe0-2424-043e-8cfe-448606c27063,1,bruteforce,1,Violation,D_BRUTEFORCE,62.504
2026081419,7a21ee62-0d61-717b-7f00-2e47f33c2af9,1,bruteforce,1,Violation,D_BRUTEFORCE,12.001
2026081419,5a4cfe46-9a52-b19e-6b5a-79f111436427,0,benign_public,0,NoAlert,A_PUBLIC,7.3
2026081419,5e65f76f-170b-b838-bf25-9297479b968e,0,benign_public,0,NoAlert,A_PUBLIC,6.101
2026081419,ffdc56cf-321f-1d71-9434-9236565d7d50,0,benign_public,0,NoAlert,A_PUBLIC,6.3
2026081419,e7d1b6ee-7557-4124-224e-71bb1bf1d7bc,1,path_traversal,1,Violation,D_TRAVERSAL,6.101
2026081419,d67b8b32-775e-3775-1ee6-4ff6fb9a8906,0,benign_status,0,NoAlert,A_STATUS,6.2
2026081419,a630bf7f-4cd5-51ef-3ff4-ead6623e815d,0,benign_login,0,NoAlert,A_AUTH,6.2
2026081419,33903950-90d1-3ce8-37da-d05a9fcf4049,0,benign_public,0,NoAlert,A_PUBLIC,6.3
2026081419,c56a3db4-6d32-110b-43d7-c27d8fa54701,0,benign_login,0,NoAlert,A_AUTH,6.1
2026081419,81ccc497-9714-4c98-094c-82e5dec81bce,0,benign_login,0,NoAlert,A_AUTH,6.201
2026081419,634842d7-42a3-acd9-1b61-014737a0db55,0,benign_public,0,NoAlert,A_PUBLIC,6.1
2026081419,60ba820c-be0e-aab4-b110-2fee92496da7,1,bruteforce,0,NoAlert,A_AUTH_FAIL_SINGLE,8.301
2026081419,8ce17608-5526-86a3-0438-ce5414cb8d88,1,bruteforce,0,NoAlert,A_AUTH_FAIL_SINGLE,8.1
2026081419,c8de4573-a87e-3703-322a-3e13fe78f376,1,bruteforce,0,NoAlert,A_AUTH_FAIL_SINGLE,7.9
2026081419,652b3a8a-66bf-489d-d980-4488f72a515a,1,bruteforce,1,Violation,D_BRUTEFORCE,8.401
2026081419,09f4a3a5-e8fd-e74a-d849-2ecad03a28be,1,bruteforce,1,Violation,D_BRUTEFORCE,8.4
2026081419,94e2f51a-eff7-c385-83a4-112d23d203b7,0,benign_status,0,NoAlert,A_STATUS,6.001
2026081419,d045a8b4-6711-6fa2-4c47-1677bdd2ebb8,0,benign_public,0,NoAlert,A_PUBLIC,20.701
2026081419,d447909a-1d99-afd1-5428-ffe4b4c9838a,0,benign_login,0,NoAlert,A_AUTH,6.1
2026081419,b988c139-a648-a047-3676-afefc71475dd,0,benign_status,0,NoAlert,A_STATUS,5.801
2026081419,75c9dc92-fc1d-ea4a-97bb-f61993b6c240,0,benign_status,0,NoAlert,A_STATUS,5.8
2026081419,45a44cef-2689-5454-3bf8-6d2c8e6427f6,0,benign_login,0,NoAlert,A_AUTH,5.801
2026081419,313b9cec-ddab-6c83-2e1d-7373807bffe8,0,benign_status,0,NoAlert,A_STATUS,5.9
2026081419,bd0c486a-1a82-f820-44c3-af2f6fe64162,0,benign_status,0,NoAlert,A_STATUS,26.702
2026081419,bbd45026-a6fa-1930-bc57-c8b71d6898d5,0,benign_login,0,NoAlert,A_AUTH,6.1
2026081419,9ea7db05-354e-968b-c81c-3d7c15533d5c,0,benign_login,0,NoAlert,A_AUTH,6.101
2026081419,0ecf6dc8-333d-d48b-35ca-55ddf576cd70,0,benign_login,0,NoAlert,A_AUTH,5.9
2026081419,897707c5-5e7e-b4e7-9ac3-9f809c6f7146,0,benign_public,0,NoAlert,A_PUBLIC,6.001
2026081419,bd16addf-589c-362c-96c1-299af731bc26,0,benign_public,0,NoAlert,A_PUBLIC,6.0
2026081419,da0762cc-f881-8cef-703a-54d177943849,0,benign_login,0,NoAlert,A_AUTH,20.701
2026081419,4034e420-e4ff-89ac-3cd3-cb59aa15a2a9,1,bruteforce,0,NoAlert,A_AUTH_FAIL_SINGLE,27.901
2026081419,9d04b6a7-cb8e-0a79-54d1-20ea3d7868b3,1,bruteforce,0,NoAlert,A_AUTH_FAIL_SINGLE,7.701
2026081419,5e533a49-873e-f56e-f568-2a3a1213694e,1,bruteforce,0,NoAlert,A_AUTH_FAIL_SINGLE,7.7
2026081419,2e5850f4-84e8-97a2-13ac-53e81da3c8e6,1,bruteforce,1,Violation,D_BRUTEFORCE,9.201
2026081419,ab14b37a-a50f-9b43-ddf6-98dd9d0bf902,1,bruteforce,1,Violation,D_BRUTEFORCE,23.002
2026081419,93538992-72d8-59e8-c718-3e2c312ce57c,0,benign_public,0,NoAlert,A_PUBLIC,5.8
2026081419,a400a370-95ce-6649-5877-db1cafbec2c4,0,benign_status,0,NoAlert,A_STATUS,26.702
2026081419,c7700941-e7d6-48e4-51f5-3f5fa576476b,0,benign_status,0,NoAlert,A_STATUS,5.9
2026081419,7c1912f4-8c94-9542-8c8d-0c3fd6809760,0,benign_status,0,NoAlert,A_STATUS,5.801
2026081419,cc4e1986-d80e-4690-40d3-5f785dfb7b6b,0,benign_login,0,NoAlert,A_AUTH,6.0
2026081419,dfc2febc-3cd0-f269-f8a0-93c261440d18,1,admin_probe,1,Violation,D_ADMIN,6.1
2026081420,a025263d-a134-f2b5-6f93-dbf5745acb41,0,benign_status,0,NoAlert,A_STATUS,22.601
2026081420,824e7ede-bfbd-2ae9-2993-1d9e57d3b411,0,benign_login,0,NoAlert,A_AUTH,9.7
2026081420,db09c82d-3481-b872-aa48-a6ec291a9d02,0,benign_status,0,NoAlert,A_STATUS,7.401
2026081420,1c2131dc-624c-988d-cf39-6d9998a11051,1,bruteforce,0,NoAlert,A_AUTH_FAIL_SINGLE,11.1
2026081420,ff9ad94f-765e-ab40-615b-49e59a4c8c4a,1,bruteforce,0,NoAlert,A_AUTH_FAIL_SINGLE,9.1
2026081420,f9c7cbb5-f25a-31c7-67ca-e9da9d0117db,1,bruteforce,0,NoAlert,A_AUTH_FAIL_SINGLE,8.801
2026081420,41afc56f-c9cf-58c7-0c22-ca4b60e194de,1,bruteforce,1,Violation,D_BRUTEFORCE,9.5
2026081420,be16c308-9de5-afea-213e-c0fcd1246175,1,bruteforce,1,Violation,D_BRUTEFORCE,8.801
2026081420,5aa1ae89-26d1-4311-a0bf-02535d64313a,0,benign_login,0,NoAlert,A_AUTH,6.501
2026081420,24229157-a8bf-eaa6-3bc5-ba64ca0712ec,0,benign_login,0,NoAlert,A_AUTH,6.1
2026081420,50ca3466-2825-131e-1623-f6f313954df8,0,benign_public,0,NoAlert,A_PUBLIC,6.1
2026081420,6ba1fe1d-7c4d-66e1-0489-ccdfaf7cd682,1,path_traversal,1,Violation,D_TRAVERSAL,6.001
2026081420,0601e5ee-cb92-e22f-5f69-a32604cb8b49,0,benign_status,0,NoAlert,A_STATUS,6.3
2026081420,774f65b2-4fdb-6e9d-37fa-ec56754b4f3d,0,benign_status,0,NoAlert,A_STATUS,6.001
2026081420,fa95952c-2636-e189-e2da-59d6ad1bf6c0,0,benign_login,0,NoAlert,A_AUTH,6.1
2026081420,246c7736-b645-cab1-16bb-8dfd028e9ab6,0,benign_public,0,NoAlert,A_PUBLIC,5.801
2026081420,f7b90b4b-ff13-8838-ddc4-c0b1559e5c2d,0,benign_public,0,NoAlert,A_PUBLIC,5.9
2026081420,6249f503-5b0f-b4ab-80fa-87c55124c911,1,bruteforce,0,NoAlert,A_AUTH_FAIL_SINGLE,7.701
2026081420,49019cc7-0b2d-50ea-e73a-d1925d6a7296,1,bruteforce,0,NoAlert,A_AUTH_FAIL_SINGLE,7.7
2026081420,f30a6231-905f-8b19-235f-b4226a02a3e8,1,bruteforce,0,NoAlert,A_AUTH_FAIL_SINGLE,7.701
2026081420,64276ac3-84fc-1f5f-a525-37c1a790d6bd,1,bruteforce,1,Violation,D_BRUTEFORCE,8.6
2026081420,888510c4-7afd-cb0d-178f-93e7be5ba090,1,bruteforce,1,Violation,D_BRUTEFORCE,8.401
2026081420,86336502-7679-0df6-7b43-a7eabdd6bf08,0,benign_login,0,NoAlert,A_AUTH,5.9
2026081420,b8bd12d6-4714-12c7-9e11-e6bdc1bcbf1d,0,benign_public,0,NoAlert,A_PUBLIC,6.101
2026081420,39ca2372-98c2-0bfd-6731-57b0e7aa4bbf,0,benign_status,0,NoAlert,A_STATUS,6.0
2026081420,a96100b9-5064-3bdc-647e-49896531ef64,0,benign_login,0,NoAlert,A_AUTH,5.701
2026081420,2e9b5e20-7eff-9217-52e5-533d43335aed,0,benign_status,0,NoAlert,A_STATUS,5.9
2026081420,51a68eac-e63b-693a-a38d-73ab3c2f0a78,1,path_traversal,1,Violation,D_TRAVERSAL,6.1
2026081420,9aa40516-2c4c-56f4-d4e2-0198d44186fe,1,bruteforce,0,NoAlert,A_AUTH_FAIL_SINGLE,7.9
2026081420,7f5de237-0418-efdf-3f32-1dacb1e84e9f,1,bruteforce,0,NoAlert,A_AUTH_FAIL_SINGLE,7.701
2026081420,bcab506d-9e52-9c7a-b091-315357421d0a,1,bruteforce,0,NoAlert,A_AUTH_FAIL_SINGLE,7.5
2026081420,f1cbe5c0-89ea-f292-5eae-b3272db9cdc8,1,bruteforce,1,Violation,D_BRUTEFORCE,8.201
2026081420,f9854c35-28a2-fac4-9d92-75be0466691e,1,bruteforce,1,Violation,D_BRUTEFORCE,8.8
2026081420,37625ab6-a8e3-dc75-eff7-5f24fd175810,0,benign_public,0,NoAlert,A_PUBLIC,6.101
2026081420,2a15db94-4819-c651-142b-fe08445cdb34,0,benign_login,0,NoAlert,A_AUTH,6.0
2026081420,aadf08cd-5719-b6c5-68b2-9dcfd3e6926f,0,benign_public,0,NoAlert,A_PUBLIC,6.001
2026081420,52ddba4e-442e-b56f-fe64-bd1331964fb2,0,benign_status,0,NoAlert,A_STATUS,5.7
2026081420,cbb7c0a7-2904-c668-4760-c8c41f3147b1,0,benign_public,0,NoAlert,A_PUBLIC,5.7
2026081420,50ada247-14b1-3474-2ab0-0f3c84a30e97,0,benign_public,0,NoAlert,A_PUBLIC,6.101
2026081420,7cd8efc9-0214-dcd8-f680-e6e54e7dc5a7,0,benign_public,0,NoAlert,A_PUBLIC,5.8
2026081420,94422706-7c9b-13b7-be06-8b1964a757a1,0,benign_status,0,NoAlert,A_STATUS,5.801
2026081420,ff962382-bda4-935f-9b13-7084f4eb5d99,0,benign_public,0,NoAlert,A_PUBLIC,5.7
2026081420,09215c33-8091-8934-6bc3-20f7429a342c,1,path_traversal,1,Violation,D_TRAVERSAL,5.801
2026081420,90846f71-4210-7f8e-2166-267300dd9d4e,0,benign_status,0,NoAlert,A_STATUS,5.9
2026081420,71cc1714-8c6c-fba1-8dd2-e10debb5f5d9,0,benign_public,0,NoAlert,A_PUBLIC,6.0
2026081420,c6109cf0-802f-af8a-67f0-a1de1c8b88c9,1,bruteforce,0,NoAlert,A_AUTH_FAIL_SINGLE,7.701
2026081420,9aa5f52b-e6bb-ac6b-bfc1-a6e150372e92,1,bruteforce,0,NoAlert,A_AUTH_FAIL_SINGLE,7.5
2026081420,d9a2e7b3-62b8-e56c-dd19-cec37bd1fa8a,1,bruteforce,0,NoAlert,A_AUTH_FAIL_SINGLE,7.4
2026081420,d74a72c9-6dc9-1d9e-52b1-f4fd1d437299,1,bruteforce,1,Violation,D_BRUTEFORCE,8.301
2026081420,570be62b-c4e6-1a12-ab1d-f81ac8eac3e0,1,bruteforce,1,Violation,D_BRUTEFORCE,8.3
2026081420,4f7b3ac0-181d-c1ac-c81c-e79b7cb50c48,0,benign_status,0,NoAlert,A_STATUS,6.001
2026081420,225cc9ec-cd4c-f73f-449e-10ff7704ba12,0,benign_public,0,NoAlert,A_PUBLIC,6.0
2026081420,7a09e43a-3e18-2e69-5679-3669ed9321a4,0,benign_status,0,NoAlert,A_STATUS,5.9
2026081420,35aaf4b9-6e74-4c62-93b8-a0328b29c850,0,benign_public,0,NoAlert,A_PUBLIC,5.801
2026081420,b7e4b7c7-d865-689b-209b-48433c616d02,1,bruteforce,0,NoAlert,A_AUTH_FAIL_SINGLE,7.5
2026081420,5783b1d5-145f-dc2b-7bb2-46e9c1f4b2c5,1,bruteforce,0,NoAlert,A_AUTH_FAIL_SINGLE,7.601
2026081420,54a26654-83a5-754b-0c42-e40b975f76e6,1,bruteforce,0,NoAlert,A_AUTH_FAIL_SINGLE,7.6
2026081420,52a12b35-8496-e23f-cff1-14ac431af4e0,1,bruteforce,1,Violation,D_BRUTEFORCE,8.3
2026081420,3af40d79-21d2-d9f8-003b-b1363456257e,1,bruteforce,1,Violation,D_BRUTEFORCE,8.201
2026081420,721d5cbf-56c0-eb78-a1ae-929c37e601cc,0,benign_login,0,NoAlert,A_AUTH,5.9
2026081420,50819a45-6c03-1c7e-b664-017d4635edbc,0,benign_status,0,NoAlert,A_STATUS,5.7
2026081420,993b651d-c712-62f7-298c-662b36935a83,0,benign_public,0,NoAlert,A_PUBLIC,5.901
2026081420,0767a015-0e09-86d9-100f-0276393cd9ff,0,benign_public,0,NoAlert,A_PUBLIC,5.8
2026081420,c55636de-2f7c-3285-8b40-c49ff7ef2773,1,bruteforce,0,NoAlert,A_AUTH_FAIL_SINGLE,7.501
2026081420,4a1774ab-b5ab-fedb-bdb8-f7ec09298685,1,bruteforce,0,NoAlert,A_AUTH_FAIL_SINGLE,7.7
2026081420,99a28c94-da98-595e-57b7-5ac12fce8034,1,bruteforce,0,NoAlert,A_AUTH_FAIL_SINGLE,7.701
2026081420,c3bc3702-9670-8e64-9c3e-1e96a3d4353e,1,bruteforce,1,Violation,D_BRUTEFORCE,8.501
2026081420,4d7a588d-2581-4e1a-619d-e56912e696ff,1,bruteforce,1,Violation,D_BRUTEFORCE,8.6
2026081420,0113bf27-bf0b-0e31-62b0-fe4d731b9984,0,benign_public,0,NoAlert,A_PUBLIC,6.301
2026081420,b0767b1e-e6e0-fc2a-c442-e00f3b80e2ea,1,bruteforce,1,Violation,D_BRUTEFORCE,8.5
2026081420,2c7ea805-ef52-0acb-2419-3e35d33ff774,1,bruteforce,1,Violation,D_BRUTEFORCE,8.101
2026081420,883f93d7-2e50-518f-5796-dc5e7d1a83d4,1,bruteforce,1,Violation,D_BRUTEFORCE,8.3
2026081420,97f54af9-ea9e-7f90-0e07-0a8ca7367a3d,1,bruteforce,1,Violation,D_BRUTEFORCE,8.201
2026081420,b4c6d6ca-6719-6912-89b5-d7ed3bc16d54,1,bruteforce,1,Violation,D_BRUTEFORCE,8.2
2026081420,88ce55d3-713f-c43c-057f-083e87ef3987,0,benign_status,0,NoAlert,A_STATUS,5.801
2026081420,7d87a6ba-781b-2621-fb09-df4a45ce16c9,0,benign_public,0,NoAlert,A_PUBLIC,5.9
2026081420,32bb5c91-2d68-4265-f62c-fd01f333fb8f,0,benign_public,0,NoAlert,A_PUBLIC,5.801
2026081420,dda1da79-80a1-86f9-95c9-377894734065,0,benign_login,0,NoAlert,A_AUTH,6.1
2026081420,654b7f71-0c22-c259-5bd2-0cf75483fdf9,0,benign_public,0,NoAlert,A_PUBLIC,5.801
2026081420,fb36404d-1071-352d-18ad-84e874d713a0,0,benign_public,0,NoAlert,A_PUBLIC,5.7
2026081420,cabdca4c-65d1-d1e3-e2c4-5a861a5bc619,0,benign_login,0,NoAlert,A_AUTH,5.8
2026081420,d4f6b20d-a2da-ca19-6266-80938e320e08,0,benign_login,0,NoAlert,A_AUTH,5.9
2026081420,c37376fa-8216-13a7-7f98-88d25e8b7291,0,benign_public,0,NoAlert,A_PUBLIC,5.9
2026081420,36acab28-a2ae-ab92-933a-88f1d4c4a437,0,benign_status,0,NoAlert,A_STATUS,6.001
2026081420,8deef026-33d1-fecb-b9ac-69829186d13d,0,benign_public,0,NoAlert,A_PUBLIC,5.9
2026081420,53ff2318-37f9-c1fa-1a3a-e408406e7834,0,benign_public,0,NoAlert,A_PUBLIC,5.801
2026081420,5e4ee25e-321f-a907-f03e-1e46eaa31899,0,benign_public,0,NoAlert,A_PUBLIC,6.0
2026081420,b404ccc8-561f-a182-a08f-13448a4123b2,0,benign_public,0,NoAlert,A_PUBLIC,6.1
2026081420,3edd3ce6-6892-a7ce-741b-6cb3bc262dc8,0,benign_public,0,NoAlert,A_PUBLIC,5.801
2026081420,aadd3367-28f0-2836-4cb7-94db3e8036f3,1,bruteforce,0,NoAlert,A_AUTH_FAIL_SINGLE,7.8
2026081420,2776f3c7-e020-1298-a349-9a84ee52957b,1,bruteforce,0,NoAlert,A_AUTH_FAIL_SINGLE,7.801
2026081420,8f69c9ee-bb47-1b90-4a74-5c18180141f5,1,bruteforce,0,NoAlert,A_AUTH_FAIL_SINGLE,7.6
2026081420,7a2cff4c-f0fc-4feb-c3c3-78ecaa660e1a,1,bruteforce,1,Violation,D_BRUTEFORCE,8.2
2026081420,bc8d8f3d-0313-2b0e-9404-9ac1a9b2fda5,1,bruteforce,1,Violation,D_BRUTEFORCE,8.301
2026081420,cd05e9cd-e92e-f762-c91a-ec320a3dd941,0,benign_public,0,NoAlert,A_PUBLIC,5.7
2026081420,27c707d0-90f5-6e28-ca08-210075346c5e,0,benign_status,0,NoAlert,A_STATUS,5.801
2026081420,e16e5225-c249-9722-6f30-62622153a62e,0,benign_login,0,NoAlert,A_AUTH,5.9
2026081420,c77a0feb-bcc8-931d-2c00-7a91b6ede3cb,0,benign_login,0,NoAlert,A_AUTH,6.1
2026081420,2a05477b-566a-533c-a1b8-64e2fe240301,0,benign_login,0,NoAlert,A_AUTH,5.701
2026081420,5e04f298-f979-1837-106f-494241bba47b,1,admin_probe,1,Violation,D_ADMIN,6.1
2026081420,e3d8c191-d7fd-89a8-7599-14e52b4bddc9,0,benign_login,0,NoAlert,A_AUTH,5.701
2026081420,6a4c88db-ff29-bf7e-8f78-ec188fc42da2,0,benign_public,0,NoAlert,A_PUBLIC,5.8
2026081420,5e90a3a1-3879-74fd-3348-c27f4bf4a2eb,1,admin_probe,1,Violation,D_ADMIN,6.001
2026081420,f150c400-bd54-6ba6-db2f-4dfe2781b243,0,benign_public,0,NoAlert,A_PUBLIC,5.8
2026081420,1385ea57-f828-97e1-c362-d77c63442546,0,benign_status,0,NoAlert,A_STATUS,6.0
2026081420,503cb572-c442-9b87-cca3-786267bfc850,1,bruteforce,0,NoAlert,A_AUTH_FAIL_SINGLE,7.701
2026081420,7ffeb8f9-5be6-aca2-590d-ea41c0a3069d,1,bruteforce,0,NoAlert,A_AUTH_FAIL_SINGLE,7.701
2026081420,e1e93c8c-6360-80a5-0789-c5624ecd27c0,1,bruteforce,0,NoAlert,A_AUTH_FAIL_SINGLE,7.6
2026081420,55e32723-f071-3d0b-83f9-5241aa74ada9,1,bruteforce,1,Violation,D_BRUTEFORCE,8.101
2026081420,5cb7ac25-958d-4fff-1492-e74f934b9c5a,1,bruteforce,1,Violation,D_BRUTEFORCE,8.2
2026081420,2e2c17e9-1dae-3762-d6f0-bef90c7545c0,0,benign_status,0,NoAlert,A_STATUS,6.001
2026081420,b93838c0-225f-7465-c217-896d440565cc,0,benign_login,0,NoAlert,A_AUTH,5.7
2026081420,73f6d15f-d46c-4159-6142-6d58d5a3b45c,0,benign_public,0,NoAlert,A_PUBLIC,5.801
2026081420,5311b21a-d276-6776-36d4-8bd0257c6cc6,1,admin_probe,1,Violation,D_ADMIN,5.9
2026081420,7db42a7d-064f-e2ac-5010-5bd38ef0d148,1,bruteforce,0,NoAlert,A_AUTH_FAIL_SINGLE,7.4
2026081420,5c87ee2a-f993-f1d0-a03b-aee5eb721f66,1,bruteforce,0,NoAlert,A_AUTH_FAIL_SINGLE,7.3
2026081420,993c17f6-e833-9d6a-9f5a-7295ce26390b,1,bruteforce,0,NoAlert,A_AUTH_FAIL_SINGLE,7.3
2026081420,5be6fe48-0a33-30ae-e2b2-238b7a6f232b,1,bruteforce,1,Violation,D_BRUTEFORCE,8.2
2026081420,58df3232-d017-8147-8d35-5bcd143c95f1,1,bruteforce,1,Violation,D_BRUTEFORCE,8.201
2026081420,beeac01c-17e2-4788-460f-08d6dfadf396,0,benign_status,0,NoAlert,A_STATUS,5.9
2026081420,b06b0b95-40ca-ec61-6d8a-0cda31213ca3,0,benign_login,0,NoAlert,A_AUTH,5.9
2026081420,9e8a906d-07e7-ea48-88ce-6c4bec05f3a0,0,benign_public,0,NoAlert,A_PUBLIC,6.0
2026081420,673e2929-c256-cf33-0956-83a622e9106c,1,path_traversal,1,Violation,D_TRAVERSAL,6.1
2026081420,95c69fbf-9b51-59be-019f-37ea941e7015,1,bruteforce,0,NoAlert,A_AUTH_FAIL_SINGLE,7.601
2026081420,14959c1f-f50a-8f11-0194-2830feb0939e,1,bruteforce,0,NoAlert,A_AUTH_FAIL_SINGLE,7.5
2026081420,93de1023-6432-08bc-0c4c-9a9c0044314e,1,bruteforce,0,NoAlert,A_AUTH_FAIL_SINGLE,7.501
2026081420,6d3c6c81-5bf0-11b2-aa50-6b75bca15eae,1,bruteforce,1,Violation,D_BRUTEFORCE,8.2
2026081420,daaf1624-8d9f-8a6c-c197-2f1c35741f41,1,bruteforce,1,Violation,D_BRUTEFORCE,7.9
2026081420,3627a670-ee52-a22c-69ed-372bb5ad54dd,0,benign_login,0,NoAlert,A_AUTH,5.9
2026081420,e87b4d0a-8c78-b5a4-4576-bbbd26a0849e,1,bruteforce,1,Violation,D_BRUTEFORCE,8.2
2026081420,d75021aa-d630-c41e-14ed-d554ac41a999,1,bruteforce,1,Violation,D_BRUTEFORCE,8.201
2026081420,36991411-b025-21cc-a6f2-58958a8d3743,1,bruteforce,1,Violation,D_BRUTEFORCE,8.0
2026081420,8a672eab-0076-2f5b-d646-a40e0de1e02c,1,bruteforce,1,Violation,D_BRUTEFORCE,8.201
2026081420,5e5b4791-172f-4f72-237c-6bea4f0539ff,1,bruteforce,1,Violation,D_BRUTEFORCE,8.3
2026081420,f4341746-244e-067c-15b4-24c28a0f6111,0,benign_login,0,NoAlert,A_AUTH,5.901
2026081420,ef731153-d977-2cce-05f1-68c06e2758e5,0,benign_login,0,NoAlert,A_AUTH,5.8
2026081420,bea91712-98d0-17d0-178a-3276f11c2d86,0,benign_public,0,NoAlert,A_PUBLIC,5.901
2026081420,e603fede-0092-7f86-672a-0a68abf2e0eb,0,benign_public,0,NoAlert,A_PUBLIC,5.8
2026081420,346459df-ad76-56ad-ab55-2720704723af,0,benign_login,0,NoAlert,A_AUTH,5.9
2026081420,59f657a8-d38b-8951-5b7e-bcc94c21c515,0,benign_status,0,NoAlert,A_STATUS,5.9
2026081420,838306f5-b705-d95b-1bb5-4cb1523c1a26,0,benign_login,0,NoAlert,A_AUTH,6.1
2026081420,dc296ae4-b79c-0a0f-198c-27b855d6663c,0,benign_status,0,NoAlert,A_STATUS,5.701
2026081420,f6d85f1f-3e7e-0594-033c-50410a026f07,0,benign_public,0,NoAlert,A_PUBLIC,5.9
2026081420,908a38be-f32f-4fbd-69b6-d680c568fcf5,0,benign_status,0,NoAlert,A_STATUS,5.901
2026081420,4d9278e8-b3de-4167-87cc-062f879b75e0,0,benign_public,0,NoAlert,A_PUBLIC,5.9
2026081420,76261e15-97ef-b287-fe50-f98bcd9ae028,0,benign_login,0,NoAlert,A_AUTH,5.8
2026081420,6350fd9d-b255-2c90-d870-541e04d99238,0,benign_public,0,NoAlert,A_PUBLIC,5.701
2026081420,a997f42b-9321-27f4-994b-04117809b39b,0,benign_public,0,NoAlert,A_PUBLIC,5.8
2026081420,9e23b02f-863e-7da8-9432-439d31887062,1,bruteforce,0,NoAlert,A_AUTH_FAIL_SINGLE,7.501
2026081420,7998ddd6-0e25-a5da-83b6-e866590f671f,1,bruteforce,0,NoAlert,A_AUTH_FAIL_SINGLE,7.6
2026081420,48c02eac-e5b7-3f7a-ec65-e7b66b7d7e4c,1,bruteforce,0,NoAlert,A_AUTH_FAIL_SINGLE,7.501
2026081420,abd04113-c8fc-62ae-4d89-e06580a409c4,1,bruteforce,1,Violation,D_BRUTEFORCE,8.2
2026081420,3640e1fb-0ac4-d70e-3261-d9c7181d0b6c,1,bruteforce,1,Violation,D_BRUTEFORCE,8.2
2026081420,e8fbbe77-47d7-2685-de39-e86c3c9190c1,1,bruteforce,1,Violation,D_BRUTEFORCE,8.101
2026081420,97f0c941-e4a6-19f5-bf4f-08f3b41a7f8c,1,bruteforce,1,Violation,D_BRUTEFORCE,8.3
2026081420,2e9af234-18a5-59b2-62ae-fce79820d927,1,bruteforce,1,Violation,D_BRUTEFORCE,8.001
2026081420,140d5db9-cda8-38c6-2cbd-d375b9fd76e5,1,bruteforce,1,Violation,D_BRUTEFORCE,8.1
2026081420,a87fce71-8a28-66b8-4ea4-a0b6841bbf61,1,bruteforce,1,Violation,D_BRUTEFORCE,8.101
2026081420,4935766e-6485-4e56-d641-6fc2b931832c,1,path_traversal,1,Violation,D_TRAVERSAL,6.1
2026081420,eedfecaf-828b-6a01-2909-65ad6b56978a,0,benign_public,0,NoAlert,A_PUBLIC,5.901
2026081420,be664c74-a607-f7c7-5a9d-9638c65d9f13,1,bruteforce,0,NoAlert,A_AUTH_FAIL_SINGLE,7.6
2026081420,3a647504-e99e-16f9-ec08-dbe0bceeeea2,1,bruteforce,0,NoAlert,A_AUTH_FAIL_SINGLE,7.301
2026081420,5940a83b-ccb4-a6f1-b4db-1156d69bf337,1,bruteforce,0,NoAlert,A_AUTH_FAIL_SINGLE,7.6
2026081420,0229053d-4413-0ab6-aaec-83a79b10785a,1,bruteforce,1,Violation,D_BRUTEFORCE,7.901
2026081420,f1f6cf6b-78d2-60b3-4c11-94bc8911db06,1,bruteforce,1,Violation,D_BRUTEFORCE,7.8
2026081420,9a7f2892-0535-de3a-8c7c-5839d63773d9,0,benign_status,0,NoAlert,A_STATUS,5.801
2026081420,b570e641-b156-b53f-5e5b-f130ffd61e21,0,benign_login,0,NoAlert,A_AUTH,5.8
2026081420,1be58f25-3c64-a37f-ac68-b1070a447f0b,0,benign_login,0,NoAlert,A_AUTH,5.701
2026081420,b203e817-6878-a2b9-986e-b048c4e5e1fa,0,benign_status,0,NoAlert,A_STATUS,5.9
2026081420,3532124c-627c-bf0c-e398-a177ebda8097,0,benign_status,0,NoAlert,A_STATUS,5.6
2026081420,c959d798-ba37-8a64-f915-3d331edace94,1,bruteforce,0,NoAlert,A_AUTH_FAIL_SINGLE,7.5
2026081420,2a319a2a-6568-16f8-00c8-fce813819f0b,1,bruteforce,0,NoAlert,A_AUTH_FAIL_SINGLE,7.201
2026081420,362ac7e5-f88b-119d-525e-57af67a9eb42,1,bruteforce,0,NoAlert,A_AUTH_FAIL_SINGLE,7.3
2026081420,f9920d86-7ae1-7c37-8f94-5c0b550704e9,1,bruteforce,1,Violation,D_BRUTEFORCE,8.201
2026081420,1bce08de-292a-7309-4581-1d597f467cb2,1,bruteforce,1,Violation,D_BRUTEFORCE,8.0
2026081420,9f0a7757-7c83-1241-29ad-e0d5ca29411b,1,admin_probe,1,Violation,D_ADMIN,6.001
2026081420,f755fba8-f2b0-0334-e83f-cc934110eaba,1,bruteforce,1,Violation,D_BRUTEFORCE,8.1
2026081420,b4291a62-797f-4756-2468-feb17773b292,1,bruteforce,1,Violation,D_BRUTEFORCE,8.301
2026081420,2dc6b454-feb9-d906-5eb1-b7ea1a5acf51,1,bruteforce,1,Violation,D_BRUTEFORCE,8.5
2026081420,dcd36b5f-0956-65d9-c6bf-eeaca892d202,1,bruteforce,1,Violation,D_BRUTEFORCE,8.101
2026081420,cf88597d-5d98-f079-9a5e-2475c5cd3215,1,bruteforce,1,Violation,D_BRUTEFORCE,8.3
2026081420,6ecbde25-5d59-51a0-aa92-a3fda6aa7882,0,benign_status,0,NoAlert,A_STATUS,6.0
2026081420,e44f83c4-ece2-1bf1-2c38-3cf0c05273ea,1,path_traversal,1,Violation,D_TRAVERSAL,6.1
2026081420,666f8de0-55f6-fec9-65e2-5f9e79cbdb86,0,benign_status,0,NoAlert,A_STATUS,5.701
2026081420,709d9f7d-c9f8-0efd-aaf4-0ac7ea90d120,0,benign_public,0,NoAlert,A_PUBLIC,5.7
2026081420,4e7acc89-40cd-be49-cee2-23d0550bdaed,0,benign_login,0,NoAlert,A_AUTH,5.901
2026081420,14ddd043-205a-4585-0c41-62d1820166b9,0,benign_status,0,NoAlert,A_STATUS,5.9
2026081420,e549211c-7d67-16a2-438a-326be002e364,0,benign_status,0,NoAlert,A_STATUS,5.9
2026081420,191d0fde-6d95-addf-df4e-2af75064f4fc,0,benign_status,0,NoAlert,A_STATUS,5.801
2026081420,75edd6ff-fd98-858c-5107-efc630a94304,0,benign_public,0,NoAlert,A_PUBLIC,5.9
2026081420,2cad2cd6-3740-587c-d526-abcee1e1dade,1,bruteforce,0,NoAlert,A_AUTH_FAIL_SINGLE,7.601
2026081420,dae37bcc-a645-c5fb-783d-2497caac7f00,1,bruteforce,0,NoAlert,A_AUTH_FAIL_SINGLE,7.5
2026081420,2705d444-ec03-e8c3-1da1-be97cbd2f8be,1,bruteforce,0,NoAlert,A_AUTH_FAIL_SINGLE,7.501
2026081420,5ea6259b-c3a0-12ca-3549-2ceb2f8a389c,1,bruteforce,1,Violation,D_BRUTEFORCE,8.1
2026081420,af4ae411-2bfe-5238-9fa1-1295d53396e3,1,bruteforce,1,Violation,D_BRUTEFORCE,8.001
2026081420,eb85fc41-9922-f3e0-7a80-754e8871cd94,0,benign_public,0,NoAlert,A_PUBLIC,5.8
2026081420,1252bdbb-f351-be8c-0923-f8e3bd5036dd,0,benign_public,0,NoAlert,A_PUBLIC,6.101
2026081420,0f2ecf8a-4e92-c014-29bb-201463203314,1,bruteforce,0,NoAlert,A_AUTH_FAIL_SINGLE,11.801
2026081420,196f1c6f-fa3e-e299-4d87-66a7d0dfaf33,1,bruteforce,0,NoAlert,A_AUTH_FAIL_SINGLE,7.2
2026081420,35018c27-782a-f063-fc3a-9ae336454dde,1,bruteforce,0,NoAlert,A_AUTH_FAIL_SINGLE,7.201
2026081420,edd2809f-f730-e0ae-e561-47b230759a64,1,bruteforce,1,Violation,D_BRUTEFORCE,8.1
2026081420,9d755af1-041f-d74c-85ce-0c289c914098,1,bruteforce,1,Violation,D_BRUTEFORCE,8.101
2026081420,0cad3399-79d5-44fa-681d-6d77d3a2ba2f,0,benign_status,0,NoAlert,A_STATUS,6.0
2026081420,c5f1ec3b-606b-855a-209e-d5816f7f53a5,0,benign_login,0,NoAlert,A_AUTH,5.801
2026081420,3d41cbcf-83e6-99cf-25dc-b486898f3d49,1,path_traversal,1,Violation,D_TRAVERSAL,6.1
2026081420,46a75dc2-757e-c43f-7b4a-20a40dcb5920,1,command_probe,1,Violation,D_COMMAND,18.201
2026081420,1b4d6d22-b6c2-3501-eb39-e5ab38ae1453,0,benign_public,0,NoAlert,A_PUBLIC,6.801
2026081420,105aede9-bf54-0127-24d7-bec93a9b86cd,1,bruteforce,0,NoAlert,A_AUTH_FAIL_SINGLE,7.6
2026081420,e8d9ede3-a740-fa63-6833-afac2f889b77,1,bruteforce,0,NoAlert,A_AUTH_FAIL_SINGLE,7.401
2026081420,3c5db3f2-de10-c57a-154a-55240037eb30,1,bruteforce,0,NoAlert,A_AUTH_FAIL_SINGLE,7.3
2026081420,cde4140b-0b67-65a9-2d35-37c11cb72dcb,1,bruteforce,1,Violation,D_BRUTEFORCE,8.2
2026081420,a9b21bdd-bdd5-5e51-31ce-94ca1372afee,1,bruteforce,1,Violation,D_BRUTEFORCE,8.001
2026081420,5b409485-823e-46ea-cd0e-ba65a3ab571e,1,path_traversal,1,Violation,D_TRAVERSAL,6.1
2026081420,a7d944f6-f644-3587-2631-d90ad1991af6,0,benign_login,0,NoAlert,A_AUTH,5.9
2026081420,cbb0bc5c-7918-8b0b-0f54-a9497b028c76,0,benign_status,0,NoAlert,A_STATUS,5.901
2026081420,53d83ac0-90cf-f657-47ae-35aecdc0e6ed,0,benign_public,0,NoAlert,A_PUBLIC,5.6
2026081420,5148bcff-ff49-f472-3331-f9e009238cce,0,benign_status,0,NoAlert,A_STATUS,5.901
2026081420,fbf7fb01-b46b-43d9-2880-4cbc29180f37,0,benign_login,0,NoAlert,A_AUTH,33.702
2026081420,f09dddc5-b995-d249-5b38-d0e614a597d1,0,benign_public,0,NoAlert,A_PUBLIC,12.701
2026081420,c9519c2c-7785-c280-a030-5a8d835e7de0,0,benign_login,0,NoAlert,A_AUTH,8.5
2026081420,eccb8b92-a094-a064-babc-e134686877c4,0,benign_status,0,NoAlert,A_STATUS,7.1
2026081420,45c991d5-69b5-d968-c8ce-d1103356b67a,0,benign_status,0,NoAlert,A_STATUS,6.8
2026081420,ed7c1965-43a1-3bc1-f684-8c5bab856134,0,benign_login,0,NoAlert,A_AUTH,6.6
2026081420,38150a3e-a278-4735-4ed2-e92c4e9c088f,1,bruteforce,0,NoAlert,A_AUTH_FAIL_SINGLE,9.201
2026081420,dc8e5fd3-f95d-afd7-4686-2fb6facf726c,1,bruteforce,0,NoAlert,A_AUTH_FAIL_SINGLE,8.4
2026081420,91a6d393-d671-58f1-dfad-867cd9c1d7ab,1,bruteforce,0,NoAlert,A_AUTH_FAIL_SINGLE,8.001
2026081420,7d01938b-0276-2d31-acd5-e9a9d421f252,1,bruteforce,1,Violation,D_BRUTEFORCE,9.3
2026081420,d73407af-a85e-df76-8ca0-444f9364e428,1,bruteforce,1,Violation,D_BRUTEFORCE,8.601
2026081420,f6fb53d9-157e-f573-0f9e-19f6af13979c,0,benign_public,0,NoAlert,A_PUBLIC,6.1
2026081420,8a13dd6b-5263-0ae5-e81d-748849253a19,0,benign_public,0,NoAlert,A_PUBLIC,5.9
2026081420,6c049e55-3584-453c-d126-34a524591856,0,benign_public,0,NoAlert,A_PUBLIC,5.8
2026081420,0cfc81ef-a321-366b-ef6e-512dd202ceb9,0,benign_public,0,NoAlert,A_PUBLIC,5.801
2026081420,0849d1ab-a5a4-23c2-2b12-83d9627a3182,0,benign_status,0,NoAlert,A_STATUS,5.6
2026081420,ab0507e2-96a8-d902-1326-bbc90ee57be9,0,benign_status,0,NoAlert,A_STATUS,6.001
2026081420,ae89304d-41e0-1a2a-c224-d439ab6d2801,1,path_traversal,1,Violation,D_TRAVERSAL,6.0
2026081420,89093e95-55de-d307-1775-8e4b89037435,0,benign_login,0,NoAlert,A_AUTH,5.9
2026081420,d9abdac0-67f4-04e5-719c-77c1688cba8b,0,benign_status,0,NoAlert,A_STATUS,5.9
2026081420,d04f9134-b20f-a043-e6c7-2af52841ed27,0,benign_public,0,NoAlert,A_PUBLIC,5.9
2026081420,2e36673c-6e68-84af-af05-b85623c3edb1,0,benign_public,0,NoAlert,A_PUBLIC,5.801
2026081420,34196824-1088-4935-8075-e7386edbbad3,0,benign_status,0,NoAlert,A_STATUS,5.8
2026081420,7903d8fc-ee01-9fad-d62e-2372d279da1b,1,bruteforce,0,NoAlert,A_AUTH_FAIL_SINGLE,7.701
2026081420,294e8d3f-bae3-3253-6c4a-880ca817a6bd,1,bruteforce,0,NoAlert,A_AUTH_FAIL_SINGLE,7.7
2026081420,a313a46c-b8d7-f77f-859b-5f04ec6a90d7,1,bruteforce,0,NoAlert,A_AUTH_FAIL_SINGLE,7.501
2026081420,83bfb192-86e3-1fbd-cb83-0db5ff816168,1,bruteforce,1,Violation,D_BRUTEFORCE,18.201
2026081420,50d120fa-45b9-4859-bfd6-d7c4c4222457,1,bruteforce,1,Violation,D_BRUTEFORCE,10.801
2026081420,8438c4e7-6af2-a14f-452b-7a133ea618e6,0,benign_status,0,NoAlert,A_STATUS,6.6
2026081420,8b2d9976-7424-3f41-af72-c8012c53dc19,0,benign_status,0,NoAlert,A_STATUS,6.2
2026081420,c2910c1c-6258-8bce-8042-bfd7ae4a7f73,0,benign_status,0,NoAlert,A_STATUS,6.1
2026081420,a5fe5083-497b-cdb1-efdb-1dcd3eb1f596,0,benign_public,0,NoAlert,A_PUBLIC,6.2
2026081420,9c52d037-f380-e47c-7270-ec6cffce85c9,0,benign_login,0,NoAlert,A_AUTH,6.001
2026081420,823edd62-1271-f7f6-b49e-d7a70abf67cc,1,bruteforce,0,NoAlert,A_AUTH_FAIL_SINGLE,7.8
2026081420,fc1b7940-c3e4-f0f4-899b-16ceca1d639e,1,bruteforce,0,NoAlert,A_AUTH_FAIL_SINGLE,7.701
2026081420,7785fd9f-8a9f-1fe4-6a1b-5aa6d8975dbf,1,bruteforce,0,NoAlert,A_AUTH_FAIL_SINGLE,7.4
2026081420,08b2ae7f-971d-12b9-7eae-9159044f701d,1,bruteforce,1,Violation,D_BRUTEFORCE,8.501
2026081420,3c94068b-973b-8846-b663-f264ef42a9ef,1,bruteforce,1,Violation,D_BRUTEFORCE,9.001
2026081420,e61d432c-5608-89f9-2298-9cbb3feeca9c,0,benign_public,0,NoAlert,A_PUBLIC,6.3
2026081420,1e98ef5f-0cc6-293f-72c1-80025b3aa597,1,bruteforce,1,Violation,D_BRUTEFORCE,8.901
2026081420,c47f59bd-e39d-8413-cce1-403139d8568c,1,bruteforce,1,Violation,D_BRUTEFORCE,8.7
2026081420,426bf05a-e74d-07b4-51dd-d5f2cdf25d5a,1,bruteforce,1,Violation,D_BRUTEFORCE,8.701
2026081420,f6d58e50-ab76-2843-3847-6f1e80734721,1,bruteforce,1,Violation,D_BRUTEFORCE,8.601
2026081420,4bbc5fb4-4da9-9d02-9769-cd01d09175fe,1,bruteforce,1,Violation,D_BRUTEFORCE,8.4
2026081420,f41ed6b0-8797-57a0-e815-7ba58a4049d5,0,benign_login,0,NoAlert,A_AUTH,6.301
2026081420,61300727-3c82-e339-d602-74d759b8280a,0,benign_status,0,NoAlert,A_STATUS,6.0
2026081420,64b4eeb8-2b81-ea78-a909-0a6de730a3a1,0,benign_status,0,NoAlert,A_STATUS,5.9
2026081420,a85b6990-f908-85e7-d60f-90357014aa7e,1,admin_probe,1,Violation,D_ADMIN,6.501
2026081420,127fbd1c-badc-05d5-5f67-ffae5da02eb6,0,benign_login,0,NoAlert,A_AUTH,6.4
2026081420,087fa28a-fca3-ff68-1628-cedbb35133c8,1,bruteforce,0,NoAlert,A_AUTH_FAIL_SINGLE,7.801
2026081420,45899b5a-a8c5-8387-5082-386d3bb7f3dd,1,bruteforce,0,NoAlert,A_AUTH_FAIL_SINGLE,7.8
2026081420,bef2e24d-9148-39a8-4719-c4bce3525472,1,bruteforce,0,NoAlert,A_AUTH_FAIL_SINGLE,7.601
2026081420,dc3c6e0b-1a54-fc4e-7c7e-ec7520bc9419,1,bruteforce,1,Violation,D_BRUTEFORCE,9.301
2026081420,1e8ac0bf-79b9-f0fa-a30f-4b62bc2e116d,1,bruteforce,1,Violation,D_BRUTEFORCE,8.4
2026081420,8ebb0333-2ca9-fe5a-c931-46c748e1a6ec,0,benign_login,0,NoAlert,A_AUTH,6.201
2026081420,366e3b8f-6acb-2705-7492-442f063e131a,0,benign_public,0,NoAlert,A_PUBLIC,6.0
2026081420,97fb706f-4a86-61db-1817-f5d9bd2a0f9d,0,benign_status,0,NoAlert,A_STATUS,5.801
2026081420,61d94e4a-6323-9251-a958-0d5ec3edc233,0,benign_status,0,NoAlert,A_STATUS,5.9
2026081420,5dfab6bb-2ae2-7983-6138-a78bc73002d3,1,admin_probe,1,Violation,D_ADMIN,6.1
2026081420,50204231-2377-5023-e137-e728e2322f5d,0,benign_status,0,NoAlert,A_STATUS,5.901
2026081420,f6118b9f-b0b4-452c-8623-d4faf03b44d2,0,benign_login,0,NoAlert,A_AUTH,6.0
2026081420,17fa435c-709f-421c-46ee-51915cfb70a8,0,benign_status,0,NoAlert,A_STATUS,5.801
2026081420,5c4b723f-ede7-2538-9fe5-57bbf0b9ebde,0,benign_login,0,NoAlert,A_AUTH,5.9
2026081420,6cec7a4e-523a-a9d0-04ba-e94788e22f85,0,benign_status,0,NoAlert,A_STATUS,5.8
2026081420,83d92358-f521-be19-bcad-6f711fa124d5,0,benign_public,0,NoAlert,A_PUBLIC,5.7
2026081420,a86c2cae-7ef8-ae71-6832-67184e8fdae4,0,benign_public,0,NoAlert,A_PUBLIC,5.8
2026081420,b29a4ec9-f067-aa46-7313-1d57d1e23d6d,0,benign_public,0,NoAlert,A_PUBLIC,5.801
2026081420,14de949b-0e34-f99c-66bf-19b1474274f5,0,benign_login,0,NoAlert,A_AUTH,5.8
2026081420,0b728a0b-8130-cd94-09ec-7b93f031acb0,1,bruteforce,0,NoAlert,A_AUTH_FAIL_SINGLE,7.601
2026081420,369d4c75-d102-7308-4bbf-f3b65816ae92,1,bruteforce,0,NoAlert,A_AUTH_FAIL_SINGLE,7.8
2026081420,9c2a6fe6-fd90-f82a-f61b-803bdaa7a461,1,bruteforce,0,NoAlert,A_AUTH_FAIL_SINGLE,7.501
2026081420,7b204cb6-1150-bf1f-136d-db00366871a6,1,bruteforce,1,Violation,D_BRUTEFORCE,8.2
2026081420,54fa4c1d-2b35-e73b-9af1-eb051b927400,1,bruteforce,1,Violation,D_BRUTEFORCE,8.301
2026081420,507b1ddd-d0b0-abaa-4839-88b6dfc4e8d2,0,benign_status,0,NoAlert,A_STATUS,6.3
2026081420,942ca63c-fddb-515a-f192-d140bb43bf18,0,benign_status,0,NoAlert,A_STATUS,6.201
2026081420,10bbf7c9-aaa0-1329-22d9-f94a91b6929f,0,benign_status,0,NoAlert,A_STATUS,5.8
2026081420,9b4c7e51-91e0-2dd6-e4fb-fd0082ecf0f6,0,benign_login,0,NoAlert,A_AUTH,5.701
2026081420,ecab14f7-f462-c3d4-e115-250985f551a6,0,benign_public,0,NoAlert,A_PUBLIC,5.7
2026081420,71e58ae8-347f-0b6a-6ac6-0bae844a685e,1,bruteforce,0,NoAlert,A_AUTH_FAIL_SINGLE,7.601
2026081420,dc2cd412-d001-4fd3-58ad-8272b829094e,1,bruteforce,0,NoAlert,A_AUTH_FAIL_SINGLE,7.7
2026081420,44f285fa-5ebe-0573-4e7c-c30d2b35714f,1,bruteforce,0,NoAlert,A_AUTH_FAIL_SINGLE,7.701
2026081420,5243bbf4-14a8-de2b-ca3f-38f3f993b478,1,bruteforce,1,Violation,D_BRUTEFORCE,8.3
2026081420,c93a43af-0ba6-220c-96aa-5973273e65d0,1,bruteforce,1,Violation,D_BRUTEFORCE,8.501
2026081421,f0c9aab3-0e3a-af1d-9d29-3873cd511ffc,0,benign_login,0,NoAlert,A_AUTH,44.903
2026081421,013f9e8f-1ee4-f8f2-9273-ce6d33cbfc34,0,benign_public,0,NoAlert,A_PUBLIC,9.601
2026081421,7ef1f7e9-6c16-29a0-490a-651733e241c7,1,bruteforce,0,NoAlert,A_AUTH_FAIL_SINGLE,30.702
2026081421,03688f6d-9aa3-4e31-2190-e4ab35fb7203,1,bruteforce,0,NoAlert,A_AUTH_FAIL_SINGLE,8.9
2026081421,1c6027cf-b6e0-c9c5-b130-cc23c0e19d01,1,bruteforce,0,NoAlert,A_AUTH_FAIL_SINGLE,8.101
2026081421,fe65621c-638f-4ab5-d46e-3a5b0cd82dfd,1,bruteforce,1,Violation,D_BRUTEFORCE,9.3
2026081421,276e2924-d455-cbfa-27fc-39b962a9b226,1,bruteforce,1,Violation,D_BRUTEFORCE,8.9
2026081421,cb870941-7ab3-4ac4-1cdf-29cf1e7cc597,0,benign_public,0,NoAlert,A_PUBLIC,6.501
2026081421,22d3f4ae-3309-6de9-e4f4-7da0acb58ba2,0,benign_login,0,NoAlert,A_AUTH,6.0
2026081421,eb6edc28-2c2f-2cc6-b568-1d55a72f749f,0,benign_status,0,NoAlert,A_STATUS,6.3
2026081421,3de0712b-08f9-51f8-4591-4b58ef81fe77,0,benign_login,0,NoAlert,A_AUTH,5.8
2026081421,b31f0398-6464-04c9-6aa7-336636a8ccaa,1,path_traversal,1,Violation,D_TRAVERSAL,5.9
2026081421,674a6c1a-55d8-d270-50d6-f7e9efb13f59,0,benign_status,0,NoAlert,A_STATUS,5.601
2026081421,c85d7979-db96-7578-c65e-e2ff45bae41b,1,bruteforce,0,NoAlert,A_AUTH_FAIL_SINGLE,7.6
2026081421,8d795ef4-fb5b-0716-d893-2b02d38b7459,1,bruteforce,0,NoAlert,A_AUTH_FAIL_SINGLE,7.401
2026081421,057d5720-d24b-a34d-7654-5c9c461a9150,1,bruteforce,0,NoAlert,A_AUTH_FAIL_SINGLE,53.703
2026081421,a26de1c1-30cb-660c-bc48-2cacb1b388d6,1,bruteforce,1,Violation,D_BRUTEFORCE,11.001
2026081421,600303f6-4a0a-6a19-9b88-1cf00260442d,1,bruteforce,1,Violation,D_BRUTEFORCE,9.801
2026081421,aefb3f36-b9d8-ab3c-0906-890c310d6532,0,benign_public,0,NoAlert,A_PUBLIC,6.4
2026081421,bb570b88-2244-afed-21e0-8b04fe570b89,0,benign_login,0,NoAlert,A_AUTH,24.302
2026081421,095819db-4554-c844-bda2-b1fc98e8dc84,0,benign_login,0,NoAlert,A_AUTH,6.0
2026081421,aea3f1ea-709c-fbf8-a566-f7a572845e0c,0,benign_status,0,NoAlert,A_STATUS,5.801
2026081421,b7eff566-738b-4986-9e1b-888b862b3f44,1,bruteforce,0,NoAlert,A_AUTH_FAIL_SINGLE,7.6
2026081421,84fa5f37-241a-a83e-2202-b593ab0c2d19,1,bruteforce,0,NoAlert,A_AUTH_FAIL_SINGLE,7.801
2026081421,cf2a3e70-a152-e84b-b594-421d5ed75c06,1,bruteforce,0,NoAlert,A_AUTH_FAIL_SINGLE,7.4
2026081421,236544f3-7955-0d13-d23d-d40b93bf4af5,1,bruteforce,1,Violation,D_BRUTEFORCE,8.201
2026081421,2ce32753-a542-8a32-7074-7dfa7db014c8,1,bruteforce,1,Violation,D_BRUTEFORCE,8.101
2026081421,ec420e92-baae-c09f-96b4-98623965d2fd,0,benign_public,0,NoAlert,A_PUBLIC,5.9
2026081421,8e9612f5-b8b6-7b97-12b0-0baee66896c7,0,benign_login,0,NoAlert,A_AUTH,5.7
2026081421,47983071-1ab0-451e-5e83-f1a0f2878ae8,0,benign_status,0,NoAlert,A_STATUS,5.801
2026081421,d7a349a9-40ea-c628-9bdc-37aaf1cd6a7f,0,benign_login,0,NoAlert,A_AUTH,5.5
2026081421,17e7b9f8-9e78-061b-7991-ed6e69cf9664,0,benign_public,0,NoAlert,A_PUBLIC,5.601
2026081421,bf621409-2d51-0c78-aa86-ddf3e6c7801a,0,benign_status,0,NoAlert,A_STATUS,5.6
2026081421,e804bb1c-ce4f-d5c8-c811-0be67e92cd94,1,command_probe,1,Violation,D_COMMAND,5.7
2026081421,fd0d7836-922b-9989-8a6b-afdfd765c6f5,0,benign_public,0,NoAlert,A_PUBLIC,5.601
2026081421,943784aa-82bd-f892-b50d-2c239a7d4684,1,bruteforce,0,NoAlert,A_AUTH_FAIL_SINGLE,7.6
2026081421,d53d97c0-5dec-d042-d8ef-5b236e2e5045,1,bruteforce,0,NoAlert,A_AUTH_FAIL_SINGLE,7.301
2026081421,57df40ce-0fb0-7c16-d087-f98b86539c32,1,bruteforce,0,NoAlert,A_AUTH_FAIL_SINGLE,7.2
2026081421,aa4afb2c-3fd6-a916-3daa-676e3fad84cf,1,bruteforce,1,Violation,D_BRUTEFORCE,8.201
2026081421,af0fdba5-ef9b-ce29-5968-abefa6c0e8dd,1,bruteforce,1,Violation,D_BRUTEFORCE,8.1
2026081421,b7c42a0a-55bc-4dd4-36b6-87a5528e6ed8,0,benign_login,0,NoAlert,A_AUTH,6.0
2026081421,28fc466c-0fa3-bd2c-0c6b-fbf6b9689fcc,0,benign_login,0,NoAlert,A_AUTH,5.8
2026081421,a4f0605a-df48-1acd-acd8-c45fd63683e7,0,benign_public,0,NoAlert,A_PUBLIC,5.601
2026081421,febd128d-0c9d-fbe9-1a18-d49b849f47b4,0,benign_login,0,NoAlert,A_AUTH,5.5
2026081421,f0bc136f-ca42-c090-6d3a-a13dd3afc0ae,0,benign_login,0,NoAlert,A_AUTH,5.601
2026081421,f0bd3510-7d61-c85a-eb22-bedcf5037d3b,0,benign_login,0,NoAlert,A_AUTH,5.6
2026081421,707d81f3-f02b-eb98-1bb8-67251af1a2b1,1,bruteforce,0,NoAlert,A_AUTH_FAIL_SINGLE,7.3
2026081421,9f3c1a6a-1951-7666-13ac-c7b6d369ae40,1,bruteforce,0,NoAlert,A_AUTH_FAIL_SINGLE,7.2
2026081421,3e061128-55f7-b91d-1439-b0319f429bce,1,bruteforce,0,NoAlert,A_AUTH_FAIL_SINGLE,7.401
2026081421,b81752fa-811c-8a76-cd96-ed6de01132c9,1,bruteforce,1,Violation,D_BRUTEFORCE,8.1
2026081421,7286f53d-6709-c43d-7e71-d0bce90716ae,1,bruteforce,1,Violation,D_BRUTEFORCE,8.001
2026081421,21fe0019-81f8-430c-3aa6-90b9695a971f,0,benign_login,0,NoAlert,A_AUTH,6.1
2026081421,8fa4ec67-9c75-f989-9c56-92c6f9638225,0,benign_status,0,NoAlert,A_STATUS,6.001
2026081421,6b5a88fd-1706-4093-ab5a-8e38ffcaad65,0,benign_status,0,NoAlert,A_STATUS,5.7
2026081421,a430bc32-914d-8f04-9fbc-a2d7ee25b5c3,0,benign_public,0,NoAlert,A_PUBLIC,5.5
2026081421,472869e1-2bc2-73c2-dc91-50b90031ce12,0,benign_status,0,NoAlert,A_STATUS,5.801
2026081421,2d14b30d-3f67-f0cf-1971-18e2f9a63fb6,0,benign_login,0,NoAlert,A_AUTH,5.7
2026081421,73f84329-3464-fc8f-39ff-066eac840151,0,benign_public,0,NoAlert,A_PUBLIC,5.701
2026081421,191b8729-eaba-362d-8ed8-d59f4340d770,0,benign_status,0,NoAlert,A_STATUS,5.6
2026081421,c363a3e7-627d-cda4-be69-c4764ac5ee6a,0,benign_public,0,NoAlert,A_PUBLIC,5.8
2026081421,3dfa1994-75b3-fe07-784b-560f2bf0f0aa,0,benign_status,0,NoAlert,A_STATUS,5.701
2026081421,a2ddebbc-cec1-99b1-3735-bf067001651f,0,benign_status,0,NoAlert,A_STATUS,5.8
2026081421,a714d94b-28c1-2179-46c5-44aefd19113b,0,benign_public,0,NoAlert,A_PUBLIC,6.401
2026081421,3acfbdaa-f1bd-327e-1c6e-ae79753deaab,0,benign_status,0,NoAlert,A_STATUS,6.0
2026081421,cdc28034-34cd-3ebb-e6f9-e593d7f52c2f,0,benign_login,0,NoAlert,A_AUTH,6.301
2026081421,8e8e2e89-686c-439d-d948-b8fd561065c0,0,benign_login,0,NoAlert,A_AUTH,6.2
2026081421,0b38a04b-31bf-8bb1-bdaf-2466f512da07,0,benign_status,0,NoAlert,A_STATUS,6.001
2026081421,f82bbf3e-a8b3-e357-1371-4dbc72172fec,1,path_traversal,1,Violation,D_TRAVERSAL,6.6
2026081421,d5e29a81-bca5-6ad8-ce4d-e54783509bc7,0,benign_status,0,NoAlert,A_STATUS,5.9
2026081421,92cb5e35-97d9-94c9-8c61-8912545c6e2c,1,path_traversal,1,Violation,D_TRAVERSAL,6.4
2026081421,0edaff99-d1bc-12cc-c3d4-8fad82efe094,0,benign_status,0,NoAlert,A_STATUS,6.7
2026081421,4145ea91-21fb-f201-9730-77d1dbe583f4,0,benign_status,0,NoAlert,A_STATUS,6.101
2026081421,fbc32c22-730a-630b-b19b-a8a01d64d625,1,bruteforce,0,NoAlert,A_AUTH_FAIL_SINGLE,14.901
2026081421,d01858ad-f9af-bed4-7f4c-087aceb75787,1,bruteforce,0,NoAlert,A_AUTH_FAIL_SINGLE,7.8
2026081421,e806a8c4-bcfa-4476-cb69-5d88bd17703c,1,bruteforce,0,NoAlert,A_AUTH_FAIL_SINGLE,7.9
2026081421,4603411b-505f-921e-06d8-fa86fb8175b0,1,bruteforce,1,Violation,D_BRUTEFORCE,9.701
2026081421,6a13d334-ad5c-a1bb-7edf-febf2bcff712,1,bruteforce,1,Violation,D_BRUTEFORCE,8.6
2026081421,2e33991e-02dd-1963-96a6-4122315dbae3,0,benign_login,0,NoAlert,A_AUTH,6.901
2026081421,c3b603a3-e3d5-a216-d12d-7a6220c6174c,1,command_probe,1,Violation,D_COMMAND,6.4
2026081421,af4dae08-f8f9-0001-46bd-4b9bf36f2cf6,0,benign_public,0,NoAlert,A_PUBLIC,6.701
2026081421,eb4b0f8a-d38c-6256-8239-4ad5806dfd76,0,benign_login,0,NoAlert,A_AUTH,6.2
2026081421,249bcb0d-df5b-8cbc-35c4-a27f3c50cf0a,0,benign_public,0,NoAlert,A_PUBLIC,6.401
2026081421,c0f91d77-0ba8-bf52-14ff-5b0807d81989,0,benign_public,0,NoAlert,A_PUBLIC,6.5
2026081421,236e5f78-1862-9aef-df1e-fc4c5cb0ece5,0,benign_login,0,NoAlert,A_AUTH,6.001
2026081421,581feb12-2d66-39a8-1b44-5d2caaf67b2b,0,benign_login,0,NoAlert,A_AUTH,6.6
2026081421,48ee4d10-62a4-784b-9f7a-089d42aee19a,0,benign_status,0,NoAlert,A_STATUS,6.501
2026081421,eded1aff-1a9b-55c9-98ed-346f0ac058b7,0,benign_public,0,NoAlert,A_PUBLIC,5.8
2026081421,b8667f23-9ba7-a657-3678-10d410dce3be,0,benign_status,0,NoAlert,A_STATUS,6.801
2026081421,bfd945f9-0314-32d1-17ff-8200db3df026,0,benign_status,0,NoAlert,A_STATUS,6.5
2026081421,f2ab2d92-d252-5c27-6387-e29e7fc88998,0,benign_public,0,NoAlert,A_PUBLIC,6.501
2026081421,90438d74-41c8-7712-02c8-dca21b276491,0,benign_public,0,NoAlert,A_PUBLIC,6.4
2026081421,5186fad5-7043-9683-96b7-2231279cfbd7,0,benign_status,0,NoAlert,A_STATUS,7.001
2026081421,40c6b5d1-3b31-15ea-43a5-a540f2faada8,0,benign_status,0,NoAlert,A_STATUS,6.9
2026081421,bff999bd-ebfb-5aec-dcbe-32db1d8ea651,0,benign_status,0,NoAlert,A_STATUS,6.701
2026081421,02f2c31a-00fc-2924-e1d9-4295ec1d71ec,0,benign_status,0,NoAlert,A_STATUS,6.4
2026081421,bea09d9a-5e6f-d3bf-2d69-b1b96ee68538,0,benign_status,0,NoAlert,A_STATUS,6.301
2026081421,cebcc491-522f-daa4-f276-00fb25a53362,0,benign_status,0,NoAlert,A_STATUS,6.5
2026081421,6b35ff05-fc7f-2af9-b051-27f782c3c3ac,0,benign_public,0,NoAlert,A_PUBLIC,8.601
2026081421,c9e4fb2c-5a37-045f-3ba3-933cc8c323ad,0,benign_login,0,NoAlert,A_AUTH,6.8
2026081421,09b83072-2d47-da55-8fb1-1a4cee04232e,0,benign_login,0,NoAlert,A_AUTH,6.301
2026081421,3f6fe7b9-72b3-74f2-03da-c5c697eab9ce,0,benign_login,0,NoAlert,A_AUTH,6.3
2026081421,3c442d06-4e9e-9797-41c5-f2c832d60292,0,benign_public,0,NoAlert,A_PUBLIC,6.701
2026081421,b8eae3fd-9d22-b438-e2d1-40563cc25f4c,0,benign_status,0,NoAlert,A_STATUS,6.2
2026081421,3e8f6372-e9e9-12df-4f95-0961247dfdbc,0,benign_login,0,NoAlert,A_AUTH,6.901
2026081421,758ec232-1648-69b5-21c3-51964baa2970,0,benign_public,0,NoAlert,A_PUBLIC,6.4
2026081421,b1d6a226-3069-4cb5-adce-6ec727090b6c,0,benign_login,0,NoAlert,A_AUTH,6.401
2026081421,c0cb4b56-7141-011a-4c51-853e95854d8b,1,admin_probe,1,Violation,D_ADMIN,8.1
2026081421,19d9891b-a757-fba8-5670-a470da099fed,0,benign_public,0,NoAlert,A_PUBLIC,7.401
2026081421,630739de-ae98-4133-2e6a-1410882e51ac,1,bruteforce,0,NoAlert,A_AUTH_FAIL_SINGLE,11.1
2026081421,590eb697-a6c7-66a5-944d-78ba2073beeb,1,bruteforce,0,NoAlert,A_AUTH_FAIL_SINGLE,10.2
2026081421,fc0518f7-6b50-c85d-068a-f5811143878a,1,bruteforce,0,NoAlert,A_AUTH_FAIL_SINGLE,8.501
2026081421,cbe0413c-34c2-6227-cdb1-0cec81e147dc,1,bruteforce,1,Violation,D_BRUTEFORCE,48.303
2026081421,c9074e46-58d8-de0b-d014-033209494a4b,1,bruteforce,1,Violation,D_BRUTEFORCE,12.501
2026081421,f80d64e8-02ba-9a5d-c498-71da0dd53408,0,benign_login,0,NoAlert,A_AUTH,7.001
2026081421,978298fb-2c12-560e-428a-8ec86e217e57,0,benign_login,0,NoAlert,A_AUTH,6.8
2026081421,ec49f74f-b1f6-eebc-d000-47d4defa2349,0,benign_status,0,NoAlert,A_STATUS,6.701
2026081421,3c5c26c4-5051-8930-d9f9-de5276f94022,0,benign_login,0,NoAlert,A_AUTH,6.9
2026081421,bc81970f-d930-f1ba-6877-5ab4e0300bb9,0,benign_status,0,NoAlert,A_STATUS,6.101
2026081421,87255453-d14b-849a-30c9-a83669bb41b1,0,benign_login,0,NoAlert,A_AUTH,6.5
2026081421,b0526002-7300-3b1f-cd1e-784d4513d2cc,0,benign_status,0,NoAlert,A_STATUS,6.601
2026081421,e2738f55-1345-8891-cf9d-66599d8b99ee,0,benign_login,0,NoAlert,A_AUTH,6.2
2026081421,3a112a79-06af-1413-8b76-3d6dc1d552d2,0,benign_public,0,NoAlert,A_PUBLIC,6.601
2026081421,1cc3f2ac-d0ea-7069-d1cb-1bfbbf172f43,0,benign_login,0,NoAlert,A_AUTH,6.5
2026081421,b64f1973-356b-fd26-f1e4-1667b4dcd32a,0,benign_public,0,NoAlert,A_PUBLIC,7.601
2026081421,b2cc462b-19c9-31d3-5d22-40c94e8f3880,0,benign_public,0,NoAlert,A_PUBLIC,7.3
2026081421,14cfe379-b1e8-91cf-c1c7-1954ffec1ddd,1,command_probe,1,Violation,D_COMMAND,7.001
2026081421,4f290084-6ed0-2a8a-7baf-40484a09e721,0,benign_login,0,NoAlert,A_AUTH,6.6
2026081421,dfe125be-9fbf-c286-a68e-95895ceb6cb4,0,benign_login,0,NoAlert,A_AUTH,6.201
2026081421,db929366-a584-a9c8-43ab-d05d127f8fa7,1,bruteforce,0,NoAlert,A_AUTH_FAIL_SINGLE,9.9
2026081421,f22caf11-8c9b-0d98-43b8-13424ba0f12f,1,bruteforce,0,NoAlert,A_AUTH_FAIL_SINGLE,10.201
2026081421,56eb297e-4e92-da9e-bde4-1d7a2ded2be5,1,bruteforce,0,NoAlert,A_AUTH_FAIL_SINGLE,8.601
2026081421,891719eb-39f8-8efa-3531-f8c22573fae7,1,bruteforce,1,Violation,D_BRUTEFORCE,10.2
2026081421,75d7f2e6-af2c-7937-9a20-350e0836cc5b,1,bruteforce,1,Violation,D_BRUTEFORCE,16.802
2026081421,c088855a-ad3d-e180-60a4-9e382195eb5e,0,benign_public,0,NoAlert,A_PUBLIC,7.9
2026081421,f20fb6d2-5bdc-24e5-1e8f-d5e1718a233a,0,benign_login,0,NoAlert,A_AUTH,7.301
2026081421,bf038bc2-df52-7355-e293-a6bc9fe69755,0,benign_public,0,NoAlert,A_PUBLIC,7.0
2026081421,17f4f414-46c2-d9f9-c1e1-8ea5f1e13f84,0,benign_status,0,NoAlert,A_STATUS,6.201
2026081421,56c8c314-72c1-f2be-ec48-42487c3b38c4,0,benign_login,0,NoAlert,A_AUTH,6.2
2026081421,0c26159c-e993-2f83-730c-978d6570eb93,1,admin_probe,1,Violation,D_ADMIN,8.501
2026081421,2e2e6157-5ab1-ff63-bcb7-19adb48e19af,0,benign_login,0,NoAlert,A_AUTH,6.5
2026081421,d284622c-66f6-c327-e1c3-9b311e2ef57b,1,command_probe,1,Violation,D_COMMAND,6.401
2026081421,74d2f082-14e9-7f67-b4e0-4e2ae7c80f8f,0,benign_login,0,NoAlert,A_AUTH,6.3
2026081421,f76df558-74d7-dfa9-b4a4-122e161ce67c,0,benign_public,0,NoAlert,A_PUBLIC,6.001
2026081421,22562652-a266-4da1-2355-713f65ac99b7,1,bruteforce,0,NoAlert,A_AUTH_FAIL_SINGLE,7.9
2026081421,48ad6c51-1329-10ca-a1d0-af8bc1cc932e,1,bruteforce,0,NoAlert,A_AUTH_FAIL_SINGLE,7.501
2026081421,99f1c2b7-77bd-8685-90ee-9afede26946d,1,bruteforce,0,NoAlert,A_AUTH_FAIL_SINGLE,7.6
2026081421,3243d5f0-4507-216c-7045-ec119dfb7914,1,bruteforce,1,Violation,D_BRUTEFORCE,8.401
2026081421,ee3fbceb-a93e-58c7-c7b9-c0a2bf33b520,1,bruteforce,1,Violation,D_BRUTEFORCE,8.9
2026081421,1811e8ee-99be-9097-0a56-215018155cdf,0,benign_public,0,NoAlert,A_PUBLIC,6.5
2026081421,6139e52c-8ef1-0cb9-dd90-e10260b6b3de,0,benign_status,0,NoAlert,A_STATUS,6.701
2026081421,0614711a-cbf6-44f9-008e-b2b73eab4e2c,0,benign_public,0,NoAlert,A_PUBLIC,6.1
2026081421,8943dd00-a93e-30c7-c22e-2071a610a83e,0,benign_public,0,NoAlert,A_PUBLIC,8.001
2026081421,32088be4-f859-330e-fccb-3add4670d13a,0,benign_login,0,NoAlert,A_AUTH,6.2
2026081421,818e1895-091f-7ce4-8906-4e1a2e7e00af,0,benign_status,0,NoAlert,A_STATUS,6.0
2026081421,7601e231-d797-91a0-8f3c-5c533cfe099e,0,benign_login,0,NoAlert,A_AUTH,6.2
2026081421,d6ca7f9d-6c91-a527-230e-7b659e77d5f3,0,benign_status,0,NoAlert,A_STATUS,5.7
2026081421,af25ed64-92db-492b-629d-9c888b12ed28,0,benign_status,0,NoAlert,A_STATUS,6.201
2026081421,06a4e401-7d9b-b6c9-bc11-b6fc9089f28d,1,bruteforce,0,NoAlert,A_AUTH_FAIL_SINGLE,31.302
2026081421,5d725a0f-2af5-cdce-21a6-38c8017b45bb,1,bruteforce,0,NoAlert,A_AUTH_FAIL_SINGLE,8.2
2026081421,9eadf01a-ea05-030b-929a-d50a528d4503,1,bruteforce,0,NoAlert,A_AUTH_FAIL_SINGLE,7.901
2026081421,377c37eb-99d4-a821-290f-8abd9fb90824,1,bruteforce,1,Violation,D_BRUTEFORCE,9.701
2026081421,000fae35-9c8a-d43c-aa5b-b0154ca732d1,1,bruteforce,1,Violation,D_BRUTEFORCE,9.0
2026081421,32a03c27-76fa-f8f9-9c20-88c4d22aaa12,0,benign_public,0,NoAlert,A_PUBLIC,6.501
2026081421,9e7d23b5-d4d8-f050-9ccd-3835cd6b91f7,0,benign_status,0,NoAlert,A_STATUS,6.5
2026081421,6d17191c-b617-e251-edd4-dde7c6f3c4fb,0,benign_status,0,NoAlert,A_STATUS,6.701
2026081421,1c0ef8a5-879a-2b4c-2405-914c743a4ffd,0,benign_status,0,NoAlert,A_STATUS,6.3
2026081421,d6894bd2-0e6d-90ac-cc6a-5eb950aa2e6f,1,command_probe,1,Violation,D_COMMAND,6.701
2026081421,838ead74-2142-2a68-bf3a-df3901c2af47,0,benign_public,0,NoAlert,A_PUBLIC,6.5
2026081421,e8f62d16-f041-a945-d5de-e1913e022b69,0,benign_public,0,NoAlert,A_PUBLIC,6.601
2026081421,a2a28202-49d6-cfdd-c740-87ea5657d564,0,benign_public,0,NoAlert,A_PUBLIC,6.0
2026081421,2127e50c-22b4-e436-e30d-4db981f156b4,0,benign_public,0,NoAlert,A_PUBLIC,7.101
2026081421,9a17d04f-8364-95aa-dcd6-4c28fda63c4f,0,benign_login,0,NoAlert,A_AUTH,8.6
2026081421,16046f04-40d2-2649-0173-f5d5caaabceb,0,benign_status,0,NoAlert,A_STATUS,7.301
2026081421,ff9ec221-c930-7aea-363f-a1361fb3e3af,0,benign_public,0,NoAlert,A_PUBLIC,6.5
2026081421,867be512-ca94-ebaf-7554-96dad3680108,0,benign_public,0,NoAlert,A_PUBLIC,6.8
2026081421,3af22aee-c6be-def3-d5c7-083450fd4180,0,benign_public,0,NoAlert,A_PUBLIC,6.5
2026081421,cf1af38c-2135-48a2-b0a8-55228a84bcc6,1,bruteforce,0,NoAlert,A_AUTH_FAIL_SINGLE,10.2
2026081421,0e5df989-6ba5-1784-7611-7b2365cdc8e2,1,bruteforce,0,NoAlert,A_AUTH_FAIL_SINGLE,8.401
2026081421,11698d85-e157-5b66-89e1-1e20fcb260c8,1,bruteforce,0,NoAlert,A_AUTH_FAIL_SINGLE,8.2
2026081421,38cd837b-be9a-f570-4db5-d161aa60627d,1,bruteforce,1,Violation,D_BRUTEFORCE,9.901
2026081421,0cb1cc93-4902-f66b-7616-2b71acb2a229,1,bruteforce,1,Violation,D_BRUTEFORCE,9.101
2026081421,1dd7ae01-97cb-c640-567f-cf8bb6348ecd,0,benign_login,0,NoAlert,A_AUTH,6.8
2026081421,dcd52cd9-9fce-7408-88ba-856e93d1e6ee,0,benign_login,0,NoAlert,A_AUTH,6.401
2026081421,f5bc01a8-a83e-fbfb-8345-f6b7649d3947,1,command_probe,1,Violation,D_COMMAND,6.0
2026081421,fb6b0acd-7b80-7b0b-0f66-e6cde2444739,0,benign_login,0,NoAlert,A_AUTH,6.001
2026081421,2e1ad363-db12-ca82-d315-27718e844afa,0,benign_public,0,NoAlert,A_PUBLIC,5.9
2026081421,20816e37-339a-6c0c-7122-a4933c81fb33,0,benign_status,0,NoAlert,A_STATUS,6.2
2026081421,28bb9152-be78-5249-deb5-c78eb09afb70,0,benign_public,0,NoAlert,A_PUBLIC,5.8
2026081421,4393ef8f-37da-9a9f-032c-82630dac1769,0,benign_public,0,NoAlert,A_PUBLIC,6.2
2026081421,14f215b9-4d97-76fa-675d-d372362ac893,0,benign_status,0,NoAlert,A_STATUS,6.101
2026081421,1c0e5466-d508-6664-cf29-e7850823c4a8,0,benign_public,0,NoAlert,A_PUBLIC,6.0
2026081421,fa836c49-044f-e38e-59de-1fa795d6fb89,0,benign_public,0,NoAlert,A_PUBLIC,6.001
2026081421,d2a6895f-db83-d0fe-038d-785053e804bb,0,benign_public,0,NoAlert,A_PUBLIC,6.0
2026081421,1a76adec-1636-2886-7ba5-17725371acbd,1,bruteforce,0,NoAlert,A_AUTH_FAIL_SINGLE,8.001
2026081421,c23728fa-705c-ef5a-9cf0-f28881e39ba1,1,bruteforce,0,NoAlert,A_AUTH_FAIL_SINGLE,7.8
2026081421,574fead2-47ea-4c1b-5dd9-ac64d0947a31,1,bruteforce,0,NoAlert,A_AUTH_FAIL_SINGLE,8.101
2026081421,d7751db7-e30e-6bee-9c47-2883948aae6c,1,bruteforce,1,Violation,D_BRUTEFORCE,9.2
2026081421,df4ad5d0-3b3f-8e1b-89b9-4f3a2e6cf0d0,1,bruteforce,1,Violation,D_BRUTEFORCE,8.7
2026081421,8193de39-b425-ddf3-cffc-48680493ab10,0,benign_login,0,NoAlert,A_AUTH,6.301
2026081421,659d3b49-c107-441b-ccfd-ff57e84b04fc,0,benign_login,0,NoAlert,A_AUTH,6.1
2026081421,991f2a24-e70c-d957-67ee-f00db7a61161,0,benign_status,0,NoAlert,A_STATUS,6.2
2026081421,3baa2041-607c-282c-34e8-1ab8e27fc44f,0,benign_status,0,NoAlert,A_STATUS,6.4
2026081421,7b520219-7db2-96a1-8bb7-d020a43e336e,0,benign_status,0,NoAlert,A_STATUS,6.4
2026081421,0183fdb6-cf8a-d9a6-1952-5e1315cd5adb,1,admin_probe,1,Violation,D_ADMIN,6.301
2026081421,2e82b539-7087-272e-e19e-3da82c6dcc9d,0,benign_status,0,NoAlert,A_STATUS,6.2
2026081421,b6f52922-9f87-b94e-8ff0-d471dda6dfc6,0,benign_status,0,NoAlert,A_STATUS,6.201
2026081421,7bc88f9e-03f1-edd0-af1a-c29ff2471cbc,1,command_probe,1,Violation,D_COMMAND,6.1
2026081421,4219a43c-2c36-55bd-1f1f-8d46889cd1e6,0,benign_status,0,NoAlert,A_STATUS,7.001
2026081421,c687a642-b4e2-f916-0971-3732edd31b13,0,benign_public,0,NoAlert,A_PUBLIC,6.3
2026081421,572eb767-f300-c934-2a0e-8cc2e738a064,0,benign_status,0,NoAlert,A_STATUS,6.001
2026081421,3b57e174-e958-85de-a5d3-eb908161d2bb,0,benign_status,0,NoAlert,A_STATUS,5.9
2026081421,161f4e6a-c9ef-2256-8bfc-b18bcf8a87cb,0,benign_public,0,NoAlert,A_PUBLIC,6.101
2026081421,0f783936-4b56-7b89-708b-b8aaae41923a,1,bruteforce,0,NoAlert,A_AUTH_FAIL_SINGLE,8.9
2026081421,b38ec2a8-580d-00fd-9a99-eabe1472cc6d,1,bruteforce,0,NoAlert,A_AUTH_FAIL_SINGLE,8.301
2026081421,32bd39d8-f3a4-1643-4354-5e2913023fd6,1,bruteforce,0,NoAlert,A_AUTH_FAIL_SINGLE,8.8
2026081421,1efa50ac-3a3e-4078-b8ed-5024ac1ec8a4,1,bruteforce,1,Violation,D_BRUTEFORCE,44.303
2026081421,dedcca11-d6af-1694-6389-06929f9e2547,1,bruteforce,1,Violation,D_BRUTEFORCE,12.401
2026081421,9e4d3e73-4b13-c9e6-707a-13dd859e5292,1,bruteforce,1,Violation,D_BRUTEFORCE,27.602
2026081421,46f8879c-a3b5-c0fb-3256-505986d7e082,1,bruteforce,1,Violation,D_BRUTEFORCE,8.601
2026081421,2aa0efc3-dc5e-c8c1-6e60-2a6933cc481c,1,bruteforce,1,Violation,D_BRUTEFORCE,8.4
2026081421,5e7af872-ca94-b4f3-e3f4-ce1b3e561675,1,bruteforce,1,Violation,D_BRUTEFORCE,8.301
2026081421,daa56c0f-c85f-8517-6913-2cf889d69793,1,bruteforce,1,Violation,D_BRUTEFORCE,8.2
2026081421,b6173b80-a20c-493a-92f5-2e5e3378e0b0,0,benign_login,0,NoAlert,A_AUTH,6.401
2026081421,cea9c4bd-9e4d-3fdc-2e89-4f8cf7426835,0,benign_public,0,NoAlert,A_PUBLIC,29.802
2026081421,9ee34127-0dcb-b135-1bef-2d70e6bca178,0,benign_status,0,NoAlert,A_STATUS,5.9
2026081421,72a0e665-a567-f256-f127-b8493190731a,0,benign_public,0,NoAlert,A_PUBLIC,6.001
2026081421,1e46ebe5-be2d-0fa5-000d-1ee26cd21d02,0,benign_login,0,NoAlert,A_AUTH,5.8
2026081421,bd1a7d61-6ebd-0837-e1c0-a3968e6a7bf6,1,bruteforce,0,NoAlert,A_AUTH_FAIL_SINGLE,8.101
2026081421,87b63248-3cdb-5770-587a-2b4e18af5414,1,bruteforce,0,NoAlert,A_AUTH_FAIL_SINGLE,8.0
2026081421,45299942-c235-ad0c-5525-99b86d55c365,1,bruteforce,0,NoAlert,A_AUTH_FAIL_SINGLE,26.002
2026081421,68adc85a-1a9d-9735-6fc9-41bc45fa077f,1,bruteforce,1,Violation,D_BRUTEFORCE,8.601
2026081421,e26435ef-ef31-c349-2fd4-dc6979cb77bb,1,bruteforce,1,Violation,D_BRUTEFORCE,8.2
2026081421,5f03763c-088b-34fe-d872-02ee05bcd01e,1,path_traversal,1,Violation,D_TRAVERSAL,6.301
2026081421,333ed963-05ed-5e14-965a-c5e56694e8ed,0,benign_status,0,NoAlert,A_STATUS,6.0
2026081421,3a35053c-ebb7-d99e-6da6-ceba28d70fb2,0,benign_status,0,NoAlert,A_STATUS,5.601
2026081421,b49804a0-1fb6-6d68-020b-e11536f9613d,0,benign_status,0,NoAlert,A_STATUS,5.6
2026081421,7efb91cf-8005-a88b-6c98-61b576d42afa,1,command_probe,1,Violation,D_COMMAND,6.5
2026081421,eec35200-9c09-1700-3042-46576aad57af,0,benign_login,0,NoAlert,A_AUTH,5.901
2026081421,3b72d9e8-236e-c4da-9abe-6776c6962d61,0,benign_public,0,NoAlert,A_PUBLIC,5.9
2026081421,b234d600-bc3d-5ba3-b360-a5658482ca31,0,benign_public,0,NoAlert,A_PUBLIC,5.701
2026081421,53b67d44-f896-8f1f-db4b-1cf783aa62ff,1,admin_probe,1,Violation,D_ADMIN,5.8
2026081421,9ad0e36e-9b7b-2d85-b05c-aef56af3627e,0,benign_login,0,NoAlert,A_AUTH,5.701
2026081421,ef0c91b3-2928-d192-1319-48348d6e4a4b,0,benign_login,0,NoAlert,A_AUTH,5.9
2026081421,de924b32-a51a-c5cb-e975-54e885398795,0,benign_status,0,NoAlert,A_STATUS,5.6
2026081421,20a5d776-138e-6123-524c-41f78b1a339c,0,benign_login,0,NoAlert,A_AUTH,5.701
2026081421,4625c9f6-bcae-e06b-4b7c-d8dfb52265d4,0,benign_login,0,NoAlert,A_AUTH,5.7
2026081421,a3bb3d2e-a208-e60d-e1ee-ddb04ed9ceb9,0,benign_public,0,NoAlert,A_PUBLIC,5.901
2026081421,dac016f0-01c8-1efc-814f-29b24d7a7c9a,0,benign_status,0,NoAlert,A_STATUS,6.0
2026081421,d1c7532f-ae92-0c8f-3485-d79b6e5a7dae,0,benign_public,0,NoAlert,A_PUBLIC,6.401
2026081421,f8dcd7c7-c8fd-5d14-0cc2-969c3e29980f,0,benign_public,0,NoAlert,A_PUBLIC,6.4
2026081421,689b7553-9f52-b963-9b28-340d1f55dd7a,0,benign_public,0,NoAlert,A_PUBLIC,6.0
2026081421,8c6fc2ac-7afa-0719-b16f-d42450cd51e1,0,benign_public,0,NoAlert,A_PUBLIC,5.7
2026081421,3a179c11-1cf9-335c-d686-2677717fc606,0,benign_login,0,NoAlert,A_AUTH,5.8
2026081421,724d2fa9-37ed-bffe-33d6-9db62a640fbb,1,admin_probe,1,Violation,D_ADMIN,5.801
2026081421,7dc32f98-8885-c1c3-aa99-fb59b80b2c4e,0,benign_login,0,NoAlert,A_AUTH,6.2
2026081421,6ada0731-08ae-e6ef-14e8-656ccb9663a4,0,benign_login,0,NoAlert,A_AUTH,30.302
2026081421,b6d00391-53a6-708d-aa33-227bd7d650aa,0,benign_login,0,NoAlert,A_AUTH,6.201
2026081421,05c4179f-76e6-c57e-1605-9e2c0a35e98b,1,bruteforce,0,NoAlert,A_AUTH_FAIL_SINGLE,8.0
2026081421,afe2dfac-cae8-df17-f15d-36f31980e1c3,1,bruteforce,0,NoAlert,A_AUTH_FAIL_SINGLE,8.001
2026081421,f0f21b14-a7b8-5d72-4c1a-a43890a21dcd,1,bruteforce,0,NoAlert,A_AUTH_FAIL_SINGLE,7.6
2026081421,8ce4388a-5596-f01d-798b-4cdcdd23e429,1,bruteforce,1,Violation,D_BRUTEFORCE,26.302
2026081421,3bec72c2-383a-e20b-dad6-9983bec3029b,1,bruteforce,1,Violation,D_BRUTEFORCE,8.401
2026081421,25bb62d8-ae16-2980-f547-779aea35fc00,0,benign_status,0,NoAlert,A_STATUS,6.1
2026081421,a370fe25-f5b4-51de-d280-91467dc5f031,0,benign_public,0,NoAlert,A_PUBLIC,5.8
2026081421,dc6dd56f-b86d-4b8c-8f2b-f00237a2b9ee,1,admin_probe,1,Violation,D_ADMIN,6.4
2026081421,74c71394-c43c-ea59-e52c-203fc50ccaf0,0,benign_public,0,NoAlert,A_PUBLIC,6.3
2026081421,a268693b-5596-eab2-f74a-2f3cef18a9af,1,bruteforce,0,NoAlert,A_AUTH_FAIL_SINGLE,7.501
2026081421,d9184316-bcd8-63f2-325c-1a41542d6a60,1,bruteforce,0,NoAlert,A_AUTH_FAIL_SINGLE,7.2
2026081421,b737c54a-aecd-f988-0a5e-102ea53c3444,1,bruteforce,0,NoAlert,A_AUTH_FAIL_SINGLE,7.401
2026081421,09ac45a8-72d0-b01b-5e10-80638dd3057c,1,bruteforce,1,Violation,D_BRUTEFORCE,8.701
2026081421,0388a8fa-6d44-d499-a4b9-76722821b3fa,1,bruteforce,1,Violation,D_BRUTEFORCE,8.6
2026081421,b9bbfee9-62af-b8ac-bc21-9c36a580f901,0,benign_public,0,NoAlert,A_PUBLIC,6.301
2026081421,beb32c89-205a-90fe-bd65-06e63dc1995a,1,admin_probe,1,Violation,D_ADMIN,5.8
2026081421,4610826d-cdc8-594f-6d09-e21775fa6301,1,command_probe,1,Violation,D_COMMAND,6.1
2026081421,f59561d1-9ee7-b381-56e0-3f80272c1f91,1,bruteforce,0,NoAlert,A_AUTH_FAIL_SINGLE,8.6
2026081421,84e10a13-61ed-b707-cca9-d3e9669cb30c,1,bruteforce,0,NoAlert,A_AUTH_FAIL_SINGLE,7.601
2026081421,080502a2-958e-9302-4358-cfbc6938186f,1,bruteforce,0,NoAlert,A_AUTH_FAIL_SINGLE,7.3
2026081421,e9e2c59e-7537-7495-dadd-548315d61de0,1,bruteforce,1,Violation,D_BRUTEFORCE,31.702
2026081421,a82b99c1-a8f7-f479-c8b2-44e3027aea7a,1,bruteforce,1,Violation,D_BRUTEFORCE,8.301
2026081421,86cb05b2-2f0f-8e68-00f1-26dfbdaa051e,0,benign_public,0,NoAlert,A_PUBLIC,6.1
2026081421,da3337d8-91c1-07f8-9285-fb7179612cc6,0,benign_status,0,NoAlert,A_STATUS,5.801
2026081421,e0932511-e60f-4b5b-55a4-dfe0d9eefa64,0,benign_login,0,NoAlert,A_AUTH,6.2
2026081421,42e9ecf3-7b5a-78ea-f401-71c67a86fd41,0,benign_login,0,NoAlert,A_AUTH,24.202
2026081421,1542d712-312c-1770-fa71-732ef5389b00,0,benign_status,0,NoAlert,A_STATUS,5.8
2026081421,44a36239-a1c0-55a0-f13b-4558a2d0891b,0,benign_status,0,NoAlert,A_STATUS,5.701
2026081421,fb53f306-3e96-affd-ca15-5ba4ee506e22,0,benign_status,0,NoAlert,A_STATUS,5.7
2026081421,9ea8928e-b7d6-b1a5-7f93-dab484a16dea,0,benign_login,0,NoAlert,A_AUTH,5.8
2026081421,cc90313e-61d5-1126-a42b-4fea3a384481,0,benign_public,0,NoAlert,A_PUBLIC,5.701
2026081421,dc2c7148-d902-2522-889b-8772d8700e1b,0,benign_login,0,NoAlert,A_AUTH,5.6
2026081421,990a309d-4f05-873c-209c-9bc72a0a02f5,0,benign_login,0,NoAlert,A_AUTH,5.501
2026081421,c92b91e6-1974-d9eb-223d-31fa33daeab1,0,benign_public,0,NoAlert,A_PUBLIC,5.9
2026081421,870d6956-d13c-1190-6635-07b28a00f957,0,benign_public,0,NoAlert,A_PUBLIC,5.7
2026081421,290d6237-a5e3-91b8-5216-e0f5505083f1,0,benign_login,0,NoAlert,A_AUTH,5.701
2026081421,ca1354d2-7ccc-c80b-0cb4-cc6e3d297f20,0,benign_login,0,NoAlert,A_AUTH,6.1
2026081421,c6028069-bfc5-e13c-543d-8dad6733f3ad,0,benign_status,0,NoAlert,A_STATUS,6.001
2026081421,dba42b66-1479-fb17-d46a-068a6e8dbdf1,0,benign_login,0,NoAlert,A_AUTH,5.8
2026081421,4ead6100-a47e-c898-a508-60cf865fe8e9,0,benign_status,0,NoAlert,A_STATUS,5.701
2026081421,c2f36495-05d3-30a5-98f9-6df51375fdc7,0,benign_public,0,NoAlert,A_PUBLIC,5.7
2026081421,bce8f830-42ab-59a1-1e45-adfa22c439b4,1,bruteforce,0,NoAlert,A_AUTH_FAIL_SINGLE,7.2
2026081421,0c9ce867-db61-6920-19f2-adcd09f3516f,1,bruteforce,0,NoAlert,A_AUTH_FAIL_SINGLE,7.2
2026081422,85c2029f-998e-5911-9fc3-903474725f9a,1,command_probe,1,Violation,D_COMMAND,21.701
2026081422,069b45e0-e3e7-54e9-2b68-22e62126b476,0,benign_login,0,NoAlert,A_AUTH,9.901
2026081422,0ee6a7cb-81ea-42fa-955d-62b2870d971c,1,admin_probe,1,Violation,D_ADMIN,7.701
2026081422,cd7a5ac6-d685-86b9-a461-2e0e241fb2b4,1,command_probe,1,Violation,D_COMMAND,6.7
2026081422,bc05ede8-105d-0a35-5876-74c865d1fa56,0,benign_login,0,NoAlert,A_AUTH,6.601
2026081422,b0ec2db1-9621-e03b-d859-3fdf10b129c1,0,benign_status,0,NoAlert,A_STATUS,7.2
2026081422,a8d32232-6642-cf6c-b9d2-0ab3c1278d4a,0,benign_login,0,NoAlert,A_AUTH,6.001
2026081422,80a63cd1-79ad-e405-da3c-a528ab7479eb,0,benign_login,0,NoAlert,A_AUTH,6.4
2026081422,b6b80386-6a22-2eb6-cd16-2d345a7cfe94,0,benign_public,0,NoAlert,A_PUBLIC,6.0
2026081422,0449821f-5ebf-e9d2-ce55-de9c34d97338,1,admin_probe,1,Violation,D_ADMIN,6.601
2026081422,637f868b-84e2-fc35-9f8d-a158f5d7ee3f,0,benign_login,0,NoAlert,A_AUTH,5.9
2026081422,207d664f-8a65-0dc5-ca96-69bc7e2b2634,0,benign_status,0,NoAlert,A_STATUS,6.101
2026081422,69fc923e-b79d-d81b-d433-8bc15593ad09,0,benign_public,0,NoAlert,A_PUBLIC,6.1
2026081422,16652965-ed9e-5340-8673-a594e49df303,0,benign_public,0,NoAlert,A_PUBLIC,5.801
2026081422,6de8f980-f8e9-9b6e-8fa1-c31b49e73639,0,benign_status,0,NoAlert,A_STATUS,6.1
2026081422,b49a66c5-4494-0b5e-4cde-0a0d39382111,0,benign_public,0,NoAlert,A_PUBLIC,6.1
2026081422,23012b5d-93c0-47d6-c3fc-cb986d3be639,1,command_probe,1,Violation,D_COMMAND,6.3
2026081422,51d24414-a25c-c1d1-cf3d-d93db6513b2b,0,benign_login,0,NoAlert,A_AUTH,6.1
2026081422,fd784d68-79dc-bf95-92f0-cac849af6afd,0,benign_status,0,NoAlert,A_STATUS,6.001
2026081422,011e1e59-8a5c-9cf3-36fd-7ebd365c8c1b,0,benign_public,0,NoAlert,A_PUBLIC,5.8
2026081422,cfdcdd20-b522-72c2-78c0-615c7d73036a,0,benign_public,0,NoAlert,A_PUBLIC,6.001
2026081422,ea09cea5-8044-5e9c-eda7-462b7e8e97ff,1,bruteforce,0,NoAlert,A_AUTH_FAIL_SINGLE,11.0
2026081422,f66d44ae-7ae9-d9c7-56e5-fe0f369cc8a2,1,bruteforce,0,NoAlert,A_AUTH_FAIL_SINGLE,8.701
2026081422,8005ad82-2c35-09a2-42e1-f07b4c1652bb,1,bruteforce,0,NoAlert,A_AUTH_FAIL_SINGLE,8.401
2026081422,3b753e33-58e0-7bac-5000-e0d070f07b6c,1,bruteforce,1,Violation,D_BRUTEFORCE,9.3
2026081422,8a9055dc-8436-1dd2-5e97-fc6afc662f0b,1,bruteforce,1,Violation,D_BRUTEFORCE,8.901
2026081422,571025e7-aab0-a905-9d8b-44b341c23ed4,0,benign_public,0,NoAlert,A_PUBLIC,6.1
2026081422,bdcdaff7-2c8e-878e-9282-f0880e94a2d0,0,benign_status,0,NoAlert,A_STATUS,6.201
2026081422,139ab771-3994-1d74-ba29-a1380dd4067c,1,admin_probe,1,Violation,D_ADMIN,6.3
2026081422,bb9beadb-2ac3-d6da-2e56-3668b7668a51,0,benign_public,0,NoAlert,A_PUBLIC,5.801
2026081422,768a5312-91cf-b04b-fd53-e68b990bb42e,0,benign_status,0,NoAlert,A_STATUS,5.8
2026081422,6517effa-fbda-20a6-daa8-0455d61fdaa6,0,benign_public,0,NoAlert,A_PUBLIC,5.801
2026081422,e4ed2116-1641-fd12-32d0-37b5debd0f0d,0,benign_login,0,NoAlert,A_AUTH,6.0
2026081422,4e138875-f4d4-7387-75b0-7e71693b1222,1,bruteforce,0,NoAlert,A_AUTH_FAIL_SINGLE,7.801
2026081422,da08a317-5d9c-4fd3-6285-ba8888054ba6,1,bruteforce,0,NoAlert,A_AUTH_FAIL_SINGLE,7.8
2026081422,ab05b22a-1fab-beee-663d-9443e9b34e23,1,bruteforce,0,NoAlert,A_AUTH_FAIL_SINGLE,26.302
2026081422,dd283b7f-1543-7e37-9a3a-7a6a568e0b50,1,bruteforce,1,Violation,D_BRUTEFORCE,8.5
2026081422,ff685120-5752-c27a-88a5-432946e7b1fe,1,bruteforce,1,Violation,D_BRUTEFORCE,8.6
2026081422,194e57b4-7b3a-5ed4-2bbe-bd9a77cffa60,0,benign_public,0,NoAlert,A_PUBLIC,6.201
2026081422,6e479a20-e3f8-7d98-1f56-e068f23c6e84,0,benign_login,0,NoAlert,A_AUTH,5.8
2026081422,1d1e23b8-1cd3-f109-547b-7b6d4c07d7e7,0,benign_public,0,NoAlert,A_PUBLIC,5.8
2026081422,6c30604b-51b2-5b5d-f5c7-7afccd8da02c,0,benign_public,0,NoAlert,A_PUBLIC,5.901
2026081422,7ad2d96c-1ce2-742e-7258-27ada5b311b4,0,benign_login,0,NoAlert,A_AUTH,5.8
2026081422,2c76cdaa-8823-d3ee-5cbb-a2d950c8858e,0,benign_status,0,NoAlert,A_STATUS,5.901
2026081422,6ce29f29-c9d3-7b2f-034f-4dc3055a75f1,0,benign_login,0,NoAlert,A_AUTH,24.001
2026081422,821644ea-1faa-c010-a18f-60dc7f9ae47e,0,benign_public,0,NoAlert,A_PUBLIC,5.501
2026081422,5a91a752-7a06-bf98-a581-d435292039c5,0,benign_public,0,NoAlert,A_PUBLIC,5.8
2026081422,8a11c054-d1c3-213e-0503-b1d279dd3e21,0,benign_login,0,NoAlert,A_AUTH,5.801
2026081422,789b414d-2634-1e6f-fb79-6b1c2fcb4d41,0,benign_public,0,NoAlert,A_PUBLIC,5.5
2026081422,b3d44f67-04e7-da78-f47c-dbc0b9cf96e3,0,benign_login,0,NoAlert,A_AUTH,5.7
2026081422,70007631-e488-8afc-288f-73b3e0b2b5df,0,benign_public,0,NoAlert,A_PUBLIC,5.501
2026081422,ff5f59b4-3b17-dd61-2879-0e39c34224ff,0,benign_login,0,NoAlert,A_AUTH,5.5
2026081422,ea6435b7-89cf-8691-af72-f92fcf575093,0,benign_status,0,NoAlert,A_STATUS,5.501
2026081422,eb729195-0c21-348b-6dcd-3b8730a96b5b,1,bruteforce,0,NoAlert,A_AUTH_FAIL_SINGLE,7.6
2026081422,d851c2e1-cafb-c49a-7299-28850d21ba98,1,bruteforce,0,NoAlert,A_AUTH_FAIL_SINGLE,7.601
2026081422,4fb5c27d-1f7c-dd5f-7091-76def587abf8,1,bruteforce,0,NoAlert,A_AUTH_FAIL_SINGLE,7.4
2026081422,e387d358-10ba-3ff6-50c6-83f6a49ba685,1,bruteforce,1,Violation,D_BRUTEFORCE,8.301
2026081422,5f2a0dc5-b598-e69d-7356-8e2ca64cdeaf,1,bruteforce,1,Violation,D_BRUTEFORCE,8.3
2026081422,a40c2127-5092-3b55-1745-8ed4db3d667b,1,bruteforce,1,Violation,D_BRUTEFORCE,8.101
2026081422,404df918-0c60-9b42-a9b1-ce1315a15c78,1,bruteforce,1,Violation,D_BRUTEFORCE,8.3
2026081422,093842f6-691e-7387-c356-cfe9c26170f7,1,bruteforce,1,Violation,D_BRUTEFORCE,8.0
2026081422,b6171627-3d29-b70d-2f8f-4da9e900c429,1,bruteforce,1,Violation,D_BRUTEFORCE,7.801
2026081422,93472087-271c-9329-27d1-d247bfc51faa,1,bruteforce,1,Violation,D_BRUTEFORCE,7.7
2026081422,fed12b34-b6ba-e8f6-ab4a-2fe378147f93,0,benign_status,0,NoAlert,A_STATUS,5.801
2026081422,5226c668-2e02-5d20-ab26-e5547f27bfc1,0,benign_status,0,NoAlert,A_STATUS,6.1
2026081422,11752696-666b-96d6-f70b-dcd3b40aa21d,0,benign_public,0,NoAlert,A_PUBLIC,5.9
2026081422,6f352ef4-19ce-34fb-1d2e-1bdbdc99e0e4,0,benign_public,0,NoAlert,A_PUBLIC,6.001
2026081422,5b631f7d-7f15-76ad-c5f2-28c2d2f20537,0,benign_public,0,NoAlert,A_PUBLIC,5.9
2026081422,0b679f2e-7bfd-11d6-b3b4-b51ce5fae21b,0,benign_public,0,NoAlert,A_PUBLIC,5.501
2026081422,be38a242-99ed-8ca8-9576-9023b2283aa8,0,benign_login,0,NoAlert,A_AUTH,6.0
2026081422,28501e0c-edaa-74fa-3176-3bef32bef7fc,0,benign_status,0,NoAlert,A_STATUS,6.101
2026081422,b9e15c6d-6fe1-731d-e4ea-a2b30761254a,1,bruteforce,0,NoAlert,A_AUTH_FAIL_SINGLE,7.3
2026081422,e91ed873-e4c6-82dd-0ac7-f71772edc95d,1,bruteforce,0,NoAlert,A_AUTH_FAIL_SINGLE,7.501
2026081422,81b24a8d-d219-2df4-5189-5c51f141ce38,1,bruteforce,0,NoAlert,A_AUTH_FAIL_SINGLE,7.2
2026081422,9ab1de01-4723-2b3b-a204-5125e2bf05bd,1,bruteforce,1,Violation,D_BRUTEFORCE,8.201
2026081422,8cf0812f-168b-dd3d-02aa-1f728aeabd58,1,bruteforce,1,Violation,D_BRUTEFORCE,8.0
2026081422,60b5415c-b585-2298-942b-b1ee1f6b095d,0,benign_login,0,NoAlert,A_AUTH,5.701
2026081422,3a8cb478-2523-040f-e5ee-3946743109f7,0,benign_status,0,NoAlert,A_STATUS,5.9
2026081422,fffecdf8-a8f5-bc50-0954-114ce0c2bd69,0,benign_login,0,NoAlert,A_AUTH,5.901
2026081422,46aed5a9-0c3b-b24d-6390-a692abf8a442,1,command_probe,1,Violation,D_COMMAND,5.9
2026081422,26a55246-0461-478d-ec75-94decdb377ad,0,benign_status,0,NoAlert,A_STATUS,5.7
2026081422,22dd2561-89c6-f6ea-4f6e-5703433b7734,0,benign_public,0,NoAlert,A_PUBLIC,5.601
2026081422,3ac0d01e-5401-32b1-ec50-eccceba17ae4,0,benign_public,0,NoAlert,A_PUBLIC,5.7
2026081422,eee7ee9f-9891-66d8-9ea6-7d181f85cc03,0,benign_status,0,NoAlert,A_STATUS,5.401
2026081422,f229883f-c2a6-8eba-2551-870ef048376f,0,benign_status,0,NoAlert,A_STATUS,10.1
2026081422,70a3e61d-68f9-3192-58ab-4d73ae33245f,0,benign_public,0,NoAlert,A_PUBLIC,5.701
2026081422,babb9509-9eae-ff43-93b9-41f60d524eff,0,benign_login,0,NoAlert,A_AUTH,5.6
2026081422,41f8b9bd-c433-d5ea-78af-86d25cda8902,0,benign_public,0,NoAlert,A_PUBLIC,5.401
2026081422,26788ea3-d544-ea3c-f521-dcdcb67b4909,0,benign_login,0,NoAlert,A_AUTH,5.6
2026081422,27327ad8-117a-1d75-5ab5-128049081a27,0,benign_public,0,NoAlert,A_PUBLIC,5.5
2026081422,0932fe72-a9f3-58a4-36b6-843f3aca7d96,0,benign_status,0,NoAlert,A_STATUS,5.501
2026081422,07237f5f-d300-9808-82fa-a0b6a9185c66,0,benign_status,0,NoAlert,A_STATUS,5.6
2026081422,7ae4faf9-61e9-e64a-6d11-22f14e5ea6f7,0,benign_login,0,NoAlert,A_AUTH,5.501
2026081422,a16eb99d-d921-36aa-437e-02e69c418ed1,0,benign_public,0,NoAlert,A_PUBLIC,5.5
2026081422,50b4a821-af0c-859d-781a-cf6e66a4740d,0,benign_login,0,NoAlert,A_AUTH,5.6
2026081422,c02ee64d-0771-9041-7178-f575eee677b0,0,benign_status,0,NoAlert,A_STATUS,5.601
2026081422,0432040b-43c6-0294-69f4-393cb54eea74,1,bruteforce,0,NoAlert,A_AUTH_FAIL_SINGLE,7.7
2026081422,cc97174a-a62c-24c0-97df-0704b216a522,1,bruteforce,0,NoAlert,A_AUTH_FAIL_SINGLE,7.901
2026081422,0ea2719a-254f-603e-7fe3-0a2368caf1dc,1,bruteforce,0,NoAlert,A_AUTH_FAIL_SINGLE,7.4
2026081422,1da458c5-3b6c-64d1-e32c-3564bd78cce2,1,bruteforce,1,Violation,D_BRUTEFORCE,8.101
2026081422,e5ebb9c0-af87-5e1e-4322-1ed077a764a4,1,bruteforce,1,Violation,D_BRUTEFORCE,8.001
2026081422,d652eb47-d905-414d-101f-19db7575988e,0,benign_login,0,NoAlert,A_AUTH,5.8
2026081422,1f3c8854-af3a-3563-3785-8dcd521e099c,0,benign_status,0,NoAlert,A_STATUS,5.7
2026081422,f3a30376-a510-9a64-2afa-757ea2119a56,1,command_probe,1,Violation,D_COMMAND,5.901
2026081422,68cd4377-ae2b-de38-7703-7d26d0b23b17,0,benign_status,0,NoAlert,A_STATUS,6.3
2026081422,81a90c52-ee11-179b-aaa0-c6a119ee1e40,0,benign_public,0,NoAlert,A_PUBLIC,6.201
2026081422,65b3f032-30ca-85a5-5510-85d6c5e48dd0,1,bruteforce,0,NoAlert,A_AUTH_FAIL_SINGLE,8.0
2026081422,d64c5a0b-667e-16ce-3b2a-1dfb8203e91b,1,bruteforce,0,NoAlert,A_AUTH_FAIL_SINGLE,7.801
2026081422,e5073ebc-7b8a-9cf4-5f7d-587aa57937d2,1,bruteforce,0,NoAlert,A_AUTH_FAIL_SINGLE,7.5
2026081422,7d452975-ac77-274d-bc2b-d30d187054b0,1,bruteforce,1,Violation,D_BRUTEFORCE,8.501
2026081422,32590cfa-837b-dd92-1b15-f8ab627774ab,1,bruteforce,1,Violation,D_BRUTEFORCE,8.401
2026081422,14050372-f50a-482e-9d2e-9c36241dfc62,0,benign_login,0,NoAlert,A_AUTH,6.0
2026081422,7c6f4e33-abd6-3a89-4017-fafc3a321964,1,bruteforce,1,Violation,D_BRUTEFORCE,8.801
2026081422,6fb17d43-7b0a-5f8b-65bb-95dada625fbe,1,bruteforce,1,Violation,D_BRUTEFORCE,8.0
2026081422,9ee85cc3-ecab-1506-e19c-d1718ebab7d9,1,bruteforce,1,Violation,D_BRUTEFORCE,7.901
2026081422,4f824062-07ff-14a3-65ca-057dfb84d844,1,bruteforce,1,Violation,D_BRUTEFORCE,8.0
2026081422,df11c280-6f89-710a-43c8-be17ed1c5440,1,bruteforce,1,Violation,D_BRUTEFORCE,8.101
2026081422,3e2042c5-a51d-22a5-46a1-3f0e7c3b9027,1,admin_probe,1,Violation,D_ADMIN,5.9
2026081422,0c5ef349-09db-1243-1d6a-e2d8a694a056,0,benign_public,0,NoAlert,A_PUBLIC,5.801
2026081422,7d72a2e3-dbae-e17c-d383-80e1dd9544c5,0,benign_public,0,NoAlert,A_PUBLIC,5.9
2026081422,94328512-4d8a-e875-2e5c-9256b658f3d4,0,benign_login,0,NoAlert,A_AUTH,5.701
2026081422,859b83fd-627f-905a-0afe-12b2100f90c2,0,benign_login,0,NoAlert,A_AUTH,5.5
2026081422,21825f74-0936-f39f-bced-3fa29482a54e,0,benign_status,0,NoAlert,A_STATUS,5.7
2026081422,367a0d11-19da-6d20-2055-4b49d6e0fdba,0,benign_status,0,NoAlert,A_STATUS,5.501
2026081422,b7eb3ae4-80f0-179c-ea67-861607e238f9,0,benign_login,0,NoAlert,A_AUTH,5.9
2026081422,adf80da5-30b8-abcf-220c-1ae434acabdb,0,benign_login,0,NoAlert,A_AUTH,5.701
2026081422,fdc6d3e7-1311-38df-f2a3-5d3628564e48,0,benign_public,0,NoAlert,A_PUBLIC,6.2
2026081422,2d60597f-ffff-0d62-baec-c5614954016b,1,bruteforce,0,NoAlert,A_AUTH_FAIL_SINGLE,7.701
2026081422,527049ab-fce1-7536-a10c-4ad0bb139d8e,1,bruteforce,0,NoAlert,A_AUTH_FAIL_SINGLE,7.7
2026081422,04e84a31-9b31-c109-a8c7-f2e9affc25b4,1,bruteforce,0,NoAlert,A_AUTH_FAIL_SINGLE,7.301
2026081422,446a95ad-6161-566f-4d7a-e83000a39cc6,1,bruteforce,1,Violation,D_BRUTEFORCE,8.0
2026081422,d7189374-1760-2521-9021-fcc7071754f1,1,bruteforce,1,Violation,D_BRUTEFORCE,8.301
2026081422,aca85bbc-5fd0-cbc9-6c2a-a6dae19b0e3d,0,benign_login,0,NoAlert,A_AUTH,6.0
2026081422,2ebac5a5-c744-cb44-57b1-576f8f1c837e,1,path_traversal,1,Violation,D_TRAVERSAL,7.001
2026081422,5145cb04-3251-89dc-fb92-17e6fb4f17c5,0,benign_login,0,NoAlert,A_AUTH,5.7
2026081422,bfde32b1-1e3a-5f32-f5bd-57cea5ce3a5e,1,bruteforce,0,NoAlert,A_AUTH_FAIL_SINGLE,7.501
2026081422,72478700-0c9a-bdbc-509b-add06837a3ce,1,bruteforce,0,NoAlert,A_AUTH_FAIL_SINGLE,7.4
2026081422,d4e41bea-ce80-516f-d142-b7e2c1cad0ff,1,bruteforce,0,NoAlert,A_AUTH_FAIL_SINGLE,7.301
2026081422,320329c7-1425-f91f-aee4-8f8e86cef315,1,bruteforce,1,Violation,D_BRUTEFORCE,8.4
2026081422,1bc53595-e5ee-d79f-2cc2-59c1bcff2056,1,bruteforce,1,Violation,D_BRUTEFORCE,8.501
2026081422,14982689-74b5-f95f-0f2c-a3f7feab8397,0,benign_status,0,NoAlert,A_STATUS,5.8
2026081422,1cf91774-34b0-6f29-0a73-17fa633c00a4,1,bruteforce,1,Violation,D_BRUTEFORCE,7.901
2026081422,ca8455a4-37b8-d3bf-9b2c-4cf9e55e3e86,1,bruteforce,1,Violation,D_BRUTEFORCE,8.101
2026081422,883c2399-aee6-75c2-6587-58dd800b1d2d,1,bruteforce,1,Violation,D_BRUTEFORCE,8.5
2026081422,9a0bbb74-bc1f-f139-a1c7-2031fc58cc85,1,bruteforce,1,Violation,D_BRUTEFORCE,56.204
2026081422,62e875e1-259b-b4e8-e5c2-4882aa21c367,1,bruteforce,1,Violation,D_BRUTEFORCE,17.401
2026081422,313c1279-4e7f-92e6-2445-a56ac7b367d5,1,bruteforce,1,Violation,D_BRUTEFORCE,10.401
2026081422,03744b75-92cc-0bdf-1820-85cdb8f5661c,1,bruteforce,1,Violation,D_BRUTEFORCE,33.102
2026081422,bba93006-c097-4611-e97a-c8f1a054e14b,1,bruteforce,1,Violation,D_BRUTEFORCE,8.501
2026081422,bc4b6d80-64ef-2d1d-b10a-91ac05ae3a49,1,bruteforce,1,Violation,D_BRUTEFORCE,8.4
2026081422,995e6853-4392-e22a-bccc-dffa6de84e33,1,bruteforce,1,Violation,D_BRUTEFORCE,8.501
2026081422,b2145ff6-074a-7b30-9de1-23899e04fa41,1,admin_probe,1,Violation,D_ADMIN,6.5
2026081422,b8ef82ad-971b-f3c2-19e2-40e0afddeb6c,0,benign_public,0,NoAlert,A_PUBLIC,6.201
2026081422,12eb340d-085e-bfc2-2d96-aab1fb1f2641,1,path_traversal,1,Violation,D_TRAVERSAL,6.2
2026081422,72eaefc0-33d8-91eb-4598-a342da89abd6,0,benign_status,0,NoAlert,A_STATUS,6.101
2026081422,2f1c83fd-52f1-893c-36ae-56a2eb2079c9,0,benign_status,0,NoAlert,A_STATUS,24.401
2026081422,16561812-84d3-85b2-bbdd-0809742f84a8,0,benign_login,0,NoAlert,A_AUTH,5.901
2026081422,56f44a81-6e8c-3097-6673-aced8ca6d634,0,benign_public,0,NoAlert,A_PUBLIC,5.7
2026081422,91b31462-ecaa-4faf-e67c-b48693c5d637,0,benign_status,0,NoAlert,A_STATUS,5.801
2026081422,311305cd-aec2-1dfb-7d94-84adf7e6481a,0,benign_login,0,NoAlert,A_AUTH,5.7
2026081422,466cedd8-cdf6-f25b-fb33-0ec604dd58c9,0,benign_login,0,NoAlert,A_AUTH,5.8
2026081422,5236af93-5de3-6613-43ca-147dbda39e7d,1,admin_probe,1,Violation,D_ADMIN,6.101
2026081422,bf281fd1-e884-7ed0-068a-760476682815,0,benign_status,0,NoAlert,A_STATUS,5.7
2026081422,197c2ddf-bfd3-2162-4128-cb88eccb21bf,0,benign_public,0,NoAlert,A_PUBLIC,8.201
2026081422,71443e5b-655e-093a-f777-fbc93fc0d993,1,bruteforce,0,NoAlert,A_AUTH_FAIL_SINGLE,8.2
2026081422,d2741930-38ee-ba72-b708-f904d255cb7b,1,bruteforce,0,NoAlert,A_AUTH_FAIL_SINGLE,7.601
2026081422,91e4aa44-c593-47bc-2097-bfeddb5ba11b,1,bruteforce,0,NoAlert,A_AUTH_FAIL_SINGLE,7.7
2026081422,a10acf43-09c7-8df9-bad1-76bf9ed2457c,1,bruteforce,1,Violation,D_BRUTEFORCE,8.401
2026081422,5f6d87ec-094e-eb2f-3d99-bd38a234e789,1,bruteforce,1,Violation,D_BRUTEFORCE,8.301
2026081422,fbca480c-841c-a4f1-1a52-4d07422de51c,0,benign_login,0,NoAlert,A_AUTH,6.1
2026081422,244241bb-dad7-0bbf-f40a-9ba20bc09089,1,bruteforce,1,Violation,D_BRUTEFORCE,8.401
2026081422,f4ae4946-b72b-5ade-85a7-534f3e5a8ed9,1,bruteforce,1,Violation,D_BRUTEFORCE,8.4
2026081422,4f45a01e-06a9-5d8c-bd8a-7f4fd2865c02,1,bruteforce,1,Violation,D_BRUTEFORCE,8.101
2026081422,8e8f1e88-bb1a-7a3a-9b75-e227d1c6153e,1,bruteforce,1,Violation,D_BRUTEFORCE,8.1
2026081422,d2f0d2dc-486a-2d1d-d7d5-14a7a64afe68,1,bruteforce,1,Violation,D_BRUTEFORCE,8.201
2026081422,fd3d5db8-70b6-818c-11ba-5b5398630622,0,benign_status,0,NoAlert,A_STATUS,6.5
2026081422,8fd81d8c-9eb2-c6c6-cb76-78e1351e37b3,0,benign_public,0,NoAlert,A_PUBLIC,6.0
2026081422,61d50e52-0da0-a424-96eb-defb7df402fb,0,benign_status,0,NoAlert,A_STATUS,5.6
2026081422,b155e9ac-5d17-fef7-3589-606b6c10e893,0,benign_public,0,NoAlert,A_PUBLIC,6.101
2026081422,92776107-87d9-307a-a9ce-f24e2fc524af,0,benign_public,0,NoAlert,A_PUBLIC,5.7
2026081422,50b81785-5ec7-c73a-cd34-e7df744fb2c0,0,benign_public,0,NoAlert,A_PUBLIC,5.701
2026081422,27539772-c00c-f26c-c2a6-78d9b0994a8e,0,benign_login,0,NoAlert,A_AUTH,29.402
2026081422,1a323758-3c84-a96d-bd79-e941acad7d75,0,benign_status,0,NoAlert,A_STATUS,6.0
2026081422,e18f7239-ba68-4477-89b6-1c1141b3a398,0,benign_login,0,NoAlert,A_AUTH,6.6
2026081422,fddf0b6f-1bcd-d29d-c25a-675669adf9ff,0,benign_status,0,NoAlert,A_STATUS,5.901
2026081422,29b5ddd6-e5e1-762a-968b-ce5c1723399c,0,benign_login,0,NoAlert,A_AUTH,6.3
2026081422,0649e311-def0-081e-c857-dbbd363ee3bd,1,bruteforce,0,NoAlert,A_AUTH_FAIL_SINGLE,7.701
2026081422,58b41296-ea41-d129-b619-d20be1d80e1c,1,bruteforce,0,NoAlert,A_AUTH_FAIL_SINGLE,7.7
2026081422,a587b6ae-aa11-b3ca-9e25-d2a62a3767db,1,bruteforce,0,NoAlert,A_AUTH_FAIL_SINGLE,7.301
2026081422,9c050186-d23c-fcbb-7bc9-ef51e8c69022,1,bruteforce,1,Violation,D_BRUTEFORCE,8.501
2026081422,c141a908-db2e-ad37-6909-2383ea40f976,1,bruteforce,1,Violation,D_BRUTEFORCE,8.6
2026081422,370834f3-73b9-7233-37a7-56704355a740,0,benign_public,0,NoAlert,A_PUBLIC,24.102
2026081422,0824ca6f-c00b-b04d-6ed1-04004280500d,0,benign_status,0,NoAlert,A_STATUS,5.6
2026081422,5eb67c20-846b-7507-9d69-12610a8f2019,0,benign_login,0,NoAlert,A_AUTH,36.903
2026081422,528e24ff-db54-ddce-e794-af563a5d17e8,0,benign_public,0,NoAlert,A_PUBLIC,5.7
2026081422,32d93d79-8798-dae3-92f0-3269c0b4943c,1,bruteforce,0,NoAlert,A_AUTH_FAIL_SINGLE,7.901
2026081422,3c481bd2-e8c2-c64a-f080-c85b0c9a79c6,1,bruteforce,0,NoAlert,A_AUTH_FAIL_SINGLE,7.5
2026081422,ec3d6834-b60a-e0ff-34a3-ae7d2ce11220,1,bruteforce,0,NoAlert,A_AUTH_FAIL_SINGLE,7.501
2026081422,167c247a-dda9-91e3-1f77-7b79216f9fc7,1,bruteforce,1,Violation,D_BRUTEFORCE,8.3
2026081422,229071e1-95e3-81d9-ddef-c479cb8f3350,1,bruteforce,1,Violation,D_BRUTEFORCE,8.501
2026081422,5c024d3e-5a32-2c4b-99dc-8a1baa1db17d,0,benign_login,0,NoAlert,A_AUTH,6.3
2026081422,6bd3ccec-3b5a-7f47-25b2-30f43f183c82,0,benign_status,0,NoAlert,A_STATUS,5.901
2026081422,55d7cf45-989f-be71-43e4-bfefa7974b41,0,benign_status,0,NoAlert,A_STATUS,5.6
2026081422,e2f52466-d9fe-4760-cd83-dca867d248e1,0,benign_login,0,NoAlert,A_AUTH,5.801
2026081422,f80f29ae-16b2-2e97-fb04-24c31e950708,0,benign_status,0,NoAlert,A_STATUS,5.8
2026081422,4ca7b7d1-5416-0cd3-caa0-0a4a6a282c7e,0,benign_status,0,NoAlert,A_STATUS,6.1
2026081422,485c178e-eb73-45c8-ae93-85916f93c7a2,0,benign_status,0,NoAlert,A_STATUS,22.502
2026081422,21a3d1bd-9b84-3711-c167-95479e7b880f,0,benign_status,0,NoAlert,A_STATUS,11.901
2026081422,64952357-605e-8cca-7acb-a24c78d2abbc,0,benign_status,0,NoAlert,A_STATUS,8.4
2026081422,63828bb3-1b5d-8d61-1c2c-e19db2f2c9a0,0,benign_status,0,NoAlert,A_STATUS,7.0
2026081422,ad89560e-2e6d-7d57-b447-b4ff24e42474,0,benign_public,0,NoAlert,A_PUBLIC,6.6
2026081422,a085b9a6-6260-4522-41bf-f2f3cca202bf,0,benign_status,0,NoAlert,A_STATUS,6.3
2026081422,d365e277-ad4c-bfca-b641-f2b718c44464,1,bruteforce,0,NoAlert,A_AUTH_FAIL_SINGLE,8.801
2026081422,1b595034-d490-de44-65f4-bd390ef02885,1,bruteforce,0,NoAlert,A_AUTH_FAIL_SINGLE,22.501
2026081422,8aaa8b3a-0101-b4af-d0cd-4c35a52a4448,1,bruteforce,0,NoAlert,A_AUTH_FAIL_SINGLE,7.601
2026081422,6c34f5b3-870f-ff2b-91d1-6159481db9e5,1,bruteforce,1,Violation,D_BRUTEFORCE,8.5
2026081422,0524b1ed-6913-ab4f-4f13-511cd9a1abad,1,bruteforce,1,Violation,D_BRUTEFORCE,8.501
2026081422,04292195-3021-8c4c-0cec-f2c7be479b1a,0,benign_public,0,NoAlert,A_PUBLIC,6.1
2026081422,353e237a-f67b-3843-3f41-a360f235450d,1,command_probe,1,Violation,D_COMMAND,5.901
2026081422,65767420-8968-b696-30c4-3a6e8cf5aa99,0,benign_public,0,NoAlert,A_PUBLIC,5.7
2026081422,8ab486bf-d485-be57-43da-0085908ea8da,0,benign_public,0,NoAlert,A_PUBLIC,5.901
2026081422,82d67d2e-dedd-7f6e-4e0c-5ac8d313d071,0,benign_login,0,NoAlert,A_AUTH,6.2
2026081422,f7f62b85-afd5-d8c2-75b7-56491a09e852,0,benign_login,0,NoAlert,A_AUTH,5.6
2026081422,fa76b831-9aff-9626-e2ae-def0fddf4879,1,command_probe,1,Violation,D_COMMAND,5.801
2026081422,3e12d67e-4a0a-bf78-9365-ebef69634de1,0,benign_public,0,NoAlert,A_PUBLIC,5.9
2026081422,aa34797e-fb03-8123-e236-0a6d439ee61e,1,bruteforce,0,NoAlert,A_AUTH_FAIL_SINGLE,7.501
2026081422,2e3bffb3-ae40-48a8-43f0-bccfbb45471d,1,bruteforce,0,NoAlert,A_AUTH_FAIL_SINGLE,7.6
2026081422,faca4df5-fbff-cbaf-e2a9-466f15152a56,1,bruteforce,0,NoAlert,A_AUTH_FAIL_SINGLE,7.701
2026081422,4699f1e9-c203-c1ad-2883-afbf9ae83998,1,bruteforce,1,Violation,D_BRUTEFORCE,8.3
2026081422,14630d75-1d85-9e4b-9eb5-e795e4cd96d4,1,bruteforce,1,Violation,D_BRUTEFORCE,8.301
2026081422,34d4906f-8a05-ae64-d99b-f9a99dcb5427,0,benign_public,0,NoAlert,A_PUBLIC,6.1
2026081422,e24d7fa7-36b8-e912-510e-462c19c242b3,0,benign_status,0,NoAlert,A_STATUS,5.9
2026081422,aa9a3306-0717-c6fb-4d94-def8afe0df28,0,benign_status,0,NoAlert,A_STATUS,6.2
2026081422,9de32332-f365-2f1e-5601-27305541695d,0,benign_status,0,NoAlert,A_STATUS,6.501
2026081422,f7c2f545-d275-0032-8073-7cef867c7cce,1,bruteforce,0,NoAlert,A_AUTH_FAIL_SINGLE,7.7
2026081422,94747b67-7447-7bf7-071a-d16bea4441ab,1,bruteforce,0,NoAlert,A_AUTH_FAIL_SINGLE,7.601
2026081422,4a567e59-c726-e016-df22-55ae77913cba,1,bruteforce,0,NoAlert,A_AUTH_FAIL_SINGLE,7.501
2026081422,ad96bcfa-8037-c051-46f0-c82787804164,1,bruteforce,1,Violation,D_BRUTEFORCE,8.2
2026081422,c536293d-7896-67b8-bd2a-11cf2976c0d1,1,bruteforce,1,Violation,D_BRUTEFORCE,8.301
2026081422,b52d0ead-ffbd-ce73-d699-b9c9b14e4e9e,0,benign_login,0,NoAlert,A_AUTH,6.0
2026081422,094c63b0-d6f2-d802-1cfd-b4650173b64c,0,benign_status,0,NoAlert,A_STATUS,5.801
2026081422,a3b0c445-d42a-9a01-3950-a12807c0bd92,0,benign_status,0,NoAlert,A_STATUS,5.7
2026081422,8d2f1bf5-8d53-01f5-3451-184dc0fa3c34,0,benign_login,0,NoAlert,A_AUTH,5.8
2026081422,86ce5468-ac57-e862-191b-429c1fae5b04,0,benign_public,0,NoAlert,A_PUBLIC,5.801
2026081422,f36e47ad-0347-7ccc-6789-9a5316e2d4d2,0,benign_login,0,NoAlert,A_AUTH,5.8
2026081422,094dda97-72e6-fa75-ffe7-fd5b8fe87d5d,0,benign_login,0,NoAlert,A_AUTH,5.801
2026081422,448cc9ee-d769-a76a-fe7f-4a317af97e79,0,benign_status,0,NoAlert,A_STATUS,5.6
2026081422,f3d45ab6-8e66-727d-5646-5c138e4195e9,0,benign_public,0,NoAlert,A_PUBLIC,5.7
2026081422,1fae9c9f-5ac7-40ea-4683-453834ff9d2c,0,benign_public,0,NoAlert,A_PUBLIC,5.8
2026081422,c5f693bd-79f2-0199-8f56-e8cf475a973a,0,benign_public,0,NoAlert,A_PUBLIC,5.7
2026081422,007566d2-4ffe-0178-cd51-c6e324fb53ed,0,benign_status,0,NoAlert,A_STATUS,5.401
2026081422,59bc0e44-59d5-4efb-dc3b-ce5fa98d17e0,1,bruteforce,0,NoAlert,A_AUTH_FAIL_SINGLE,7.4
2026081422,c6def42a-9f83-c383-095d-fe7e7458ab0d,1,bruteforce,0,NoAlert,A_AUTH_FAIL_SINGLE,7.301
2026081422,a72be19f-52d5-72bf-e5f1-f1dbb20a3fa0,1,bruteforce,0,NoAlert,A_AUTH_FAIL_SINGLE,7.4
2026081422,4a5e9b92-f64f-2782-73fe-157e8e2de038,1,bruteforce,1,Violation,D_BRUTEFORCE,8.301
2026081422,8f8e4f91-de1d-e5a1-9577-501b89e671f4,1,bruteforce,1,Violation,D_BRUTEFORCE,8.2
2026081422,ac0447bc-7c83-34d8-4435-2deb7449e638,0,benign_login,0,NoAlert,A_AUTH,6.001
2026081422,31177f4c-1a13-6bc3-da67-9d8aa57897b9,0,benign_public,0,NoAlert,A_PUBLIC,6.0
2026081422,75066f0d-32aa-86bb-6a7f-f3ca177d5317,0,benign_status,0,NoAlert,A_STATUS,25.902
2026081422,17bfd4c0-23bc-447e-f0e4-b276790a438c,1,bruteforce,0,NoAlert,A_AUTH_FAIL_SINGLE,7.801
2026081422,c8426034-3a6c-b0fb-3ed2-75e379211ded,1,bruteforce,0,NoAlert,A_AUTH_FAIL_SINGLE,7.8
2026081422,e9a8db27-d096-aa22-b426-c4abcaf39ebf,1,bruteforce,0,NoAlert,A_AUTH_FAIL_SINGLE,7.901
2026081422,74c446ff-a739-d5a8-1086-669e42773db8,1,bruteforce,1,Violation,D_BRUTEFORCE,8.5
2026081422,7d9fceae-08eb-eafa-c8e6-e0eee5e0d8df,1,bruteforce,1,Violation,D_BRUTEFORCE,8.401
2026081422,d9b22765-cc85-a98f-fea8-2ad2d9b4ce9b,0,benign_login,0,NoAlert,A_AUTH,5.8
2026081422,6153cdfe-676d-19fd-3698-26af04b70d38,0,benign_public,0,NoAlert,A_PUBLIC,5.701
2026081422,65132d42-4ea4-c2d2-3e8e-9b2dfd08e16a,0,benign_status,0,NoAlert,A_STATUS,5.6
2026081422,852abc84-ffd7-7b3e-e0e7-8231b74d6bf1,0,benign_status,0,NoAlert,A_STATUS,5.5
2026081422,e1502fa0-64f3-36de-f698-aacfa54894b3,0,benign_public,0,NoAlert,A_PUBLIC,5.801
2026081422,eda90e5a-a5e5-9161-b6a8-6c769a57488a,0,benign_public,0,NoAlert,A_PUBLIC,5.7
2026081422,52c88750-c3f8-0b74-c910-e8850131663f,0,benign_public,0,NoAlert,A_PUBLIC,5.601
2026081422,e909f75b-e91d-2149-0c10-11895156c7a6,0,benign_status,0,NoAlert,A_STATUS,5.5
2026081422,b62d8151-5007-8d88-89e2-da9736d864f7,0,benign_public,0,NoAlert,A_PUBLIC,5.5
2026081422,1e7ee6c4-e3d9-3f0a-fac6-a83a081d9b1e,0,benign_status,0,NoAlert,A_STATUS,5.6
2026081422,0060525c-3aa3-8e64-9624-fe1f065c33ee,0,benign_login,0,NoAlert,A_AUTH,5.8
2026081422,ea0820a4-fcea-9f4a-a366-e3179766f7a5,0,benign_login,0,NoAlert,A_AUTH,5.601
2026081422,79144ae5-c801-c02e-271b-d233b508a6dc,0,benign_public,0,NoAlert,A_PUBLIC,5.6
2026081422,acccb1b6-ce60-81b4-2231-0f381abfd3c3,0,benign_status,0,NoAlert,A_STATUS,5.501
2026081422,9e910939-0e24-61c3-6978-d853efee6de3,0,benign_status,0,NoAlert,A_STATUS,5.6
2026081422,709fa992-0fce-9353-5b6a-286d63881bc4,0,benign_status,0,NoAlert,A_STATUS,6.0
2026081422,c0fb502d-66f1-f4cb-97fa-3a3e307d1c6c,1,bruteforce,0,NoAlert,A_AUTH_FAIL_SINGLE,7.701
2026081422,235edfa4-6f16-eb9c-4d1a-7d8d3ccdfe68,1,bruteforce,0,NoAlert,A_AUTH_FAIL_SINGLE,7.5
2026081422,9c08c545-2926-fc2b-76e5-5009704a2f1d,1,bruteforce,0,NoAlert,A_AUTH_FAIL_SINGLE,7.401
2026081422,5b22fe84-1ac7-38ec-1908-b93b590e3275,1,bruteforce,1,Violation,D_BRUTEFORCE,7.9
2026081422,f4989317-ca2a-e6a8-b841-4a8be33a626a,1,bruteforce,1,Violation,D_BRUTEFORCE,8.4
2026081422,8456d493-4a0a-4178-d069-23d61785cdc2,0,benign_public,0,NoAlert,A_PUBLIC,5.901
2026081422,5c35b0b3-86fe-0812-36f9-4efffaf3a578,0,benign_status,0,NoAlert,A_STATUS,5.7
2026081422,63ae8236-4b85-ce6f-32d1-787644af5e0e,0,benign_status,0,NoAlert,A_STATUS,5.7
2026081422,9cebf5a0-64e9-c90a-49c9-dcc4437491c5,0,benign_public,0,NoAlert,A_PUBLIC,5.701
2026081422,d01f5e68-80b2-946d-e45e-54f49421809c,0,benign_status,0,NoAlert,A_STATUS,5.5
2026081422,5fdf5aa3-0ba1-1d18-ede1-b8183f358311,0,benign_login,0,NoAlert,A_AUTH,5.701
2026081422,96e8a0a4-1b9a-6d72-d598-eaec454a8803,0,benign_status,0,NoAlert,A_STATUS,5.6
2026081422,9ec823d9-9ae0-330d-c40a-9854b95090b0,0,benign_status,0,NoAlert,A_STATUS,5.5
2026081422,d26947f7-c535-9012-21d6-b2cd6828b027,0,benign_public,0,NoAlert,A_PUBLIC,5.701
2026081422,bca37b8e-903f-2f57-61ee-a2cca586874b,1,bruteforce,0,NoAlert,A_AUTH_FAIL_SINGLE,7.3
2026081422,37a56196-e507-1531-24fa-ce7923078b5e,1,bruteforce,0,NoAlert,A_AUTH_FAIL_SINGLE,7.701
2026081422,f9dad0b4-d754-f73d-2b24-2b5d56e08a10,1,bruteforce,0,NoAlert,A_AUTH_FAIL_SINGLE,7.5
2026081422,66a1d1ef-faaf-cf42-0ef0-8d4dbc55b04f,1,bruteforce,1,Violation,D_BRUTEFORCE,8.301
2026081422,4bdc75e1-d381-68d9-b68e-29ac961e139e,1,bruteforce,1,Violation,D_BRUTEFORCE,8.1
2026081422,09cc4dc8-b629-5137-988f-8117906a4c51,1,bruteforce,1,Violation,D_BRUTEFORCE,8.5
2026081423,178ac56b-8b3b-fd1e-d791-6d943752db6b,0,benign_status,0,NoAlert,A_STATUS,22.102
2026081423,9ba7533e-47cd-cc26-9ae5-d3db32cb9070,1,admin_probe,1,Violation,D_ADMIN,10.201
2026081423,8fc9b528-2690-2023-7aa9-a9533238941a,0,benign_public,0,NoAlert,A_PUBLIC,7.5
2026081423,9b5ef596-9894-60dd-e4af-bad80ad10f3f,0,benign_login,0,NoAlert,A_AUTH,6.801
2026081423,ef6b7f44-31af-5df8-76b7-bfc764813af0,0,benign_login,0,NoAlert,A_AUTH,6.7
2026081423,7715d65c-bc85-c124-faf9-9679a5733e6f,0,benign_public,0,NoAlert,A_PUBLIC,7.301
2026081423,0eb6fd6e-d24b-1b4f-2d06-739f6f598c25,0,benign_login,0,NoAlert,A_AUTH,6.3
2026081423,945aa72f-716d-5385-9c66-f297d8e8114e,0,benign_public,0,NoAlert,A_PUBLIC,6.001
2026081423,cdc96687-5a12-56dd-0b81-ca9e21a27892,0,benign_login,0,NoAlert,A_AUTH,5.8
2026081423,24562796-3697-1514-4a0e-8d2284ca31e9,0,benign_public,0,NoAlert,A_PUBLIC,5.9
2026081423,2c80ae27-cf0c-6fb0-2bc1-2a60e20e7a54,1,command_probe,1,Violation,D_COMMAND,6.201
2026081423,eb6a23df-1190-8fa0-69f2-0c0feeaa5fa0,0,benign_status,0,NoAlert,A_STATUS,6.3
2026081423,7a700d69-06f1-3e2e-fee6-2f778a321fcb,0,benign_login,0,NoAlert,A_AUTH,5.901
2026081423,75cb37ba-3ccb-528a-60aa-65e7ba9b4623,0,benign_status,0,NoAlert,A_STATUS,5.8
2026081423,6eb307c2-db30-155d-db0b-3f6a22d2685b,0,benign_status,0,NoAlert,A_STATUS,5.801
2026081423,9a1e56c2-7464-4816-b723-f7b33618b901,1,path_traversal,1,Violation,D_TRAVERSAL,6.4
2026081423,b6cac304-b412-711c-66d8-f7613ba7aaf5,0,benign_public,0,NoAlert,A_PUBLIC,5.8
2026081423,c2c8a159-1168-a86b-4218-7a93b2c369dd,0,benign_public,0,NoAlert,A_PUBLIC,5.7
2026081423,9f83b212-8ac4-45d5-5316-c346b2144778,0,benign_public,0,NoAlert,A_PUBLIC,5.8
2026081423,27009057-4001-2755-e59c-0048550d4108,0,benign_login,0,NoAlert,A_AUTH,5.801
2026081423,51f29abd-ddbe-38b8-a515-157f16605b14,0,benign_status,0,NoAlert,A_STATUS,5.7
2026081423,9f8d77ea-74b0-08b6-a0e8-d8cdbb6a745d,0,benign_login,0,NoAlert,A_AUTH,5.701
2026081423,45c0fb3a-8465-ea80-e72f-367e53053382,1,command_probe,1,Violation,D_COMMAND,6.0
2026081423,fe28512a-f717-a213-5c36-eb87688a7898,1,bruteforce,0,NoAlert,A_AUTH_FAIL_SINGLE,10.501
2026081423,34880766-cd45-fb0d-7092-b5ec5e8cc676,1,bruteforce,0,NoAlert,A_AUTH_FAIL_SINGLE,8.3
2026081423,0142d256-1a4c-c370-8e44-d06d4afc4c73,1,bruteforce,0,NoAlert,A_AUTH_FAIL_SINGLE,7.801
2026081423,179d6fca-dc4b-03ce-3cd4-a03be520e626,1,bruteforce,1,Violation,D_BRUTEFORCE,9.001
2026081423,d7a885ef-e2d5-2a3d-c54f-1350c4f159d8,1,bruteforce,1,Violation,D_BRUTEFORCE,8.6
2026081423,21bb5228-1282-8fb0-ec7f-ee2080853734,1,bruteforce,1,Violation,D_BRUTEFORCE,8.501
2026081423,29b16732-c9c2-b6f4-54d7-b1125d46423e,1,bruteforce,1,Violation,D_BRUTEFORCE,8.5
2026081423,68b9029e-1518-cbfc-4942-96cde8c3d42c,1,bruteforce,1,Violation,D_BRUTEFORCE,8.201
2026081423,893a07ca-d254-350d-fbe1-5a80b3f2f2f0,1,bruteforce,1,Violation,D_BRUTEFORCE,8.0
2026081423,a91f2601-173f-fd1b-a6db-926eed11ca88,1,bruteforce,1,Violation,D_BRUTEFORCE,8.1
2026081423,0ce23166-2ef8-a719-4067-62cf3453cd6b,1,bruteforce,1,Violation,D_BRUTEFORCE,8.501
2026081423,ef2da7c2-23bc-ae5c-4908-763c96cb7b7c,1,bruteforce,1,Violation,D_BRUTEFORCE,8.1
2026081423,43fa5b95-ec12-2d96-e556-af4b2a1b55a6,1,bruteforce,1,Violation,D_BRUTEFORCE,8.101
2026081423,8269ad43-724d-11a7-ddef-86ee5762fd07,1,bruteforce,1,Violation,D_BRUTEFORCE,8.1
2026081423,dd09bdd8-18cd-248c-9aab-bbd5e1fae5a2,1,bruteforce,1,Violation,D_BRUTEFORCE,8.101
2026081423,a7404f78-deb3-dd57-5420-40a395663645,1,bruteforce,1,Violation,D_BRUTEFORCE,8.401
2026081423,7eab2788-293f-de62-b246-f7bd68c86244,1,bruteforce,1,Violation,D_BRUTEFORCE,8.2
2026081423,44bb8459-d5b1-b3e1-8ba7-87e3340414e2,1,bruteforce,1,Violation,D_BRUTEFORCE,8.201
2026081423,f0cde88c-09d6-f94a-a645-597d3114dff1,1,bruteforce,1,Violation,D_BRUTEFORCE,8.0
2026081423,07faaf7c-8161-f15b-1324-8deed710fa36,1,bruteforce,1,Violation,D_BRUTEFORCE,8.201
2026081423,6bc466f2-1078-99e2-a85c-73095a41f63b,0,benign_public,0,NoAlert,A_PUBLIC,6.2
2026081423,ef5b29c0-5c32-5974-848b-35d70972b0f6,0,benign_public,0,NoAlert,A_PUBLIC,5.701
2026081423,bcaf5025-21fb-a162-7267-a02fd919c5cc,1,path_traversal,1,Violation,D_TRAVERSAL,5.9
2026081423,9fffab8e-e742-d655-b2f4-488243935845,0,benign_public,0,NoAlert,A_PUBLIC,5.701
2026081423,fbb23001-ad7f-cf6f-aec1-0e6a77dbf312,0,benign_public,0,NoAlert,A_PUBLIC,5.9
2026081423,a9483c69-f2de-0093-ecc9-d3d1a79631ff,0,benign_status,0,NoAlert,A_STATUS,5.7
2026081423,78d64e3d-c927-1dd7-a015-7ae7756747e1,0,benign_status,0,NoAlert,A_STATUS,5.701
2026081423,8c4d57b9-76af-79f1-fead-50637fbea60a,0,benign_login,0,NoAlert,A_AUTH,6.1
2026081423,7af98807-afd6-6dec-138b-2123e313d86f,0,benign_status,0,NoAlert,A_STATUS,5.601
2026081423,2d390d4e-834d-c4a5-1093-436b16d69dd7,0,benign_status,0,NoAlert,A_STATUS,5.7
2026081423,2f554bc5-0ed6-e371-a96a-ebd25b7df732,0,benign_public,0,NoAlert,A_PUBLIC,5.7
2026081423,9cc2f304-4a05-8c76-52fa-26c59384c8c7,0,benign_status,0,NoAlert,A_STATUS,5.6
2026081423,e5e5a952-4a5d-ed3e-20ea-20c25c085fe1,0,benign_public,0,NoAlert,A_PUBLIC,5.9
2026081423,77c87144-73d7-456a-fb7b-c0bbead59c2c,1,bruteforce,0,NoAlert,A_AUTH_FAIL_SINGLE,7.701
2026081423,3dcd57b0-d0ec-d04e-f359-8097e9461c50,1,bruteforce,0,NoAlert,A_AUTH_FAIL_SINGLE,7.6
2026081423,b37d150b-5639-1511-4188-fe32fbf54b97,1,bruteforce,0,NoAlert,A_AUTH_FAIL_SINGLE,17.801
2026081423,3dc799b9-4c89-8963-994f-0e4617de50d6,1,bruteforce,1,Violation,D_BRUTEFORCE,11.6
2026081423,5373ead3-890d-bbcd-5f22-a5ed5688f5ac,1,bruteforce,1,Violation,D_BRUTEFORCE,9.601
2026081423,9279443b-f293-81ce-447d-98f6f36ac71e,0,benign_login,0,NoAlert,A_AUTH,6.3
2026081423,7b895adb-fb84-e653-1e06-dff39c4b51d8,0,benign_status,0,NoAlert,A_STATUS,6.0
2026081423,02df4c21-6c1e-c0f9-c776-f545f8a527b5,0,benign_login,0,NoAlert,A_AUTH,6.0
2026081423,9776114d-08dc-1f16-924b-198d4bc4370a,0,benign_login,0,NoAlert,A_AUTH,5.901
2026081423,539f1183-f10d-7efe-09cf-98305f33e6eb,0,benign_login,0,NoAlert,A_AUTH,6.5
2026081423,6925cda7-929d-44ef-b363-b919b0b0e11d,0,benign_login,0,NoAlert,A_AUTH,6.001
2026081423,28143572-37c5-8e84-0384-7994fef9751b,0,benign_public,0,NoAlert,A_PUBLIC,5.8
2026081423,51895b1f-6213-fbc4-2a35-b9777ca7dfb5,0,benign_login,0,NoAlert,A_AUTH,6.001
2026081423,bb1dcff7-b84a-135b-2bf2-28d7f59f3adc,0,benign_login,0,NoAlert,A_AUTH,5.6
2026081423,6b7494a1-9272-1b2d-be1e-73e5c14c3629,0,benign_login,0,NoAlert,A_AUTH,5.8
2026081423,c42e8320-c57e-18ff-f099-43f3f0f22336,0,benign_login,0,NoAlert,A_AUTH,5.801
2026081423,2a16a1ad-8919-5c21-b3d1-4fae3abb5a81,0,benign_public,0,NoAlert,A_PUBLIC,5.8
2026081423,f9683d0f-dec6-ce18-c2d3-fb2d09a5ae05,1,path_traversal,1,Violation,D_TRAVERSAL,6.001
2026081423,a47a1211-ff07-16ab-4048-da17bb8db7d4,0,benign_public,0,NoAlert,A_PUBLIC,5.8
2026081423,24b65479-375b-ebeb-5232-f670a25e07aa,0,benign_public,0,NoAlert,A_PUBLIC,5.801
2026081423,737348cb-f8ba-71d8-b2fc-4b0e8219b546,1,bruteforce,0,NoAlert,A_AUTH_FAIL_SINGLE,8.3
2026081423,fff218dd-bad8-98fe-9a0a-08e7430c1620,1,bruteforce,0,NoAlert,A_AUTH_FAIL_SINGLE,7.801
2026081423,6eff62da-4cb4-d0f3-edc1-7b8ed67734bb,1,bruteforce,0,NoAlert,A_AUTH_FAIL_SINGLE,15.501
2026081423,a74fa8e6-adfe-e74d-84c8-310eecf413d3,1,bruteforce,1,Violation,D_BRUTEFORCE,9.1
2026081423,cd8ace89-9562-69bb-fcc0-2abcee087a54,1,bruteforce,1,Violation,D_BRUTEFORCE,8.3
2026081423,8adb3296-4c71-dbb0-604b-fb36e2962117,0,benign_status,0,NoAlert,A_STATUS,5.9
2026081423,6d44156f-bea2-c146-5ce9-02f865c58584,0,benign_status,0,NoAlert,A_STATUS,5.9
2026081423,d54ef1bd-f46d-2e12-907b-0981606b79a7,1,path_traversal,1,Violation,D_TRAVERSAL,6.0
2026081423,6665acd4-eeea-e821-1cc3-1d94c856946f,0,benign_login,0,NoAlert,A_AUTH,5.901
2026081423,778585e8-9476-2203-bffa-b1f79bbef1b4,0,benign_public,0,NoAlert,A_PUBLIC,5.8
2026081423,a7c06ad3-e3a9-ed8c-019e-ceb7e5c5d7da,0,benign_login,0,NoAlert,A_AUTH,5.901
2026081423,e2220d2e-a6be-ea02-2d1a-5ade76a5db3e,0,benign_public,0,NoAlert,A_PUBLIC,5.8
2026081423,c2870681-54e1-95d0-399a-196f22db5299,1,bruteforce,0,NoAlert,A_AUTH_FAIL_SINGLE,7.801
2026081423,a2e61dd8-0ce4-0d9f-d5c1-6258d510c983,1,bruteforce,0,NoAlert,A_AUTH_FAIL_SINGLE,7.7
2026081423,7d9f4e7d-cbc7-ebd7-0f87-7aff9052cb00,1,bruteforce,0,NoAlert,A_AUTH_FAIL_SINGLE,7.601
2026081423,90ef6af5-1911-6c4f-caa1-d914fe0fb763,1,bruteforce,1,Violation,D_BRUTEFORCE,8.6
2026081423,c061bf46-ab59-c3e2-5e74-7cabde4263ea,1,bruteforce,1,Violation,D_BRUTEFORCE,8.301
2026081423,57364c24-dd1e-788a-bbd1-2810d7714ad2,1,path_traversal,1,Violation,D_TRAVERSAL,6.0
2026081423,fad56384-49c4-191e-f1bc-5dc986cd63a2,0,benign_status,0,NoAlert,A_STATUS,5.801
2026081423,1ecec388-82c8-6a67-9cbe-e96e480344e9,0,benign_login,0,NoAlert,A_AUTH,6.0
2026081423,473307dc-7c7d-fb72-72d8-cf04df44cc34,0,benign_login,0,NoAlert,A_AUTH,6.301
2026081423,2d697376-9174-fa9e-c78a-ece41f247eec,0,benign_public,0,NoAlert,A_PUBLIC,9.8
2026081423,19bdfb3e-6cf5-d9da-e2df-a0caf2be159a,0,benign_status,0,NoAlert,A_STATUS,5.801
2026081423,319bd0ea-f586-c4f6-7aa4-e77ec887511b,0,benign_public,0,NoAlert,A_PUBLIC,6.0
2026081423,805556c0-5f8b-d021-0cb3-ed8f3bba0e62,0,benign_status,0,NoAlert,A_STATUS,5.701
2026081423,abc909bc-ec1c-4a0a-bcba-a4c382e2b6bd,0,benign_login,0,NoAlert,A_AUTH,5.8
2026081423,c8924ed5-b647-ecab-4907-e34d2f1f9e39,0,benign_public,0,NoAlert,A_PUBLIC,6.1
2026081423,491b98c3-d6d9-3875-53d4-450067b5cc5f,0,benign_login,0,NoAlert,A_AUTH,5.801
2026081423,0d6db5f3-664f-db6a-99e4-076f04d514e1,0,benign_public,0,NoAlert,A_PUBLIC,6.0
2026081423,dba22ed8-ed34-e231-3361-167b3f177132,0,benign_public,0,NoAlert,A_PUBLIC,6.201
2026081423,3d1a4eb2-37ac-0017-79f6-9df3df956e4b,0,benign_login,0,NoAlert,A_AUTH,5.7
2026081423,191454a3-4e0d-9ec6-8145-4564bb3fff85,0,benign_status,0,NoAlert,A_STATUS,6.201
2026081423,ab032968-ef70-2384-53ba-376795132d1b,0,benign_status,0,NoAlert,A_STATUS,5.7
2026081423,893e0eb4-118f-1d83-bf23-7b636d4b8d15,0,benign_status,0,NoAlert,A_STATUS,5.701
2026081423,9cb57100-7d78-0ced-f85a-6200e6fed87f,0,benign_public,0,NoAlert,A_PUBLIC,5.9
2026081423,9d63e3ef-e87e-346c-8753-8574f1d6056c,0,benign_public,0,NoAlert,A_PUBLIC,5.6
2026081423,cdb3190b-6573-17ff-8560-be799326d923,1,admin_probe,1,Violation,D_ADMIN,6.001
2026081423,8feac549-8bf6-e1e9-c46c-c24f6beebc92,0,benign_status,0,NoAlert,A_STATUS,5.8
2026081423,a8bdbf3d-c8d2-4e52-f94a-531b674ebc19,0,benign_public,0,NoAlert,A_PUBLIC,5.601
2026081423,1b81739e-eb61-bb6c-aca0-65ed132ba4b5,0,benign_public,0,NoAlert,A_PUBLIC,5.6
2026081423,7899aed2-bc4a-3a4a-aafb-1e6f7baf64cf,1,path_traversal,1,Violation,D_TRAVERSAL,5.7
2026081423,31d5ecec-b33b-3e47-863a-2dcc6a1aa171,0,benign_status,0,NoAlert,A_STATUS,5.801
2026081423,59e0487b-aef9-697d-6e0c-2e4bee53c623,0,benign_login,0,NoAlert,A_AUTH,5.8
2026081423,fb0a92dc-6232-25a4-7189-54139be245b4,0,benign_status,0,NoAlert,A_STATUS,6.001
2026081423,39b4838d-d647-15b7-d6b5-57c2fa92c89c,0,benign_login,0,NoAlert,A_AUTH,5.5
2026081423,80457166-3cee-fa61-5933-9fc202a4d39d,0,benign_status,0,NoAlert,A_STATUS,5.701
2026081423,7b7ee0fa-b02e-6acc-2890-f2aef5a1b7c7,1,bruteforce,0,NoAlert,A_AUTH_FAIL_SINGLE,7.8
2026081423,dff84864-949a-4151-1bdf-2b559aeab193,1,bruteforce,0,NoAlert,A_AUTH_FAIL_SINGLE,7.401
2026081423,5a6475e9-d61b-157b-6e39-15f82586be79,1,bruteforce,0,NoAlert,A_AUTH_FAIL_SINGLE,7.3
2026081423,77ea2ce5-1503-7219-be72-2e3deb9fb5f8,1,bruteforce,1,Violation,D_BRUTEFORCE,8.201
2026081423,2efdfa0e-2c47-122e-63d5-d2b42c956913,1,bruteforce,1,Violation,D_BRUTEFORCE,8.2
2026081423,699b59be-6e81-4bb8-e0af-7ba9967ca8da,0,benign_public,0,NoAlert,A_PUBLIC,5.901
2026081423,015b3bd2-b6d6-4b48-aa95-a11462656f7c,0,benign_status,0,NoAlert,A_STATUS,5.7
2026081423,fd6ee9fa-eb78-8d1c-1198-86826063e126,1,admin_probe,1,Violation,D_ADMIN,6.001
2026081423,ef507f41-86ad-f83e-9a54-e81d39ac333e,0,benign_status,0,NoAlert,A_STATUS,5.7
2026081423,95423f08-cd0a-f506-0cdd-ccfcdd6b3c7f,0,benign_login,0,NoAlert,A_AUTH,5.6
2026081423,04a58549-9370-babc-9eba-9d1b7fd7c598,0,benign_login,0,NoAlert,A_AUTH,5.601
2026081423,2e053964-740d-61ea-51bb-14af37d4e8d1,0,benign_public,0,NoAlert,A_PUBLIC,5.7
2026081423,56fa73af-2dfa-69d7-e700-edf6df646e17,0,benign_status,0,NoAlert,A_STATUS,5.601
2026081423,3e17cf1d-97cc-5a97-72c7-9803c9590b4c,0,benign_public,0,NoAlert,A_PUBLIC,5.8
2026081423,91bec1c6-64bf-edfd-e645-80964a997ba0,0,benign_login,0,NoAlert,A_AUTH,7.501
2026081423,89eba576-8590-c41e-be90-d219dbe00e87,0,benign_status,0,NoAlert,A_STATUS,6.1
2026081423,b4a82861-cf8b-3a02-e223-2b87c8634530,0,benign_login,0,NoAlert,A_AUTH,5.8
2026081423,cf1dcf6b-8d8e-cd32-6bed-99dbdc0be6d8,1,path_traversal,1,Violation,D_TRAVERSAL,5.801
2026081423,ffc4145a-b032-743d-64f8-3da629175e1f,0,benign_status,0,NoAlert,A_STATUS,5.7
2026081423,dbaa92d2-89c6-ca74-7878-9aaec96c9f4e,1,bruteforce,0,NoAlert,A_AUTH_FAIL_SINGLE,7.601
2026081423,f7dd098d-0870-2980-970b-dc27eeabb828,1,bruteforce,0,NoAlert,A_AUTH_FAIL_SINGLE,7.6
2026081423,f8f2e5c8-be2b-b5d5-8cff-fe141069196f,1,bruteforce,0,NoAlert,A_AUTH_FAIL_SINGLE,7.301
2026081423,64757d4d-9a1d-f782-b455-d28669f34d8f,1,bruteforce,1,Violation,D_BRUTEFORCE,8.3
2026081423,c4ef9b73-103a-73e5-3f22-14178b680eb4,1,bruteforce,1,Violation,D_BRUTEFORCE,8.201
2026081423,80c1def4-344e-2bc2-0552-97051e42c795,0,benign_status,0,NoAlert,A_STATUS,5.8
2026081423,978cee41-b57f-0d97-d6e2-41f81785e000,0,benign_public,0,NoAlert,A_PUBLIC,5.701
2026081423,96182e70-e4ea-8d24-74c2-90cc8bb61983,0,benign_login,0,NoAlert,A_AUTH,5.7
2026081423,f4b8fa7e-230c-ffd6-bbf8-5a96d15453d0,1,admin_probe,1,Violation,D_ADMIN,5.901
2026081423,33c9ffc2-8c54-f7ff-999f-2d59b60dec6b,0,benign_login,0,NoAlert,A_AUTH,5.7
2026081423,681dc48a-208f-26e9-fe74-133b0e4bcc83,0,benign_public,0,NoAlert,A_PUBLIC,26.802
2026081423,56c204b5-efa9-d780-c934-14b7f3cafd69,0,benign_public,0,NoAlert,A_PUBLIC,6.2
2026081423,5ac2831a-14e3-014e-889d-beeb8458b174,0,benign_status,0,NoAlert,A_STATUS,5.901
2026081423,7e75a7bf-a744-ec1a-68c1-072450125ba2,1,path_traversal,1,Violation,D_TRAVERSAL,6.3
2026081423,b11dbed0-d2dd-ce50-963c-8d6e2fd7ea83,1,path_traversal,1,Violation,D_TRAVERSAL,6.001
2026081423,bb2adc7b-1ed3-6940-b651-be5733b5b5aa,0,benign_public,0,NoAlert,A_PUBLIC,22.201
2026081423,90cf8224-04c7-ccc3-5e36-027d1d8b4d34,0,benign_login,0,NoAlert,A_AUTH,6.001
2026081423,fcd63935-8a9e-f59f-e153-1d889fbb388d,0,benign_public,0,NoAlert,A_PUBLIC,5.6
2026081423,ca3c738e-0a4c-d58a-2aa5-bd71cb54895c,0,benign_login,0,NoAlert,A_AUTH,5.5
2026081423,3dee2ced-f3d6-be84-2344-277548f63ee7,0,benign_login,0,NoAlert,A_AUTH,6.001
2026081423,3454a28c-9a88-a294-d9c3-7e58d2d84c1a,0,benign_public,0,NoAlert,A_PUBLIC,5.6
2026081423,8a0d7a78-0cbc-c8fb-be42-aa292ed5449c,0,benign_login,0,NoAlert,A_AUTH,5.601
2026081423,1b9ac0dd-f70e-bb15-b916-0c1ca1878893,1,admin_probe,1,Violation,D_ADMIN,5.8
2026081423,28045870-d8ce-c47a-08f6-35061596a846,1,bruteforce,0,NoAlert,A_AUTH_FAIL_SINGLE,7.801
2026081423,53bad7e2-9c64-a6de-53e6-513ca9fec581,1,bruteforce,0,NoAlert,A_AUTH_FAIL_SINGLE,7.4
2026081423,a03663fb-61ef-592c-4998-5e67f6f744c0,1,bruteforce,0,NoAlert,A_AUTH_FAIL_SINGLE,7.601
2026081423,1f3cf198-938c-5345-3c3c-136f9e64e022,1,bruteforce,1,Violation,D_BRUTEFORCE,8.1
2026081423,6da6a794-633f-eb60-a20b-54a9aad47584,1,bruteforce,1,Violation,D_BRUTEFORCE,8.201
2026081423,c13c23ad-f847-4f2f-ea8d-6729681c2c6b,0,benign_public,0,NoAlert,A_PUBLIC,5.8
2026081423,9029374b-a96d-53af-7dbc-f5af17bcc685,0,benign_status,0,NoAlert,A_STATUS,6.101
2026081423,73d4a50f-f72e-50ac-a19b-965b1c79ebdc,0,benign_status,0,NoAlert,A_STATUS,5.9
2026081423,c3c53d25-afee-b5c5-4f6b-5fb606f5160c,0,benign_login,0,NoAlert,A_AUTH,5.6
2026081423,a055859f-3b8e-059d-d37e-126d9a6d0475,0,benign_status,0,NoAlert,A_STATUS,5.8
2026081423,fff4440d-b8ce-0baf-f8da-8f55744190f3,0,benign_login,0,NoAlert,A_AUTH,6.1
2026081423,7ecd46f3-586f-356f-0338-57ca52138358,1,command_probe,1,Violation,D_COMMAND,7.501
2026081423,8d96c557-7e43-d1ab-773e-6ead891e758f,0,benign_login,0,NoAlert,A_AUTH,5.9
2026081423,cde835f5-bc92-002c-4393-591605db3393,0,benign_status,0,NoAlert,A_STATUS,5.701
2026081423,1c756fb7-c6df-312b-c2c2-4347aa06b7ea,0,benign_login,0,NoAlert,A_AUTH,5.7
2026081423,1cb38071-a13f-357e-1a63-4297ae037d12,0,benign_public,0,NoAlert,A_PUBLIC,5.501
2026081423,58c134cd-0ba7-8da9-804e-3d15dbc83e8c,0,benign_status,0,NoAlert,A_STATUS,5.6
2026081423,9c35b549-7d88-0ad8-a981-75b1eded3cc2,1,bruteforce,0,NoAlert,A_AUTH_FAIL_SINGLE,7.4
2026081423,97e4b701-1c1f-7255-a309-dc88747f28a5,1,bruteforce,0,NoAlert,A_AUTH_FAIL_SINGLE,7.301
2026081423,192ae321-fe69-d014-2ecf-1d05e18db6e4,1,bruteforce,0,NoAlert,A_AUTH_FAIL_SINGLE,7.2
2026081423,3c48acb6-0129-f48c-57f2-79185c8c3da7,1,bruteforce,1,Violation,D_BRUTEFORCE,8.0
2026081423,9040a800-0dc5-caf5-7c85-47d3a49a82f4,1,bruteforce,1,Violation,D_BRUTEFORCE,49.803
2026081423,e3bbf774-b7db-d717-6028-5fdbceb2ef58,0,benign_status,0,NoAlert,A_STATUS,14.501
2026081423,b6300fd6-b83d-c30d-b9ed-4c4d919a9935,0,benign_status,0,NoAlert,A_STATUS,8.501
2026081423,086ac7b0-82cf-d25e-4fd6-82f0affc1a26,0,benign_public,0,NoAlert,A_PUBLIC,6.6
2026081423,28188bad-dc16-ac80-15fb-f4b41e93274b,1,admin_probe,1,Violation,D_ADMIN,6.4
2026081423,baf156e4-ff45-48bd-9461-4beaa80d0d29,1,admin_probe,1,Violation,D_ADMIN,21.101
2026081423,3a8f3232-9b6f-abba-9a50-1f16243db933,0,benign_login,0,NoAlert,A_AUTH,6.101
2026081423,06ecc1a4-3199-3310-0ac2-dc879739b7aa,0,benign_login,0,NoAlert,A_AUTH,5.8
2026081423,40f4a89a-3089-fcec-2c77-2867b5c0ee8c,0,benign_login,0,NoAlert,A_AUTH,5.801
2026081423,f32cbef4-e933-e833-6fe7-a20e7af6a678,0,benign_public,0,NoAlert,A_PUBLIC,6.0
2026081423,33229123-e1ac-6de2-7aa0-88e35ba486fd,0,benign_status,0,NoAlert,A_STATUS,6.101
2026081423,4a5a05d2-e6e6-255b-b16d-66f4b5cbdca6,0,benign_public,0,NoAlert,A_PUBLIC,5.9
2026081423,6509b5f1-711f-155c-ef6d-fb7ba343c676,1,command_probe,1,Violation,D_COMMAND,5.9
2026081423,c254a0a0-2bcb-6319-22ae-5b02a1b00f38,0,benign_public,0,NoAlert,A_PUBLIC,5.601
2026081423,98ea1370-956f-70ed-86bc-d5b86ee12708,0,benign_status,0,NoAlert,A_STATUS,5.7
2026081423,63854dee-48ef-1e21-3b01-fcdca6970e32,1,bruteforce,0,NoAlert,A_AUTH_FAIL_SINGLE,8.701
2026081423,a7db118c-0619-21ba-bc31-d2c3890dfb9b,1,bruteforce,0,NoAlert,A_AUTH_FAIL_SINGLE,8.2
2026081423,097678c1-a46a-77a0-3009-d2ba8d3cacb1,1,bruteforce,0,NoAlert,A_AUTH_FAIL_SINGLE,7.801
2026081423,14737d8c-ef53-f3da-8287-b6dd590ba962,1,bruteforce,1,Violation,D_BRUTEFORCE,9.101
2026081423,beef9a58-e08a-923a-0cea-b1e7afcf9302,1,bruteforce,1,Violation,D_BRUTEFORCE,8.8
2026081423,948cb4b0-1408-48bf-36c3-c24b759afaec,0,benign_login,0,NoAlert,A_AUTH,6.001
2026081423,3e5f8c0a-7a34-4ee3-116d-d48d51026172,0,benign_login,0,NoAlert,A_AUTH,5.6
2026081423,1fa8dbe9-6e86-dbc5-8256-85d7dce97801,1,path_traversal,1,Violation,D_TRAVERSAL,5.8
2026081423,b7153a7d-8c4f-2264-5a47-e63609085b93,0,benign_status,0,NoAlert,A_STATUS,5.7
2026081423,50244970-ec8c-ab82-87ee-97bf89b9cd27,1,bruteforce,0,NoAlert,A_AUTH_FAIL_SINGLE,7.6
2026081423,13bbd79b-11aa-a097-92f7-e3673092be88,1,bruteforce,0,NoAlert,A_AUTH_FAIL_SINGLE,7.401
2026081423,89486d09-e0f1-a6c6-408b-fd89f8274af8,1,bruteforce,0,NoAlert,A_AUTH_FAIL_SINGLE,7.4
2026081423,1216f097-5eb1-e702-3328-a1a42d327a0a,1,bruteforce,1,Violation,D_BRUTEFORCE,8.3
2026081423,7d52a7ae-0067-e27d-6d44-7603d3b87aad,1,bruteforce,1,Violation,D_BRUTEFORCE,8.501
2026081423,0a10f9b3-60f2-89cf-e805-09a58fe34222,0,benign_public,0,NoAlert,A_PUBLIC,5.8
2026081423,aa786f58-be7d-6e61-b5d6-852a9d1d75bb,0,benign_public,0,NoAlert,A_PUBLIC,6.001
2026081423,38fab1db-8d9b-9f28-f3df-9d08551a1adc,0,benign_status,0,NoAlert,A_STATUS,5.6
2026081423,41292630-6ed8-5bbf-1d8c-3ca95d8b06c5,1,path_traversal,1,Violation,D_TRAVERSAL,6.5
2026081423,ceda748d-a9ed-962f-531d-0cf0c08cc794,0,benign_status,0,NoAlert,A_STATUS,5.701
2026081423,f1f5a405-3af3-458a-2b55-52060bbbda98,0,benign_login,0,NoAlert,A_AUTH,5.9
2026081423,1170d73f-d187-e536-f8ef-d9c538a6b759,0,benign_login,0,NoAlert,A_AUTH,5.701
2026081423,613e7df8-6182-d034-f273-cd4b5ef3a67e,0,benign_public,0,NoAlert,A_PUBLIC,5.7
2026081423,b1ae1b5a-611d-ed70-d10a-c99f538ec6c2,0,benign_login,0,NoAlert,A_AUTH,5.7
2026081423,0fca05e1-e502-258a-b06c-67c47070de8d,0,benign_public,0,NoAlert,A_PUBLIC,5.8
2026081423,9e0faec1-8ec6-d233-a7df-20bb63420949,0,benign_login,0,NoAlert,A_AUTH,5.8
2026081423,01190f51-3e56-c341-d715-4ce7aeced366,0,benign_login,0,NoAlert,A_AUTH,5.501
2026081423,2f4f2b6a-335b-cc05-09cf-d8c3c375ecbf,1,bruteforce,0,NoAlert,A_AUTH_FAIL_SINGLE,7.5
2026081423,a502d93b-f103-7483-2430-35ac56200a6e,1,bruteforce,0,NoAlert,A_AUTH_FAIL_SINGLE,7.601
2026081423,86dae433-0aa8-0fb9-6617-0214c2e1d15b,1,bruteforce,0,NoAlert,A_AUTH_FAIL_SINGLE,7.5
2026081423,39eddff9-4f23-710a-53dc-694be95b1452,1,bruteforce,1,Violation,D_BRUTEFORCE,8.201
2026081423,f2ffc29d-62ae-a3b0-453d-da5ebfe13180,1,bruteforce,1,Violation,D_BRUTEFORCE,8.1
2026081423,970c1c93-6164-a2d9-1fad-d9e3fe7bde37,0,benign_login,0,NoAlert,A_AUTH,6.001
2026081423,7b2411c1-a0b9-81ae-9006-b7763e06843a,0,benign_login,0,NoAlert,A_AUTH,5.8
2026081423,7f2833ec-550e-ec97-d343-82fac8b9ed77,0,benign_status,0,NoAlert,A_STATUS,5.701
2026081423,b07a0244-28ba-8f89-f770-11300dd62656,0,benign_status,0,NoAlert,A_STATUS,5.6
2026081423,39bdc998-1d59-39d6-2671-b466921d0972,0,benign_public,0,NoAlert,A_PUBLIC,5.601
2026081423,c29f4d81-7247-555f-63fb-64e876544439,0,benign_public,0,NoAlert,A_PUBLIC,5.9
2026081423,9d78cb3c-818f-b388-9e4b-c8c1f3fb0e64,0,benign_status,0,NoAlert,A_STATUS,5.8
2026081423,2a68ba65-b954-b439-da7d-0f7824472e2e,0,benign_login,0,NoAlert,A_AUTH,5.801
2026081423,07444028-93af-643b-2536-83f12b7d228d,0,benign_login,0,NoAlert,A_AUTH,5.8
2026081423,ee5a0a4e-c8d9-157e-db2d-6d7aae6578a3,0,benign_public,0,NoAlert,A_PUBLIC,5.701
2026081423,0f69b593-fa77-234e-a37b-03d101ea4f07,0,benign_login,0,NoAlert,A_AUTH,6.1
2026081423,835fbc35-5664-7600-1ccb-df44e9b22f44,0,benign_status,0,NoAlert,A_STATUS,5.801
2026081423,1d39d585-2931-7248-4027-3ad485625dad,0,benign_public,0,NoAlert,A_PUBLIC,5.6
2026081423,19c3f83b-cf1a-2936-4a5c-9cd44f3fb045,0,benign_status,0,NoAlert,A_STATUS,5.5
2026081423,b745821c-87cf-d644-673c-211ab63d910f,0,benign_status,0,NoAlert,A_STATUS,5.701
2026081423,d7312d5a-fc9e-b4e0-efe2-41cfe92a99f1,0,benign_status,0,NoAlert,A_STATUS,5.7
2026081423,8cbc3bb6-99e5-167c-6d11-a68adf59aaf9,0,benign_login,0,NoAlert,A_AUTH,5.601
2026081423,ecede25c-c5dd-d487-d8a5-b06ad9ecf539,0,benign_public,0,NoAlert,A_PUBLIC,5.5
2026081423,01273878-f542-992a-4732-9418cc707556,0,benign_login,0,NoAlert,A_AUTH,5.7
2026081423,a8335151-955d-94cd-cda8-91b265db0aad,1,bruteforce,0,NoAlert,A_AUTH_FAIL_SINGLE,7.5
2026081423,f8c7cf6b-6933-3daf-3538-9841c1e9693a,1,bruteforce,0,NoAlert,A_AUTH_FAIL_SINGLE,7.701
2026081423,faae0ce0-00d2-5337-b850-dc9edbb5b908,1,bruteforce,0,NoAlert,A_AUTH_FAIL_SINGLE,7.4
2026081423,6dc8479a-8397-41ec-c02c-297fef3bb7b4,1,bruteforce,1,Violation,D_BRUTEFORCE,8.201
2026081423,3cabf063-34b5-b242-6cc9-2ae4b08ce8cb,1,bruteforce,1,Violation,D_BRUTEFORCE,8.2
2026081423,58559011-a244-599b-476c-f39088da1d82,0,benign_login,0,NoAlert,A_AUTH,5.801
2026081423,a3e6ee57-3d1e-78fc-bfbf-2987fdd6481b,0,benign_public,0,NoAlert,A_PUBLIC,5.7
2026081423,991b679b-9527-5d8d-5a96-aed3dee5c9f9,0,benign_public,0,NoAlert,A_PUBLIC,5.8
2026081423,abed4565-704c-2ad6-6bcf-7414a3be6b11,0,benign_login,0,NoAlert,A_AUTH,5.9
2026081423,9eeee0c8-335a-e117-57cb-4af92f02075d,0,benign_login,0,NoAlert,A_AUTH,5.7
2026081423,811c8c4e-5a1f-edde-90af-6462a9842835,0,benign_login,0,NoAlert,A_AUTH,5.901
2026081423,35019512-4ef3-18de-aaa8-b30b72a56663,1,command_probe,1,Violation,D_COMMAND,5.9
2026081423,076e1111-8694-f781-5957-ee744feab6f2,0,benign_status,0,NoAlert,A_STATUS,5.601
2026081423,f740df54-278c-5956-116d-cba4b9ef0b32,1,admin_probe,1,Violation,D_ADMIN,5.9
2026081423,e5f62132-2cfc-840f-691a-db0c52dbedf0,0,benign_login,0,NoAlert,A_AUTH,5.7
2026081423,5098464e-6bf2-d3a9-6525-53c6931dc0f3,0,benign_public,0,NoAlert,A_PUBLIC,5.601
2026081423,887cd9f1-0ab6-deb0-31b1-2bd41d449569,0,benign_login,0,NoAlert,A_AUTH,5.5
2026081423,53eff4a4-1f0a-2dee-65e1-4dcae69951a5,0,benign_status,0,NoAlert,A_STATUS,5.601
2026081423,16436cf8-782e-20f5-1ed6-1e2536fa61c9,0,benign_status,0,NoAlert,A_STATUS,5.6
2026081423,b0b50aad-e299-01b6-edb6-ab1fc88ddb71,0,benign_login,0,NoAlert,A_AUTH,5.8
2026081423,e0458827-1b97-7690-ff70-802253b627a2,0,benign_status,0,NoAlert,A_STATUS,5.601
2026081423,51f620c2-15e5-6781-d31e-27ece454ee8a,0,benign_status,0,NoAlert,A_STATUS,5.8
2026081423,75588da3-d115-e11a-3e6e-f299915d4f0d,0,benign_public,0,NoAlert,A_PUBLIC,5.901
2026081423,b53b0501-e164-7323-6916-e23d18aac159,1,bruteforce,0,NoAlert,A_AUTH_FAIL_SINGLE,7.8
2026081423,5eaf06ce-dc1d-9fd8-be51-1ae8eabdc492,1,bruteforce,0,NoAlert,A_AUTH_FAIL_SINGLE,7.501
2026081423,6a06bac8-6c73-b988-b521-17e87a886db2,1,bruteforce,0,NoAlert,A_AUTH_FAIL_SINGLE,7.2
2026081423,316cc6a1-0e80-7c9b-cc38-eaec20ee4a27,1,bruteforce,1,Violation,D_BRUTEFORCE,8.201
2026081423,f29b1a94-1f96-3e12-ce55-e4ae81c911b5,1,bruteforce,1,Violation,D_BRUTEFORCE,8.3
2026081423,1501b1d5-53f0-18b8-144d-7fec96ff929d,0,benign_login,0,NoAlert,A_AUTH,5.901
2026081423,5d50470f-8daa-56a5-a242-92ab3114dfc7,0,benign_status,0,NoAlert,A_STATUS,6.0
2026081423,8b49f62a-c302-01da-afad-56cb3a24b6d9,0,benign_login,0,NoAlert,A_AUTH,5.701
2026081423,c0189056-02af-cd05-9a91-877398e33a63,0,benign_status,0,NoAlert,A_STATUS,5.8
2026081423,a09d53dd-e2c7-be32-8db3-eaadce69f565,1,path_traversal,1,Violation,D_TRAVERSAL,5.7
2026081423,942ca501-e6d0-b3cc-2325-74116bf1bb7e,0,benign_status,0,NoAlert,A_STATUS,5.6
2026081423,bd9a85d3-a6da-aff2-73c6-b47892edb184,0,benign_login,0,NoAlert,A_AUTH,5.8
2026081423,7b2def39-db67-f99d-1ba1-c9fabdbfcba8,0,benign_status,0,NoAlert,A_STATUS,5.401
2026081423,16d7cfc4-10d5-d349-2797-2047c7049c8e,0,benign_public,0,NoAlert,A_PUBLIC,5.6
2026081423,cb8dfbda-f2a4-7810-44c0-fa8e0b3558ea,1,bruteforce,0,NoAlert,A_AUTH_FAIL_SINGLE,7.301
2026081423,0fee0964-ea50-d288-37d0-e6f9f166e4cd,1,bruteforce,0,NoAlert,A_AUTH_FAIL_SINGLE,7.3
2026081423,b5ed2d75-89cb-8ea4-2cd3-1fd87d3fa4d5,1,bruteforce,0,NoAlert,A_AUTH_FAIL_SINGLE,7.501
2026081423,63fdc740-d108-8ba0-8526-2877c34df7c1,1,bruteforce,1,Violation,D_BRUTEFORCE,8.2
2026081423,265368a0-4953-b2a4-527a-d3283d8d51c1,1,bruteforce,1,Violation,D_BRUTEFORCE,8.201
2026081423,b8f92b37-8a46-6a95-53b3-d386078885c8,0,benign_login,0,NoAlert,A_AUTH,5.8
2026081423,b2aebcdb-8bb1-b881-97f3-7fbe5a8562db,0,benign_public,0,NoAlert,A_PUBLIC,5.701
2026081423,fa278247-96bc-8294-2986-66d693df8841,0,benign_public,0,NoAlert,A_PUBLIC,5.6
2026081423,fe91b343-9996-a8c9-d9f2-31a4276159e2,0,benign_public,0,NoAlert,A_PUBLIC,5.6
2026081423,2c353b86-b933-a9e5-ccf4-dd9329129bb0,0,benign_public,0,NoAlert,A_PUBLIC,5.701
2026081423,ff987dc1-93d7-b948-e9aa-2190e4207b6b,0,benign_public,0,NoAlert,A_PUBLIC,5.6
2026081423,e342e7c2-c2d9-dccf-9d7a-7ae456d9309b,1,command_probe,1,Violation,D_COMMAND,5.601
2026081423,6427dc0b-9a67-ed17-928e-c1a8b740c06d,1,bruteforce,0,NoAlert,A_AUTH_FAIL_SINGLE,7.4
2026081424,50fa9b37-6331-5710-f8c5-48af55814559,0,benign_public,0,NoAlert,A_PUBLIC,20.701
2026081424,a012c3e3-9849-66f6-e309-204101640ccb,0,benign_login,0,NoAlert,A_AUTH,9.4
2026081424,6387d14c-51c2-9659-724c-d054b07f4e4a,0,benign_login,0,NoAlert,A_AUTH,7.301
2026081424,1251afdf-ded2-874f-a5fd-ad6e980957a3,0,benign_status,0,NoAlert,A_STATUS,6.5
2026081424,5ab56a97-84e4-51d9-424e-0f8b6ab5d405,0,benign_login,0,NoAlert,A_AUTH,6.201
2026081424,7e127f2f-7b6f-89c5-a993-72f3a582f661,0,benign_status,0,NoAlert,A_STATUS,7.0
2026081424,e8b46ddb-2b3e-5693-714f-24122d5e3229,0,benign_status,0,NoAlert,A_STATUS,6.301
2026081424,67f7e9a3-79e5-0cde-c1a3-76dfc108c7ba,0,benign_login,0,NoAlert,A_AUTH,6.1
2026081424,9765221f-8b42-5043-fbd0-bfb3cf2165fe,0,benign_status,0,NoAlert,A_STATUS,6.101
2026081424,0e1cf8b0-c746-5aaf-3365-e38013763e93,0,benign_public,0,NoAlert,A_PUBLIC,6.6
2026081424,bb46dd73-875f-abf9-ed13-063ad108a62b,0,benign_public,0,NoAlert,A_PUBLIC,5.8
2026081424,0e70d388-db47-2f24-a3b0-e568975fd6c7,0,benign_status,0,NoAlert,A_STATUS,5.801
2026081424,48d61e01-4846-487a-4b1d-5fc71d101843,0,benign_status,0,NoAlert,A_STATUS,5.5
2026081424,598ce467-0839-6ef9-d8b2-725fccf6c8df,0,benign_login,0,NoAlert,A_AUTH,5.501
2026081424,46cf7b26-7931-f50e-9846-2b5457b96111,0,benign_public,0,NoAlert,A_PUBLIC,5.8
2026081424,512dd49d-d599-b1c5-a18a-c709092056da,0,benign_public,0,NoAlert,A_PUBLIC,5.7
2026081424,308ecb78-7c11-b8e0-9d01-14826e597b73,0,benign_public,0,NoAlert,A_PUBLIC,5.701
2026081424,014321a2-5b03-69bd-f6f8-c0f98e2f6cbe,1,path_traversal,1,Violation,D_TRAVERSAL,6.1
2026081424,3552c722-78a2-8389-d3c0-b1851e8d3c41,1,admin_probe,1,Violation,D_ADMIN,6.101
2026081424,82be6508-e92a-dbc7-9c24-eb644963b7b7,0,benign_public,0,NoAlert,A_PUBLIC,6.0
2026081424,dbe01395-119e-ff7e-c521-5ac7f910b0c4,0,benign_status,0,NoAlert,A_STATUS,5.901
2026081424,0338ccea-078a-a62a-d941-8655453084cf,1,admin_probe,1,Violation,D_ADMIN,6.0
2026081424,4b1035ba-b903-39c1-c4a2-8bb73d221d31,0,benign_status,0,NoAlert,A_STATUS,5.8
2026081424,c8d366f9-9e5e-ccd0-3465-0bc0c24eafa9,1,command_probe,1,Violation,D_COMMAND,6.301
2026081424,ebdfe5a6-0ea0-9be6-a643-bd100a66484e,0,benign_status,0,NoAlert,A_STATUS,5.6
2026081424,6c703f9a-bc48-0048-a1fc-50533b293cb6,0,benign_public,0,NoAlert,A_PUBLIC,5.601
2026081424,0733073b-e513-fccc-4a03-23be8e239de7,1,path_traversal,1,Violation,D_TRAVERSAL,5.9
2026081424,01d5be7c-9b42-430a-f1b4-8b8b64068264,0,benign_public,0,NoAlert,A_PUBLIC,5.501
2026081424,3020287d-cde6-5066-7500-7da0a1912742,1,bruteforce,0,NoAlert,A_AUTH_FAIL_SINGLE,10.9
2026081424,c86ab82f-eef7-a6c5-72c0-6cc526cd6825,1,bruteforce,0,NoAlert,A_AUTH_FAIL_SINGLE,8.401
2026081424,d01a73cf-9395-61f0-5425-e7d3dc2bcd5c,1,bruteforce,0,NoAlert,A_AUTH_FAIL_SINGLE,7.8
2026081424,21a21715-ff19-7010-8695-3f4e7d734da2,1,bruteforce,1,Violation,D_BRUTEFORCE,9.2
2026081424,fcb8d22a-ac81-f329-be09-05ec346d8acf,1,bruteforce,1,Violation,D_BRUTEFORCE,8.801
2026081424,7c2d3188-a812-cf7d-f8f7-245bc5ef3c71,0,benign_status,0,NoAlert,A_STATUS,6.0
2026081424,139592d7-4a85-c6f5-54ca-f0a53fd844e7,0,benign_status,0,NoAlert,A_STATUS,5.801
2026081424,edf53850-d6c2-e9ad-3bb1-e637b0244bbb,1,bruteforce,0,NoAlert,A_AUTH_FAIL_SINGLE,8.0
2026081424,2718a1fb-251e-1846-6e6e-2e282591626f,1,bruteforce,0,NoAlert,A_AUTH_FAIL_SINGLE,7.901
2026081424,b7ce6363-7cbb-c27c-eca9-7933401e5676,1,bruteforce,0,NoAlert,A_AUTH_FAIL_SINGLE,7.8
2026081424,80a955ad-2f22-c1f5-523d-ce5626a579b9,1,bruteforce,1,Violation,D_BRUTEFORCE,8.401
2026081424,854433b9-61d6-5bd5-08cb-6932581f9dd3,1,bruteforce,1,Violation,D_BRUTEFORCE,8.4
2026081424,4a036eb4-811e-2166-8af6-e87d40abdae4,0,benign_public,0,NoAlert,A_PUBLIC,6.2
2026081424,4284251d-c5cf-7d19-e9ce-56fd0a041009,0,benign_public,0,NoAlert,A_PUBLIC,6.3
2026081424,9960679e-0572-a0fd-7d0e-e4c1fcb5ef5e,0,benign_public,0,NoAlert,A_PUBLIC,6.001
2026081424,8180ffb2-df29-7381-1285-9c4686718a59,1,bruteforce,0,NoAlert,A_AUTH_FAIL_SINGLE,7.9
2026081424,cd6acc1d-f444-9023-66e5-0d937a01d2d0,1,bruteforce,0,NoAlert,A_AUTH_FAIL_SINGLE,7.901
2026081424,d6e212f1-de5d-2bf5-c135-5595faa166e3,1,bruteforce,0,NoAlert,A_AUTH_FAIL_SINGLE,7.9
2026081424,8cabfaf3-a3cc-28ea-6e2c-fdb5a6e0949b,1,bruteforce,1,Violation,D_BRUTEFORCE,8.7
2026081424,aa4dff9d-d764-fffb-8044-9f9acd81105c,1,bruteforce,1,Violation,D_BRUTEFORCE,8.501
2026081424,10757360-f081-4a99-fbc1-0c68460a71e4,0,benign_login,0,NoAlert,A_AUTH,6.0
2026081424,4fab3044-6183-c8f6-6c6a-e0f45d0aa017,0,benign_public,0,NoAlert,A_PUBLIC,6.001
2026081424,c0bb5297-91b9-0b5b-02df-87cd9f11701d,0,benign_status,0,NoAlert,A_STATUS,5.7
2026081424,78f84b99-00cb-0046-1d65-3607be068bbf,0,benign_public,0,NoAlert,A_PUBLIC,5.9
2026081424,ea024bad-759b-d5c6-24c4-c1402f76ac0d,0,benign_status,0,NoAlert,A_STATUS,5.801
2026081424,fa55233c-4142-bd01-4c00-80c468309438,0,benign_public,0,NoAlert,A_PUBLIC,6.2
2026081424,b8eb989e-2ac6-055b-1859-2000f9b799fd,0,benign_status,0,NoAlert,A_STATUS,5.601
2026081424,ff47fd08-9d73-88ef-0d72-11411b694ce9,1,bruteforce,0,NoAlert,A_AUTH_FAIL_SINGLE,7.7
2026081424,8a166b2e-1f2a-f586-81d3-353e391b2632,1,bruteforce,0,NoAlert,A_AUTH_FAIL_SINGLE,7.601
2026081424,4d031d37-ccb9-f72d-7dbb-b2de0ad0b668,1,bruteforce,0,NoAlert,A_AUTH_FAIL_SINGLE,7.5
2026081424,b0ff1802-bb60-9d6a-4ec0-fd3bdbd570bd,1,bruteforce,1,Violation,D_BRUTEFORCE,8.301
2026081424,a5a30a79-fab7-e423-aebf-aeefb5b17be3,1,bruteforce,1,Violation,D_BRUTEFORCE,8.4
2026081424,5a71a009-2f32-3d20-81a6-a1fe7c4a68cc,1,path_traversal,1,Violation,D_TRAVERSAL,6.001
2026081424,cfd655ee-d7ed-1b5e-748c-257a939a4226,0,benign_public,0,NoAlert,A_PUBLIC,5.8
2026081424,bbf98250-243f-8400-c6df-4e5d93e4fb7c,0,benign_login,0,NoAlert,A_AUTH,23.802
2026081424,0715df6a-098e-c749-ce83-603f0b84310a,0,benign_status,0,NoAlert,A_STATUS,5.9
2026081424,274c1f59-4b09-3da2-9089-524e8615fe1d,0,benign_public,0,NoAlert,A_PUBLIC,5.801
2026081424,469d3af8-7e7b-6f21-e41e-e0a71de7687e,0,benign_login,0,NoAlert,A_AUTH,6.1
2026081424,f0f4e32e-f62b-1cb9-e653-fd292826ec5d,0,benign_login,0,NoAlert,A_AUTH,6.101
2026081424,ffdc96e9-41c8-c6bb-3566-3790e2762bf5,0,benign_status,0,NoAlert,A_STATUS,6.1
2026081424,b47734ea-579e-7189-26e2-44ea8a0ef4a8,0,benign_login,0,NoAlert,A_AUTH,5.8
2026081424,6bcc3cc5-2178-1198-0f25-e9d95abc3375,0,benign_login,0,NoAlert,A_AUTH,5.8
2026081424,dec2824f-691f-32a2-d4ce-624727833281,0,benign_status,0,NoAlert,A_STATUS,11.101
2026081424,1764604d-ff96-6755-ac3d-fcf5ac449beb,0,benign_status,0,NoAlert,A_STATUS,6.3
2026081424,fa581013-9593-ca16-a3f0-312caa575d52,0,benign_login,0,NoAlert,A_AUTH,6.201
2026081424,2625b1a0-a1a6-73e8-9d09-9f0dbf1b2a19,0,benign_status,0,NoAlert,A_STATUS,6.6
2026081424,2ac026de-8bfb-8d02-e03c-5011a7517025,0,benign_status,0,NoAlert,A_STATUS,5.9
2026081424,f2d952bc-5a79-b766-46bf-5c7308289a0d,0,benign_login,0,NoAlert,A_AUTH,5.701
2026081424,7fdccd36-5ee8-c651-c1d9-fb6458a7ac06,0,benign_public,0,NoAlert,A_PUBLIC,5.7
2026081424,80564e2e-9200-ec50-87ce-7ae6651639db,0,benign_public,0,NoAlert,A_PUBLIC,5.901
2026081424,3c297a9c-c141-cba4-d670-aaff070f3dd8,1,path_traversal,1,Violation,D_TRAVERSAL,6.1
2026081424,2aaf7098-4417-0899-817a-a275b31dc0fa,0,benign_status,0,NoAlert,A_STATUS,5.801
2026081424,06ff7968-a86e-f5bb-afa9-3876ef1aeaf5,0,benign_login,0,NoAlert,A_AUTH,5.8
2026081424,485c20e7-6cd0-3db7-10c8-42057daa8b41,0,benign_login,0,NoAlert,A_AUTH,6.201
2026081424,f334acb4-51d7-998d-ae07-b0d3f621e6c2,0,benign_status,0,NoAlert,A_STATUS,5.7
2026081424,a061d1ca-ba23-5965-ec43-ad069e4fee58,0,benign_login,0,NoAlert,A_AUTH,6.1
2026081424,7dad418a-1e64-9f84-0e12-763932c24cce,0,benign_login,0,NoAlert,A_AUTH,5.901
2026081424,a5e427fa-781f-9d46-58c0-f0d50cafd90f,0,benign_status,0,NoAlert,A_STATUS,6.4
2026081424,a661bbc0-ec2a-c2bc-dab9-d3f2cf682d24,0,benign_public,0,NoAlert,A_PUBLIC,5.901
2026081424,a0bcf730-af82-a014-e2a3-51a3cc0ce067,0,benign_login,0,NoAlert,A_AUTH,6.0
2026081424,a5669455-c3df-3e20-3151-0015aea6e9b6,0,benign_public,0,NoAlert,A_PUBLIC,5.901
2026081424,c04b6866-45d8-0f47-a936-ce0307d4459a,1,command_probe,1,Violation,D_COMMAND,6.1
2026081424,1ab13d33-1d14-fefb-d291-8c24d71d3821,0,benign_status,0,NoAlert,A_STATUS,7.501
2026081424,fa9e24d8-efdf-49a4-521a-c5721c720758,0,benign_public,0,NoAlert,A_PUBLIC,6.1
2026081424,0878509c-b287-e77f-74b2-4ae43db7a083,0,benign_login,0,NoAlert,A_AUTH,5.9
2026081424,4619fb4c-a14f-8539-389f-f93b4bf1495f,0,benign_login,0,NoAlert,A_AUTH,6.001
2026081424,31f3e8f3-814f-4713-6d66-2648f8aefc8e,0,benign_public,0,NoAlert,A_PUBLIC,6.6
2026081424,fca6ad17-e159-1067-fd06-19f8647b74b8,0,benign_login,0,NoAlert,A_AUTH,6.301
2026081424,ce423a9f-2d72-faf9-d6a0-b65ccb9bf18f,0,benign_status,0,NoAlert,A_STATUS,5.9
2026081424,f89c42c5-198f-8c70-2f31-b9b13c9d83fc,0,benign_login,0,NoAlert,A_AUTH,6.101
2026081424,f4146e02-c0e2-fb4c-4412-02fcad5ebb42,0,benign_login,0,NoAlert,A_AUTH,6.2
2026081424,bd2835ca-82d4-bf83-b812-e0df16f73bae,0,benign_login,0,NoAlert,A_AUTH,6.501
2026081424,9d2109e6-db9c-3fcd-df61-bf407b84dea3,0,benign_login,0,NoAlert,A_AUTH,5.7
2026081424,5be94dea-2eed-6a5a-9cb8-d18a214ea6d5,0,benign_public,0,NoAlert,A_PUBLIC,6.5
2026081424,bb195835-5899-f703-9074-19ec08c2c25e,0,benign_public,0,NoAlert,A_PUBLIC,5.601
2026081424,f529def9-073c-d86c-4680-89d1046a8c07,0,benign_login,0,NoAlert,A_AUTH,5.9
2026081424,3c2f55a0-c133-dee7-ea02-fb2388dc4b7f,0,benign_login,0,NoAlert,A_AUTH,6.101
2026081424,a11149e3-1eb6-c64c-62de-ff02b870f22c,0,benign_status,0,NoAlert,A_STATUS,5.9
2026081424,80d9578e-5978-05d6-b4d7-781fdbd17ba7,0,benign_public,0,NoAlert,A_PUBLIC,5.801
2026081424,407ea0df-e116-3c52-ed4c-52f99328966a,1,bruteforce,0,NoAlert,A_AUTH_FAIL_SINGLE,8.5
2026081424,440490cd-747a-1ca7-6625-faf1f9022674,1,bruteforce,0,NoAlert,A_AUTH_FAIL_SINGLE,7.501
2026081424,356d17b3-6ed1-24e5-ea9c-d75cb0cba227,1,bruteforce,0,NoAlert,A_AUTH_FAIL_SINGLE,10.101
2026081424,2cdab813-aa73-f485-ad4f-7cfe17897f8d,1,bruteforce,1,Violation,D_BRUTEFORCE,9.0
2026081424,16b8c695-fa84-0ace-48fc-ea2214c91a7c,1,bruteforce,1,Violation,D_BRUTEFORCE,8.401
2026081424,7691fb5e-a5f9-56e1-068f-eb70da28d26c,0,benign_public,0,NoAlert,A_PUBLIC,6.4
2026081424,6441b932-632a-bfdf-1a7a-5f95adf8005e,0,benign_status,0,NoAlert,A_STATUS,5.901
2026081424,eab7005d-35f4-7291-507b-f5200b4caabc,0,benign_public,0,NoAlert,A_PUBLIC,5.7
2026081424,85027c37-2d3d-fea0-9572-e7863427ed94,0,benign_public,0,NoAlert,A_PUBLIC,5.9
2026081424,e2ba5b94-bcc1-ed98-3561-4b345bc04429,0,benign_public,0,NoAlert,A_PUBLIC,5.6
2026081424,c5665f51-b339-0cda-8650-cc1e2b0f245f,0,benign_status,0,NoAlert,A_STATUS,6.3
2026081424,dc570795-e018-deb9-b82f-3ddcfab70104,0,benign_login,0,NoAlert,A_AUTH,5.901
2026081424,5edefb3a-05df-6cc9-5e36-bee77b36bccc,1,path_traversal,1,Violation,D_TRAVERSAL,6.3
2026081424,31579dea-f54b-27e8-b1b4-5b072d3b0511,0,benign_status,0,NoAlert,A_STATUS,7.001
2026081424,6cf7f329-a3e9-a8e8-b994-5fbead8cdee3,0,benign_public,0,NoAlert,A_PUBLIC,7.3
2026081424,c32995fd-e8cd-2a79-30a4-d53233971557,0,benign_public,0,NoAlert,A_PUBLIC,6.201
2026081424,abc5778c-e6cc-14b8-bb29-29a21b42edc1,0,benign_public,0,NoAlert,A_PUBLIC,6.8
2026081424,f22fb1f9-ca5c-7ff9-bc6b-8f4246a1e1f0,0,benign_status,0,NoAlert,A_STATUS,6.001
2026081424,c382fb6d-74cd-8406-9e96-22535b76a8a9,0,benign_public,0,NoAlert,A_PUBLIC,6.9
2026081424,47af4ea3-ac05-e493-af97-0f3e7a1d26a3,0,benign_login,0,NoAlert,A_AUTH,6.501
2026081424,2035957c-e22d-7e77-70a1-09794733fbaa,0,benign_status,0,NoAlert,A_STATUS,6.4
2026081424,7324b405-16e5-1bec-a025-731b7c476006,0,benign_login,0,NoAlert,A_AUTH,6.901
2026081424,bf61235e-9431-11d2-ddcf-10bc9e1053c5,0,benign_login,0,NoAlert,A_AUTH,6.3
2026081424,6dc5b15d-c9d9-a028-2341-4d8026f8fb81,0,benign_public,0,NoAlert,A_PUBLIC,5.7
2026081424,33a4d2bd-619a-7d33-7f92-53fee309462d,0,benign_status,0,NoAlert,A_STATUS,6.4
2026081424,7428484f-29c2-b1c0-653b-4923498bf0d9,0,benign_status,0,NoAlert,A_STATUS,6.3
2026081424,74e593b8-aa90-c633-44a6-2c51565424b1,0,benign_login,0,NoAlert,A_AUTH,6.401
2026081424,b1d0e470-24b7-08a7-137f-ca51c858932f,0,benign_status,0,NoAlert,A_STATUS,6.8
2026081424,763ab111-57d8-ccc8-867b-da30ca50d7c0,0,benign_public,0,NoAlert,A_PUBLIC,6.001
2026081424,531cc62a-14b0-58cf-6827-2978f5cd893e,0,benign_public,0,NoAlert,A_PUBLIC,6.9
2026081424,984a71fc-592d-f683-9ed7-9959e849b16f,0,benign_public,0,NoAlert,A_PUBLIC,5.901
2026081424,b5814f57-8654-e7d4-c68d-a1e4ffdbc053,0,benign_status,0,NoAlert,A_STATUS,6.2
2026081424,8bd3997f-027c-023f-6375-cc05b18fb28e,0,benign_public,0,NoAlert,A_PUBLIC,5.801
2026081424,8de50045-8937-2eed-d1a4-5599b9a036ed,1,path_traversal,1,Violation,D_TRAVERSAL,6.5
2026081424,bfef0f0c-dd6c-b072-07d8-5322e603926b,0,benign_status,0,NoAlert,A_STATUS,6.701
2026081424,86259a85-d9a2-39cf-d5ff-950cb43b14e1,0,benign_status,0,NoAlert,A_STATUS,7.6
2026081424,6e2aadf1-cc76-66a2-5be0-9d3412fcc60c,0,benign_login,0,NoAlert,A_AUTH,6.601
2026081424,0f440f66-781c-4b8c-96fb-2311d0dcddf7,0,benign_public,0,NoAlert,A_PUBLIC,6.5
2026081424,b2d86d08-127a-b3d5-33f0-fc61fac63460,1,bruteforce,0,NoAlert,A_AUTH_FAIL_SINGLE,8.601
2026081424,b8559973-c185-9d9d-e9b2-6854a490aa03,1,bruteforce,0,NoAlert,A_AUTH_FAIL_SINGLE,10.701
2026081424,20617b41-181c-88b4-55e9-5d4050d156cf,1,bruteforce,0,NoAlert,A_AUTH_FAIL_SINGLE,9.1
2026081424,853724a1-a5e4-7adf-217e-92c8e626ae0c,1,bruteforce,1,Violation,D_BRUTEFORCE,8.601
2026081424,4b7ad355-abf9-2c27-68c5-0b7f35e46ebf,1,bruteforce,1,Violation,D_BRUTEFORCE,11.101
2026081424,6adf6233-9b4b-d83c-3fff-db8fdd7a37bf,1,bruteforce,1,Violation,D_BRUTEFORCE,9.0
2026081424,9fdf9866-540b-d3ae-18dc-285a713ea43b,1,bruteforce,1,Violation,D_BRUTEFORCE,9.801
2026081424,ccb58a81-471a-107d-31af-ab7743417386,1,bruteforce,1,Violation,D_BRUTEFORCE,10.001
2026081424,0a831a42-9615-e924-0c1d-00073744e01a,1,bruteforce,1,Violation,D_BRUTEFORCE,9.7
2026081424,6913d615-c92a-d304-e28e-a534f40ab78b,1,bruteforce,1,Violation,D_BRUTEFORCE,8.901
2026081424,0ca2515d-a8dd-ebfb-43fb-0ff2f5b9de36,0,benign_public,0,NoAlert,A_PUBLIC,6.2
2026081424,ced6cab6-be17-33dd-b19f-6b4575d8da99,0,benign_login,0,NoAlert,A_AUTH,6.1
2026081424,5af58255-ed88-a42e-280d-0c1fbfc3dd22,1,bruteforce,0,NoAlert,A_AUTH_FAIL_SINGLE,8.401
2026081424,3d45ac05-ada0-f37f-e890-71beacb7efa5,1,bruteforce,0,NoAlert,A_AUTH_FAIL_SINGLE,7.8
2026081424,81289cfe-c008-8c6a-09a5-0ff83296280b,1,bruteforce,0,NoAlert,A_AUTH_FAIL_SINGLE,8.001
2026081424,75226354-8849-864a-a35b-2fbad520aa96,1,bruteforce,1,Violation,D_BRUTEFORCE,8.6
2026081424,63545bb2-b347-4d5b-86c8-0a7be20b4b87,1,bruteforce,1,Violation,D_BRUTEFORCE,8.801
2026081424,7c90017a-f79d-ea31-a461-a0f40384d01e,1,bruteforce,1,Violation,D_BRUTEFORCE,8.2
2026081424,f5f6a57b-0d6a-be1e-5737-1f0e955582bd,1,bruteforce,1,Violation,D_BRUTEFORCE,8.5
2026081424,0a8d19ea-6743-8575-d269-90800ec07e2b,1,bruteforce,1,Violation,D_BRUTEFORCE,8.601
2026081424,d7c2c2ee-f887-37e5-3fa0-55312292cea2,1,bruteforce,1,Violation,D_BRUTEFORCE,7.9
2026081424,faeabc64-53a0-e9be-99fc-c6c6073194a3,1,bruteforce,1,Violation,D_BRUTEFORCE,8.001
2026081424,e486773c-5ac5-8d8e-6648-dbf5c36d1a6a,0,benign_login,0,NoAlert,A_AUTH,6.1
2026081424,96de906b-99eb-1ca9-4d19-2e374a4fbc1a,0,benign_status,0,NoAlert,A_STATUS,5.801
2026081424,40619f6f-2497-bda7-3fdd-44e686d79721,0,benign_status,0,NoAlert,A_STATUS,6.0
2026081424,e62bf358-67ca-e56e-9d46-f19d9b2ac4cf,0,benign_status,0,NoAlert,A_STATUS,5.7
2026081424,8e0c0cea-9858-5772-57a6-e68d547d9d45,0,benign_public,0,NoAlert,A_PUBLIC,5.8
2026081424,592b9c23-24b2-d6a9-9c72-d596a71083eb,0,benign_status,0,NoAlert,A_STATUS,5.7
2026081424,9d00d64c-b2b0-8d5a-2a25-f8e4debc2647,1,command_probe,1,Violation,D_COMMAND,6.201
2026081424,03e375fb-3a70-bcc8-4ccf-424e4eee5de1,0,benign_login,0,NoAlert,A_AUTH,5.9
2026081424,8006acbc-ab7e-3bbd-5e39-707a4a0ddb69,1,bruteforce,0,NoAlert,A_AUTH_FAIL_SINGLE,7.501
2026081424,fd493b62-f8fc-3a09-6a77-f5b852a7d0fb,1,bruteforce,0,NoAlert,A_AUTH_FAIL_SINGLE,7.3
2026081424,b5ae3c6d-b000-cfc5-0403-7e362e82fc6b,1,bruteforce,0,NoAlert,A_AUTH_FAIL_SINGLE,7.201
2026081424,9c0427f3-009b-50b6-d2c1-39534646b581,1,bruteforce,1,Violation,D_BRUTEFORCE,8.3
2026081424,3a70d96d-19c2-325e-a98f-8d1258250a64,1,bruteforce,1,Violation,D_BRUTEFORCE,8.501
2026081424,4001cac8-4879-1418-3e96-73f4e831670f,0,benign_public,0,NoAlert,A_PUBLIC,5.8
2026081424,45cfedf0-e222-c7c3-fc0f-954bed8d351d,0,benign_login,0,NoAlert,A_AUTH,6.101
2026081424,38532a2f-52fc-a936-5e16-da7343329d8f,1,command_probe,1,Violation,D_COMMAND,6.2
2026081424,6b6fb174-e820-27b3-c1a5-3599fea68371,1,bruteforce,0,NoAlert,A_AUTH_FAIL_SINGLE,7.401
2026081424,48c06520-75dc-d333-8735-7de21d47b667,1,bruteforce,0,NoAlert,A_AUTH_FAIL_SINGLE,7.3
2026081424,46257c56-cf7d-d93d-3df1-584ba6254e10,1,bruteforce,0,NoAlert,A_AUTH_FAIL_SINGLE,7.201
2026081424,157decda-192b-fed5-a328-75e506fc5cd2,1,bruteforce,1,Violation,D_BRUTEFORCE,7.9
2026081424,8d095d91-47c8-cfe6-878a-1585e6050ea8,1,bruteforce,1,Violation,D_BRUTEFORCE,7.801
2026081424,0bf17b71-e02f-d5ed-e0a8-47023f735b44,0,benign_status,0,NoAlert,A_STATUS,5.8
2026081424,035bb842-34c2-4473-fd3f-4198bf692492,0,benign_status,0,NoAlert,A_STATUS,5.801
2026081424,009f685d-3c49-e745-a763-b7a1c6fc82bf,0,benign_status,0,NoAlert,A_STATUS,5.8
2026081424,7185cfbd-c908-774f-c3cc-5a400b542f0a,0,benign_status,0,NoAlert,A_STATUS,6.301
2026081424,bf182f74-f122-653a-925e-3272f0324a00,0,benign_login,0,NoAlert,A_AUTH,6.1
2026081424,6ed7fd04-354c-e6ea-d8f0-415c7f5de0ee,1,admin_probe,1,Violation,D_ADMIN,6.3
2026081424,df6a1d0a-c2d9-83da-9164-da922fded7c0,0,benign_status,0,NoAlert,A_STATUS,5.8
2026081424,36c7b190-0fcf-c964-3363-bed688f1893a,0,benign_status,0,NoAlert,A_STATUS,5.9
2026081424,c0831aad-c03c-c948-c0b1-a7674a24d9a7,0,benign_login,0,NoAlert,A_AUTH,5.801
2026081424,87bede7f-5a39-d795-98cd-4d859358ec18,0,benign_login,0,NoAlert,A_AUTH,5.5
2026081424,296b465c-4a79-200c-c61f-18f463871d2a,0,benign_login,0,NoAlert,A_AUTH,5.901
2026081424,d354bee2-ded5-8dc8-6cad-a8e263d26e36,0,benign_public,0,NoAlert,A_PUBLIC,5.8
2026081424,1f52674c-a73e-9113-f39b-44431998ca72,0,benign_public,0,NoAlert,A_PUBLIC,5.7
2026081424,3f025deb-112f-cf7e-7bde-072acfb20bb2,0,benign_login,0,NoAlert,A_AUTH,6.001
2026081424,8adc9cd2-cadf-43d1-1383-8c1223e28ccd,1,bruteforce,0,NoAlert,A_AUTH_FAIL_SINGLE,7.6
2026081424,3315f1aa-d2a2-a967-916c-312e01c96804,1,bruteforce,0,NoAlert,A_AUTH_FAIL_SINGLE,7.401
2026081424,6e41a5f5-2735-f53a-f447-c1ede4a7abef,1,bruteforce,0,NoAlert,A_AUTH_FAIL_SINGLE,7.4
2026081424,12419e93-0494-3f89-4dcb-8e272e643847,1,bruteforce,1,Violation,D_BRUTEFORCE,8.301
2026081424,f9933c5d-158e-96fc-b4f2-47796ed647c9,1,bruteforce,1,Violation,D_BRUTEFORCE,8.301
2026081424,08a1ae74-b477-574f-18ec-dd320527907b,1,bruteforce,1,Violation,D_BRUTEFORCE,8.3
2026081424,69d3cc1a-bb40-3a31-5be0-d9800fa1b53b,1,bruteforce,1,Violation,D_BRUTEFORCE,8.201
2026081424,f105e3fc-3b74-071e-f376-e00f461f7f58,1,bruteforce,1,Violation,D_BRUTEFORCE,8.4
2026081424,4996dcb2-db00-ae50-dca4-4725bbcce66e,1,bruteforce,1,Violation,D_BRUTEFORCE,8.101
2026081424,84d8f4bb-f264-da86-6818-e66d618f1594,1,bruteforce,1,Violation,D_BRUTEFORCE,7.9
2026081424,1cb4bd13-5c2f-b789-2c4d-6b2af64c392b,0,benign_login,0,NoAlert,A_AUTH,6.1
2026081424,c1774c16-cae3-704e-9cb0-8da55eb4357a,0,benign_public,0,NoAlert,A_PUBLIC,5.9
2026081424,464e2e3e-b54b-29d3-af37-e714e1738f23,1,bruteforce,0,NoAlert,A_AUTH_FAIL_SINGLE,7.501
2026081424,45430bfa-7303-6a8f-46ad-1f82c1d80181,1,bruteforce,0,NoAlert,A_AUTH_FAIL_SINGLE,7.3
2026081424,504202cb-145a-ffd9-0259-39a92ffb17b5,1,bruteforce,0,NoAlert,A_AUTH_FAIL_SINGLE,8.001
2026081424,91accdc2-ff62-9c3e-0756-a75321daafee,1,bruteforce,1,Violation,D_BRUTEFORCE,8.201
2026081424,118eb754-fb1e-f2ed-7afb-67a1cbbaeae9,1,bruteforce,1,Violation,D_BRUTEFORCE,8.2
2026081424,33814048-3cf6-652b-6594-f9f16c8d286b,1,admin_probe,1,Violation,D_ADMIN,6.401
2026081424,40debbd9-8d89-e3be-628a-c7854c90fd35,0,benign_login,0,NoAlert,A_AUTH,5.9
2026081424,4952c9cc-9863-b632-268a-f1c3c9226821,0,benign_login,0,NoAlert,A_AUTH,5.8
2026081424,171d907a-320d-dddf-5593-2610055060e9,1,bruteforce,0,NoAlert,A_AUTH_FAIL_SINGLE,7.401
2026081424,3633ff4c-4c2b-fd1b-ce4a-09e609585553,1,bruteforce,0,NoAlert,A_AUTH_FAIL_SINGLE,7.6
2026081424,f9f4a771-c1ce-d99d-d1dc-3ba15dcdd84a,1,bruteforce,0,NoAlert,A_AUTH_FAIL_SINGLE,7.301
2026081424,561e4bc6-de07-a5c5-d098-203c8f960058,1,bruteforce,1,Violation,D_BRUTEFORCE,8.1
2026081424,3f7d17ce-3bf1-896a-17fc-6c019be7d506,1,bruteforce,1,Violation,D_BRUTEFORCE,8.2
2026081424,367c4087-341e-0a3f-d05d-798c104eead3,0,benign_public,0,NoAlert,A_PUBLIC,5.9
2026081424,0756af39-7400-7658-d5eb-999cadb6a5dd,0,benign_status,0,NoAlert,A_STATUS,5.7
2026081424,68f6ddfc-6415-413c-00d9-ef1d0c21568c,0,benign_login,0,NoAlert,A_AUTH,5.5
2026081424,a04020bd-4da2-6b54-aefa-b5bcfeb428fe,0,benign_public,0,NoAlert,A_PUBLIC,29.302
2026081424,2b83cbab-64ab-8328-8d19-6e3dd2563429,0,benign_login,0,NoAlert,A_AUTH,13.001
2026081424,99a06625-9764-7522-62f0-cf1974b2ae40,0,benign_login,0,NoAlert,A_AUTH,8.201
2026081424,d9aa92a6-324f-bfa8-663a-932e689ee41c,0,benign_public,0,NoAlert,A_PUBLIC,6.5
2026081424,f0cdeb92-2afe-4ca8-7ddc-d1d7512abbbd,0,benign_public,0,NoAlert,A_PUBLIC,6.101
2026081424,833159f9-447f-5e67-85ef-02f4433ec92c,0,benign_public,0,NoAlert,A_PUBLIC,5.9
2026081424,ce1b9636-2b87-e39a-fe1d-c5482a0f29df,0,benign_public,0,NoAlert,A_PUBLIC,5.901
2026081424,990cc0f2-f6ba-066e-3059-b85b4c26bf5d,0,benign_login,0,NoAlert,A_AUTH,5.8
2026081424,57eeaba1-ba37-c69c-405d-e183c753416c,0,benign_status,0,NoAlert,A_STATUS,5.701
2026081424,500002a0-f7c6-0558-ee82-ea24832289a1,0,benign_login,0,NoAlert,A_AUTH,5.7
2026081424,b26a1d5d-3bdc-0ad5-2a98-1d6f3dbbf745,1,bruteforce,0,NoAlert,A_AUTH_FAIL_SINGLE,8.701
2026081424,bb3adef7-4c0c-371a-550f-3881799da70e,1,bruteforce,0,NoAlert,A_AUTH_FAIL_SINGLE,7.7
2026081424,b3e9eefd-ba39-9d8b-7b98-d5a5e4fec177,1,bruteforce,0,NoAlert,A_AUTH_FAIL_SINGLE,7.601
2026081424,a7ddf2fe-051f-0c48-c7ff-bc050c4bf37d,1,bruteforce,1,Violation,D_BRUTEFORCE,8.6
2026081424,491be6db-8381-7bb2-1ea7-9c7bdd7efb4d,1,bruteforce,1,Violation,D_BRUTEFORCE,8.301
2026081424,4988562b-212e-b13e-b302-35048df8c841,0,benign_public,0,NoAlert,A_PUBLIC,5.9
2026081424,db0a20e1-4bcc-a62e-1556-c168570b7e38,0,benign_status,0,NoAlert,A_STATUS,5.701
2026081424,c17d5347-c049-b49a-f121-01f593b7dfe0,1,bruteforce,0,NoAlert,A_AUTH_FAIL_SINGLE,7.8
2026081424,2e43f47a-58a3-0b20-7edc-e02c58bc7807,1,bruteforce,0,NoAlert,A_AUTH_FAIL_SINGLE,7.601
2026081424,1b670a8d-95fe-94a3-a6aa-0b2ba1b24b78,1,bruteforce,0,NoAlert,A_AUTH_FAIL_SINGLE,7.3
2026081424,22d38e8e-c722-05ab-00dd-bc9282aaf94f,1,bruteforce,1,Violation,D_BRUTEFORCE,8.101
2026081424,667fd392-4ed7-91c4-d913-9c2fbbe434b4,1,bruteforce,1,Violation,D_BRUTEFORCE,8.2
2026081424,c62c1358-3192-f7b0-7de2-3bcc065c1099,0,benign_status,0,NoAlert,A_STATUS,5.801
2026081424,1a3afd50-d28c-d571-6f23-437b24625149,0,benign_public,0,NoAlert,A_PUBLIC,5.8
2026081424,c5b13b3a-fa63-80ee-c332-bf0d468ba6a9,0,benign_status,0,NoAlert,A_STATUS,5.601
2026081424,a68315ac-6a7a-b5d7-f4a2-19954dd4f82c,0,benign_login,0,NoAlert,A_AUTH,5.8
2026081424,77cc8a37-7da8-bcfa-c3b1-577496e6df88,1,bruteforce,0,NoAlert,A_AUTH_FAIL_SINGLE,28.202
2026081424,d00985e1-fa51-6540-bff2-c846e6834f3e,1,bruteforce,0,NoAlert,A_AUTH_FAIL_SINGLE,8.001
2026081424,b1f48136-38dd-98e0-ff6e-53e5d76c5b92,1,bruteforce,0,NoAlert,A_AUTH_FAIL_SINGLE,7.8
2026081424,dda8ff42-6bfe-957a-1d5c-376b657575d6,1,bruteforce,1,Violation,D_BRUTEFORCE,8.701
2026081424,d0843dc6-4354-2d16-195f-f217cc45a720,1,bruteforce,1,Violation,D_BRUTEFORCE,23.301
2026081424,74aa7283-64a3-6fb7-8b06-08e6fe22f6ec,0,benign_status,0,NoAlert,A_STATUS,6.101
2026081424,b6c0aacd-14ed-0b24-f39c-69d10d43cd00,0,benign_login,0,NoAlert,A_AUTH,6.0
2026081424,dd8df4a8-e488-dd79-d375-e879abcf9be1,0,benign_public,0,NoAlert,A_PUBLIC,5.801
2026081424,4699b2e8-7464-0407-64ea-8230301e7c39,0,benign_status,0,NoAlert,A_STATUS,5.8
2026081424,0feaba05-f693-d186-2703-2ab02a3611a7,0,benign_status,0,NoAlert,A_STATUS,6.0
2026081424,3bba8ff0-f09e-0a76-62ff-b8e65fd969ca,0,benign_login,0,NoAlert,A_AUTH,5.701
2026081424,c64273a6-e653-ae1a-55da-11fc398267b8,0,benign_status,0,NoAlert,A_STATUS,5.8
2026081424,3b4b5aa5-83fd-dd08-b11f-9c5dbc0f1074,0,benign_public,0,NoAlert,A_PUBLIC,5.701
2026081424,2fc581b8-966a-90bf-e9e9-ce2b007e7266,0,benign_public,0,NoAlert,A_PUBLIC,5.9
2026081424,48338a7c-abcb-af2e-4e49-bfa8187a6261,1,command_probe,1,Violation,D_COMMAND,6.0
2026081424,2b3edb7a-7441-6b8a-3573-2f0f4d6ee189,0,benign_public,0,NoAlert,A_PUBLIC,5.7
2026081424,b6ecd9d6-b2e6-7e45-6ba2-3c57bf4f152e,0,benign_public,0,NoAlert,A_PUBLIC,5.8
2026081424,c05c99d6-ad3a-47a1-b008-030a62cf0f9d,0,benign_public,0,NoAlert,A_PUBLIC,5.601
2026081424,04827f16-4e75-bfb2-a5a2-d3aca721f7da,0,benign_public,0,NoAlert,A_PUBLIC,5.7
2026081424,4b1927c7-bf0b-2fdb-14ca-416e83e69646,0,benign_status,0,NoAlert,A_STATUS,5.801
2026081424,42ced29f-e624-28d5-e00a-fc9fda7c079a,0,benign_status,0,NoAlert,A_STATUS,5.7
2026081424,66381ed3-be6b-30b4-7fb3-d6104781a753,0,benign_public,0,NoAlert,A_PUBLIC,5.8
2026081424,5f3591fa-a141-2c41-efe4-5e88373456e7,0,benign_public,0,NoAlert,A_PUBLIC,5.801
2026081424,e418961a-fc16-48eb-0eaa-966caf9cc6f8,0,benign_login,0,NoAlert,A_AUTH,5.7
2026081424,a5bf739a-e83a-79c4-ddf6-89b2de1d861a,0,benign_public,0,NoAlert,A_PUBLIC,5.601
2026081424,e9919019-97d1-436d-2d23-0f3a7f271019,0,benign_status,0,NoAlert,A_STATUS,5.7
2026081424,0f1191be-7b42-6e42-a9de-1b6045cfa9f8,1,bruteforce,0,NoAlert,A_AUTH_FAIL_SINGLE,7.601
2026081424,c73a63b3-eca9-5948-33a4-ffbb2ff5de98,1,bruteforce,0,NoAlert,A_AUTH_FAIL_SINGLE,7.6
2026081424,d3835b71-d35f-88af-a972-d66b9aba40c1,1,bruteforce,0,NoAlert,A_AUTH_FAIL_SINGLE,7.601
2026081424,14cff856-d283-ab2b-838f-9975af33eed7,1,bruteforce,1,Violation,D_BRUTEFORCE,8.5
2026081424,aa1c23c0-43e3-463a-8819-1e54b3eee52d,1,bruteforce,1,Violation,D_BRUTEFORCE,8.101
2026081424,ebc5e7cc-d3c6-2d43-5c5a-be38ea0ccd62,0,benign_login,0,NoAlert,A_AUTH,5.9
2026081424,b0d76cc6-b639-d2fc-93f7-95f5d9f1e5eb,0,benign_status,0,NoAlert,A_STATUS,5.701
2026081424,4dc3d3fc-2347-0779-9f9c-0edeebc1c2fc,0,benign_status,0,NoAlert,A_STATUS,5.9
2026081424,f20eee54-82f3-e6ab-1400-32abe63fe526,0,benign_status,0,NoAlert,A_STATUS,5.8
2026081424,ae7af086-ab95-8ddc-c491-490485c01706,0,benign_public,0,NoAlert,A_PUBLIC,5.8
2026081424,300813e4-ad9d-ab02-ecfa-a58d8115a217,0,benign_status,0,NoAlert,A_STATUS,5.6
2026081424,ec02bdfb-f426-6962-1042-a37e88d1d91e,0,benign_public,0,NoAlert,A_PUBLIC,5.701
2026081424,aedf648c-716c-b557-925a-038ff6dc4ff4,0,benign_status,0,NoAlert,A_STATUS,6.0
2026081424,4d98a61d-551d-f436-962b-c02f18d06506,0,benign_status,0,NoAlert,A_STATUS,5.901
2026081424,9554bc7d-65ff-abfa-3f06-3fe64fff2848,0,benign_status,0,NoAlert,A_STATUS,5.6
2026081424,160f3d2b-ede6-1be0-a55b-d69904586042,0,benign_login,0,NoAlert,A_AUTH,5.9
2026081424,7031d8ea-73db-ea68-cc7d-7cecf0a9a31f,0,benign_login,0,NoAlert,A_AUTH,5.801
2026081424,d1f83465-451b-ffad-4ecf-e8195afaa1f4,0,benign_login,0,NoAlert,A_AUTH,5.8
2026081425,1dfc5256-7cc4-cc0e-f13b-df22053f5552,0,benign_public,0,NoAlert,A_PUBLIC,21.501
2026081425,bea376bc-bc1c-bb60-666f-6dc57cb61f79,0,benign_login,0,NoAlert,A_AUTH,9.401
2026081425,5a044b1e-2be8-63f0-ec22-bb9ee4750561,0,benign_status,0,NoAlert,A_STATUS,7.201
2026081425,35fdee33-1fae-a79a-d0a4-a1f235b726cf,0,benign_login,0,NoAlert,A_AUTH,6.4
2026081425,16ede163-7b57-2789-106f-cc27b5db19df,0,benign_login,0,NoAlert,A_AUTH,6.301
2026081425,c6ec1861-2c1f-7811-01ee-40f4e2ed5702,0,benign_public,0,NoAlert,A_PUBLIC,6.7
2026081425,c68f7992-ecf7-a4ee-1826-dda588c3d405,0,benign_public,0,NoAlert,A_PUBLIC,6.001
2026081425,0c8e77ed-e685-9495-1ff8-e0de40286541,0,benign_public,0,NoAlert,A_PUBLIC,5.9
2026081425,cf76ff24-775b-5abc-a2e8-50cabca0a1a4,0,benign_login,0,NoAlert,A_AUTH,5.8
2026081425,4f12cb9e-2fc9-b2ad-6d70-3b04fa9de71a,0,benign_status,0,NoAlert,A_STATUS,6.001
2026081425,56814993-0f98-2000-06ad-fe7267b20d89,0,benign_public,0,NoAlert,A_PUBLIC,6.4
2026081425,63ee2b37-a387-6e1a-bc76-db6bf235a8f0,0,benign_public,0,NoAlert,A_PUBLIC,5.801
2026081425,d9114b96-5a53-1aa3-29e7-acba500577a5,0,benign_login,0,NoAlert,A_AUTH,5.6
2026081425,4a82780f-f1bb-9d80-9139-d076f4fef4b8,0,benign_status,0,NoAlert,A_STATUS,5.901
2026081425,ffa4712a-be27-7de6-cf6d-991bafd20ea7,0,benign_status,0,NoAlert,A_STATUS,6.1
2026081425,782cd642-2c06-7d54-904c-5ced05830dee,0,benign_status,0,NoAlert,A_STATUS,5.8
2026081425,5be97e62-ec5e-7efa-bc7e-d48e00d7a4bc,0,benign_status,0,NoAlert,A_STATUS,6.001
2026081425,38760c90-b687-a232-04b7-38c17808f59e,0,benign_public,0,NoAlert,A_PUBLIC,6.2
2026081425,9d40bf7b-29b6-2ef7-7f49-8c4efccfd30d,0,benign_public,0,NoAlert,A_PUBLIC,6.001
2026081425,ab524249-d075-ca0b-782f-6dc23222cb31,0,benign_status,0,NoAlert,A_STATUS,6.3
2026081425,b3e179f7-1b43-9d41-e980-7331adebe6e3,0,benign_login,0,NoAlert,A_AUTH,6.001
2026081425,6e8e2ad7-b156-3d94-920c-f10775fef62f,0,benign_public,0,NoAlert,A_PUBLIC,6.5
2026081425,856eecac-22df-ff21-8f54-1646a9b69075,1,bruteforce,0,NoAlert,A_AUTH_FAIL_SINGLE,10.801
2026081425,e3c129e7-175a-c0a2-33ba-c87bbe13b900,1,bruteforce,0,NoAlert,A_AUTH_FAIL_SINGLE,8.8
2026081425,91a721f0-0f6d-6c9f-b8b1-fedcfdfc755e,1,bruteforce,0,NoAlert,A_AUTH_FAIL_SINGLE,8.2
2026081425,db4f32bb-8118-cc41-ebcb-78049d3c8bad,1,bruteforce,1,Violation,D_BRUTEFORCE,9.601
2026081425,c290238a-7b6a-8e99-2c40-97150c05ef11,1,bruteforce,1,Violation,D_BRUTEFORCE,8.8
2026081425,09eec59e-43a4-8051-aae2-58e7d008d8e2,0,benign_public,0,NoAlert,A_PUBLIC,6.8
2026081425,28472d39-b59c-c2f4-d83d-b968ad3d3a16,0,benign_status,0,NoAlert,A_STATUS,7.0
2026081425,d2ae5368-bed0-797f-39a1-72120dfe1811,0,benign_login,0,NoAlert,A_AUTH,7.601
2026081425,99fb49ca-3f1d-9bca-3e41-c1062c6bc43e,0,benign_status,0,NoAlert,A_STATUS,6.2
2026081425,b769f776-9a45-740f-159c-b376c9b2c9a7,0,benign_status,0,NoAlert,A_STATUS,6.101
2026081425,0f897872-5b25-b2a0-839b-29142c6a7604,0,benign_public,0,NoAlert,A_PUBLIC,6.1
2026081425,7576ca97-f995-d212-5dfd-9fb53a4cf3e1,0,benign_public,0,NoAlert,A_PUBLIC,6.201
2026081425,be91f738-1246-12f6-cd7c-02c4205db7d1,0,benign_login,0,NoAlert,A_AUTH,6.5
2026081425,c5388251-ba84-0edc-5441-d508bd778164,0,benign_login,0,NoAlert,A_AUTH,6.601
2026081425,5781775b-db0f-6992-aa9c-a394a2cb911e,0,benign_status,0,NoAlert,A_STATUS,6.2
2026081425,b167c4ab-b529-ff02-ed0a-da7fa985c9a8,0,benign_public,0,NoAlert,A_PUBLIC,7.801
2026081425,5f056115-80da-2413-0fc7-fdcc5596c6b4,0,benign_status,0,NoAlert,A_STATUS,6.0
2026081425,d7fd1d15-cd72-0b49-924e-47af266bd2ab,0,benign_public,0,NoAlert,A_PUBLIC,6.701
2026081425,88fde0c5-c1fc-3ef6-4513-e5d7712ca63c,0,benign_public,0,NoAlert,A_PUBLIC,6.5
2026081425,70eacdac-7173-42d2-b1d4-ad576dd6b0bd,1,path_traversal,1,Violation,D_TRAVERSAL,6.701
2026081425,4dca80c2-a45a-e28f-c6cf-9e53ac4fad2b,0,benign_public,0,NoAlert,A_PUBLIC,7.3
2026081425,d2050e5c-5705-65d5-251e-b941e3f09787,1,bruteforce,0,NoAlert,A_AUTH_FAIL_SINGLE,9.901
2026081425,8bb9b56b-6de2-6e18-eeda-937a247dee21,1,bruteforce,0,NoAlert,A_AUTH_FAIL_SINGLE,8.901
2026081425,6c4fbc9d-79e0-a973-731e-8f41fb3fe3cb,1,bruteforce,0,NoAlert,A_AUTH_FAIL_SINGLE,8.7
2026081425,22298563-649b-847a-0af7-ecf5d1574aa4,1,bruteforce,1,Violation,D_BRUTEFORCE,10.401
2026081425,1690c2a3-2a87-811d-5ab4-8a3dfc4d9a2d,1,bruteforce,1,Violation,D_BRUTEFORCE,9.201
2026081425,d7f1186a-cd36-69a3-1ced-2347af86cf03,0,benign_login,0,NoAlert,A_AUTH,7.5
2026081425,d6e3dcc3-fec7-19a7-3889-1eff693d8fb5,0,benign_login,0,NoAlert,A_AUTH,6.201
2026081425,53b2e1a8-87e7-71f7-8938-0934f2e43077,0,benign_status,0,NoAlert,A_STATUS,7.0
2026081425,68fe6eb5-043b-7e29-813f-577f5335e896,0,benign_login,0,NoAlert,A_AUTH,8.101
2026081425,585f38bd-d056-9df4-c6c4-3d9932b64e9b,1,path_traversal,1,Violation,D_TRAVERSAL,7.5
2026081425,cad0097d-76f7-4c2e-5c7b-ce4110f92829,1,command_probe,1,Violation,D_COMMAND,8.301
2026081425,f6cd99d5-3973-c7cd-2cff-5f3a3b23da41,0,benign_public,0,NoAlert,A_PUBLIC,9.101
2026081425,bfb4fa6f-9481-c2f9-714e-fe2e158fae36,0,benign_public,0,NoAlert,A_PUBLIC,7.5
2026081425,4fffa85b-355a-f35d-c8a4-dc3ab9c27a5b,0,benign_login,0,NoAlert,A_AUTH,8.501
2026081425,a93816ee-1d7c-e525-f82b-a766146dcfd1,0,benign_status,0,NoAlert,A_STATUS,9.2
2026081425,18c3732a-9aea-20be-4cb1-e5bc81f2e11d,1,bruteforce,0,NoAlert,A_AUTH_FAIL_SINGLE,9.8
2026081425,a5073e63-64a9-c46b-cf56-e1d1ce4a5fc1,1,bruteforce,0,NoAlert,A_AUTH_FAIL_SINGLE,11.901
2026081425,17eb4083-97e8-7ba6-2b55-3d145022e495,1,bruteforce,0,NoAlert,A_AUTH_FAIL_SINGLE,10.201
2026081425,223efdca-7786-c1ec-de43-9beb246cf568,1,bruteforce,1,Violation,D_BRUTEFORCE,12.101
2026081425,acde4e88-0800-4789-8e86-d19b30e71d41,1,bruteforce,1,Violation,D_BRUTEFORCE,11.1
2026081425,32ad4c22-facf-7a1c-76d6-e32a07498e5a,0,benign_login,0,NoAlert,A_AUTH,9.701
2026081425,c7dcc94c-49ae-1064-b1a5-1c5c214c4817,0,benign_status,0,NoAlert,A_STATUS,8.301
2026081425,4d719dc3-6ee9-fb62-cf56-229c970b07d1,1,bruteforce,0,NoAlert,A_AUTH_FAIL_SINGLE,13.201
2026081425,57b75555-9cda-8821-b821-8fb85e95efc0,1,bruteforce,0,NoAlert,A_AUTH_FAIL_SINGLE,13.401
2026081425,8bb59d30-148f-cb8b-f8e6-7e5a0c508acb,1,bruteforce,0,NoAlert,A_AUTH_FAIL_SINGLE,13.401
2026081425,a7bdd76e-77e4-7b8a-b30c-9f67cff328f9,1,bruteforce,1,Violation,D_BRUTEFORCE,14.401
2026081425,45ccdb28-9d01-9fde-d769-e144ae4e2917,1,bruteforce,1,Violation,D_BRUTEFORCE,11.901
2026081425,48ff780c-5e1f-6932-d84f-7bc04a83aed7,0,benign_status,0,NoAlert,A_STATUS,9.3
2026081425,834e4a67-0ba3-43c6-ca23-cc66cb9aa36d,0,benign_login,0,NoAlert,A_AUTH,8.1
2026081425,86671ccd-11d2-29cc-041f-748332e50f01,0,benign_status,0,NoAlert,A_STATUS,7.301
2026081425,d5e5c15f-cbff-eef0-1d1a-d3566e1bf52a,0,benign_login,0,NoAlert,A_AUTH,8.2
2026081425,c56857a8-c726-ada6-3121-5740fc1b1ad8,0,benign_public,0,NoAlert,A_PUBLIC,8.601
2026081425,92013329-8f45-d9e8-5a8a-6dd20f180fcb,0,benign_status,0,NoAlert,A_STATUS,6.7
2026081425,92f24a34-46b1-ec77-53e5-65e09928198c,0,benign_status,0,NoAlert,A_STATUS,7.301
2026081425,0dc552f3-a435-1610-fb68-0167e565ebe8,0,benign_public,0,NoAlert,A_PUBLIC,8.201
2026081425,8fdedb36-fc0e-e31e-4fb4-721bc974f0ce,0,benign_public,0,NoAlert,A_PUBLIC,7.2
2026081425,9cbe01d2-4b0f-cf31-7713-8d69ed12cae4,0,benign_status,0,NoAlert,A_STATUS,7.501
2026081425,a7e62536-d19c-22f3-34c3-e69666f944cb,1,admin_probe,1,Violation,D_ADMIN,10.501
2026081425,511dfa07-5010-d76e-a935-c00f5e84755a,0,benign_public,0,NoAlert,A_PUBLIC,7.7
2026081425,da5f7b2f-39fe-d577-3f6d-c25945b7c693,0,benign_login,0,NoAlert,A_AUTH,22.502
2026081425,b5effc98-f60b-310b-f849-ba0151819c8d,0,benign_login,0,NoAlert,A_AUTH,9.4
2026081425,60f8aecb-942e-5546-e2ce-adb6c93562cc,1,path_traversal,1,Violation,D_TRAVERSAL,8.001
2026081425,39db2dfe-015c-f91c-5bbe-7ec1f495afca,0,benign_login,0,NoAlert,A_AUTH,7.1
2026081425,37602b6e-2603-6837-7124-bf4c046e38e0,0,benign_status,0,NoAlert,A_STATUS,7.101
2026081425,ca205d9d-50f6-5d09-f255-d400372d1852,1,bruteforce,0,NoAlert,A_AUTH_FAIL_SINGLE,10.701
2026081425,9a486b90-e805-71e3-7a21-a211e94bec68,1,bruteforce,0,NoAlert,A_AUTH_FAIL_SINGLE,10.2
2026081425,fee0eb79-b671-b4ee-5bc8-aa97a1bf7258,1,bruteforce,0,NoAlert,A_AUTH_FAIL_SINGLE,9.101
2026081425,ec2d2a10-2520-46b8-db4b-47c1549deaf8,1,bruteforce,1,Violation,D_BRUTEFORCE,10.701
2026081425,0fd6a9fb-91c9-980d-9762-e98441c977db,1,bruteforce,1,Violation,D_BRUTEFORCE,10.301
2026081425,9244fab9-dc01-359f-5eb2-a87b7e1907ff,0,benign_login,0,NoAlert,A_AUTH,7.6
2026081425,420f8f74-c427-3eb7-7259-97ae28835377,0,benign_login,0,NoAlert,A_AUTH,7.401
2026081425,04bea3fd-2854-a59b-4021-eee710792e5f,0,benign_status,0,NoAlert,A_STATUS,7.2
2026081425,c51f3a85-5487-17a9-e926-249c55aaa769,0,benign_login,0,NoAlert,A_AUTH,6.901
2026081425,678455dc-382d-d990-cff1-aae0402b85af,0,benign_public,0,NoAlert,A_PUBLIC,7.7
2026081425,949b0490-251b-803a-1a96-8ac55063aa37,0,benign_login,0,NoAlert,A_AUTH,6.601
2026081425,37b5c268-527c-b4d1-7a7f-487bec65c321,0,benign_status,0,NoAlert,A_STATUS,7.3
2026081425,68cc9901-f367-e9ac-babf-b5b4a31087c8,0,benign_login,0,NoAlert,A_AUTH,6.901
2026081425,6f3c9890-21f7-52bd-ebdb-5e67b4a870ab,0,benign_public,0,NoAlert,A_PUBLIC,7.6
2026081425,b7d20f55-5546-27fa-4a5d-7ced0d2bacd4,0,benign_status,0,NoAlert,A_STATUS,6.9
2026081425,bb9744c6-071b-133a-aded-4722662d948e,0,benign_status,0,NoAlert,A_STATUS,10.701
2026081425,ada37b5a-56cc-eebc-ffca-1d6802b8e54c,0,benign_public,0,NoAlert,A_PUBLIC,7.9
2026081425,dc983083-ceec-b1bd-9126-e327228bccde,0,benign_public,0,NoAlert,A_PUBLIC,8.001
2026081425,0c249cb9-dc63-665a-e2a8-30e50a12bb34,0,benign_status,0,NoAlert,A_STATUS,7.4
2026081425,b798ddea-48d4-5144-e09b-84563b067fb4,0,benign_status,0,NoAlert,A_STATUS,7.6
2026081425,b935b6cc-ac5f-0ac1-0095-85dbcaa50984,0,benign_status,0,NoAlert,A_STATUS,6.401
2026081425,7725a47b-173c-d770-4e2c-fa89e2104db1,0,benign_public,0,NoAlert,A_PUBLIC,7.0
2026081425,f65b43e0-3670-84d7-497e-5acebbdddfa9,1,bruteforce,0,NoAlert,A_AUTH_FAIL_SINGLE,10.301
2026081425,2a93598d-291e-7241-9449-010172588415,1,bruteforce,0,NoAlert,A_AUTH_FAIL_SINGLE,9.401
2026081425,4589c528-0e47-ba95-e90d-2ea002b74363,1,bruteforce,0,NoAlert,A_AUTH_FAIL_SINGLE,8.9
2026081425,ea45ba45-addb-4458-e1f0-1aa9b355aa08,1,bruteforce,1,Violation,D_BRUTEFORCE,10.101
2026081425,cfa0c835-823d-7702-de20-483db1d67081,1,bruteforce,1,Violation,D_BRUTEFORCE,10.301
2026081425,98f822a2-39ba-08e8-81ea-61c66b153f8e,0,benign_public,0,NoAlert,A_PUBLIC,7.8
2026081425,f472f0ac-d1fd-777f-8736-2fef263768ff,1,path_traversal,1,Violation,D_TRAVERSAL,7.101
2026081425,d2dc2fe1-a11d-e730-76ab-0803e2a07401,0,benign_login,0,NoAlert,A_AUTH,32.802
2026081425,24aa90ff-5169-18d4-756d-772fc7cfc330,1,path_traversal,1,Violation,D_TRAVERSAL,15.201
2026081425,dfde9962-8351-f6d8-b6b2-373951daf557,1,path_traversal,1,Violation,D_TRAVERSAL,8.701
2026081425,c70dbd53-3181-bfb4-4b19-1325355b9e2b,0,benign_public,0,NoAlert,A_PUBLIC,7.6
2026081425,eacf2bb1-c143-ac56-7d35-b78b0ebf5b7f,0,benign_login,0,NoAlert,A_AUTH,6.601
2026081425,167cbddc-e8b6-e890-54bb-e6ae8a82bbb5,0,benign_status,0,NoAlert,A_STATUS,11.301
2026081425,85768e51-2ade-6727-8aaf-cd55d34164f6,0,benign_status,0,NoAlert,A_STATUS,6.9
2026081425,cc7d7955-1659-4227-96a5-86b72c31adf0,0,benign_public,0,NoAlert,A_PUBLIC,6.301
2026081425,9d1752da-289a-1017-a7ba-5585fc3ad28f,0,benign_public,0,NoAlert,A_PUBLIC,6.4
2026081425,942c3594-ab57-7ba0-0749-dd778c8ca7c7,0,benign_public,0,NoAlert,A_PUBLIC,6.301
2026081425,328ba025-511b-bc16-059e-12aa098a8ebd,0,benign_login,0,NoAlert,A_AUTH,6.3
2026081425,2350d542-2d4d-ffc7-03e5-7b5deea7cfe3,0,benign_status,0,NoAlert,A_STATUS,6.501
2026081425,7b3896bb-64e0-10e6-e3db-0a5f738b95a1,0,benign_public,0,NoAlert,A_PUBLIC,6.2
2026081425,42f18c53-b0aa-964a-bdb0-e61006e06f84,0,benign_public,0,NoAlert,A_PUBLIC,6.401
2026081425,a61080f1-146b-e76d-7881-c8c46272ee6a,0,benign_status,0,NoAlert,A_STATUS,6.5
2026081425,deb265e0-b60f-22c5-96b3-9318b6944ed8,0,benign_login,0,NoAlert,A_AUTH,6.701
2026081425,d0e9e2d1-cedb-79b3-5e69-b978bbf31fa2,0,benign_login,0,NoAlert,A_AUTH,6.3
2026081425,66a5f7a5-a1cc-2c98-0b16-bdb954026cc6,1,bruteforce,0,NoAlert,A_AUTH_FAIL_SINGLE,10.501
2026081425,7df2738a-9b2a-151b-5a24-ee0c2f63beaf,1,bruteforce,0,NoAlert,A_AUTH_FAIL_SINGLE,8.5
2026081425,b5cb8628-e7b8-f878-ba95-f7a0b250d42c,1,bruteforce,0,NoAlert,A_AUTH_FAIL_SINGLE,8.501
2026081425,e3cae530-48f5-0e14-2a77-18ada09b5dac,1,bruteforce,1,Violation,D_BRUTEFORCE,9.601
2026081425,e9df7143-1606-a915-9c63-3096ab2a095d,1,bruteforce,1,Violation,D_BRUTEFORCE,8.9
2026081425,6574e188-8425-6ede-7ad8-122aeccc3f9c,0,benign_status,0,NoAlert,A_STATUS,6.401
2026081425,a4a296ba-2ccd-de19-1216-3874f1630e60,1,bruteforce,1,Violation,D_BRUTEFORCE,9.3
2026081425,f6f162f7-6221-0242-f588-5cd18d331336,1,bruteforce,1,Violation,D_BRUTEFORCE,9.0
2026081425,9b4aaac5-f45d-a9a2-44f8-d06519f33219,1,bruteforce,1,Violation,D_BRUTEFORCE,9.201
2026081425,1f3fc539-5787-9bd3-999c-23249fa45dcb,1,bruteforce,1,Violation,D_BRUTEFORCE,9.9
2026081425,a0869f27-36dc-30e3-4e77-9aa0c498d9d1,1,bruteforce,1,Violation,D_BRUTEFORCE,35.702
2026081425,fd69f59f-3023-fb8b-b0d6-e932900e5930,0,benign_login,0,NoAlert,A_AUTH,12.801
2026081425,95de8f37-fae2-dc4b-9db8-03c4191a5681,1,bruteforce,1,Violation,D_BRUTEFORCE,11.101
2026081425,47b43f7f-ad3a-631a-ba74-cd0c448babfa,1,bruteforce,1,Violation,D_BRUTEFORCE,10.2
2026081425,ef6605ff-b568-23ce-7197-d192af595af5,1,bruteforce,1,Violation,D_BRUTEFORCE,9.001
2026081425,db0d3e40-bd28-8112-2258-567a3f6e1323,1,bruteforce,1,Violation,D_BRUTEFORCE,8.801
2026081425,74d458eb-197e-7fc3-9a8d-c064be98f27c,1,bruteforce,1,Violation,D_BRUTEFORCE,8.9
2026081425,b9a52eb7-d30c-a349-1917-a64b9838e171,1,bruteforce,1,Violation,D_BRUTEFORCE,9.101
2026081425,24ad35f2-669f-99e0-ba55-e2af135b14b5,1,bruteforce,1,Violation,D_BRUTEFORCE,8.601
2026081425,f36359f9-e889-ff7d-bdf8-cd8ff4b728c1,1,bruteforce,1,Violation,D_BRUTEFORCE,8.5
2026081425,05c04c4a-ad3a-61a6-ee3d-db6d705cc179,1,bruteforce,1,Violation,D_BRUTEFORCE,8.501
2026081425,cd5d7972-9a46-11f2-2b67-7175fa9a93b8,1,bruteforce,1,Violation,D_BRUTEFORCE,8.4
2026081425,a3d99e24-bc3d-907e-41fb-684777953719,0,benign_login,0,NoAlert,A_AUTH,6.501
2026081425,d782608c-75a3-e468-41a9-c062e57c6458,0,benign_public,0,NoAlert,A_PUBLIC,6.4
2026081425,99b3917c-42a6-e5ac-b5f9-8f9e1decab51,0,benign_status,0,NoAlert,A_STATUS,6.801
2026081425,85ab97a1-9e4b-e035-67a4-7cd8116466ba,0,benign_public,0,NoAlert,A_PUBLIC,6.0
2026081425,450587d3-4af6-2121-aba8-7a1e2dcee4fa,0,benign_public,0,NoAlert,A_PUBLIC,6.201
2026081425,4be96a81-887d-84e0-28b7-78c8707ced8b,0,benign_login,0,NoAlert,A_AUTH,6.9
2026081425,5307521d-89ad-6fad-f953-5b15c350a882,0,benign_public,0,NoAlert,A_PUBLIC,6.501
2026081425,5c2ed0f3-f2d5-6f4c-b86d-0be10b193f29,0,benign_login,0,NoAlert,A_AUTH,6.1
2026081425,ac8b39bc-3b99-c86f-fbc3-e4dd06d11a92,1,bruteforce,0,NoAlert,A_AUTH_FAIL_SINGLE,7.901
2026081425,c2a4ca55-78ea-6c3c-be1e-69c6fb1b4317,1,bruteforce,0,NoAlert,A_AUTH_FAIL_SINGLE,8.0
2026081425,5e0e2340-6ab0-76a0-d3df-46dc0e800fe6,1,bruteforce,0,NoAlert,A_AUTH_FAIL_SINGLE,7.801
2026081425,e29a237d-1af1-7a95-df69-4b6f7765226f,1,bruteforce,1,Violation,D_BRUTEFORCE,8.7
2026081425,a37ecd53-bdad-77e5-39b1-8d37847f819d,1,bruteforce,1,Violation,D_BRUTEFORCE,9.001
2026081425,5fafa403-ef99-906a-b6d2-c68956e2ad53,0,benign_login,0,NoAlert,A_AUTH,7.501
2026081425,91178bcc-e932-53e3-1986-6074cfdeb362,0,benign_login,0,NoAlert,A_AUTH,9.8
2026081425,058bff38-7387-5acd-9217-a9ac423c9151,1,command_probe,1,Violation,D_COMMAND,10.501
2026081425,e99d41f3-5811-5a09-f85f-a00f93e2f290,0,benign_public,0,NoAlert,A_PUBLIC,79.305
2026081425,2dd4139b-7de2-43a6-094a-f27e2fb62f57,1,admin_probe,1,Violation,D_ADMIN,24.401
2026081425,1b60ec96-8b42-c139-043e-50d1342457bd,0,benign_login,0,NoAlert,A_AUTH,12.901
2026081425,be291c03-42f7-2f66-1209-4f5f1ced8d45,0,benign_status,0,NoAlert,A_STATUS,13.401
2026081425,2f832220-0dbd-8631-8e36-02f2f7e3f423,1,bruteforce,0,NoAlert,A_AUTH_FAIL_SINGLE,18.301
2026081425,7dc57bda-ef2b-1146-a6c4-f044437afa42,1,bruteforce,0,NoAlert,A_AUTH_FAIL_SINGLE,14.201
2026081425,83ccffb6-1ad3-1705-1990-b3c484caddd0,1,bruteforce,0,NoAlert,A_AUTH_FAIL_SINGLE,14.801
2026081425,46789f95-a64f-c216-b180-390c1359ff58,1,bruteforce,1,Violation,D_BRUTEFORCE,16.601
2026081425,3da568a8-84aa-1228-300c-90a6acc8b2d6,1,bruteforce,1,Violation,D_BRUTEFORCE,16.701
2026081425,dd033b45-d469-826b-c61f-8b2252a19726,0,benign_login,0,NoAlert,A_AUTH,10.6
2026081425,94cb8150-e14f-13e0-3c2e-3218fe907e78,0,benign_login,0,NoAlert,A_AUTH,9.701
2026081425,89f3b5a6-ac9f-2297-d039-93e0dff8409b,0,benign_status,0,NoAlert,A_STATUS,12.401
2026081425,f1705555-1791-0e5d-f9ac-f26ef826ee7b,0,benign_status,0,NoAlert,A_STATUS,9.601
2026081425,8beb4b43-a3dd-e6f8-3a85-3ea9320ddefa,0,benign_login,0,NoAlert,A_AUTH,9.7
2026081425,829655ba-5b02-be66-730d-98dfe022441c,0,benign_public,0,NoAlert,A_PUBLIC,10.901
2026081425,12cee2d0-42bb-885e-46a0-4e9df8c66f44,0,benign_public,0,NoAlert,A_PUBLIC,11.301
2026081425,3895b561-16cb-04ca-a22f-b1c63cd4763a,0,benign_login,0,NoAlert,A_AUTH,7.901
2026081425,dc014f8e-3944-9023-36cf-50307a288fe7,0,benign_public,0,NoAlert,A_PUBLIC,6.7
2026081425,688e0ced-9689-4c0a-661a-1da2d8cdccea,0,benign_public,0,NoAlert,A_PUBLIC,7.401
2026081425,2f67aa84-b6cd-0a0c-b8a7-44ffa9006046,0,benign_status,0,NoAlert,A_STATUS,7.1
2026081425,428db427-507d-9f57-54c0-1e5a4516cfcb,0,benign_public,0,NoAlert,A_PUBLIC,6.001
2026081425,e0fb7a01-de52-e6da-6545-57df0fb3c34e,1,command_probe,1,Violation,D_COMMAND,7.9
2026081425,43f02887-01fe-3ea5-35e7-e0c4eaa5eb70,0,benign_login,0,NoAlert,A_AUTH,6.701
2026081425,d91a22ef-3c09-93a8-06d5-d404bc376bbd,0,benign_status,0,NoAlert,A_STATUS,7.2
2026081425,b74f06dc-5581-a76e-4197-0fc02eef52fc,0,benign_login,0,NoAlert,A_AUTH,6.701
2026081425,f407b8db-3b3b-dd4d-f20b-952cc114133c,1,path_traversal,1,Violation,D_TRAVERSAL,6.6
2026081425,6c1cad7e-2303-9527-d93e-2d006dc88025,0,benign_status,0,NoAlert,A_STATUS,6.801
2026081425,c250f3d5-3667-5f9d-28b1-2d22b1c0eeaf,0,benign_status,0,NoAlert,A_STATUS,7.1
2026081425,022fe272-99e5-b0b7-9a11-9e6f93101867,0,benign_status,0,NoAlert,A_STATUS,7.601
2026081425,b625a1c3-77f3-d8cb-c6da-8ef68bd10cef,1,path_traversal,1,Violation,D_TRAVERSAL,6.4
2026081425,d746874a-e33e-82d6-8253-976419771f7f,0,benign_login,0,NoAlert,A_AUTH,6.4
2026081425,f661be64-dcaf-1012-93a0-3354fd618d5e,0,benign_status,0,NoAlert,A_STATUS,6.1
2026081425,a4fed77a-c83f-55e2-7585-8a7df41b1453,0,benign_public,0,NoAlert,A_PUBLIC,6.6
2026081425,1179ef89-53e0-f9fe-5718-585125f81e8c,0,benign_status,0,NoAlert,A_STATUS,6.1
2026081425,fabceeb1-90ec-cd7b-ef33-cca2241b7555,0,benign_status,0,NoAlert,A_STATUS,6.001
2026081425,e1c0b884-57c6-7c77-2803-1be18180a98b,0,benign_login,0,NoAlert,A_AUTH,6.5
2026081425,f1a51afc-6f11-5886-9fcd-1fcd5b13e76e,0,benign_login,0,NoAlert,A_AUTH,5.801
2026081425,f9a7ffe5-a1f7-8b03-a7e6-a3eab8de64a6,0,benign_login,0,NoAlert,A_AUTH,6.6
2026081425,388b1be1-3263-c169-3837-d67713a7dedd,0,benign_public,0,NoAlert,A_PUBLIC,6.901
2026081425,494d36fb-286c-0f0d-07c0-3ad4c7446262,0,benign_status,0,NoAlert,A_STATUS,7.0
2026081425,bd623fc7-8ce6-534f-9755-4df0d38d0459,0,benign_status,0,NoAlert,A_STATUS,5.901
2026081425,8f7b6c50-f0de-ba79-2e44-3173c3993bc4,0,benign_login,0,NoAlert,A_AUTH,5.9
2026081425,136ad747-8a6e-f34c-1482-4c654f5535b8,0,benign_login,0,NoAlert,A_AUTH,5.901
2026081425,0093042a-85b1-03fd-e439-50917880fb60,0,benign_login,0,NoAlert,A_AUTH,6.4
2026081425,1f1a9e41-ce1c-f018-be72-6867d3fcd43b,0,benign_status,0,NoAlert,A_STATUS,6.801
2026081425,33b53749-b558-0930-0b0a-2fc105efb447,0,benign_login,0,NoAlert,A_AUTH,7.0
2026081425,82c03eaa-a855-502e-aa7e-141a9a5d4ea4,0,benign_login,0,NoAlert,A_AUTH,6.801
2026081425,7309f22d-3a60-49d7-06ba-423e57a0d285,0,benign_login,0,NoAlert,A_AUTH,6.5
2026081425,053edd44-27a9-178a-5a2a-3333ee81ac95,0,benign_public,0,NoAlert,A_PUBLIC,7.701
2026081425,913c2ec9-9d2b-9afc-c3e1-b87f357f7c48,1,path_traversal,1,Violation,D_TRAVERSAL,7.1
2026081425,69579ac7-0e83-86e9-94e7-f031758c811b,0,benign_public,0,NoAlert,A_PUBLIC,6.001
2026081425,38742197-21df-b59a-9291-a052a72cae01,0,benign_status,0,NoAlert,A_STATUS,6.4
2026081425,cbbdd797-a1e5-f95b-a6fc-fd18a1431f88,0,benign_public,0,NoAlert,A_PUBLIC,6.201
2026081425,032ca0e9-a6a7-0961-6fbc-fb7f643f354f,0,benign_login,0,NoAlert,A_AUTH,6.4
2026081425,f0234db4-4730-d966-ed36-a9fe314c7e2d,0,benign_status,0,NoAlert,A_STATUS,6.6
2026081425,dee11a84-30a7-c2e1-dc19-2788d0af2455,0,benign_status,0,NoAlert,A_STATUS,5.8
2026081425,c961beb2-e1f1-b11b-97b3-525bf643e254,0,benign_public,0,NoAlert,A_PUBLIC,6.3
2026081425,4f319cbb-193f-4816-f36d-3c68e2442463,0,benign_status,0,NoAlert,A_STATUS,6.201
2026081425,9a59b4b8-786c-535d-238e-afc065c6b63e,0,benign_status,0,NoAlert,A_STATUS,6.0
2026081425,267c266a-8bef-4351-9c77-c697bbaef5f3,0,benign_status,0,NoAlert,A_STATUS,5.701
2026081425,8f8dcf41-edeb-98d3-316f-d5bb2b8477d2,0,benign_public,0,NoAlert,A_PUBLIC,5.9
2026081425,097570ff-8ae7-480a-4cbc-bddcd59d7c2a,0,benign_login,0,NoAlert,A_AUTH,6.001
2026081425,d81a1f6e-0080-59c4-a5aa-7fe01793d5e2,0,benign_status,0,NoAlert,A_STATUS,6.0
2026081425,df317a4b-7b35-5444-bd03-f78ebdd04be7,0,benign_public,0,NoAlert,A_PUBLIC,5.901
2026081425,6bf77dfd-0ae5-5fe5-7934-1f737eeeceec,0,benign_status,0,NoAlert,A_STATUS,6.3
2026081425,1a7abe34-0116-90b1-6d20-bebe72ce1e3a,1,bruteforce,0,NoAlert,A_AUTH_FAIL_SINGLE,9.401
2026081425,a227afeb-6bee-0dc8-d017-bb08433375f5,1,bruteforce,0,NoAlert,A_AUTH_FAIL_SINGLE,8.6
2026081425,442b5263-afaa-a9b3-b764-7728ce6ba215,1,bruteforce,0,NoAlert,A_AUTH_FAIL_SINGLE,9.101
2026081425,d581b76b-0557-efe9-9454-2446bbec2364,1,bruteforce,1,Violation,D_BRUTEFORCE,9.001
2026081425,0579ffac-b362-759b-2fef-e22b63ff6566,1,bruteforce,1,Violation,D_BRUTEFORCE,8.6
2026081425,d9812abd-a157-f85e-e4b5-69b4ceddb0f9,1,path_traversal,1,Violation,D_TRAVERSAL,6.301
2026081425,d8ca81d7-56c8-0e7b-4cad-fd2616d6a43c,0,benign_public,0,NoAlert,A_PUBLIC,6.0
2026081425,55721f53-14db-d556-5fe3-ec5e528f63e3,0,benign_public,0,NoAlert,A_PUBLIC,5.601
2026081425,ac30fde5-bb3d-ddb6-aa0e-6530b3273cf3,0,benign_public,0,NoAlert,A_PUBLIC,5.9
2026081425,556a4756-b015-4329-fdf1-057be833f03b,1,bruteforce,0,NoAlert,A_AUTH_FAIL_SINGLE,8.101
2026081425,dab538c2-bbb0-41ae-504e-a76c8fc1d66c,1,bruteforce,0,NoAlert,A_AUTH_FAIL_SINGLE,7.9
2026081425,d28e9b8e-d2e4-047b-c463-63fb3fc188a6,1,bruteforce,0,NoAlert,A_AUTH_FAIL_SINGLE,7.901
2026081425,9822fb5e-f95c-d169-d780-f56c79c9e0e7,1,bruteforce,1,Violation,D_BRUTEFORCE,9.6
2026081425,9b18af29-2a1f-2e48-1bac-ea084248b718,1,bruteforce,1,Violation,D_BRUTEFORCE,8.401
2026081425,a17c606a-2538-5f43-e4c3-edab10792533,0,benign_login,0,NoAlert,A_AUTH,6.5
2026081425,d4079975-f8c6-f30a-f31c-23668f9e526e,0,benign_public,0,NoAlert,A_PUBLIC,6.201
2026081425,fbc8f368-7599-11d6-d350-34de8df0e003,0,benign_login,0,NoAlert,A_AUTH,6.0
2026081425,c2fcf13a-28de-e2ea-58f9-28a364126a58,0,benign_public,0,NoAlert,A_PUBLIC,6.101
2026081425,2672c318-9101-5df5-00b4-5837346c180d,0,benign_public,0,NoAlert,A_PUBLIC,5.9
2026081425,58c2c631-46be-c814-056a-5591857decab,0,benign_status,0,NoAlert,A_STATUS,5.901
2026081425,6f33cfd9-ea55-96bd-6b56-c16dc5d655d2,1,bruteforce,0,NoAlert,A_AUTH_FAIL_SINGLE,8.0
2026081425,87cc316e-8b84-272d-64d2-5b4c656ea6d5,1,bruteforce,0,NoAlert,A_AUTH_FAIL_SINGLE,8.301
2026081425,9120f327-51a5-0b6b-8490-d903ee70066f,1,bruteforce,0,NoAlert,A_AUTH_FAIL_SINGLE,8.5
2026081425,ac67912d-fc9e-118d-618f-525cc62a454a,1,bruteforce,1,Violation,D_BRUTEFORCE,8.801
2026081425,c3440471-648e-2e3e-d50e-ab6d9a10cc74,1,bruteforce,1,Violation,D_BRUTEFORCE,9.101
2026081425,80aadfb0-9982-4ca9-c26c-f6f502f723af,0,benign_status,0,NoAlert,A_STATUS,7.6
2026081425,d4661535-02e7-a8da-c655-59f511b17af7,0,benign_status,0,NoAlert,A_STATUS,6.901
2026081425,e692841a-c0dd-1ffd-e58e-486381ccd666,0,benign_public,0,NoAlert,A_PUBLIC,5.8
2026081425,fe2ac456-3498-cf5e-114c-4bbe841a49e7,0,benign_login,0,NoAlert,A_AUTH,6.701
2026081425,2ce4cfe0-8e27-79a9-4fd7-d4cf901ab19e,1,command_probe,1,Violation,D_COMMAND,6.3
2026081425,b3ff0e57-f94b-5e0d-7d3f-a78d9f9462bc,0,benign_public,0,NoAlert,A_PUBLIC,6.2
2026081425,c11833a6-358e-71f5-42b9-430de1c7307b,0,benign_public,0,NoAlert,A_PUBLIC,6.5
2026081425,83c81840-7856-6542-ef78-e9ecdcb1e00a,0,benign_public,0,NoAlert,A_PUBLIC,6.6
2026081425,6e863b57-387e-9b12-a09c-bbec87bb89ae,0,benign_login,0,NoAlert,A_AUTH,6.4
2026081425,bedc5fbb-d0cc-d271-eef9-c9fad01d03ab,1,bruteforce,0,NoAlert,A_AUTH_FAIL_SINGLE,7.8
2026081425,d37f6298-4b94-564f-51a2-b81e701f0312,1,bruteforce,0,NoAlert,A_AUTH_FAIL_SINGLE,8.5
2026081425,26a4f20c-a2fb-65b2-4c36-a2100f8ddf61,1,bruteforce,0,NoAlert,A_AUTH_FAIL_SINGLE,8.101
2026081425,4bad23ff-bd99-d042-44e0-28f072812aa5,1,bruteforce,1,Violation,D_BRUTEFORCE,8.9
2026081425,2a7f60ca-ae6f-4840-f320-4400b99a3c31,1,bruteforce,1,Violation,D_BRUTEFORCE,8.901
2026081425,5fbfe2b4-d15c-3694-1347-f3e9296bc05f,0,benign_public,0,NoAlert,A_PUBLIC,6.1
2026081425,7f9b9d64-a4b4-6dec-5d88-d04dca4cfcf0,0,benign_status,0,NoAlert,A_STATUS,6.301
2026081425,c8c1718c-abd4-cecd-db39-6dff38cce0b3,0,benign_login,0,NoAlert,A_AUTH,6.0
2026081425,bb670aab-ea0a-68d1-d354-6cea49d14b08,0,benign_public,0,NoAlert,A_PUBLIC,6.701
2026081425,ce3c8c2a-1ab9-b3e1-00b7-a950e3eaf2c1,0,benign_login,0,NoAlert,A_AUTH,6.6
2026081425,e1a722d0-ac9c-84a5-228c-001398fa897c,0,benign_login,0,NoAlert,A_AUTH,6.701
2026081425,34891479-0775-de35-8b36-349a20b61d1f,0,benign_login,0,NoAlert,A_AUTH,8.5
2026081425,884b231b-afb2-32ba-afe0-42de36ae7af7,0,benign_login,0,NoAlert,A_AUTH,6.501
2026081425,1cb01b26-bbd1-c368-2a55-f02572655fdc,0,benign_public,0,NoAlert,A_PUBLIC,7.7
2026081425,663af651-329c-2137-e200-4a2d3d356255,0,benign_status,0,NoAlert,A_STATUS,8.901
2026081425,88021afb-870e-fd48-cce2-98eaa2ff462a,0,benign_status,0,NoAlert,A_STATUS,7.201
2026081425,e5f730ce-9a96-7b5c-1b45-d6c6f165b853,0,benign_public,0,NoAlert,A_PUBLIC,6.8
2026081425,02b0cb9a-686c-a526-83c6-4f62961dbeb5,1,path_traversal,1,Violation,D_TRAVERSAL,7.901
2026081425,4fd1ba57-57b5-d7fa-2ed6-8ed53e729f2d,0,benign_public,0,NoAlert,A_PUBLIC,7.8
2026081425,a8ef2284-da96-57aa-2a4e-ac6521889a56,0,benign_login,0,NoAlert,A_AUTH,7.301
2026081425,eb2f571c-c315-fc9e-4eff-a2e4677e6d8f,0,benign_status,0,NoAlert,A_STATUS,7.4
2026081425,0d7caf00-2f53-30b1-2c24-fcc5ba942149,0,benign_login,0,NoAlert,A_AUTH,6.301
2026081425,8e8fa25f-09d6-9256-8287-87391f56a8e4,0,benign_status,0,NoAlert,A_STATUS,6.8
2026081425,f14a2029-2244-b13f-f7b8-193fa101e8d3,0,benign_login,0,NoAlert,A_AUTH,6.301
2026081425,40173d3e-c006-df78-903c-2dc28298fd63,0,benign_status,0,NoAlert,A_STATUS,6.4
2026081425,1294b71b-ff2d-e054-29f4-ae1b7d0c292b,0,benign_login,0,NoAlert,A_AUTH,6.801
2026081425,a546c158-3b5e-d70c-1cfc-768423c302f5,0,benign_public,0,NoAlert,A_PUBLIC,7.1
2026081425,f342ed65-5515-53f6-6638-6154169148fe,1,command_probe,1,Violation,D_COMMAND,7.701
2026081425,b3178f8c-57f0-8c87-d907-09be17852dcf,0,benign_login,0,NoAlert,A_AUTH,6.2
2026081425,c1b196bf-0421-93c9-355a-7723cb413b4e,1,admin_probe,1,Violation,D_ADMIN,7.901
2026081426,70003d19-072c-c169-0433-821f77570d71,0,benign_login,0,NoAlert,A_AUTH,21.001
2026081426,20a36fbf-7c48-b2fc-8349-983110e84bad,1,command_probe,1,Violation,D_COMMAND,10.201
2026081426,ea5d7a8c-5de7-8206-08c9-c40d83ad7ab3,0,benign_status,0,NoAlert,A_STATUS,7.4
2026081426,4b46cd4e-352a-650f-9dbc-4f50091e44ea,0,benign_login,0,NoAlert,A_AUTH,6.401
2026081426,6797ca03-da04-c586-cb24-26e7c5117a22,0,benign_status,0,NoAlert,A_STATUS,6.4
2026081426,7815d7fb-24c6-5b04-6b58-433f036ef1f8,0,benign_public,0,NoAlert,A_PUBLIC,7.201
2026081426,f8635d95-2395-e49c-6978-bd02f967235b,0,benign_login,0,NoAlert,A_AUTH,6.1
2026081426,00006ac2-baf9-e2f5-2443-034f9f163f0c,0,benign_login,0,NoAlert,A_AUTH,6.001
2026081426,fe5bfd51-bc18-0bf0-351c-26400dad7af6,0,benign_public,0,NoAlert,A_PUBLIC,6.1
2026081426,1fbb0101-f13d-9f8c-fd76-ac602afea0b0,0,benign_status,0,NoAlert,A_STATUS,5.901
2026081426,277d57f1-3c98-6a8b-97d5-4469a5511a17,0,benign_status,0,NoAlert,A_STATUS,5.7
2026081426,b878dd1f-8767-811c-17a0-e99e2d4c8031,0,benign_status,0,NoAlert,A_STATUS,5.8
2026081426,bdad126f-53be-1a71-0379-f8d5ad254490,0,benign_public,0,NoAlert,A_PUBLIC,5.801
2026081426,c60b6de8-0129-ccc2-8afc-1bc0587a3cb5,0,benign_public,0,NoAlert,A_PUBLIC,5.9
2026081426,3c98d41a-7234-edee-1a96-40f3c4a01afb,1,path_traversal,1,Violation,D_TRAVERSAL,6.301
2026081426,5e81dcf8-a806-66fb-132a-e0ffb241cb9b,0,benign_status,0,NoAlert,A_STATUS,5.9
2026081426,d0f94a71-65b3-41d5-9dcc-37c0570441b1,0,benign_public,0,NoAlert,A_PUBLIC,5.801
2026081426,4fda32d2-1a0d-4eab-ceec-9cf8fcd06578,0,benign_login,0,NoAlert,A_AUTH,5.7
2026081426,a38334f6-9a18-24ec-b6cc-57c8f24b5920,0,benign_login,0,NoAlert,A_AUTH,5.8
2026081426,2c7ff0a9-833f-d7d9-fb50-3aad98079e06,0,benign_public,0,NoAlert,A_PUBLIC,5.701
2026081426,aaaab3cf-ee92-a24b-cf36-c77a291c776e,1,command_probe,1,Violation,D_COMMAND,6.0
2026081426,bff7d65a-2d15-e3dc-a80e-305875a5869b,1,bruteforce,0,NoAlert,A_AUTH_FAIL_SINGLE,9.901
2026081426,3bae538f-787d-42ba-be2e-10d33a686133,1,bruteforce,0,NoAlert,A_AUTH_FAIL_SINGLE,8.401
2026081426,eb5c3305-0c86-529c-9c21-20a302928794,1,bruteforce,0,NoAlert,A_AUTH_FAIL_SINGLE,7.8
2026081426,32ba447f-d5d1-3d5b-22ba-b8bf132d10a2,1,bruteforce,1,Violation,D_BRUTEFORCE,9.001
2026081426,2cb73ba9-f84f-a50a-1a6b-99a8324b5247,1,bruteforce,1,Violation,D_BRUTEFORCE,8.7
2026081426,f0be5527-a064-3931-ee1a-1e92dc7cc4f0,0,benign_status,0,NoAlert,A_STATUS,6.101
2026081426,3a808c82-004b-8a79-0fd2-3a655e7813ed,0,benign_public,0,NoAlert,A_PUBLIC,5.7
2026081426,6869d9d3-fd6c-30ac-4997-80531b417bee,0,benign_login,0,NoAlert,A_AUTH,5.801
2026081426,ef635fec-2c00-a51c-6e9a-435f98dc4f0f,1,command_probe,1,Violation,D_COMMAND,5.9
2026081426,3bf9d503-9679-6537-a8c4-105cb49fd8ab,0,benign_status,0,NoAlert,A_STATUS,5.7
2026081426,128e6722-2dac-499c-2cc9-cf4c380ed1c4,0,benign_public,0,NoAlert,A_PUBLIC,6.1
2026081426,882f20f6-53d2-fa81-b4ba-eb0d53d97ae6,0,benign_public,0,NoAlert,A_PUBLIC,5.7
2026081426,e332e777-045c-bbf7-7302-0d81bf0856c3,0,benign_public,0,NoAlert,A_PUBLIC,5.801
2026081426,e286358a-1174-adbb-f407-9862d37c0b56,0,benign_status,0,NoAlert,A_STATUS,5.8
2026081426,5ee92e99-8749-f3a5-19d8-6a40a435529c,1,bruteforce,0,NoAlert,A_AUTH_FAIL_SINGLE,7.801
2026081426,8d26511b-d4ed-1340-c5f7-b5023ad0bb0b,1,bruteforce,0,NoAlert,A_AUTH_FAIL_SINGLE,7.7
2026081426,b03e76d2-d2e0-ab06-48f5-43602139b8ce,1,bruteforce,0,NoAlert,A_AUTH_FAIL_SINGLE,7.601
2026081426,bad29e0e-bc17-9c24-2ee4-f2886d5d94bd,1,bruteforce,1,Violation,D_BRUTEFORCE,8.8
2026081426,aca3a9ab-8204-216f-1448-f97371e4b46c,1,bruteforce,1,Violation,D_BRUTEFORCE,8.801
2026081426,986d229d-b432-1a95-042b-f7169f9f3e53,0,benign_login,0,NoAlert,A_AUTH,6.5
2026081426,fc0c2a02-b2fb-4db0-97c0-962a1f3157dc,0,benign_status,0,NoAlert,A_STATUS,6.1
2026081426,9210681a-eccb-01e8-1dfe-081da5f82fa9,0,benign_status,0,NoAlert,A_STATUS,6.0
2026081426,a0ccfa1b-cde0-5f80-95bb-da0568b05a66,0,benign_public,0,NoAlert,A_PUBLIC,5.701
2026081426,da54cb36-0edb-9810-8d76-e43cf6bac113,0,benign_public,0,NoAlert,A_PUBLIC,5.8
2026081426,fc48cd0d-261b-99b7-7429-d48817d69a4b,0,benign_public,0,NoAlert,A_PUBLIC,5.901
2026081426,d8407731-30a6-b367-5c16-134be1482d4d,0,benign_status,0,NoAlert,A_STATUS,5.7
2026081426,d2e66168-1c56-ed2a-4670-43f9f07a066e,0,benign_login,0,NoAlert,A_AUTH,5.7
2026081426,8672fef7-eb58-1c14-5e28-cd4f7166047b,1,bruteforce,0,NoAlert,A_AUTH_FAIL_SINGLE,7.501
2026081426,d25b115a-e22c-cc9a-247b-ad38d20441a6,1,bruteforce,0,NoAlert,A_AUTH_FAIL_SINGLE,7.4
2026081426,a69dccc4-1f5c-d0d9-1e88-a7e6db1fdcbf,1,bruteforce,0,NoAlert,A_AUTH_FAIL_SINGLE,7.5
2026081426,7de5c5f3-6c4b-74ec-4dfb-d2a75b338b03,1,bruteforce,1,Violation,D_BRUTEFORCE,8.201
2026081426,ce51107e-952f-ca35-94b4-131b3837a3e5,1,bruteforce,1,Violation,D_BRUTEFORCE,8.2
2026081426,db219869-04be-96aa-c028-229d1279a076,1,bruteforce,1,Violation,D_BRUTEFORCE,8.101
2026081426,b531cb4e-9981-c715-afc2-27a36ec339d5,1,bruteforce,1,Violation,D_BRUTEFORCE,8.3
2026081426,ade66133-d7cf-f9e2-a630-7057dbfae06b,1,bruteforce,1,Violation,D_BRUTEFORCE,8.201
2026081426,d2772a0f-ffe7-c163-d6d5-ccc695526ca7,1,bruteforce,1,Violation,D_BRUTEFORCE,8.2
2026081426,9b646a3c-5b89-31fb-855b-a2db36053cd7,1,bruteforce,1,Violation,D_BRUTEFORCE,8.001
2026081426,d399bafc-6f7d-8a12-ee2a-33948ef83cc1,0,benign_login,0,NoAlert,A_AUTH,5.9
2026081426,8f3bc518-4ee5-3c78-8b49-340f224c2690,0,benign_status,0,NoAlert,A_STATUS,5.901
2026081426,bd85294c-7fe2-9f90-8dce-1832fe557a14,0,benign_public,0,NoAlert,A_PUBLIC,5.9
2026081426,5de2f073-b1d1-a1e1-ceef-24be4ba3245b,0,benign_status,0,NoAlert,A_STATUS,5.801
2026081426,dbb271da-bf00-1283-e5c4-584517dc20ce,0,benign_status,0,NoAlert,A_STATUS,6.1
2026081426,3abd077d-16f0-87a4-0692-32024f557fe4,0,benign_public,0,NoAlert,A_PUBLIC,5.901
2026081426,633e56f9-9f32-eede-5c18-7aec447342bc,0,benign_public,0,NoAlert,A_PUBLIC,6.0
2026081426,1b867701-d3b0-3bf2-6103-6bb53d5efc45,1,bruteforce,0,NoAlert,A_AUTH_FAIL_SINGLE,7.801
2026081426,a1b618f3-86f9-9385-ef63-de14ec5cdfb3,1,bruteforce,0,NoAlert,A_AUTH_FAIL_SINGLE,7.7
2026081426,44aa13f5-c3fd-77dd-cab0-cc361617323d,1,bruteforce,0,NoAlert,A_AUTH_FAIL_SINGLE,7.601
2026081426,e7c9826a-bdbf-09ab-6ca8-3cc09863a59c,1,bruteforce,1,Violation,D_BRUTEFORCE,8.6
2026081426,32468002-15f5-b8dc-355a-08ebced04977,1,bruteforce,1,Violation,D_BRUTEFORCE,8.401
2026081426,ad3fa730-b078-8aa4-8ffa-5597e2ec85da,0,benign_login,0,NoAlert,A_AUTH,6.1
2026081426,1a7f44af-eca4-3c3f-f60f-a3f10907de43,0,benign_public,0,NoAlert,A_PUBLIC,5.901
2026081426,bf45543f-03b0-94df-c609-d5345ee1fb75,0,benign_public,0,NoAlert,A_PUBLIC,5.8
2026081426,d187f262-3e92-bcbe-ac86-3bdb286cf83f,0,benign_status,0,NoAlert,A_STATUS,6.001
2026081426,65e33ad7-3c36-b7ed-7619-1a0bb5ada203,0,benign_login,0,NoAlert,A_AUTH,6.0
2026081426,58bd522e-ef4e-de36-e678-adaad6e9b03c,1,path_traversal,1,Violation,D_TRAVERSAL,6.2
2026081426,38bb8765-7769-70b4-719d-bc1b5d9216f7,0,benign_login,0,NoAlert,A_AUTH,5.901
2026081426,e4248109-8841-4883-b364-c822e8ec1159,0,benign_public,0,NoAlert,A_PUBLIC,6.0
2026081426,cb3314c7-3ca6-e3fb-66dd-4a27d6815125,0,benign_login,0,NoAlert,A_AUTH,5.901
2026081426,fea2d18f-717f-2e4e-64bf-ef1327e54ee0,0,benign_login,0,NoAlert,A_AUTH,5.7
2026081426,a01ca575-26cd-0f08-d7c4-3aeed5273594,0,benign_login,0,NoAlert,A_AUTH,5.601
2026081426,0d93a623-cd16-906e-2ff8-491212042a8b,0,benign_public,0,NoAlert,A_PUBLIC,24.801
2026081426,942b099d-a3c1-707e-3bb1-9707af9fb55b,1,admin_probe,1,Violation,D_ADMIN,13.601
2026081426,be44d1fd-3f4e-2844-a5bc-af3cebb19639,1,path_traversal,1,Violation,D_TRAVERSAL,8.801
2026081426,a8e2c2a4-9770-0832-8af4-460fc1d7bc2a,1,bruteforce,0,NoAlert,A_AUTH_FAIL_SINGLE,10.201
2026081426,b4e60a07-7346-c89f-1d82-1fe08b68f1cf,1,bruteforce,0,NoAlert,A_AUTH_FAIL_SINGLE,8.6
2026081426,f44d500b-8199-3eb6-fc6a-d05fd9614494,1,bruteforce,0,NoAlert,A_AUTH_FAIL_SINGLE,8.201
2026081426,02fc4892-298f-c955-c452-20b3745a87ab,1,bruteforce,1,Violation,D_BRUTEFORCE,8.7
2026081426,34134a41-551e-7d27-f0a4-7c5c6aaf8c4d,1,bruteforce,1,Violation,D_BRUTEFORCE,8.701
2026081426,09651731-aa51-043a-218f-d01de4503ad5,0,benign_login,0,NoAlert,A_AUTH,6.6
2026081426,f5fc62a4-165f-dbd7-c46f-713a6f1888c1,1,bruteforce,1,Violation,D_BRUTEFORCE,8.3
2026081426,bdff9e75-a5a8-f5b6-e18b-22b4a9399c4e,1,bruteforce,1,Violation,D_BRUTEFORCE,8.501
2026081426,cdf8747b-6d7d-ffb0-609f-e483876d5fea,1,bruteforce,1,Violation,D_BRUTEFORCE,8.8
2026081426,93cf69d9-a4d1-ef96-54bc-93f0120f8d86,1,bruteforce,1,Violation,D_BRUTEFORCE,8.501
2026081426,90801ae5-6fe5-5c73-67c3-dafbe77146c6,1,bruteforce,1,Violation,D_BRUTEFORCE,12.201
2026081426,6e1f6276-6e0c-a302-c37e-80c1986d78e3,1,bruteforce,1,Violation,D_BRUTEFORCE,8.7
2026081426,3595a466-5385-3837-d4ac-ff73c7a756fb,1,bruteforce,1,Violation,D_BRUTEFORCE,8.401
2026081426,1dabe078-edf3-02e5-1512-0e4c1c7b7c0d,1,bruteforce,1,Violation,D_BRUTEFORCE,8.401
2026081426,3cb775d1-a652-7d2d-bb53-3e98f2cd3f09,1,bruteforce,1,Violation,D_BRUTEFORCE,8.4
2026081426,54cf8ebf-f308-20fa-8f82-bf2b6f91147f,1,bruteforce,1,Violation,D_BRUTEFORCE,8.301
2026081426,8d94030f-4ca5-2cf4-6142-b77bf539fd26,0,benign_login,0,NoAlert,A_AUTH,6.0
2026081426,18f39c37-2c40-988c-8214-f035eab1a96a,0,benign_login,0,NoAlert,A_AUTH,5.901
2026081426,8c3ebe76-cedb-86f9-b317-3ed462b81680,0,benign_status,0,NoAlert,A_STATUS,6.1
2026081426,5c28e31c-0c8f-9f72-39c4-e0829962ca7d,0,benign_public,0,NoAlert,A_PUBLIC,6.0
2026081426,07aa931c-c60a-b07b-1393-23b12ccd322e,0,benign_status,0,NoAlert,A_STATUS,6.101
2026081426,1aca0237-4330-2a19-9991-89a43fef6375,1,bruteforce,0,NoAlert,A_AUTH_FAIL_SINGLE,12.401
2026081426,19a9527c-cf14-b1c2-3735-7f92582ca4ec,1,bruteforce,0,NoAlert,A_AUTH_FAIL_SINGLE,13.801
2026081426,e088ead4-943c-11f8-b0a3-07cc1777f3cf,1,bruteforce,0,NoAlert,A_AUTH_FAIL_SINGLE,8.6
2026081426,c9f19cdb-6452-fde2-4b47-8147e669e9c1,1,bruteforce,1,Violation,D_BRUTEFORCE,8.601
2026081426,4b622819-2b5d-6aba-2ae2-c86eb62c6514,1,bruteforce,1,Violation,D_BRUTEFORCE,8.801
2026081426,2801896a-1dcf-a002-3703-567d4e7b1493,0,benign_login,0,NoAlert,A_AUTH,6.1
2026081426,2c8cc294-c8cb-76ec-bd87-149c1e2d4a20,1,admin_probe,1,Violation,D_ADMIN,6.101
2026081426,31d2ca96-90a2-20e9-4509-104e1a6a9a45,0,benign_status,0,NoAlert,A_STATUS,6.0
2026081426,8f6f7383-b9db-c515-906a-aa5312c5bff2,0,benign_login,0,NoAlert,A_AUTH,5.9
2026081426,093c78bd-17c5-9cc4-3678-b8dabf0a4017,0,benign_login,0,NoAlert,A_AUTH,8.601
2026081426,468b0ad3-29ee-605f-de71-5c33bea01379,0,benign_status,0,NoAlert,A_STATUS,6.2
2026081426,d5a68475-a510-bf32-fb20-866246cec600,0,benign_public,0,NoAlert,A_PUBLIC,6.001
2026081426,bba11092-e514-efc4-e867-34260f41efc2,0,benign_public,0,NoAlert,A_PUBLIC,5.8
2026081426,54bc8ea0-b536-9f3a-ffc4-d52fb2e1587a,0,benign_status,0,NoAlert,A_STATUS,5.801
2026081426,1e2af506-6407-1117-bd29-8897eb01d658,0,benign_status,0,NoAlert,A_STATUS,5.8
2026081426,d46ea18d-ba04-3832-9dbf-7cbf5c747297,0,benign_public,0,NoAlert,A_PUBLIC,5.901
2026081426,da301f32-530a-f8d1-fd8a-d85963d4f340,1,command_probe,1,Violation,D_COMMAND,6.2
2026081426,88983eaa-3e7c-959b-7625-f19d8db40dc8,1,command_probe,1,Violation,D_COMMAND,6.0
2026081426,c8595d8b-bbf1-c255-ef71-d1904bda6748,0,benign_public,0,NoAlert,A_PUBLIC,5.801
2026081426,232639f6-c5b8-fb70-a27a-6f4dbede5adf,0,benign_login,0,NoAlert,A_AUTH,5.8
2026081426,f60f000f-da13-5f0e-6e32-d0a3f4bc0a3f,0,benign_status,0,NoAlert,A_STATUS,5.801
2026081426,e28c7f22-a43e-f0e2-40cb-495485ffa8d2,1,bruteforce,0,NoAlert,A_AUTH_FAIL_SINGLE,7.7
2026081426,353c8dee-1731-740e-65d6-bf06ea45eb50,1,bruteforce,0,NoAlert,A_AUTH_FAIL_SINGLE,7.601
2026081426,c0a601b8-cde5-468b-717a-64d8273e010c,1,bruteforce,0,NoAlert,A_AUTH_FAIL_SINGLE,7.6
2026081426,af8c8a3b-7900-64f9-7ea1-09758c3533b2,1,bruteforce,1,Violation,D_BRUTEFORCE,8.401
2026081426,2ff1258a-71ab-a474-e19b-741e45f6b868,1,bruteforce,1,Violation,D_BRUTEFORCE,8.601
2026081426,c74e3cac-62e3-7c7d-d7b8-ce4d0dc2bec4,0,benign_status,0,NoAlert,A_STATUS,6.2
2026081426,55a88f40-9cea-88a5-b1d2-05897fffad6d,1,bruteforce,1,Violation,D_BRUTEFORCE,8.401
2026081426,8e509358-2557-76ad-0a99-cde06eb03867,1,bruteforce,1,Violation,D_BRUTEFORCE,34.802
2026081426,2b6accb4-4850-72f3-cdd6-5ecf0833e46a,1,bruteforce,1,Violation,D_BRUTEFORCE,16.501
2026081426,97c826a5-0842-56d3-0dd3-d76f4c16c431,1,bruteforce,1,Violation,D_BRUTEFORCE,10.801
2026081426,4c66604a-cbb0-71d5-2f78-cbe65baea66d,1,bruteforce,1,Violation,D_BRUTEFORCE,9.3
2026081426,7897a077-e9d6-a473-5669-fb3264627155,0,benign_public,0,NoAlert,A_PUBLIC,6.6
2026081426,1ded9ead-7050-3f57-58f9-65a76ba6bc94,0,benign_status,0,NoAlert,A_STATUS,6.3
2026081426,98672549-cb8f-0c9e-1296-89240f46e05e,0,benign_public,0,NoAlert,A_PUBLIC,6.101
2026081426,30481746-e440-0c7e-f875-1d30efdface1,0,benign_login,0,NoAlert,A_AUTH,6.3
2026081426,bb5fc5cc-1dd3-9608-64ec-cacec0a790ab,1,command_probe,1,Violation,D_COMMAND,6.001
2026081426,b9069efc-d1d0-d6a0-cb0c-03ff126c342c,0,benign_public,0,NoAlert,A_PUBLIC,5.9
2026081426,d851a45a-6368-e9c0-0023-61386ac3a163,0,benign_login,0,NoAlert,A_AUTH,6.201
2026081426,bef3ee62-d8ed-0bee-2fd1-733ddc4386b2,0,benign_public,0,NoAlert,A_PUBLIC,5.8
2026081426,9e89abe9-940e-16b9-aa83-b434067943cb,0,benign_status,0,NoAlert,A_STATUS,5.9
2026081426,b5d939bf-5622-d50e-28c7-605ca782ad00,0,benign_public,0,NoAlert,A_PUBLIC,5.9
2026081426,689787fe-cce5-301d-0761-2bddbbf18140,0,benign_status,0,NoAlert,A_STATUS,5.7
2026081426,f08a597f-d6e2-aa94-79ad-17c18d9f3a66,0,benign_login,0,NoAlert,A_AUTH,5.701
2026081426,190c1571-30f3-3e38-5b7f-102b48baa388,0,benign_public,0,NoAlert,A_PUBLIC,5.8
2026081426,9e640c22-4a13-580d-a632-c82e9617165c,0,benign_status,0,NoAlert,A_STATUS,5.701
2026081426,b04bd472-e4d4-5855-0b12-42b4ac2f70f6,0,benign_status,0,NoAlert,A_STATUS,5.9
2026081426,519dac2a-7135-953b-cf75-e44a4e3d8999,0,benign_login,0,NoAlert,A_AUTH,6.0
2026081426,48bbf29f-5751-9c9b-3828-81d6bcb39e79,1,path_traversal,1,Violation,D_TRAVERSAL,6.3
2026081426,270357db-4cc5-876d-d8e6-11cbe9c933e0,0,benign_status,0,NoAlert,A_STATUS,5.9
2026081426,f1097f73-68dd-0913-3a54-1202c95043bd,0,benign_public,0,NoAlert,A_PUBLIC,6.001
2026081426,0e83a031-ff90-7761-f029-cb6302af23f7,1,admin_probe,1,Violation,D_ADMIN,6.0
2026081426,158f7fe2-4751-531c-4415-c43b54be0629,0,benign_status,0,NoAlert,A_STATUS,5.901
2026081426,65d59ff4-5159-1323-faa1-3ad9b3c2cd76,0,benign_status,0,NoAlert,A_STATUS,5.8
2026081426,dfef1011-0487-329e-0bf6-d11b69d2a6de,1,admin_probe,1,Violation,D_ADMIN,5.901
2026081426,4a622a8b-1692-bc1d-347d-fe7e9fa59fbc,0,benign_login,0,NoAlert,A_AUTH,5.8
2026081426,55bda59d-b6d6-9afc-901e-602d644cfc2f,0,benign_login,0,NoAlert,A_AUTH,5.8
2026081426,c3c22e1a-8f67-a0f2-f251-00807252f674,0,benign_public,0,NoAlert,A_PUBLIC,5.801
2026081426,5c064b82-889d-66d6-3d9b-d75d8815df3d,0,benign_status,0,NoAlert,A_STATUS,5.7
2026081426,bd1bee04-e580-076b-fb06-0c2fd3a37c4d,1,command_probe,1,Violation,D_COMMAND,6.001
2026081426,429a2166-cb73-0477-fea3-51c414dcd874,0,benign_status,0,NoAlert,A_STATUS,5.8
2026081426,94c61c31-ac72-bc57-cc3a-758bedd6b03f,0,benign_login,0,NoAlert,A_AUTH,5.8
2026081426,b4a4581a-d986-ca5b-800e-dd6f9fe453a0,0,benign_status,0,NoAlert,A_STATUS,5.7
2026081426,2237331f-d416-d0c7-02fd-fa4d41fe1237,0,benign_login,0,NoAlert,A_AUTH,5.8
2026081426,b61aad14-98ac-5181-8180-335c6c0c3fe5,0,benign_login,0,NoAlert,A_AUTH,5.901
2026081426,7a39e975-7140-3949-a0ae-9eb3e5cf1c31,0,benign_login,0,NoAlert,A_AUTH,5.8
2026081426,59514f8b-4e1c-ec0c-1728-1c94a9aaf83c,0,benign_status,0,NoAlert,A_STATUS,6.101
2026081426,8e0cca24-9316-4f93-1acd-41e9e6db974e,0,benign_public,0,NoAlert,A_PUBLIC,5.7
2026081426,1d98eee0-234c-ed41-94e4-1946ec1379a7,0,benign_login,0,NoAlert,A_AUTH,5.9
2026081426,60f0b4be-d4f7-4400-a02a-38b2a73290fd,0,benign_login,0,NoAlert,A_AUTH,5.8
2026081426,9f68b748-d087-7fe8-25ed-0b3ab134234a,0,benign_status,0,NoAlert,A_STATUS,5.6
2026081426,7e6612f8-c6ec-4b29-6653-9c7d8b33c40b,0,benign_status,0,NoAlert,A_STATUS,5.701
2026081426,3f544363-b0fd-d50c-8f09-e52cd1389b18,0,benign_public,0,NoAlert,A_PUBLIC,6.0
2026081426,c96c7121-f46f-e88c-b20f-0c52c1d7530b,0,benign_login,0,NoAlert,A_AUTH,5.801
2026081426,fa1f0e2a-2545-3c34-e7fe-2f85bad896f7,1,bruteforce,0,NoAlert,A_AUTH_FAIL_SINGLE,7.7
2026081426,bfe6b064-cdf3-555b-cef1-ae7571d667ed,1,bruteforce,0,NoAlert,A_AUTH_FAIL_SINGLE,7.601
2026081426,4d75af03-861f-a798-000d-a469c7fcc4d4,1,bruteforce,0,NoAlert,A_AUTH_FAIL_SINGLE,7.5
2026081426,a5b8f17a-47a4-f1fa-9a8f-7260965e2119,1,bruteforce,1,Violation,D_BRUTEFORCE,8.301
2026081426,613b46df-c871-3e06-41fc-7b261d185658,1,bruteforce,1,Violation,D_BRUTEFORCE,8.3
2026081426,8155048e-7e25-4cb6-6ca3-dac7c87a1d51,0,benign_login,0,NoAlert,A_AUTH,5.801
2026081426,ffaf8e89-6aea-b9fb-5119-53c31e444ca1,0,benign_public,0,NoAlert,A_PUBLIC,5.7
2026081426,ce50317b-b244-2dd1-64ec-3bd49f0ee908,0,benign_status,0,NoAlert,A_STATUS,5.701
2026081426,27647177-0d26-d92b-c336-707013ce4d28,0,benign_login,0,NoAlert,A_AUTH,5.7
2026081426,509c7f3c-fc87-1fb7-34ed-13270a19d182,1,admin_probe,1,Violation,D_ADMIN,5.7
2026081426,5e36e392-b6f3-27c8-bd1d-631ace996748,0,benign_status,0,NoAlert,A_STATUS,5.601
2026081426,e0f4c2a6-24eb-a677-8ee2-ebcc2767f6bd,0,benign_status,0,NoAlert,A_STATUS,5.6
2026081426,2ed3c6cb-0e44-e90d-3f6a-e10df15de653,0,benign_public,0,NoAlert,A_PUBLIC,5.501
2026081426,66ff159a-9c98-000c-062c-5f18fadfa453,0,benign_public,0,NoAlert,A_PUBLIC,8.1
2026081426,70b67ee1-b365-48c3-2616-c9d4621cc44e,0,benign_public,0,NoAlert,A_PUBLIC,6.001
2026081426,9d730142-a071-0764-a0c4-3c87ccfb4c4b,1,path_traversal,1,Violation,D_TRAVERSAL,5.8
2026081426,a30bbe77-fb70-1289-d3ec-de0c04883f9c,0,benign_public,0,NoAlert,A_PUBLIC,5.9
2026081426,9ba68307-3591-6be5-0fef-f0048298b1f3,0,benign_login,0,NoAlert,A_AUTH,5.601
2026081426,cde8e02f-28df-0713-0e72-ee49f2269771,0,benign_login,0,NoAlert,A_AUTH,5.7
2026081426,4eedd634-0a71-0d89-7ce8-78f7d6a61f11,0,benign_status,0,NoAlert,A_STATUS,5.701
2026081426,71da50bd-7431-fc39-6905-d11466412d62,0,benign_status,0,NoAlert,A_STATUS,5.6
2026081426,5ab9d2f4-cf41-73ff-aace-ff40f7ccaf6e,0,benign_public,0,NoAlert,A_PUBLIC,5.5
2026081426,85c5822e-ed67-7c80-72a0-ed332776fc5b,1,command_probe,1,Violation,D_COMMAND,5.7
2026081426,41de7263-5bcc-e92b-0acc-e4c429723e8f,0,benign_status,0,NoAlert,A_STATUS,5.7
2026081426,8599b665-0c88-16eb-0c84-daa0573ea3eb,1,command_probe,1,Violation,D_COMMAND,5.901
2026081426,293d5e4b-4e29-2d35-7521-1e3ea9c18cc5,0,benign_public,0,NoAlert,A_PUBLIC,5.9
2026081426,50a11243-7c53-0b45-fe0b-45517654ca1c,0,benign_login,0,NoAlert,A_AUTH,6.001
2026081426,b5c5947a-7036-49b7-4c2d-d3382900d99f,1,bruteforce,0,NoAlert,A_AUTH_FAIL_SINGLE,7.8
2026081426,07fb9606-8c3a-8075-d7aa-0dfbe2190974,1,bruteforce,0,NoAlert,A_AUTH_FAIL_SINGLE,8.001
2026081426,835b2e0d-2cee-2fbf-b1a0-56603f3f7ea9,1,bruteforce,0,NoAlert,A_AUTH_FAIL_SINGLE,7.7
2026081426,b9e0e2eb-df45-e132-1c07-617f04542ce4,1,bruteforce,1,Violation,D_BRUTEFORCE,8.601
2026081426,8f5aeb33-8b7c-996e-45d2-8270a20be0aa,1,bruteforce,1,Violation,D_BRUTEFORCE,8.301
2026081426,d3690fcf-2010-1a34-3724-0083f896967e,1,path_traversal,1,Violation,D_TRAVERSAL,7.7
2026081426,73e18d05-7b03-6b26-e44d-2bcceadc1a92,0,benign_public,0,NoAlert,A_PUBLIC,6.0
2026081426,9bc82a44-ebdb-badc-a80f-a13950584d81,0,benign_status,0,NoAlert,A_STATUS,5.8
2026081426,3e253126-7a34-97d9-9032-469e229486f5,0,benign_login,0,NoAlert,A_AUTH,5.8
2026081426,6e1ba0f7-158f-2bea-89ae-b231ff26c3c4,0,benign_status,0,NoAlert,A_STATUS,5.701
2026081426,f8cc2d1d-f655-b79d-a271-72add6bcb59b,0,benign_status,0,NoAlert,A_STATUS,5.7
2026081426,f09703d6-e681-3751-7acc-60849908089c,0,benign_public,0,NoAlert,A_PUBLIC,5.701
2026081426,a7b8e3ca-0cb2-7347-2cfa-8b14c9fb4fd6,0,benign_public,0,NoAlert,A_PUBLIC,5.8
2026081426,11ebbdd6-0931-fb9c-a691-1aa30ced079f,0,benign_login,0,NoAlert,A_AUTH,5.8
2026081426,1aaa349d-ed00-f842-2a88-921a0dc269dd,1,bruteforce,0,NoAlert,A_AUTH_FAIL_SINGLE,7.601
2026081426,5f7eb856-7c1e-16ff-a0e2-eec7ca4cfd36,1,bruteforce,0,NoAlert,A_AUTH_FAIL_SINGLE,7.6
2026081426,4e075593-f079-4dba-a49b-69536d14d738,1,bruteforce,0,NoAlert,A_AUTH_FAIL_SINGLE,7.4
2026081426,2e771e78-3985-ae86-3de3-05ddb010ea8a,1,bruteforce,1,Violation,D_BRUTEFORCE,8.301
2026081426,7b4e8de1-ebab-f151-2cea-0aed9ea1f814,1,bruteforce,1,Violation,D_BRUTEFORCE,8.3
2026081426,61adf3bf-3faf-a6dd-262f-d9a3681e0245,0,benign_status,0,NoAlert,A_STATUS,5.901
2026081426,d56a9a31-2a61-5bf4-9875-27da40e08eff,0,benign_status,0,NoAlert,A_STATUS,5.6
2026081426,29e50dc6-37b7-541d-0dd0-97d58cec8401,1,bruteforce,0,NoAlert,A_AUTH_FAIL_SINGLE,7.501
2026081426,282b73f8-02c6-1f6a-2984-599faeebad99,1,bruteforce,0,NoAlert,A_AUTH_FAIL_SINGLE,7.4
2026081426,856e612e-b43a-ea58-6aa0-9be9336c4ed3,1,bruteforce,0,NoAlert,A_AUTH_FAIL_SINGLE,7.301
2026081426,01fa8bd0-91f9-e957-1833-bc7dfcb8dcfe,1,bruteforce,1,Violation,D_BRUTEFORCE,8.3
2026081426,f909f27f-20d4-b0b3-87ca-085226b0387b,1,bruteforce,1,Violation,D_BRUTEFORCE,8.301
2026081426,5e37d4b8-00ff-3528-110a-65fc80a3831b,0,benign_login,0,NoAlert,A_AUTH,5.9
2026081426,8c4b0297-f9f1-ea1b-67da-2ef160f49e9c,0,benign_login,0,NoAlert,A_AUTH,6.001
2026081426,ac6a2103-3117-cbaa-9d7d-6d9a15d8c9af,1,bruteforce,0,NoAlert,A_AUTH_FAIL_SINGLE,7.2
2026081426,1f2df1a7-6636-6612-7ed7-92f53c07be05,1,bruteforce,0,NoAlert,A_AUTH_FAIL_SINGLE,7.501
2026081426,72194d55-4a32-39cc-ea27-a12c1d4ce9c2,1,bruteforce,0,NoAlert,A_AUTH_FAIL_SINGLE,7.3
2026081426,527f99ba-92c3-9dd2-0956-78b42bb336f2,1,bruteforce,1,Violation,D_BRUTEFORCE,8.101
2026081426,f066c861-4324-0b99-e2d4-89e67e622878,1,bruteforce,1,Violation,D_BRUTEFORCE,8.2
2026081426,1e28b341-a59a-81ad-54f7-8cad31f81570,0,benign_login,0,NoAlert,A_AUTH,6.101
2026081426,8cc8de96-3a0b-622b-39a1-490036cd3165,0,benign_status,0,NoAlert,A_STATUS,6.1
2026081426,6f326d73-cfc9-6b38-ed4f-d0eab217e169,0,benign_status,0,NoAlert,A_STATUS,5.701
2026081426,dc8f6ee6-7c71-b409-cdfe-ec8814755ec4,0,benign_public,0,NoAlert,A_PUBLIC,5.7
2026081426,f13800cf-ae9f-28ca-f984-82dddeba8801,0,benign_status,0,NoAlert,A_STATUS,6.001
2026081426,33a390d7-2854-54ef-7884-a29dd81674ba,0,benign_public,0,NoAlert,A_PUBLIC,5.8
2026081426,d2aac111-5d61-8a52-12d8-deb378bc5d56,0,benign_login,0,NoAlert,A_AUTH,5.9
2026081426,ef621ddb-4945-26c7-b747-43433141e21e,0,benign_login,0,NoAlert,A_AUTH,5.801
2026081426,3bd85c16-265d-2c4b-5300-bfd46ca05010,0,benign_public,0,NoAlert,A_PUBLIC,5.7
2026081426,99010c77-42f5-e5e0-e3a5-d65f9f839f0a,0,benign_status,0,NoAlert,A_STATUS,5.701
2026081426,fd77de87-d25b-767b-3afe-789c03f29441,1,admin_probe,1,Violation,D_ADMIN,5.9
2026081426,1c53ddb2-802e-a29a-5f5b-227f0af64799,1,command_probe,1,Violation,D_COMMAND,6.1
2026081426,d1ab166a-ea1b-ca59-698d-c0f4e1c147dd,0,benign_status,0,NoAlert,A_STATUS,5.601
2026081426,0f7836ed-09e6-1a75-485d-90ab0634d3c3,0,benign_login,0,NoAlert,A_AUTH,6.0
2026081426,c127880b-6d7b-21c1-7306-4d474c68a663,1,bruteforce,0,NoAlert,A_AUTH_FAIL_SINGLE,7.401
2026081426,e058097c-6fce-563e-329f-0dd734a16ec0,1,bruteforce,0,NoAlert,A_AUTH_FAIL_SINGLE,7.5
2026081426,5b471896-d971-268b-26f9-11239238905c,1,bruteforce,0,NoAlert,A_AUTH_FAIL_SINGLE,7.501
2026081426,f3fa9591-f694-bdd2-0386-aa00e676f6b3,1,bruteforce,1,Violation,D_BRUTEFORCE,8.6
2026081426,8f956e8d-b1b9-29b9-89a1-4b24ca5e31b8,1,bruteforce,1,Violation,D_BRUTEFORCE,9.101
2026081426,d7d4309a-719a-f4f4-c126-8ff10ce64ce2,0,benign_public,0,NoAlert,A_PUBLIC,6.101
2026081426,75f230a8-f5a6-de5d-f0aa-472c60deccb8,0,benign_public,0,NoAlert,A_PUBLIC,6.0
2026081426,b0c9d441-aaa8-ca0a-bd37-603666ac6a88,0,benign_status,0,NoAlert,A_STATUS,6.0
2026081426,00ea68ad-2dd5-487b-cb23-57be089d1c85,0,benign_status,0,NoAlert,A_STATUS,6.001
2026081426,7fa7d4a1-996e-4aae-a0dd-704b2935d396,0,benign_status,0,NoAlert,A_STATUS,5.8
2026081426,d292781b-dc81-4dea-6ed2-4967372ab977,0,benign_status,0,NoAlert,A_STATUS,6.101
2026081426,e32386aa-da35-9198-6abe-7a1c4ba8398f,0,benign_status,0,NoAlert,A_STATUS,5.8
2026081426,6b2fc032-d7f6-49e8-4a0f-b6856e3aab2b,0,benign_login,0,NoAlert,A_AUTH,6.001
2026081426,ea676d98-a842-57f6-47ea-6d35b958909e,0,benign_status,0,NoAlert,A_STATUS,5.9
2026081426,21c767f4-16f0-d925-3857-98c9be54c247,0,benign_status,0,NoAlert,A_STATUS,6.0
2026081426,714854a5-343e-14ea-eb19-eeacd3abc928,0,benign_public,0,NoAlert,A_PUBLIC,5.801
2026081426,854063d0-0bc3-26f0-45ac-a0a2e18dc725,1,path_traversal,1,Violation,D_TRAVERSAL,6.0
2026081426,1015ab5c-8d6d-9945-5e37-965b7259e35c,0,benign_login,0,NoAlert,A_AUTH,5.801
2026081426,3b0b9a7c-f7be-7fea-3bc0-4732bc8481de,0,benign_public,0,NoAlert,A_PUBLIC,5.9
2026081426,4e4dc9a1-6985-130e-1572-06a308f8007b,0,benign_public,0,NoAlert,A_PUBLIC,27.702
2026081426,0dd323bf-d79d-32b6-08b3-f3d21b77f2ba,0,benign_status,0,NoAlert,A_STATUS,9.501
2026081426,afce6bab-55aa-d824-d2a9-767b33560a25,0,benign_public,0,NoAlert,A_PUBLIC,7.0
2026081426,2dd4f267-3628-e3fe-a497-8ebfff6c692e,0,benign_status,0,NoAlert,A_STATUS,6.501
2026081426,c9d1f9aa-0ba5-5ae4-564b-7a3e630c3108,0,benign_login,0,NoAlert,A_AUTH,6.4
2026081426,36855cd0-1a97-cde6-5e0d-2e4a25f92754,0,benign_status,0,NoAlert,A_STATUS,6.201
2026081426,1bf91003-8f77-53fa-543b-5cf60ec5d17b,0,benign_login,0,NoAlert,A_AUTH,5.9
2026081426,cf3596b9-6d33-ffc3-49aa-7eb75f2e9938,1,bruteforce,0,NoAlert,A_AUTH_FAIL_SINGLE,8.801
2026081426,d17197ea-6613-ab34-3bb5-24ee0d29e3d0,1,bruteforce,0,NoAlert,A_AUTH_FAIL_SINGLE,8.0
2026081426,e7271ab9-20b4-3b9a-ddbf-8a49b04d3d6e,1,bruteforce,0,NoAlert,A_AUTH_FAIL_SINGLE,8.201
2026081426,bc5f26ae-9e03-f06b-7a38-65da62da14ad,1,bruteforce,1,Violation,D_BRUTEFORCE,9.0
2026081426,4e9b88f3-e1c2-2267-2367-346148877e45,1,bruteforce,1,Violation,D_BRUTEFORCE,8.701
2026081426,d19b4bd8-77d1-04c4-ee00-e36ffd2da474,1,bruteforce,1,Violation,D_BRUTEFORCE,8.401
2026081426,5d5c8837-488b-4d16-f8dc-7003254dc431,1,bruteforce,1,Violation,D_BRUTEFORCE,8.4
2026081426,aae2872b-0174-1742-e758-11bae5573404,1,bruteforce,1,Violation,D_BRUTEFORCE,8.501
2026081426,e243e2fc-6c23-19fb-c7e7-3c71efb1ed34,1,bruteforce,1,Violation,D_BRUTEFORCE,8.3
2026081426,3b708893-24a0-ece1-306d-8f66eb5ebfee,1,bruteforce,1,Violation,D_BRUTEFORCE,8.101
2026081426,267bbee7-937d-865b-5855-0bebff94a6e6,0,benign_login,0,NoAlert,A_AUTH,6.2
2026081426,372f98f1-c8c4-818f-bc28-424842ccd739,0,benign_public,0,NoAlert,A_PUBLIC,6.001
2026081426,d50e6857-cb5d-f68d-7660-912bafad9fff,0,benign_public,0,NoAlert,A_PUBLIC,6.1
2026081426,c7e71761-a9f7-429e-4159-ef1d992f9634,0,benign_status,0,NoAlert,A_STATUS,6.101
2026081426,51b7336f-ad57-c4c0-d2fd-eeddb3dc7398,0,benign_login,0,NoAlert,A_AUTH,6.0
2026081426,088d35cf-9753-94fa-de9f-4136895d14ac,0,benign_status,0,NoAlert,A_STATUS,5.901
2026081426,f81867aa-6ba1-6469-7b2e-400794ce01a5,0,benign_status,0,NoAlert,A_STATUS,5.9
2026081426,768b48fe-7a3a-de39-7649-136135c09017,0,benign_status,0,NoAlert,A_STATUS,5.8
2026081426,0e7647db-8fc9-f6ae-7d4d-9cc5bc049c66,0,benign_public,0,NoAlert,A_PUBLIC,5.801
2026081426,3b8d9757-cc13-1203-e489-faa4e4756075,0,benign_status,0,NoAlert,A_STATUS,5.9
2026081426,5f9a6cb0-1832-e025-ac7c-0a40ec467648,0,benign_status,0,NoAlert,A_STATUS,5.901
2026081427,c8520d0f-ca97-fc3d-9f81-85239f611012,0,benign_login,0,NoAlert,A_AUTH,21.402
2026081427,331e20f9-5e0f-cf4d-88b9-8dbe28cbef5f,0,benign_status,0,NoAlert,A_STATUS,11.201
2026081427,86efdf59-2804-4beb-54da-a4571bc4f32e,0,benign_login,0,NoAlert,A_AUTH,8.7
2026081427,6cbf1867-cfcc-c777-a6bc-0c2b5ad96312,0,benign_login,0,NoAlert,A_AUTH,7.1
2026081427,0e748a94-cad6-128a-3eeb-4947b2ab8b98,0,benign_login,0,NoAlert,A_AUTH,6.6
2026081427,aeccf1c9-efdf-73c6-b444-feb19880d811,0,benign_public,0,NoAlert,A_PUBLIC,7.2
2026081427,d5224795-059f-ea8e-9a04-8431a84c7819,0,benign_public,0,NoAlert,A_PUBLIC,6.8
2026081427,a7390421-9091-c2d9-8c54-9ffaf4bc80f7,0,benign_status,0,NoAlert,A_STATUS,6.5
2026081427,9a0d5ae6-e610-5d7c-61aa-ac30b99c2b07,0,benign_login,0,NoAlert,A_AUTH,6.7
2026081427,ca6478f7-cafa-ad4f-5dab-05055e0292cd,0,benign_status,0,NoAlert,A_STATUS,6.5
2026081427,d27a0e48-552b-35f0-948a-142d82a3cb65,0,benign_public,0,NoAlert,A_PUBLIC,6.4
2026081427,b369fcde-b86a-49ce-f9d4-c4a2acf708ab,1,bruteforce,0,NoAlert,A_AUTH_FAIL_SINGLE,10.801
2026081427,c024f61c-0ba6-9938-b0d7-51f331110dc8,1,bruteforce,0,NoAlert,A_AUTH_FAIL_SINGLE,9.501
2026081427,c9d5fb9a-a9e8-0d97-0ea7-ce1367ff1a1b,1,bruteforce,0,NoAlert,A_AUTH_FAIL_SINGLE,8.7
2026081427,2d5093b7-03dd-2c5a-d009-fac81cc1f13b,1,bruteforce,1,Violation,D_BRUTEFORCE,9.701
2026081427,96c024f0-841b-8019-a020-c5c36290b003,1,bruteforce,1,Violation,D_BRUTEFORCE,9.201
2026081427,bcaf1d24-2808-82e3-cd25-df63cb0589bb,0,benign_public,0,NoAlert,A_PUBLIC,6.8
2026081427,8af6d6dd-4d41-9cce-1bc8-2c508fe45aab,0,benign_login,0,NoAlert,A_AUTH,6.401
2026081427,1e3c1647-449d-6b4a-4256-fe744c692eb9,0,benign_status,0,NoAlert,A_STATUS,6.4
2026081427,05ceef35-38fd-1aa7-f0a0-d7b7c1ace745,0,benign_login,0,NoAlert,A_AUTH,6.601
2026081427,04f95656-728f-452a-bbb3-1e95f6862725,0,benign_status,0,NoAlert,A_STATUS,6.6
2026081427,bc72b2ea-d381-45fb-ab99-2dd555e3955e,1,bruteforce,0,NoAlert,A_AUTH_FAIL_SINGLE,8.401
2026081427,6d9fe988-485c-fb61-9811-d618005a9a6a,1,bruteforce,0,NoAlert,A_AUTH_FAIL_SINGLE,8.1
2026081427,4c1b4f69-b2e0-92b7-8241-fb1ff18c2c71,1,bruteforce,0,NoAlert,A_AUTH_FAIL_SINGLE,8.501
2026081427,34a54bf4-9102-84ae-9121-3f437102fdc6,1,bruteforce,1,Violation,D_BRUTEFORCE,9.701
2026081427,7087f222-4da5-785f-14f5-95f98f9b6165,1,bruteforce,1,Violation,D_BRUTEFORCE,9.2
2026081427,4167b09c-a993-c883-ed08-ff943e449b42,0,benign_public,0,NoAlert,A_PUBLIC,6.401
2026081427,36b0f309-a32d-c6ff-3b08-ac89ac3bff84,0,benign_login,0,NoAlert,A_AUTH,6.3
2026081427,837b1e25-49ad-2039-06fc-dc06485d6b91,0,benign_login,0,NoAlert,A_AUTH,6.301
2026081427,c631c89d-f82a-93d0-af18-6b9f70240165,0,benign_status,0,NoAlert,A_STATUS,6.4
2026081427,cf0e0902-bc47-c86e-11af-c6308f323c0b,0,benign_status,0,NoAlert,A_STATUS,6.201
2026081427,a23f17e9-2e96-b4a8-a64f-bba798c3fd75,1,bruteforce,0,NoAlert,A_AUTH_FAIL_SINGLE,8.2
2026081427,bcab6d01-5960-77f9-eeed-d5097969926c,1,bruteforce,0,NoAlert,A_AUTH_FAIL_SINGLE,8.601
2026081427,be437441-1051-9397-91d9-5c7de7f4cbeb,1,bruteforce,0,NoAlert,A_AUTH_FAIL_SINGLE,8.3
2026081427,25f1cded-12f8-d2f9-6c9c-94a8eb43e7df,1,bruteforce,1,Violation,D_BRUTEFORCE,9.101
2026081427,41a679ee-6944-c66b-ec06-8cf9def37ef7,1,bruteforce,1,Violation,D_BRUTEFORCE,8.901
2026081427,d6cd4f55-3659-a53c-a91d-30c9f46b6bd3,0,benign_login,0,NoAlert,A_AUTH,6.6
2026081427,1312b3bc-201d-0b19-8002-6f9e96547b04,0,benign_status,0,NoAlert,A_STATUS,6.301
2026081427,3f23677e-0794-95cc-49a7-30c59450e68c,0,benign_public,0,NoAlert,A_PUBLIC,6.3
2026081427,a7e2aca4-d637-e5f3-92ce-7228cd47626d,1,bruteforce,0,NoAlert,A_AUTH_FAIL_SINGLE,8.001
2026081427,fa0b1bbd-b409-f66a-153d-29f943a11b5e,1,bruteforce,0,NoAlert,A_AUTH_FAIL_SINGLE,8.1
2026081427,78ee32f6-3f6a-b99d-645f-9f555362c596,1,bruteforce,0,NoAlert,A_AUTH_FAIL_SINGLE,8.201
2026081427,6cbea568-f38a-4aa1-6c12-06c217bcae44,1,bruteforce,1,Violation,D_BRUTEFORCE,9.0
2026081427,0eab5f05-1622-c031-68e8-a7e8df5db98f,1,bruteforce,1,Violation,D_BRUTEFORCE,8.601
2026081427,3fea9590-6bb3-2e74-1ccb-b33408143498,0,benign_login,0,NoAlert,A_AUTH,6.5
2026081427,d7daf975-772a-7d6c-ed80-769b3994c9f2,1,admin_probe,1,Violation,D_ADMIN,6.501
2026081427,43a0dc88-f898-3917-5a35-a536a341ef2b,0,benign_status,0,NoAlert,A_STATUS,6.7
2026081427,07e2a2ac-6cd6-1290-fbff-24fa3e3b759f,0,benign_public,0,NoAlert,A_PUBLIC,6.301
2026081427,c11c6e3b-4c96-df0e-0031-707eaa2fb6c0,1,admin_probe,1,Violation,D_ADMIN,6.3
2026081427,c7f474e0-f1a3-7e58-a0c0-63c93574b58d,0,benign_status,0,NoAlert,A_STATUS,6.301
2026081427,cae3250f-6fbe-5955-2aa4-628717d4eb6e,0,benign_login,0,NoAlert,A_AUTH,6.1
2026081427,80bece4c-5dd7-1871-2a20-2e6a9b54c73d,1,admin_probe,1,Violation,D_ADMIN,6.701
2026081427,5a7e04ab-ca4e-9451-9ea3-712842f2d0d6,0,benign_status,0,NoAlert,A_STATUS,6.3
2026081427,dffd9973-725d-e239-e267-5628330e7219,0,benign_status,0,NoAlert,A_STATUS,6.301
2026081427,10169cdc-f8b4-8fe2-f86b-34f4eb4f9f24,0,benign_status,0,NoAlert,A_STATUS,6.3
2026081427,f2785541-de3c-1b11-7c21-c0922ef87a6f,0,benign_public,0,NoAlert,A_PUBLIC,6.3
2026081427,8f81009e-88b2-eaf6-5ef2-a4fd976080c2,0,benign_login,0,NoAlert,A_AUTH,6.4
2026081427,94169ff7-4332-219f-0666-9a5164f9820f,0,benign_login,0,NoAlert,A_AUTH,6.7
2026081427,7ca57b7c-7189-891c-789d-578449a2bf99,0,benign_status,0,NoAlert,A_STATUS,6.301
2026081427,0ed09ef6-98bd-375e-fbf1-c2dd7768f450,0,benign_login,0,NoAlert,A_AUTH,6.2
2026081427,1c749aac-10be-5a1a-46b0-390f77051943,0,benign_login,0,NoAlert,A_AUTH,6.101
2026081427,447a976b-411b-7cdf-4f90-dbdec854fe9d,0,benign_public,0,NoAlert,A_PUBLIC,6.1
2026081427,9aca43fe-1f7b-0895-abcf-52df583c6c3d,0,benign_login,0,NoAlert,A_AUTH,6.101
2026081427,8c5ce1ff-a603-fcd5-fd49-42fbcc569d80,0,benign_public,0,NoAlert,A_PUBLIC,6.4
2026081427,0599de84-dfca-8bd9-9fe5-3e40cf43161a,0,benign_public,0,NoAlert,A_PUBLIC,6.301
2026081427,965e753f-39d7-bc3e-923b-8a348cf7505f,0,benign_public,0,NoAlert,A_PUBLIC,6.5
2026081427,78bd4160-4fa7-3821-bd1b-661ba56546af,0,benign_public,0,NoAlert,A_PUBLIC,6.201
2026081427,33bc23cf-5772-ec33-3a39-389fe693749e,0,benign_login,0,NoAlert,A_AUTH,6.5
2026081427,99f1cebd-5bbd-a50b-f595-ba15e9dc71c3,0,benign_public,0,NoAlert,A_PUBLIC,6.5
2026081427,bc263028-3f01-1b0f-31fa-78999eb30a5f,0,benign_login,0,NoAlert,A_AUTH,6.6
2026081427,bcf85fc9-7cc9-1968-6ef0-b0bd33cc2e24,0,benign_login,0,NoAlert,A_AUTH,6.7
2026081427,c401f673-5d3b-d0ac-8379-e90783a267e0,0,benign_status,0,NoAlert,A_STATUS,6.201
2026081427,9c16529f-48ac-c334-958c-6175553ef213,0,benign_login,0,NoAlert,A_AUTH,6.3
2026081427,f1586e84-4170-af89-7893-16243b25dd04,0,benign_status,0,NoAlert,A_STATUS,6.101
2026081427,2cc60662-422b-ca73-8205-d152def977cf,0,benign_status,0,NoAlert,A_STATUS,6.2
2026081427,ffe709e9-e5da-0bd3-f8db-82e5a3a3ac64,1,admin_probe,1,Violation,D_ADMIN,6.501
2026081427,8f1f3af7-eb61-0306-0290-c38b56514179,0,benign_public,0,NoAlert,A_PUBLIC,6.7
2026081427,b3065401-5fc9-b935-61cc-a090f38b557a,0,benign_public,0,NoAlert,A_PUBLIC,6.501
2026081427,4111d788-23ea-7f8e-cb5d-823880ae3300,0,benign_public,0,NoAlert,A_PUBLIC,6.3
2026081427,0ad8ee89-b44b-0ead-63f6-3fb2483e26bb,0,benign_public,0,NoAlert,A_PUBLIC,6.201
2026081427,981b3119-3ceb-738e-52ff-4dc695f37205,0,benign_login,0,NoAlert,A_AUTH,7.7
2026081427,aafef79d-8c44-d08b-d55c-1605e2f15ee4,0,benign_public,0,NoAlert,A_PUBLIC,10.401
2026081427,a3bed461-0a47-a6f2-eb91-be3a35153197,0,benign_login,0,NoAlert,A_AUTH,54.804
2026081427,b8a29aad-a01b-8096-fbad-487767a17a35,0,benign_public,0,NoAlert,A_PUBLIC,10.4
2026081427,64cd1163-276d-3577-663a-879c854cb54f,1,bruteforce,0,NoAlert,A_AUTH_FAIL_SINGLE,11.101
2026081427,7e299172-a9bf-a716-8f31-997063b0b388,1,bruteforce,0,NoAlert,A_AUTH_FAIL_SINGLE,9.301
2026081427,e71c4cff-6b4d-2379-99a3-e986b8309790,1,bruteforce,0,NoAlert,A_AUTH_FAIL_SINGLE,8.6
2026081427,32e4c085-123c-fc0a-9954-24c17e70a472,1,bruteforce,1,Violation,D_BRUTEFORCE,9.501
2026081427,e62f4603-a399-8b02-7a31-b5b013c3d0fd,1,bruteforce,1,Violation,D_BRUTEFORCE,9.101
2026081427,c6329829-4362-73a9-b3a6-e67695d97b3e,1,bruteforce,1,Violation,D_BRUTEFORCE,9.1
2026081427,8034220d-6f71-d611-c74d-0a3af3518b7b,1,bruteforce,1,Violation,D_BRUTEFORCE,9.001
2026081427,52ae42e0-c2a8-2172-7b94-4b62502f4920,1,bruteforce,1,Violation,D_BRUTEFORCE,8.901
2026081427,24c26d31-3669-e144-8604-53166e6f6f00,1,bruteforce,1,Violation,D_BRUTEFORCE,9.0
2026081427,fd3414bf-4126-f1c1-519d-e1772f5bc76e,1,bruteforce,1,Violation,D_BRUTEFORCE,9.001
2026081427,555bb670-baa9-2e0b-1918-35c922d0f21f,1,bruteforce,1,Violation,D_BRUTEFORCE,8.801
2026081427,0479dbe1-1f9b-501a-aebd-f98384bd166e,1,bruteforce,1,Violation,D_BRUTEFORCE,8.8
2026081427,2e448be0-f4da-21f3-0cd1-b3d4f15d833d,1,bruteforce,1,Violation,D_BRUTEFORCE,9.001
2026081427,a7c1da54-99ce-55a7-f79e-4cc29d300cb9,1,bruteforce,1,Violation,D_BRUTEFORCE,9.1
2026081427,c1188e5f-6a61-2bf8-20df-1da852249396,1,bruteforce,1,Violation,D_BRUTEFORCE,8.901
2026081427,90a3751a-a9f6-5954-e2f5-a8f11e301f5e,0,benign_public,0,NoAlert,A_PUBLIC,6.601
2026081427,ce71fd8d-e61d-b8c1-cf99-31767cc3609c,1,bruteforce,1,Violation,D_BRUTEFORCE,9.3
2026081427,2341ab63-191c-1dae-a34c-878d01e83161,1,bruteforce,1,Violation,D_BRUTEFORCE,8.901
2026081427,86783e63-2c99-2af9-842b-a31fdbb6a332,1,bruteforce,1,Violation,D_BRUTEFORCE,9.1
2026081427,782353cd-534e-e7b1-b310-c73b86816888,1,bruteforce,1,Violation,D_BRUTEFORCE,8.9
2026081427,482abc9f-87b8-9a9f-2289-5b0835265df5,1,bruteforce,1,Violation,D_BRUTEFORCE,8.701
2026081427,44dc1d5f-08f4-db55-d533-56e94c36d247,0,benign_status,0,NoAlert,A_STATUS,6.5
2026081427,90008d35-436e-abab-3c25-a555015708a4,0,benign_public,0,NoAlert,A_PUBLIC,6.501
2026081427,ed7c7024-cf39-8702-1d2d-7c4ead478cf7,0,benign_public,0,NoAlert,A_PUBLIC,6.5
2026081427,149c3cdd-5f4c-07ba-a7c5-851ef169e3e2,1,command_probe,1,Violation,D_COMMAND,6.901
2026081427,86ba27e4-f4e6-a98d-8913-72db2e0bcd1f,0,benign_login,0,NoAlert,A_AUTH,6.6
2026081427,5d4f24e6-afeb-b0ad-8fe6-6a32dd71c975,0,benign_login,0,NoAlert,A_AUTH,6.401
2026081427,099b2c79-4e52-4f3b-a1f2-44a79eeca584,0,benign_login,0,NoAlert,A_AUTH,6.3
2026081427,523a94bc-b598-be11-8676-f321c000a8a8,0,benign_login,0,NoAlert,A_AUTH,6.201
2026081427,6da3c5e6-5a5b-c74a-0a49-049df2d7a71f,0,benign_login,0,NoAlert,A_AUTH,6.2
2026081427,64f36f36-7f6c-ea2d-d3b2-76abd24de6bd,0,benign_status,0,NoAlert,A_STATUS,6.3
2026081427,f33d6f18-29b6-da93-2cfc-e401b19d30e4,0,benign_login,0,NoAlert,A_AUTH,6.3
2026081427,bf067270-103b-04c8-9da3-169787a091e4,0,benign_public,0,NoAlert,A_PUBLIC,6.2
2026081427,aef5164c-ae1c-4000-75a3-99a1eb795a66,1,path_traversal,1,Violation,D_TRAVERSAL,6.601
2026081427,1694ea10-88a8-9e8b-21cb-255edec74d8d,1,command_probe,1,Violation,D_COMMAND,6.4
2026081427,50cc813d-c5fb-a000-5342-39443f1f3072,0,benign_public,0,NoAlert,A_PUBLIC,6.101
2026081427,947902a2-9b1d-dc61-8d1d-ab7d27cbf62b,0,benign_login,0,NoAlert,A_AUTH,6.3
2026081427,c030d967-9b6a-bbcc-769b-2f58895a8cd1,0,benign_login,0,NoAlert,A_AUTH,6.201
2026081427,1261c82b-7522-88ff-f67a-a6ce2dad9714,0,benign_public,0,NoAlert,A_PUBLIC,6.2
2026081427,100072a7-47a7-51f5-06f3-855a72b7d8fb,0,benign_status,0,NoAlert,A_STATUS,6.201
2026081427,1ef36754-1457-d122-40ee-8ec7fbdc9651,0,benign_public,0,NoAlert,A_PUBLIC,6.2
2026081427,b4446d37-7bf9-25cb-0d80-7e1254d9e64c,0,benign_status,0,NoAlert,A_STATUS,6.1
2026081427,bcb9ed11-733f-4d6c-da80-423df88e12b0,0,benign_public,0,NoAlert,A_PUBLIC,5.9
2026081427,703cc364-ba67-92ae-2e94-eabc37787604,0,benign_public,0,NoAlert,A_PUBLIC,6.1
2026081427,ed633131-854d-61e8-aae9-d2d27da7d3e3,0,benign_status,0,NoAlert,A_STATUS,6.201
2026081427,ca898b60-0118-eea5-79bf-3e0ed2c904f7,0,benign_public,0,NoAlert,A_PUBLIC,6.2
2026081427,340a8496-94d1-755e-995b-71f09702e8a6,0,benign_status,0,NoAlert,A_STATUS,6.101
2026081427,e228de57-c5a7-4230-9bda-c00b4f69ed3f,0,benign_status,0,NoAlert,A_STATUS,6.3
2026081427,fbf1ae4b-7efb-28ac-14e1-ffa45968159f,1,command_probe,1,Violation,D_COMMAND,6.201
2026081427,da68be60-bd35-8373-b264-b79a41f5b053,0,benign_public,0,NoAlert,A_PUBLIC,6.1
2026081427,b9fc1a5e-dccc-690e-0f47-8119b393a5db,0,benign_login,0,NoAlert,A_AUTH,6.101
2026081427,6a0a4bae-5fb3-7844-7187-283643367b88,0,benign_public,0,NoAlert,A_PUBLIC,6.6
2026081427,38fd1ff7-d140-e134-e3ae-d038f9007071,0,benign_public,0,NoAlert,A_PUBLIC,6.2
2026081427,4f102b20-579c-06b1-684c-1e8be9427f79,0,benign_status,0,NoAlert,A_STATUS,6.2
2026081427,79370616-e670-9e1a-9a19-31ae11cabc66,1,bruteforce,0,NoAlert,A_AUTH_FAIL_SINGLE,8.701
2026081427,a525929b-5514-3b40-f201-9287ec536f56,1,bruteforce,0,NoAlert,A_AUTH_FAIL_SINGLE,8.6
2026081427,389fd6e7-8238-36fa-598a-80c02e11f67b,1,bruteforce,0,NoAlert,A_AUTH_FAIL_SINGLE,8.401
2026081427,aa727bbd-1f9e-af17-7128-a495119e35e1,1,bruteforce,1,Violation,D_BRUTEFORCE,9.3
2026081427,e2fe6fec-73c1-4b84-176b-9cfaeec651a3,1,bruteforce,1,Violation,D_BRUTEFORCE,9.401
2026081427,1dade04c-4ce5-ce25-1792-bf21c5b996d2,0,benign_status,0,NoAlert,A_STATUS,6.701
2026081427,73c08fbe-0abd-3e08-691b-bb46a0a0b342,0,benign_login,0,NoAlert,A_AUTH,6.7
2026081427,0baf9578-2e97-719b-ab03-b4949bae1cc7,1,admin_probe,1,Violation,D_ADMIN,12.701
2026081427,58538143-20b0-fe19-cc14-3a3eb2986420,0,benign_login,0,NoAlert,A_AUTH,6.8
2026081427,9c4595e1-d0f4-62bb-34a4-4833cc727106,0,benign_public,0,NoAlert,A_PUBLIC,6.201
2026081427,4001d845-7ca9-b134-3367-06a9fde0f278,1,bruteforce,0,NoAlert,A_AUTH_FAIL_SINGLE,8.3
2026081427,c299de13-ffb4-fb8c-3430-31b89792e1b2,1,bruteforce,0,NoAlert,A_AUTH_FAIL_SINGLE,8.501
2026081427,609177dd-bd30-29a2-86cb-0cb5c54ac7ea,1,bruteforce,0,NoAlert,A_AUTH_FAIL_SINGLE,8.301
2026081427,5755699c-1170-a8ac-be0d-74e02ebfe598,1,bruteforce,1,Violation,D_BRUTEFORCE,9.1
2026081427,2a55ccf7-2927-1dbe-78f6-2925d3bf7433,1,bruteforce,1,Violation,D_BRUTEFORCE,9.101
2026081427,01baf0a4-9ccf-a933-4a91-be65bdc6d77f,0,benign_login,0,NoAlert,A_AUTH,6.5
2026081427,cbb43f1e-91dd-5d52-b295-aa47ce989ddb,0,benign_login,0,NoAlert,A_AUTH,6.401
2026081427,b7266aaa-f8a9-9e47-21c7-a5378aaee307,0,benign_public,0,NoAlert,A_PUBLIC,6.7
2026081427,a0d20094-3b98-f1ee-b09a-5d507b49d703,1,admin_probe,1,Violation,D_ADMIN,6.601
2026081427,9239452d-ec60-1683-ce80-e53ed870d983,0,benign_login,0,NoAlert,A_AUTH,6.1
2026081427,66cdd45a-4700-112b-9456-b63c9ce3df32,0,benign_login,0,NoAlert,A_AUTH,6.101
2026081427,11cb3b2e-3db1-66e6-9c1a-fb5bb4a9d177,0,benign_status,0,NoAlert,A_STATUS,6.2
2026081427,ee04de7b-fecc-3b7c-044f-4d77d36c1441,0,benign_public,0,NoAlert,A_PUBLIC,6.201
2026081427,8d4b329c-4199-bc89-1c86-9380c849e332,0,benign_status,0,NoAlert,A_STATUS,6.4
2026081427,8ceff5a0-4509-c383-639a-4957895b51ab,0,benign_login,0,NoAlert,A_AUTH,6.3
2026081427,35b2b693-99e6-a79d-edd3-1d864a77ca6f,0,benign_status,0,NoAlert,A_STATUS,6.2
2026081427,9ca10435-9b31-ac17-76e1-84814d6753f3,0,benign_status,0,NoAlert,A_STATUS,6.5
2026081427,56b850fa-b249-2565-4171-6e83da8a9889,0,benign_status,0,NoAlert,A_STATUS,6.601
2026081427,56091577-8e5a-8709-a34e-a8e5d5d3f009,0,benign_public,0,NoAlert,A_PUBLIC,6.4
2026081427,bbf80ddb-a2e6-7fbd-51cd-c3ed6998aba8,0,benign_public,0,NoAlert,A_PUBLIC,6.501
2026081427,947840f0-3441-a0e9-ad31-a09dc724c0ef,0,benign_public,0,NoAlert,A_PUBLIC,6.1
2026081427,245d311b-a0b9-1d45-1ee5-3878b143eb00,0,benign_public,0,NoAlert,A_PUBLIC,6.201
2026081427,aef41ca3-18f4-3c22-cd0c-3aaf86f22528,0,benign_status,0,NoAlert,A_STATUS,6.2
2026081427,40e049fe-4890-80e6-e3e0-5dea9e9494bb,0,benign_login,0,NoAlert,A_AUTH,6.201
2026081427,7e454abe-16be-4647-f32d-65f68157e67d,0,benign_public,0,NoAlert,A_PUBLIC,6.1
2026081427,ca1d82a4-397b-99cb-6a1e-2648c5bfe99f,0,benign_login,0,NoAlert,A_AUTH,6.301
2026081427,e6c7fff6-a74c-72db-026b-6e94b864f698,0,benign_login,0,NoAlert,A_AUTH,6.1
2026081427,3fa7e7b0-bcc8-59ee-109a-a25cd5a91980,0,benign_login,0,NoAlert,A_AUTH,6.2
2026081427,b396c320-6f8e-a816-0a09-3a7dd7b394d4,0,benign_status,0,NoAlert,A_STATUS,6.2
2026081427,1f9358dc-16a0-e1b7-47fb-427e1e921726,1,path_traversal,1,Violation,D_TRAVERSAL,6.5
2026081427,16ee7d76-ecd6-dfdc-1655-8f7722feb2fc,0,benign_public,0,NoAlert,A_PUBLIC,6.201
2026081427,a60163fb-d229-cb26-16ff-01d2b79374cf,0,benign_status,0,NoAlert,A_STATUS,6.1
2026081427,087df165-7b2e-b1a6-9907-adce72c90954,0,benign_status,0,NoAlert,A_STATUS,6.301
2026081427,73950bba-32e1-e2fd-9eb5-c96ff347e46e,1,bruteforce,0,NoAlert,A_AUTH_FAIL_SINGLE,8.4
2026081427,80687b4c-10f6-921c-63ad-4b9271b3b930,1,bruteforce,0,NoAlert,A_AUTH_FAIL_SINGLE,8.601
2026081427,05379f30-a918-4aca-ccd0-545e3001da11,1,bruteforce,0,NoAlert,A_AUTH_FAIL_SINGLE,8.401
2026081427,0adc53d0-4a45-b0ec-2aff-d93221f4c389,1,bruteforce,1,Violation,D_BRUTEFORCE,9.4
2026081427,584374ef-103d-8100-8033-c5a74a2a10e0,1,bruteforce,1,Violation,D_BRUTEFORCE,9.001
2026081427,4f4151ee-85ad-9ca4-bc8f-89f8f029d3d8,0,benign_status,0,NoAlert,A_STATUS,6.3
2026081427,aeb8e74f-9491-b90a-dc22-9e347b67286e,0,benign_public,0,NoAlert,A_PUBLIC,6.301
2026081427,0e4aaca0-9259-5bd7-1976-0e7d3f765077,1,admin_probe,1,Violation,D_ADMIN,6.4
2026081427,8ea5fc34-d66f-575b-f71e-4f76ba3981ea,1,admin_probe,1,Violation,D_ADMIN,6.701
2026081427,cae496ee-923c-6a89-6f1a-9ceb9548f987,1,admin_probe,1,Violation,D_ADMIN,6.5
2026081427,eb96be4e-a69f-4c30-e483-4bb064305331,0,benign_status,0,NoAlert,A_STATUS,6.901
2026081427,da1f8f91-2898-2fab-20ff-4435d4536305,0,benign_login,0,NoAlert,A_AUTH,6.5
2026081427,1b4d22a8-7d01-dc5b-4b3f-f00c69d72164,0,benign_public,0,NoAlert,A_PUBLIC,6.801
2026081427,c2a6b253-c06b-4dcb-4d04-48a39cb9ff28,1,command_probe,1,Violation,D_COMMAND,6.9
2026081427,40ea9d78-35fc-6ca1-3272-dcd5da0b6be9,0,benign_status,0,NoAlert,A_STATUS,6.801
2026081427,55579362-826f-8552-92bc-75d9ab5348d9,0,benign_login,0,NoAlert,A_AUTH,6.7
2026081427,3dda0648-38fc-f8c9-6779-1be063f9a35a,0,benign_login,0,NoAlert,A_AUTH,6.501
2026081427,4d16db7d-14f4-f7c8-f7ca-c5fb25a043ac,1,bruteforce,0,NoAlert,A_AUTH_FAIL_SINGLE,8.5
2026081427,abb90e3d-ed61-cd28-de9d-45f194bead81,1,bruteforce,0,NoAlert,A_AUTH_FAIL_SINGLE,8.101
2026081427,d39760a1-20ec-39da-edaf-6a4872b4e3ba,1,bruteforce,0,NoAlert,A_AUTH_FAIL_SINGLE,7.9
2026081427,1e06f9b5-b3f0-32a8-7d5e-baa03fbf87de,1,bruteforce,1,Violation,D_BRUTEFORCE,25.202
2026081427,4dac1e7b-c8c3-5873-e0c2-138be7537210,1,bruteforce,1,Violation,D_BRUTEFORCE,20.301
2026081427,56a7c7b4-26eb-5d56-e2ea-b690a41ea1a4,0,benign_status,0,NoAlert,A_STATUS,9.001
2026081427,76ce0d30-9094-be37-fe22-2e07c2b8c767,0,benign_login,0,NoAlert,A_AUTH,11.001
2026081427,11e67b98-d012-c88f-35ce-f81c416c35ef,0,benign_public,0,NoAlert,A_PUBLIC,7.3
2026081427,6c36d6bf-aea3-e75c-fe11-e7a91861a302,0,benign_login,0,NoAlert,A_AUTH,6.901
2026081427,23f33fe8-8f81-752e-78a3-8f81f26f8562,1,bruteforce,0,NoAlert,A_AUTH_FAIL_SINGLE,9.2
2026081427,9a19ab81-875c-9590-ea75-5f886a3ca70d,1,bruteforce,0,NoAlert,A_AUTH_FAIL_SINGLE,8.801
2026081427,69fa3851-096c-ef2c-9077-5d50c58b9f02,1,bruteforce,0,NoAlert,A_AUTH_FAIL_SINGLE,8.401
2026081427,6e9aab1d-37e9-4256-d056-2489144e343d,1,bruteforce,1,Violation,D_BRUTEFORCE,9.5
2026081427,9b43bd03-65d9-5a84-0e83-eaf3ebafd6e6,1,bruteforce,1,Violation,D_BRUTEFORCE,9.401
2026081427,5e6357fd-80b7-7246-4766-27d7f8eb0a57,0,benign_status,0,NoAlert,A_STATUS,6.9
2026081427,b767d0f8-76fb-234e-5329-1be2e8f39a6d,1,command_probe,1,Violation,D_COMMAND,6.901
2026081427,e30447fb-907a-928e-6ee5-0ab6be44c649,0,benign_public,0,NoAlert,A_PUBLIC,6.6
2026081427,442d2167-2c9e-bd6d-e849-54fcc5568479,0,benign_login,0,NoAlert,A_AUTH,6.601
2026081427,c004a05a-efed-1eec-fee4-f7f72242bdee,0,benign_status,0,NoAlert,A_STATUS,6.4
2026081427,dee8cc68-5c36-8c11-17b1-773d7e10cda3,1,bruteforce,0,NoAlert,A_AUTH_FAIL_SINGLE,8.601
2026081427,780e43f1-8c9b-cd46-5e44-9aace28bcb4c,1,bruteforce,0,NoAlert,A_AUTH_FAIL_SINGLE,8.4
2026081427,b68d0763-b33a-fe8d-ead7-717199149aa0,1,bruteforce,0,NoAlert,A_AUTH_FAIL_SINGLE,8.4
2026081427,7cfe5e3b-a22b-f63f-b67e-115c26e758e3,1,bruteforce,1,Violation,D_BRUTEFORCE,9.301
2026081427,0ded5841-c98d-bdb7-bfe9-cf8755c98990,1,bruteforce,1,Violation,D_BRUTEFORCE,9.2
2026081427,2fa97c19-1d16-d6c2-0b9b-dd9eb866a563,1,path_traversal,1,Violation,D_TRAVERSAL,6.801
2026081427,b0ba2fb3-2d0c-4ca8-d22b-69063613aa2c,0,benign_public,0,NoAlert,A_PUBLIC,9.0
2026081427,c4d71724-02db-db76-6502-81700c9f10a1,0,benign_public,0,NoAlert,A_PUBLIC,6.7
2026081427,ead839ef-5482-6474-9ef6-51066f971f24,0,benign_status,0,NoAlert,A_STATUS,6.6
2026081427,bdcb91e0-1c01-5cbb-6d0c-24b01adc01b6,0,benign_login,0,NoAlert,A_AUTH,6.701
2026081427,2f6551c7-640f-636f-9347-3f980cc15017,1,bruteforce,0,NoAlert,A_AUTH_FAIL_SINGLE,8.901
2026081427,2acc701e-5080-9471-49c6-7358875f3dff,1,bruteforce,0,NoAlert,A_AUTH_FAIL_SINGLE,8.6
2026081427,e064b44a-9c5a-2b8f-02a8-f3c561e94654,1,bruteforce,0,NoAlert,A_AUTH_FAIL_SINGLE,8.601
2026081427,0e5ba866-f50a-eda5-8712-125053fe9d65,1,bruteforce,1,Violation,D_BRUTEFORCE,9.4
2026081427,05d9e1ed-d3bc-5282-ad06-12911e19dc4e,1,bruteforce,1,Violation,D_BRUTEFORCE,9.401
2026081427,fb4394bf-7230-34f0-fcb0-6f6269764d69,0,benign_public,0,NoAlert,A_PUBLIC,6.601
2026081427,d9c61f17-c2c2-ba90-e6f9-7a0ccf302c78,0,benign_public,0,NoAlert,A_PUBLIC,6.6
2026081427,ada5393e-0f3a-3e2b-afdf-ee383d9146b2,0,benign_status,0,NoAlert,A_STATUS,6.601
2026081427,519058f1-b9da-c82b-c1cf-80b0a14bcc9b,0,benign_public,0,NoAlert,A_PUBLIC,6.6
2026081427,ecac7395-b130-1a15-e02c-85c05cc5f633,0,benign_status,0,NoAlert,A_STATUS,6.601
2026081427,89905656-c4c7-9c18-4648-822d88e78c9c,1,admin_probe,1,Violation,D_ADMIN,6.8
2026081427,6cd29be3-3737-1477-c6d8-d2fd0d811f27,0,benign_status,0,NoAlert,A_STATUS,7.001
2026081427,31491982-4dca-1e72-82d5-a6cbaf4e62ec,0,benign_login,0,NoAlert,A_AUTH,6.6
2026081427,9d459b80-2407-7e95-10c5-54822d545a7a,0,benign_public,0,NoAlert,A_PUBLIC,6.5
2026081427,c4a3fab0-359e-f29e-10bd-1c193a9542d1,0,benign_status,0,NoAlert,A_STATUS,6.6
2026081427,fdb98508-d845-7376-2d33-ab7ec8ac8d88,1,bruteforce,0,NoAlert,A_AUTH_FAIL_SINGLE,8.801
2026081427,714f4fcf-c732-9011-a4e2-0af0b35b764e,1,bruteforce,0,NoAlert,A_AUTH_FAIL_SINGLE,9.0
2026081427,5002fffc-fb6b-14db-dcfe-92856134f81d,1,bruteforce,0,NoAlert,A_AUTH_FAIL_SINGLE,8.801
2026081427,ea1a37de-4f5a-d6fe-75b1-d244a4ad7ccb,1,bruteforce,1,Violation,D_BRUTEFORCE,9.6
2026081427,eacb9c00-6f2d-b269-b9f9-15b43f842504,1,bruteforce,1,Violation,D_BRUTEFORCE,9.6
2026081427,23d5624e-af79-25de-ca56-cb5d029fa608,0,benign_status,0,NoAlert,A_STATUS,7.101
2026081427,11b9fbba-3c18-24d9-883e-473e52492703,0,benign_status,0,NoAlert,A_STATUS,6.7
2026081427,865fbee1-8e99-d29c-2cf1-081e47f07f5e,0,benign_login,0,NoAlert,A_AUTH,6.901
2026081427,477afafa-8036-02e7-bebf-afecd3d124f7,0,benign_login,0,NoAlert,A_AUTH,6.7
2026081427,ca5eb03e-6d33-3be2-8863-171c1f864b3b,0,benign_login,0,NoAlert,A_AUTH,6.401
2026081427,bae89f9b-77b3-a2a1-e62e-3d12da6528ee,0,benign_status,0,NoAlert,A_STATUS,6.3
2026081427,c4b31144-4587-84b3-139f-20f4888ef332,0,benign_login,0,NoAlert,A_AUTH,6.2
2026081427,1e0598c0-ec6d-ba9b-49e4-a908a3ea2e3e,0,benign_public,0,NoAlert,A_PUBLIC,6.5
2026081427,2cadc4aa-e410-2bd0-49c1-331aead68db9,0,benign_login,0,NoAlert,A_AUTH,6.6
2026081427,e00e3476-db85-224f-2583-3c4a753c0f3d,0,benign_login,0,NoAlert,A_AUTH,6.6
2026081427,6203f62f-2357-896e-5d0c-4888d0a5ef28,1,command_probe,1,Violation,D_COMMAND,6.8
2026081427,f4f18204-e059-205f-7302-f398ec5dd7c6,0,benign_login,0,NoAlert,A_AUTH,6.6
2026081427,6ad0e868-559f-8f4d-0324-b004a1f0e79d,0,benign_status,0,NoAlert,A_STATUS,6.6
2026081427,a86256a1-3d7c-d554-c357-78f7b84f7fd3,0,benign_public,0,NoAlert,A_PUBLIC,6.601
2026081427,70f95175-5c88-d9b7-ed07-4e090773e1b3,0,benign_login,0,NoAlert,A_AUTH,6.5
2026081427,c5f7b067-3eeb-2b8c-a280-642830a2b316,1,bruteforce,0,NoAlert,A_AUTH_FAIL_SINGLE,8.501
2026081427,7c54ce3a-d0fb-52c6-6ea1-a56fd26e2d9f,1,bruteforce,0,NoAlert,A_AUTH_FAIL_SINGLE,8.601
2026081427,0871813d-f1e9-2d23-017c-d02276cb1301,1,bruteforce,0,NoAlert,A_AUTH_FAIL_SINGLE,8.7
2026081427,19a30fa8-862b-20d3-899b-47a201c52ebb,1,bruteforce,1,Violation,D_BRUTEFORCE,10.001
2026081427,32cb4bbc-fc72-712e-b59e-c1f0fc4deefe,1,bruteforce,1,Violation,D_BRUTEFORCE,9.301
2026081427,0e9e3ae8-e3d1-65f9-f8bb-a5fdea1f6463,0,benign_status,0,NoAlert,A_STATUS,6.6
2026081427,ebafe1a3-78eb-748b-a777-6ff68d6f3dd9,0,benign_login,0,NoAlert,A_AUTH,6.4
2026081427,4aea3a6a-7f11-286e-13cc-f20f5f3831b4,1,bruteforce,0,NoAlert,A_AUTH_FAIL_SINGLE,8.5
2026081427,c370b676-8372-e8b1-e22d-d6d139b08b79,1,bruteforce,0,NoAlert,A_AUTH_FAIL_SINGLE,8.201
2026081427,70dacc06-b08c-f940-ad61-ba6b26fc480a,1,bruteforce,0,NoAlert,A_AUTH_FAIL_SINGLE,8.4
2026081427,48d861e6-e498-eab4-59be-5314dcf51bac,1,bruteforce,1,Violation,D_BRUTEFORCE,9.501
2026081427,c1ce50c2-02c7-9d3c-06a7-774ae6706ab9,1,bruteforce,1,Violation,D_BRUTEFORCE,9.301
2026081427,13202e5e-4bfe-8fba-6093-a129ff805a99,0,benign_status,0,NoAlert,A_STATUS,6.7
2026081427,87e89290-2822-42ef-008b-d1bee606cc33,0,benign_status,0,NoAlert,A_STATUS,6.601
2026081427,b2918850-72de-1f01-31ff-e0bcd78de18d,0,benign_public,0,NoAlert,A_PUBLIC,6.5
2026081427,5095e8eb-3859-6714-4f5c-dbed830d6455,1,bruteforce,0,NoAlert,A_AUTH_FAIL_SINGLE,8.701
2026081427,6bf79ef0-82d4-be7e-32d1-4675a45c4796,1,bruteforce,0,NoAlert,A_AUTH_FAIL_SINGLE,8.8
2026081427,11e70ae3-ff4a-f8ba-3f07-21c303b5a7d4,1,bruteforce,0,NoAlert,A_AUTH_FAIL_SINGLE,8.601
2026081427,9d6e9505-5943-2c41-0042-f33a7e7553fb,1,bruteforce,1,Violation,D_BRUTEFORCE,9.301
2026081427,65728f63-2d9b-89fc-377a-00e09642015d,1,bruteforce,1,Violation,D_BRUTEFORCE,9.2
2026081427,522386db-ceb1-1d89-cce6-66cdb95b6faa,0,benign_login,0,NoAlert,A_AUTH,6.601
2026081427,a76bbfa1-7451-5b70-2172-39ea9eb566f5,1,bruteforce,1,Violation,D_BRUTEFORCE,9.2
2026081427,326833f3-07f1-feb5-8d5e-6175dfb12388,1,bruteforce,1,Violation,D_BRUTEFORCE,9.201
2026081427,92d3625f-4e87-5d0f-eb76-ab302f85a6d7,1,bruteforce,1,Violation,D_BRUTEFORCE,9.401
2026081427,f258fce6-e172-c952-61b9-2293ea431f59,1,bruteforce,1,Violation,D_BRUTEFORCE,9.2
2026081427,5cd4678e-2049-8b58-5034-71e6312aa2bf,1,bruteforce,1,Violation,D_BRUTEFORCE,9.201
2026081427,73431e50-fa79-b5ad-e288-0fe8c50af563,0,benign_login,0,NoAlert,A_AUTH,6.6
2026081427,a50d4d16-d3f4-efc7-8fbb-352bf860a961,0,benign_login,0,NoAlert,A_AUTH,6.601
2026081427,27d173aa-444c-8f7e-ef37-69cfdd214c50,0,benign_public,0,NoAlert,A_PUBLIC,6.6
2026081427,a3d53352-698c-8fcf-7622-c05ce5248c45,1,admin_probe,1,Violation,D_ADMIN,6.701
2026081427,a01446ec-fe93-6822-d0b7-7e323755956b,0,benign_login,0,NoAlert,A_AUTH,6.5
2026081427,f5998d67-9361-3894-65f0-44ccccc7025e,0,benign_public,0,NoAlert,A_PUBLIC,6.801
2026081427,75162e16-57e1-1117-d9b7-8fb06cb14401,0,benign_status,0,NoAlert,A_STATUS,6.3
2026081427,7ec5aea8-2715-3973-7912-dfbda4977329,0,benign_public,0,NoAlert,A_PUBLIC,6.301
2026081427,742674ec-1ba4-9889-07fe-1d8181c1ddb8,0,benign_public,0,NoAlert,A_PUBLIC,6.6
2026081427,88fb612d-d31f-c634-8be7-84aa56223aa3,1,bruteforce,0,NoAlert,A_AUTH_FAIL_SINGLE,8.301
2026081427,d137b3b0-1b3f-7bdc-b9ad-1381366e9688,1,bruteforce,0,NoAlert,A_AUTH_FAIL_SINGLE,8.5
2026081427,fdf77a41-a01f-a480-f569-b9f021ee5036,1,bruteforce,0,NoAlert,A_AUTH_FAIL_SINGLE,8.601
2026081428,9ad34d29-7864-59be-b597-a84ba4479d43,0,benign_public,0,NoAlert,A_PUBLIC,19.601
2026081428,25daea86-f7bb-0b5f-cd75-d1a97237a76a,1,bruteforce,0,NoAlert,A_AUTH_FAIL_SINGLE,14.101
2026081428,12694244-67e2-1106-ac8d-8c99f4551ecf,1,bruteforce,0,NoAlert,A_AUTH_FAIL_SINGLE,9.601
2026081428,fd435cf7-31a5-ae8f-20dd-3a0e4f39549b,1,bruteforce,0,NoAlert,A_AUTH_FAIL_SINGLE,8.2
2026081428,4bec52b7-c7ed-5e29-764f-7c277b646e29,1,bruteforce,1,Violation,D_BRUTEFORCE,9.6
2026081428,7dfd9657-4094-973d-9f03-525756ad025a,1,bruteforce,1,Violation,D_BRUTEFORCE,9.301
2026081428,c90ad746-d0cc-0265-81ba-ff81a7d127ef,0,benign_public,0,NoAlert,A_PUBLIC,6.8
2026081428,e802c051-50e2-8341-379b-f4f3933711be,1,command_probe,1,Violation,D_COMMAND,6.301
2026081428,9486e687-02d3-4d2a-5f30-9d94fb72ccec,1,path_traversal,1,Violation,D_TRAVERSAL,6.5
2026081428,15e3c575-240e-d9a5-5eb4-fcca3b012459,0,benign_public,0,NoAlert,A_PUBLIC,6.701
2026081428,fdfb9bf7-5aba-3eec-b2a6-acaa02a9b0ea,0,benign_status,0,NoAlert,A_STATUS,6.0
2026081428,146c7388-3998-d9ae-04b6-5ed48b7fda74,0,benign_login,0,NoAlert,A_AUTH,6.101
2026081428,6f6b23b0-5fe7-6812-7aed-5e90ed01b34c,0,benign_status,0,NoAlert,A_STATUS,5.8
2026081428,b1d91351-404b-5d27-ccb8-c9b6572ef61c,0,benign_status,0,NoAlert,A_STATUS,5.9
2026081428,662346c4-6fa8-c0af-6484-c9b80e0f18ac,0,benign_status,0,NoAlert,A_STATUS,5.801
2026081428,f621076e-f7d1-75fe-b30e-c9a578d89115,0,benign_status,0,NoAlert,A_STATUS,6.0
2026081428,4b29d0eb-79cc-ce85-f2d1-ca9b12d20a12,0,benign_public,0,NoAlert,A_PUBLIC,6.101
2026081428,d638f322-0172-dcd4-c566-261968500fd0,1,admin_probe,1,Violation,D_ADMIN,6.4
2026081428,ac7e6ef9-34c5-b244-d146-cef94dff153c,0,benign_login,0,NoAlert,A_AUTH,6.101
2026081428,edef2e0a-7c06-cd87-260b-3b2e120242fc,0,benign_public,0,NoAlert,A_PUBLIC,5.9
2026081428,755c4257-4b43-f4c2-f03a-2404ec821ea5,0,benign_public,0,NoAlert,A_PUBLIC,5.8
2026081428,91ca89cc-8dbe-0393-1c21-bdfac7b614b8,0,benign_status,0,NoAlert,A_STATUS,6.001
2026081428,799d6972-dd3c-f8b0-b0b6-c48f2e8abdd2,0,benign_login,0,NoAlert,A_AUTH,5.9
2026081428,52fdcdd9-e574-a00b-6e16-9686fbe7a3a7,1,bruteforce,0,NoAlert,A_AUTH_FAIL_SINGLE,8.101
2026081428,b4f48c76-2af0-ad62-4611-8e64a88f2a44,1,bruteforce,0,NoAlert,A_AUTH_FAIL_SINGLE,7.8
2026081428,02ec95ef-282b-7e96-35a4-c01f2959d37a,1,bruteforce,0,NoAlert,A_AUTH_FAIL_SINGLE,7.301
2026081428,4c5787e2-12be-f97f-c41f-77fcca015bd0,1,bruteforce,1,Violation,D_BRUTEFORCE,8.601
2026081428,a986c35c-ad6a-09c3-ad43-44ad624d840c,1,bruteforce,1,Violation,D_BRUTEFORCE,8.5
2026081428,4462d910-9f81-c8ba-b359-34311bf58bc8,1,bruteforce,1,Violation,D_BRUTEFORCE,8.501
2026081428,2c77ff04-a62d-afd5-d090-147e15827ccf,1,bruteforce,1,Violation,D_BRUTEFORCE,8.1
2026081428,fa655d6b-1cd7-f040-26d5-f6a2ef68442d,1,bruteforce,1,Violation,D_BRUTEFORCE,8.101
2026081428,f9109c5f-3ee2-a78e-83f8-b8ac560034a4,1,bruteforce,1,Violation,D_BRUTEFORCE,8.4
2026081428,1860eb7e-946f-3891-d7fd-925190d316a0,1,bruteforce,1,Violation,D_BRUTEFORCE,8.4
2026081428,3464c6a9-7b11-0303-d868-4656bfe33f64,0,benign_public,0,NoAlert,A_PUBLIC,6.2
2026081428,39622f08-76f3-f6c3-81d3-1323ba2f88c8,0,benign_status,0,NoAlert,A_STATUS,5.9
2026081428,aeb7a831-ed5e-a3af-3189-3f7b24820ea2,0,benign_public,0,NoAlert,A_PUBLIC,6.0
2026081428,8733a68d-c95a-45fb-0427-255f0efc523b,0,benign_login,0,NoAlert,A_AUTH,6.001
2026081428,266f938d-ad8c-6619-d13c-c3f321f30868,0,benign_public,0,NoAlert,A_PUBLIC,5.7
2026081428,ced1f845-ded2-2a98-335c-8611b6a1065a,0,benign_login,0,NoAlert,A_AUTH,5.801
2026081428,8c1bea89-f0fb-89bc-a9c3-24146cdb6680,0,benign_status,0,NoAlert,A_STATUS,5.9
2026081428,4e44b0e3-7fdb-f81d-6b39-ad155a83829f,0,benign_public,0,NoAlert,A_PUBLIC,5.8
2026081428,d0c9a9fc-5fbc-fce9-b03d-e8c502630ad0,0,benign_public,0,NoAlert,A_PUBLIC,5.9
2026081428,b4ad3359-232e-d47c-6dab-314e8f90e8b8,0,benign_status,0,NoAlert,A_STATUS,5.9
2026081428,9deb8676-0afe-0a1d-66a9-6375d997cfdb,0,benign_status,0,NoAlert,A_STATUS,6.001
2026081428,df1b14d2-7d91-4b40-1589-6e0b7b44f9d9,0,benign_login,0,NoAlert,A_AUTH,6.0
2026081428,cb284259-89ad-c197-5fa4-ab913952640b,1,bruteforce,0,NoAlert,A_AUTH_FAIL_SINGLE,7.701
2026081428,9aa356c2-1f22-dca1-dd2e-566c6784871d,1,bruteforce,0,NoAlert,A_AUTH_FAIL_SINGLE,7.6
2026081428,a6c5fabf-9404-8347-0576-49cef6c4dad1,1,bruteforce,0,NoAlert,A_AUTH_FAIL_SINGLE,7.401
2026081428,42260332-f0a9-097b-de6d-dfd858463f27,1,bruteforce,1,Violation,D_BRUTEFORCE,8.3
2026081428,0da125a0-9066-b81b-eb3a-ed60218c5ade,1,bruteforce,1,Violation,D_BRUTEFORCE,8.501
2026081428,b9c1d87f-50db-b0bf-90fe-9c3bad8598fb,0,benign_login,0,NoAlert,A_AUTH,6.2
2026081428,50123af4-ef76-8f68-707c-8935971cb7cc,0,benign_login,0,NoAlert,A_AUTH,5.901
2026081428,81edd0e6-69c1-1b97-1f3f-c22bd63ff144,1,path_traversal,1,Violation,D_TRAVERSAL,6.1
2026081428,8b526aa0-f69b-e11b-dfdd-3512b1070b7c,0,benign_status,0,NoAlert,A_STATUS,5.801
2026081428,a0941bbc-a988-00bf-8a75-8b4e3033ea95,1,command_probe,1,Violation,D_COMMAND,5.9
2026081428,c66de4cd-6510-2634-c461-8480243a1bed,0,benign_status,0,NoAlert,A_STATUS,5.8
2026081428,08402e57-9849-3f29-b67b-86b6d9dad7b1,0,benign_status,0,NoAlert,A_STATUS,5.8
2026081428,f93b8899-d079-7bb4-0bce-40c300a6206c,1,admin_probe,1,Violation,D_ADMIN,6.1
2026081428,171f50c3-62d9-04e3-4ef4-69dc1d147929,1,bruteforce,0,NoAlert,A_AUTH_FAIL_SINGLE,7.801
2026081428,2443688f-a7ad-c071-a68e-57034b5e1d8c,1,bruteforce,0,NoAlert,A_AUTH_FAIL_SINGLE,8.2
2026081428,16df5e99-dc08-46c4-9063-15eb36f8216f,1,bruteforce,0,NoAlert,A_AUTH_FAIL_SINGLE,7.6
2026081428,e70e4299-4c88-0071-8c0f-a76817294ecc,1,bruteforce,1,Violation,D_BRUTEFORCE,8.501
2026081428,1b1baffa-d1a1-7487-edfb-044c1ae4a1fd,1,bruteforce,1,Violation,D_BRUTEFORCE,8.2
2026081428,ab7e5e8f-2fb4-d330-b3bc-a1f61b8023ed,0,benign_login,0,NoAlert,A_AUTH,6.201
2026081428,24c6b3dc-25b8-70e1-536a-356f77ebd8b8,0,benign_public,0,NoAlert,A_PUBLIC,6.2
2026081428,22e61aa0-9932-7151-acb2-10e6e0343e6e,0,benign_login,0,NoAlert,A_AUTH,6.101
2026081428,ce27bef3-7fe1-f5cc-a877-ac28385a2aca,0,benign_status,0,NoAlert,A_STATUS,6.1
2026081428,c4218017-6689-6c71-b150-19ca180e2aae,0,benign_status,0,NoAlert,A_STATUS,5.9
2026081428,8b6218a3-6304-410f-0c40-d626c4ebf859,0,benign_status,0,NoAlert,A_STATUS,5.801
2026081428,c76e5dc4-7032-545f-1030-82524922714f,0,benign_login,0,NoAlert,A_AUTH,5.9
2026081428,aa0a17c7-4d0f-0b85-e107-a94663e3ae16,0,benign_login,0,NoAlert,A_AUTH,5.801
2026081428,54e0a8a3-dd12-160e-b179-7a0fbbc59f71,0,benign_login,0,NoAlert,A_AUTH,5.8
2026081428,6f1d20c4-bbb9-4b27-c7d8-eb2c7b34a380,0,benign_public,0,NoAlert,A_PUBLIC,5.8
2026081428,7127b859-3014-8eef-b8c8-89fb9b4dbf38,0,benign_public,0,NoAlert,A_PUBLIC,5.8
2026081428,8aefb5b0-1542-66b6-f914-6ea14922c215,1,admin_probe,1,Violation,D_ADMIN,6.1
2026081428,b80b87a0-98c0-3e16-8da4-460004ca1cf2,1,bruteforce,0,NoAlert,A_AUTH_FAIL_SINGLE,7.701
2026081428,41e1289e-d103-44e5-520d-8a6bd1f0ba99,1,bruteforce,0,NoAlert,A_AUTH_FAIL_SINGLE,7.6
2026081428,fa4e0462-dac4-4249-a453-88a2d88eafc4,1,bruteforce,0,NoAlert,A_AUTH_FAIL_SINGLE,7.4
2026081428,3ba52049-e699-a178-9a18-f8db044fbf6c,1,bruteforce,1,Violation,D_BRUTEFORCE,8.301
2026081428,95a3139d-12d7-c685-8bc2-c7ad93e0ee8e,1,bruteforce,1,Violation,D_BRUTEFORCE,10.8
2026081428,bd9840e9-e6cd-ff42-6662-34085e7d6fa4,0,benign_login,0,NoAlert,A_AUTH,6.501
2026081428,7c2b6a2f-bed6-0890-d5fe-6abc0ec5d601,0,benign_login,0,NoAlert,A_AUTH,6.1
2026081428,69e1e331-d446-1105-6d37-b3bf0648ff9c,0,benign_status,0,NoAlert,A_STATUS,6.101
2026081428,4db5bc1b-cc1a-4f5f-a5a4-c392ccb45324,0,benign_public,0,NoAlert,A_PUBLIC,5.9
2026081428,14c7635a-1303-3762-d595-ee618980c29d,0,benign_login,0,NoAlert,A_AUTH,6.001
2026081428,4ad3ccd9-b06d-209c-5f6a-b821b6b68332,0,benign_status,0,NoAlert,A_STATUS,6.3
2026081428,17f051fd-750a-1dce-c14d-085fcd2c9cb3,0,benign_login,0,NoAlert,A_AUTH,5.9
2026081428,0c1a760c-209f-4775-2382-9a99a7b447b7,1,bruteforce,0,NoAlert,A_AUTH_FAIL_SINGLE,7.601
2026081428,4905eb04-50af-42dd-d86d-e5f7878b9dd8,1,bruteforce,0,NoAlert,A_AUTH_FAIL_SINGLE,7.3
2026081428,c7f8c5b8-383c-3015-e26e-600336cbb4f3,1,bruteforce,0,NoAlert,A_AUTH_FAIL_SINGLE,7.201
2026081428,7ed55bc3-d810-d5f6-f7a6-a5eaf1012587,1,bruteforce,1,Violation,D_BRUTEFORCE,8.501
2026081428,98d371d6-e958-e33e-aaa5-12327a887741,1,bruteforce,1,Violation,D_BRUTEFORCE,8.4
2026081428,63565a76-7931-9730-3f1f-59e40c5de62b,0,benign_public,0,NoAlert,A_PUBLIC,5.901
2026081428,2691260b-dbfd-83b4-8b1c-11a7de75d83f,0,benign_public,0,NoAlert,A_PUBLIC,5.9
2026081428,c69dfdba-1312-ebe6-05fb-7306aeb33879,0,benign_status,0,NoAlert,A_STATUS,5.8
2026081428,d1071022-73fe-8a34-89f3-ebbae2755d6a,0,benign_status,0,NoAlert,A_STATUS,5.801
2026081428,3b7dc7b9-1a76-1ca9-4ede-88580f180a95,0,benign_login,0,NoAlert,A_AUTH,5.8
2026081428,07582a14-6a3f-feb8-54ce-d6ba3473e3b3,0,benign_login,0,NoAlert,A_AUTH,5.901
2026081428,ccbfbcef-7f90-4c1b-6ecf-92cc8bb89d3a,1,bruteforce,0,NoAlert,A_AUTH_FAIL_SINGLE,7.5
2026081428,cd951a3c-969f-c349-3be1-df55898a2e3a,1,bruteforce,0,NoAlert,A_AUTH_FAIL_SINGLE,7.801
2026081428,475ac580-bd53-ff36-bd49-61c64ea4b940,1,bruteforce,0,NoAlert,A_AUTH_FAIL_SINGLE,7.6
2026081428,0a4008ad-d914-98da-54da-c32848b88d71,1,bruteforce,1,Violation,D_BRUTEFORCE,8.501
2026081428,b43d9073-9ec0-fa6f-5f05-93dcfb525604,1,bruteforce,1,Violation,D_BRUTEFORCE,8.3
2026081428,694561c9-5673-9da1-7d95-2de9c6b1bd66,1,command_probe,1,Violation,D_COMMAND,6.301
2026081428,d318bebf-ebfe-ef00-b633-24b3bb19adad,0,benign_status,0,NoAlert,A_STATUS,6.0
2026081428,792fc37d-743d-a8f5-ea02-a77d88e3eaad,0,benign_public,0,NoAlert,A_PUBLIC,6.101
2026081428,25df9376-371f-b17a-2feb-5caec1b56738,1,bruteforce,0,NoAlert,A_AUTH_FAIL_SINGLE,7.9
2026081428,3f4dfe03-ac0b-0adf-4c77-248964554145,1,bruteforce,0,NoAlert,A_AUTH_FAIL_SINGLE,7.601
2026081428,095ece6d-2efd-7258-c7cf-21c3ccda68bd,1,bruteforce,0,NoAlert,A_AUTH_FAIL_SINGLE,7.6
2026081428,1969916c-609a-3522-383d-9c67dd2063e2,1,bruteforce,1,Violation,D_BRUTEFORCE,8.701
2026081428,cee95cf4-d22b-b7cf-e0c7-3623411f4554,1,bruteforce,1,Violation,D_BRUTEFORCE,8.401
2026081428,520c008f-df6d-b486-c53b-86eafb48a2a5,1,admin_probe,1,Violation,D_ADMIN,6.1
2026081428,963138d6-f26a-d9f1-a503-7264cc528150,1,bruteforce,1,Violation,D_BRUTEFORCE,8.601
2026081428,75c6ec38-ed46-3d6c-6082-2d64c98a16fe,1,bruteforce,1,Violation,D_BRUTEFORCE,8.1
2026081428,5d9448e3-e849-eca4-18ae-91e9eb2b374e,1,bruteforce,1,Violation,D_BRUTEFORCE,8.101
2026081428,2a699198-3360-39f9-8f55-2fbf683d037e,1,bruteforce,1,Violation,D_BRUTEFORCE,8.1
2026081428,bb5bd9d2-9932-93cd-6af7-4c0162c55e4a,1,bruteforce,1,Violation,D_BRUTEFORCE,8.301
2026081428,d673b456-f535-442d-9e24-b659a64c68ba,0,benign_login,0,NoAlert,A_AUTH,6.3
2026081428,9aba8ab0-deed-30c2-db34-165c1f89b7aa,0,benign_public,0,NoAlert,A_PUBLIC,6.101
2026081428,2444a1d5-bf96-bfad-5668-09082423b2e3,0,benign_status,0,NoAlert,A_STATUS,5.9
2026081428,27bf12c6-583f-1862-74dd-acc85694b1bc,1,bruteforce,0,NoAlert,A_AUTH_FAIL_SINGLE,7.701
2026081428,a066b0f6-8fde-5121-bf7a-d95eb650c283,1,bruteforce,0,NoAlert,A_AUTH_FAIL_SINGLE,7.4
2026081428,27377d3e-a610-990e-a0b2-30f4bcc59a7d,1,bruteforce,0,NoAlert,A_AUTH_FAIL_SINGLE,7.301
2026081428,b4a073ab-1b3c-778f-2e39-21aa173a9b9b,1,bruteforce,1,Violation,D_BRUTEFORCE,8.0
2026081428,2b8e42d1-5407-d3e9-9751-cd37351032e4,1,bruteforce,1,Violation,D_BRUTEFORCE,8.101
2026081428,47255514-0d9d-2f7a-8bf6-5c77a83e7c00,0,benign_public,0,NoAlert,A_PUBLIC,5.9
2026081428,2af686cc-5bc2-9343-1464-99fe97c03ea9,0,benign_login,0,NoAlert,A_AUTH,5.801
2026081428,8c764987-31ae-cdb8-8890-01cacae62a66,0,benign_status,0,NoAlert,A_STATUS,5.7
2026081428,d9e08771-9cc5-d275-21b5-776fe5782286,0,benign_public,0,NoAlert,A_PUBLIC,5.701
2026081428,7b4d54e0-176a-954c-4305-437bd4714dc6,0,benign_login,0,NoAlert,A_AUTH,5.7
2026081428,7e354ec3-0005-7d1b-64c6-3287240c4217,1,bruteforce,0,NoAlert,A_AUTH_FAIL_SINGLE,7.401
2026081428,e09bbd59-91e0-1a05-e6d7-5ea9a6fe7aed,1,bruteforce,0,NoAlert,A_AUTH_FAIL_SINGLE,7.2
2026081428,13520cc5-dac6-960a-6075-d8564f8e7824,1,bruteforce,0,NoAlert,A_AUTH_FAIL_SINGLE,7.301
2026081428,e45fc582-6399-158f-202e-d2ed6d6dd71d,1,bruteforce,1,Violation,D_BRUTEFORCE,8.3
2026081428,6a8ba30f-094b-615f-6f2a-d13bec987461,1,bruteforce,1,Violation,D_BRUTEFORCE,8.101
2026081428,6a86629f-4475-834f-7540-889c05b4bd30,0,benign_public,0,NoAlert,A_PUBLIC,5.9
2026081428,830eb081-635d-af42-3985-b056f041d77e,0,benign_login,0,NoAlert,A_AUTH,5.901
2026081428,cb3cb339-c0ce-4368-c6e8-7004faa74809,1,admin_probe,1,Violation,D_ADMIN,6.2
2026081428,8357ee9d-e27e-c2e6-c12c-7e860173c719,0,benign_status,0,NoAlert,A_STATUS,5.8
2026081428,feb3713c-d0f9-071c-dd6a-6b3783d67f46,1,bruteforce,0,NoAlert,A_AUTH_FAIL_SINGLE,7.301
2026081428,d84e7916-9a01-47e6-ea9f-625139c14710,1,bruteforce,0,NoAlert,A_AUTH_FAIL_SINGLE,7.3
2026081428,8e222786-8432-4335-6e87-2ccddd76f911,1,bruteforce,0,NoAlert,A_AUTH_FAIL_SINGLE,7.401
2026081428,a387db46-2882-16a3-6b40-550e35e03eb2,1,bruteforce,1,Violation,D_BRUTEFORCE,8.101
2026081428,e9126d32-db6b-c68e-138b-a84d5d3d0f83,1,bruteforce,1,Violation,D_BRUTEFORCE,8.2
2026081428,40c30e92-07c7-c051-e2de-260486a6edaf,0,benign_status,0,NoAlert,A_STATUS,5.8
2026081428,041b82fe-f341-e85f-d803-2c6959a80c12,0,benign_status,0,NoAlert,A_STATUS,5.7
2026081428,86a01d59-c38c-faf4-338f-ca7aaecae02e,0,benign_status,0,NoAlert,A_STATUS,5.8
2026081428,56b16010-af25-20e2-8564-0f201bb77912,0,benign_status,0,NoAlert,A_STATUS,5.701
2026081428,2ee7d7c1-cfe9-e771-8af9-1a9fadb88e46,0,benign_public,0,NoAlert,A_PUBLIC,5.8
2026081428,3f33bad5-aaf7-add8-6d8d-0586def2a435,0,benign_public,0,NoAlert,A_PUBLIC,5.901
2026081428,b3cf0d5c-761e-a33c-efbc-15d67b0cde91,0,benign_status,0,NoAlert,A_STATUS,5.8
2026081428,26527b74-8b3f-34fb-b863-9ed315ac9d60,0,benign_login,0,NoAlert,A_AUTH,5.9
2026081428,0c574732-4a2c-4b31-bb33-065b1c5a5657,1,path_traversal,1,Violation,D_TRAVERSAL,6.301
2026081428,49061b45-d495-5fc1-893c-6a367f0de67d,0,benign_status,0,NoAlert,A_STATUS,5.6
2026081428,1a448706-d036-39f6-05d4-86c1eab51914,0,benign_status,0,NoAlert,A_STATUS,5.901
2026081428,cc2605a3-cc08-2c93-2e04-997198db67e9,0,benign_login,0,NoAlert,A_AUTH,5.8
2026081428,dd71a71a-af51-9fd5-56aa-6362531cd065,0,benign_status,0,NoAlert,A_STATUS,5.601
2026081428,b06fdbfa-cbfe-7b78-3696-d71ecfe36afa,0,benign_public,0,NoAlert,A_PUBLIC,5.7
2026081428,d76dc8f1-b320-efbc-55db-f93288b421a3,0,benign_public,0,NoAlert,A_PUBLIC,5.6
2026081428,45c64465-15cb-a2d2-29b4-30d32ddf681c,1,command_probe,1,Violation,D_COMMAND,5.701
2026081428,3ba0e6bf-a34e-9b7f-a556-353dc27110ae,0,benign_status,0,NoAlert,A_STATUS,5.7
2026081428,b31de2fb-9163-9a69-d4c4-46e372c731b9,0,benign_public,0,NoAlert,A_PUBLIC,5.501
2026081428,f60f21d1-a73f-52d1-d39d-396b37fdd695,0,benign_login,0,NoAlert,A_AUTH,5.7
2026081428,658c1734-79f9-bcf6-abb2-b21b17aa8d41,0,benign_public,0,NoAlert,A_PUBLIC,5.6
2026081428,cc3cfff0-7196-1997-ca53-2f4a41945130,1,command_probe,1,Violation,D_COMMAND,5.801
2026081428,189ce124-2855-32e2-3e98-e0355749886d,0,benign_login,0,NoAlert,A_AUTH,5.7
2026081428,274404ce-c2c6-cbe3-afde-292ba60f31cd,0,benign_status,0,NoAlert,A_STATUS,5.601
2026081428,3fec281d-2839-15cf-d01c-bfd63154623d,0,benign_login,0,NoAlert,A_AUTH,5.6
2026081428,e86465ef-c586-1d62-d613-00f3839d3aaf,0,benign_login,0,NoAlert,A_AUTH,5.5
2026081428,6615e3b1-6cb0-ffa1-7e62-9cdd8a4c3d4e,0,benign_public,0,NoAlert,A_PUBLIC,5.601
2026081428,70536c52-1b4d-1aa7-7948-c1cd747eddf1,0,benign_login,0,NoAlert,A_AUTH,5.6
2026081428,a82fc3f0-3a6e-9130-c6b4-1aaf1a070e0c,0,benign_status,0,NoAlert,A_STATUS,5.701
2026081428,0aafd94f-5417-8f43-2672-706e3379d470,0,benign_login,0,NoAlert,A_AUTH,5.4
2026081428,01607464-02d9-4f82-10d5-a9d5d75e3215,0,benign_status,0,NoAlert,A_STATUS,5.7
2026081428,b074011e-ec0e-b0a2-cd5e-0d1929b5ef51,0,benign_status,0,NoAlert,A_STATUS,5.601
2026081428,7b7d8fc9-2f66-e086-1f07-c7bf59605c03,0,benign_status,0,NoAlert,A_STATUS,5.6
2026081428,64a4e257-33e6-375d-08dd-119c510763cb,0,benign_status,0,NoAlert,A_STATUS,5.901
2026081428,9c147f8a-be63-9a0b-cf99-bcb29c086f1d,0,benign_status,0,NoAlert,A_STATUS,6.0
2026081428,db16a9c6-912c-15a8-4d61-ddcfeef72347,0,benign_public,0,NoAlert,A_PUBLIC,6.001
2026081428,d71b4ce3-a7d7-ed5a-0a47-9fdecf5146d8,1,bruteforce,0,NoAlert,A_AUTH_FAIL_SINGLE,7.9
2026081428,0685aea0-3cd3-6517-9a59-6fd1fbf03c49,1,bruteforce,0,NoAlert,A_AUTH_FAIL_SINGLE,7.401
2026081428,ccab7f9c-7e98-9f07-81cb-52a8f8d2948d,1,bruteforce,0,NoAlert,A_AUTH_FAIL_SINGLE,7.4
2026081428,d7c22431-82eb-e80f-ea23-6bdb269d11ee,1,bruteforce,1,Violation,D_BRUTEFORCE,8.501
2026081428,2410e96a-18d7-8724-cdbb-b84f50681a99,1,bruteforce,1,Violation,D_BRUTEFORCE,8.3
2026081428,7d402f81-d70e-2b75-5624-502e2be80f8c,1,bruteforce,1,Violation,D_BRUTEFORCE,8.501
2026081428,c537ebfe-4d69-dd40-110b-463bd3bc5884,1,bruteforce,1,Violation,D_BRUTEFORCE,8.1
2026081428,11f5fb1b-4c57-dd2b-17b5-50f823e1a315,1,bruteforce,1,Violation,D_BRUTEFORCE,8.501
2026081428,6d114c83-d0c3-7c52-02e2-d47d0e127766,1,bruteforce,1,Violation,D_BRUTEFORCE,8.501
2026081428,3ded0c8c-2a7d-a504-7201-1e66ecf746a7,1,bruteforce,1,Violation,D_BRUTEFORCE,8.6
2026081428,e0e2104e-4987-384d-e745-033f329241ad,0,benign_login,0,NoAlert,A_AUTH,6.401
2026081428,445e0dc6-4aa4-879e-abe7-e03973056aee,0,benign_login,0,NoAlert,A_AUTH,6.3
2026081428,dff67f99-9641-3b3b-7969-4eeb57d37054,0,benign_public,0,NoAlert,A_PUBLIC,6.001
2026081428,4e52af3e-86bb-6996-c284-53f16d35fede,0,benign_status,0,NoAlert,A_STATUS,6.1
2026081428,f434ee0a-e540-4e34-e374-5d0caa429b5d,0,benign_public,0,NoAlert,A_PUBLIC,6.0
2026081428,2a955772-2315-5bd6-da30-d3df3b6e59e2,0,benign_login,0,NoAlert,A_AUTH,5.901
2026081428,8dad50a8-21c2-7905-9f2d-307419313746,0,benign_status,0,NoAlert,A_STATUS,5.7
2026081428,734ec71a-df21-e988-c739-944375364fa7,0,benign_public,0,NoAlert,A_PUBLIC,5.701
2026081428,224be532-08d2-0ce7-2aaa-a4995a2679a8,0,benign_public,0,NoAlert,A_PUBLIC,5.9
2026081428,6954ad63-0d3c-82ba-8d4b-ef9a0fa3f0ee,0,benign_login,0,NoAlert,A_AUTH,5.801
2026081428,b5a2ce56-4ecf-9977-6d36-c521cfdb5ece,0,benign_public,0,NoAlert,A_PUBLIC,5.7
2026081428,7b4e4b8d-b00e-7145-5b6e-badc20f45a90,0,benign_public,0,NoAlert,A_PUBLIC,5.9
2026081428,7a3e76be-68ad-de30-fb04-53ad41eeefe3,0,benign_login,0,NoAlert,A_AUTH,6.101
2026081428,8c65bb63-00fd-c4ea-4c75-2f811fa90241,1,bruteforce,0,NoAlert,A_AUTH_FAIL_SINGLE,7.9
2026081428,15f661af-c33f-8637-74a4-beaca7b5628a,1,bruteforce,0,NoAlert,A_AUTH_FAIL_SINGLE,7.401
2026081428,d7c5e9cd-1c00-b448-9bae-7ece00ce4e05,1,bruteforce,0,NoAlert,A_AUTH_FAIL_SINGLE,7.6
2026081428,6fc3a6c3-93dd-d1e2-45e6-c7d4f37207f0,1,bruteforce,1,Violation,D_BRUTEFORCE,8.401
2026081428,e710f27c-c820-4f3e-89fa-cd96baa445d4,1,bruteforce,1,Violation,D_BRUTEFORCE,8.401
2026081428,639dc50f-4a8c-b996-d9ed-7e28c492dd9d,0,benign_status,0,NoAlert,A_STATUS,6.0
2026081428,4e1e6ea2-97dc-b02c-ef48-44b29f0ec1ca,0,benign_status,0,NoAlert,A_STATUS,5.9
2026081428,3b1e77f3-61a5-7506-33d8-2b9bc52bfd80,0,benign_status,0,NoAlert,A_STATUS,5.801
2026081428,13de8550-eb12-9f28-2118-a6087b1e7293,0,benign_login,0,NoAlert,A_AUTH,6.4
2026081428,a44dbb0c-3f72-3adf-83e7-f9cd28630c17,1,bruteforce,0,NoAlert,A_AUTH_FAIL_SINGLE,7.601
2026081428,85a3e44a-a8c8-a34f-a9e7-650cf56328ae,1,bruteforce,0,NoAlert,A_AUTH_FAIL_SINGLE,7.4
2026081428,d0dcbf2e-a7c1-7bdb-a74d-082fc5544154,1,bruteforce,0,NoAlert,A_AUTH_FAIL_SINGLE,7.501
2026081428,0b17f4af-b926-af49-1fa8-f02fc6c56b38,1,bruteforce,1,Violation,D_BRUTEFORCE,8.3
2026081428,6c848e18-dcf8-7b05-9989-5ed4ec308ad0,1,bruteforce,1,Violation,D_BRUTEFORCE,24.801
2026081428,ecfeef2f-3a18-13f8-8f62-bbfd1a1facb6,0,benign_public,0,NoAlert,A_PUBLIC,39.303
2026081428,f057b91b-975e-498b-0638-b14f698052f0,0,benign_public,0,NoAlert,A_PUBLIC,12.101
2026081428,285308e2-d33d-2396-672f-e7bb8d510311,0,benign_login,0,NoAlert,A_AUTH,7.3
2026081428,ce671ae7-0faa-3f18-4839-2eae095c5e87,1,bruteforce,0,NoAlert,A_AUTH_FAIL_SINGLE,9.501
2026081428,3e94fbe5-0fe5-c12b-9844-1fae803eb07d,1,bruteforce,0,NoAlert,A_AUTH_FAIL_SINGLE,8.2
2026081428,bfaca32c-09c8-99b8-b1e6-3eaf82013f86,1,bruteforce,0,NoAlert,A_AUTH_FAIL_SINGLE,8.0
2026081428,09e920c4-cb29-8853-84dd-73c768ff3cc2,1,bruteforce,1,Violation,D_BRUTEFORCE,8.801
2026081428,c97e40d7-5539-6325-3a84-55abb273da51,1,bruteforce,1,Violation,D_BRUTEFORCE,8.8
2026081428,dc0fb978-3bca-b854-437b-7e38745b2ba6,0,benign_status,0,NoAlert,A_STATUS,6.201
2026081428,020f8da8-4440-654d-af92-822ac507ce53,0,benign_public,0,NoAlert,A_PUBLIC,6.2
2026081428,bc99f13d-47e5-9e78-2cd1-146fec5a69e4,0,benign_status,0,NoAlert,A_STATUS,6.201
2026081428,9834fae8-2c8e-2339-19c2-aa2b52d9a5f2,1,bruteforce,0,NoAlert,A_AUTH_FAIL_SINGLE,8.4
2026081428,1306c4b0-04c1-a310-01a0-03470b33ceb3,1,bruteforce,0,NoAlert,A_AUTH_FAIL_SINGLE,8.101
2026081428,9199115f-5f6d-a465-b328-0139f65990a0,1,bruteforce,0,NoAlert,A_AUTH_FAIL_SINGLE,7.8
2026081428,16b753ac-3c45-e0c8-356e-eaf1cf8beb63,1,bruteforce,1,Violation,D_BRUTEFORCE,8.701
2026081428,f7f26b5e-7927-eabc-1f9e-df8a8e0df4b2,1,bruteforce,1,Violation,D_BRUTEFORCE,8.701
2026081428,a54ed159-0b66-22b0-2574-f5856ce3defb,0,benign_status,0,NoAlert,A_STATUS,6.6
2026081428,f524facd-d6e7-a734-9b4b-274ab02c8f02,0,benign_login,0,NoAlert,A_AUTH,6.601
2026081428,d537ca01-cd66-ac1b-9672-405b47bfb717,0,benign_status,0,NoAlert,A_STATUS,6.2
2026081428,6de199cf-2460-ed3b-05d8-c9ed298fea1e,0,benign_login,0,NoAlert,A_AUTH,29.402
2026081428,d838501f-9b5b-4131-64f1-3fcf87bbc8f9,1,bruteforce,0,NoAlert,A_AUTH_FAIL_SINGLE,14.901
2026081428,79e5b3a3-1a08-577f-e874-21d1cc03e53b,1,bruteforce,0,NoAlert,A_AUTH_FAIL_SINGLE,9.901
2026081428,25c5f527-7a95-7452-3209-bc8b4754b833,1,bruteforce,0,NoAlert,A_AUTH_FAIL_SINGLE,9.3
2026081428,bb61ad4c-4778-9a4a-6ad3-20763ceedcbb,1,bruteforce,1,Violation,D_BRUTEFORCE,9.301
2026081428,4e7e6268-19fc-51cc-64b0-a22b6af0faa3,1,bruteforce,1,Violation,D_BRUTEFORCE,9.001
2026081428,4639fafc-4029-bc25-2eca-867dddc27728,0,benign_login,0,NoAlert,A_AUTH,6.7
2026081428,c0ac2211-267f-5301-aa01-2f733ac79f1d,0,benign_status,0,NoAlert,A_STATUS,6.101
2026081428,8772b420-b938-151e-1a18-5736ace753b5,0,benign_status,0,NoAlert,A_STATUS,6.2
2026081428,15306d6a-013f-95df-7c12-4977e22f0be3,0,benign_status,0,NoAlert,A_STATUS,6.2
2026081428,a80c5b94-a9ce-20c3-d919-ed93ecb988d0,0,benign_login,0,NoAlert,A_AUTH,6.0
2026081428,85f8168c-debc-0cf4-d57a-1283f75ab3ca,0,benign_status,0,NoAlert,A_STATUS,5.9
2026081428,37a8fe3f-ede2-3287-d784-3397b5c202bf,1,path_traversal,1,Violation,D_TRAVERSAL,6.401
2026081428,cf02c0ab-f466-0fb8-f625-3dfc2ffa7209,0,benign_login,0,NoAlert,A_AUTH,6.1
2026081428,84c4562f-fd0a-0a29-cb7a-457a9686d4ab,0,benign_public,0,NoAlert,A_PUBLIC,5.901
2026081428,34fa5bf5-ede0-5788-fdd0-ec662183c0b7,0,benign_login,0,NoAlert,A_AUTH,5.8
2026081428,0374091b-c64a-d9b2-ff67-09b042cee188,0,benign_public,0,NoAlert,A_PUBLIC,5.701
2026081428,cc1fc86a-d3e3-6eab-d77c-145a681522d9,0,benign_public,0,NoAlert,A_PUBLIC,5.8
2026081428,c82b5f01-10d8-de60-367a-abf85f998a84,0,benign_status,0,NoAlert,A_STATUS,5.7
2026081428,7ec06cb0-f3c1-6db8-52cc-f9e7fa7eb059,1,command_probe,1,Violation,D_COMMAND,6.201
2026081428,19b46bbf-611d-3620-8c95-12ec59b7608f,0,benign_public,0,NoAlert,A_PUBLIC,6.6
2026081428,8305fbb2-77e9-9239-0657-d7bb97f59683,0,benign_login,0,NoAlert,A_AUTH,6.001
2026081428,b3d70592-a50e-cbca-3895-a2fa127b3d8e,1,path_traversal,1,Violation,D_TRAVERSAL,6.2
2026081428,a6d688d9-c568-ce2c-ce16-5b2b78f0a315,0,benign_public,0,NoAlert,A_PUBLIC,6.101
2026081428,1cbb1422-5af6-f541-5f01-0ebc8da1250a,0,benign_status,0,NoAlert,A_STATUS,5.9
2026081428,2dfa1dc4-32b5-c984-abe7-d02972b96784,0,benign_public,0,NoAlert,A_PUBLIC,6.0
2026081428,526c06f5-b422-4d69-4e45-2260dea4042d,0,benign_login,0,NoAlert,A_AUTH,6.001
2026081428,c7ced607-e25d-2270-550c-72944b79ecf7,0,benign_login,0,NoAlert,A_AUTH,6.1
2026081428,b4112470-c75e-8b21-86f9-e2f51bef7b2a,0,benign_status,0,NoAlert,A_STATUS,5.901
2026081428,e0cf285c-5b08-0231-1153-d01a11dcaf7c,0,benign_login,0,NoAlert,A_AUTH,5.7
2026081428,491a478c-38f4-824f-d4c0-2e91082cd045,0,benign_status,0,NoAlert,A_STATUS,5.901
2026081428,74fae4e0-4269-fbf7-1aa0-f37fee54b3de,0,benign_status,0,NoAlert,A_STATUS,5.7
2026081428,a60d23ed-c387-ccc7-50e3-de14bb163687,0,benign_public,0,NoAlert,A_PUBLIC,5.8
2026081428,a44ffb9a-4a43-50d9-a818-fa23350ad28b,0,benign_login,0,NoAlert,A_AUTH,5.801
2026081428,bdd00bb8-74d7-393c-617f-93544379ffac,0,benign_public,0,NoAlert,A_PUBLIC,6.0
2026081428,6a685489-33eb-fc07-bb2c-ec6626221521,0,benign_status,0,NoAlert,A_STATUS,5.701
2026081428,6d0dfb12-d9ec-857b-726a-d469880f9828,0,benign_login,0,NoAlert,A_AUTH,5.9
2026081428,8a4a6527-0c9f-6153-fe0e-5c2873974bd4,0,benign_status,0,NoAlert,A_STATUS,6.101
2026081428,e733db80-7727-4101-fa0b-8de6d678750b,1,bruteforce,0,NoAlert,A_AUTH_FAIL_SINGLE,7.9
2026081428,34197c55-6825-e120-2db8-91d69c2792dc,1,bruteforce,0,NoAlert,A_AUTH_FAIL_SINGLE,7.801
2026081428,6b295bf2-5ab4-ff1a-fbcd-859f704e8a38,1,bruteforce,0,NoAlert,A_AUTH_FAIL_SINGLE,7.8
2026081428,8ee61da6-2c29-a5a8-0f8d-87d3af742baf,1,bruteforce,1,Violation,D_BRUTEFORCE,8.501
2026081428,807f1ca2-3fac-1c0a-1c5f-532fba4b224e,1,bruteforce,1,Violation,D_BRUTEFORCE,8.5
2026081428,5b3c2d71-7e93-2415-3f9d-be5a97165ba9,1,bruteforce,1,Violation,D_BRUTEFORCE,8.501
2026081428,863babbb-8d56-8365-b989-d7e1b41611b5,1,bruteforce,1,Violation,D_BRUTEFORCE,8.401
2026081428,48f300d0-2394-7110-b5c4-d34df29ae4a2,1,bruteforce,1,Violation,D_BRUTEFORCE,8.4
2026081428,1827d9ae-5576-acb8-1e0e-cbd3f6e96d9a,1,bruteforce,1,Violation,D_BRUTEFORCE,8.201
2026081428,f7516807-d7bb-0658-9200-285c0c64cbed,1,bruteforce,1,Violation,D_BRUTEFORCE,8.2
2026081428,d650963e-9160-4ba0-40ee-7233057e3925,0,benign_status,0,NoAlert,A_STATUS,6.101
2026081428,1da11e96-3220-2c81-1350-287457c62db4,0,benign_status,0,NoAlert,A_STATUS,6.0
2026081428,943a3369-896a-9497-4e1e-df1f9b5d54f0,0,benign_public,0,NoAlert,A_PUBLIC,5.901
2026081428,717606ba-0e0b-9738-dc07-b5d171902f99,0,benign_status,0,NoAlert,A_STATUS,6.2
2026081428,6129545e-fc3c-0462-6db6-67a3309ea25d,0,benign_status,0,NoAlert,A_STATUS,5.8
2026081428,f548ea73-c116-50de-bfeb-cdc9489233c8,0,benign_status,0,NoAlert,A_STATUS,5.901
2026081428,8cf5f94a-582b-a9dc-939e-177d9f8221ed,0,benign_public,0,NoAlert,A_PUBLIC,6.0
2026081428,2af5f330-54bb-01a9-c0d0-ef7adabf2a23,0,benign_status,0,NoAlert,A_STATUS,6.301
2026081428,9d76e77e-3b18-3e06-0160-3fb2e04a6189,0,benign_status,0,NoAlert,A_STATUS,5.8
2026081428,c94de890-59ea-4c50-78bf-bc86e780bcb8,0,benign_login,0,NoAlert,A_AUTH,5.901
2026081428,5713d86e-a84b-0633-6d17-e750a5293c48,1,path_traversal,1,Violation,D_TRAVERSAL,6.0
2026081428,b94e59c3-ff62-409e-00f2-509faef396e7,0,benign_status,0,NoAlert,A_STATUS,5.8
2026081428,da3dfbdf-aa08-fde6-1ce2-9d22bb46fdce,0,benign_public,0,NoAlert,A_PUBLIC,5.801
2026081428,081b2793-3964-0afd-91b0-b074d9c810e3,1,path_traversal,1,Violation,D_TRAVERSAL,5.9
2026081428,2235e0e1-09e4-5a0d-14be-efb595407e38,0,benign_public,0,NoAlert,A_PUBLIC,5.901
2026081428,006908db-2580-834d-d054-1d6f2a386b55,0,benign_status,0,NoAlert,A_STATUS,5.7
2026081428,433e0a38-0d8f-8278-35eb-2d1e45693ef9,1,bruteforce,0,NoAlert,A_AUTH_FAIL_SINGLE,8.001
2026081429,48dc53a7-0d61-3433-2718-9b55667abd32,1,bruteforce,0,NoAlert,A_AUTH_FAIL_SINGLE,25.101
2026081429,af6e6562-8e13-1cbe-319b-f3273a1676fa,1,bruteforce,0,NoAlert,A_AUTH_FAIL_SINGLE,11.501
2026081429,a788a7bf-56e3-2d73-5709-26083271dbda,1,bruteforce,0,NoAlert,A_AUTH_FAIL_SINGLE,9.101
2026081429,ba574ba1-062b-83f9-e633-6082df07c588,1,bruteforce,1,Violation,D_BRUTEFORCE,9.501
2026081429,199f356b-f9f9-68ab-a2e0-3b0d9b0b1fb7,1,bruteforce,1,Violation,D_BRUTEFORCE,9.0
2026081429,0eddb856-909a-6b90-fbc2-da55a96ab2c9,1,admin_probe,1,Violation,D_ADMIN,7.601
2026081429,56326c73-6ef1-8659-e39a-76afb58f772a,0,benign_login,0,NoAlert,A_AUTH,6.6
2026081429,6d6b2263-a959-ac6a-fde8-46a59bd00726,0,benign_public,0,NoAlert,A_PUBLIC,6.601
2026081429,da1a4e36-e8a5-3662-9e9a-3992d1a19f99,1,command_probe,1,Violation,D_COMMAND,6.4
2026081429,8f41597a-abcd-2acd-3d3d-117988fee0e2,0,benign_login,0,NoAlert,A_AUTH,6.101
2026081429,65ec47f8-f0df-183e-1534-28cdac7f15c7,0,benign_public,0,NoAlert,A_PUBLIC,6.0
2026081429,92f4b319-bd8a-a1df-aacb-80b233d844eb,0,benign_public,0,NoAlert,A_PUBLIC,6.0
2026081429,05996fd2-f124-7bc1-be72-059f2dc7df63,1,bruteforce,0,NoAlert,A_AUTH_FAIL_SINGLE,8.101
2026081429,610f025d-8dd8-2ec0-26e9-14e363d37c72,1,bruteforce,0,NoAlert,A_AUTH_FAIL_SINGLE,7.701
2026081429,1c71ea17-79f8-8410-ab70-224aa4208824,1,bruteforce,0,NoAlert,A_AUTH_FAIL_SINGLE,7.5
2026081429,f394232d-03d1-00d4-8229-1adae594efdb,1,bruteforce,1,Violation,D_BRUTEFORCE,8.301
2026081429,692d4e81-33b9-233b-6963-42f2dd1dc4b3,1,bruteforce,1,Violation,D_BRUTEFORCE,8.2
2026081429,db408ce4-2b3a-5e82-15b2-bd751df99e58,0,benign_login,0,NoAlert,A_AUTH,6.101
2026081429,c4b0265f-b37d-8342-3fa6-5667f9009782,0,benign_login,0,NoAlert,A_AUTH,6.3
2026081429,f5e66e0d-7b98-d226-2130-b24388eb256d,0,benign_public,0,NoAlert,A_PUBLIC,6.201
2026081429,4537aaaf-d141-b74c-1712-e292c1f1aac5,0,benign_status,0,NoAlert,A_STATUS,6.1
2026081429,2526806c-bfef-91fe-e026-974e647f5c94,0,benign_status,0,NoAlert,A_STATUS,5.9
2026081429,fbd88cc1-1d0b-0228-fc4a-dec8c8e014f9,0,benign_login,0,NoAlert,A_AUTH,5.901
2026081429,5e560883-4768-aa16-1991-0035ef8b7bb4,0,benign_status,0,NoAlert,A_STATUS,5.8
2026081429,da85a080-fd57-a64d-f718-297dadbf3bbc,0,benign_login,0,NoAlert,A_AUTH,5.701
2026081429,2374d9d7-305e-619e-07c5-8e08b982eb84,0,benign_status,0,NoAlert,A_STATUS,6.0
2026081429,76c093b4-4d36-1c04-664a-059e444c6565,0,benign_login,0,NoAlert,A_AUTH,5.801
2026081429,ab9aad91-381a-f97f-91ac-b6764cbd5879,0,benign_status,0,NoAlert,A_STATUS,5.8
2026081429,26498915-905d-3067-3abf-f7bf79d3cc8c,0,benign_status,0,NoAlert,A_STATUS,5.9
2026081429,27239869-250d-6409-c1e9-1828770f910e,0,benign_login,0,NoAlert,A_AUTH,5.901
2026081429,df4dfed9-b658-217f-688b-b89203c47a42,0,benign_public,0,NoAlert,A_PUBLIC,5.7
2026081429,e03d75b5-057c-ecf2-919c-5661fc38d782,0,benign_status,0,NoAlert,A_STATUS,5.801
2026081429,cfc1a741-2e6c-6f31-8855-e38678a2180f,0,benign_login,0,NoAlert,A_AUTH,5.8
2026081429,7f3066cb-453a-6d40-b24c-e8ef2c91734a,0,benign_public,0,NoAlert,A_PUBLIC,5.801
2026081429,a93abe38-fda4-171b-c384-da610d839940,0,benign_login,0,NoAlert,A_AUTH,5.7
2026081429,b4a81d70-c4cf-16ce-28f1-b434b4e836da,0,benign_public,0,NoAlert,A_PUBLIC,5.7
2026081429,e4551043-23e5-6c2d-da9d-09236e40fb3e,0,benign_login,0,NoAlert,A_AUTH,5.701
2026081429,b7bd7114-351a-f654-671b-e1ed01809390,0,benign_status,0,NoAlert,A_STATUS,5.7
2026081429,f03b91f2-8742-be00-fc70-ca6c907f7542,0,benign_login,0,NoAlert,A_AUTH,5.901
2026081429,2ab856d8-4f0a-366a-76d2-ff7a357643b1,1,command_probe,1,Violation,D_COMMAND,6.0
2026081429,1c19d0de-bdc1-fd8b-b4f4-62e8008898a7,0,benign_public,0,NoAlert,A_PUBLIC,5.7
2026081429,8b7be5cf-e2fe-364b-f3b3-ec4749553529,0,benign_status,0,NoAlert,A_STATUS,5.8
2026081429,23bef43d-d6f7-e4a1-b100-fe8932a30128,0,benign_login,0,NoAlert,A_AUTH,5.9
2026081429,208f5ac2-feaa-a6f0-b5d2-794f9aa0d81a,0,benign_status,0,NoAlert,A_STATUS,5.801
2026081429,5377396f-f96c-881d-3e79-17ba29d448ed,0,benign_login,0,NoAlert,A_AUTH,5.8
2026081429,d958fddd-9a22-42df-3e71-d3754f56d63e,1,bruteforce,0,NoAlert,A_AUTH_FAIL_SINGLE,7.701
2026081429,4b23ed62-ab19-714c-cce5-ca1114f50cda,1,bruteforce,0,NoAlert,A_AUTH_FAIL_SINGLE,7.6
2026081429,89de5a38-5993-3bb6-bac9-8af10492b217,1,bruteforce,0,NoAlert,A_AUTH_FAIL_SINGLE,7.601
2026081429,2a28829b-4e02-06b2-e41a-48c4b5b2c92f,1,bruteforce,1,Violation,D_BRUTEFORCE,8.4
2026081429,d156c47c-03b1-b719-b329-9716340fc23f,1,bruteforce,1,Violation,D_BRUTEFORCE,8.501
2026081429,a414a78c-4c55-ba7a-db42-62016046da43,0,benign_public,0,NoAlert,A_PUBLIC,6.0
2026081429,70057a6f-e1d0-9b2d-cd82-04567a880af0,0,benign_public,0,NoAlert,A_PUBLIC,5.801
2026081429,db805504-96c6-1b4d-13dc-f052599d1788,0,benign_status,0,NoAlert,A_STATUS,5.7
2026081429,793ccbb2-4c2e-1317-5aed-268819c755f7,0,benign_public,0,NoAlert,A_PUBLIC,5.901
2026081429,891362d7-3edd-d1d4-5a0a-14258426ce84,0,benign_login,0,NoAlert,A_AUTH,5.8
2026081429,806c90d2-c1a6-7c60-75ab-5896f6ddaecc,0,benign_status,0,NoAlert,A_STATUS,5.8
2026081429,96a9cfd5-4f4c-f3b6-7857-fb81305f129d,0,benign_login,0,NoAlert,A_AUTH,5.8
2026081429,44487e1b-b727-c9cc-c940-579439af8863,0,benign_status,0,NoAlert,A_STATUS,5.8
2026081429,a6c2f168-e17a-d993-9558-57af1bfb2407,0,benign_login,0,NoAlert,A_AUTH,6.001
2026081429,7d624ec8-81f3-fe66-19d1-b86194628b80,1,admin_probe,1,Violation,D_ADMIN,6.0
2026081429,ba0fe28c-bc91-56f7-7d02-c62e058befa5,0,benign_status,0,NoAlert,A_STATUS,5.701
2026081429,2b432c63-f2be-97dc-7fbf-4edca2c75080,0,benign_login,0,NoAlert,A_AUTH,5.8
2026081429,578d99bc-bdde-4512-fdb7-66400a785185,0,benign_login,0,NoAlert,A_AUTH,6.1
2026081429,794a11dd-e0ce-4435-2e4a-80bab7216210,0,benign_public,0,NoAlert,A_PUBLIC,6.201
2026081429,8269217b-6380-a2fb-0cfb-6d13beb8d067,0,benign_public,0,NoAlert,A_PUBLIC,6.1
2026081429,14a55b25-cc05-c5ed-e03d-390f2904382e,1,bruteforce,0,NoAlert,A_AUTH_FAIL_SINGLE,8.101
2026081429,d4d5cd87-d7a3-bbc0-e9f9-aa409d4e6030,1,bruteforce,0,NoAlert,A_AUTH_FAIL_SINGLE,7.8
2026081429,7e38f555-64f5-45f8-28d0-f1f55f1544ca,1,bruteforce,0,NoAlert,A_AUTH_FAIL_SINGLE,7.601
2026081429,23a691cf-4626-ce11-8afd-752f0a71e57b,1,bruteforce,1,Violation,D_BRUTEFORCE,8.401
2026081429,569544b2-f200-2242-a4b8-8725a996ec84,1,bruteforce,1,Violation,D_BRUTEFORCE,8.0
2026081429,8c95279f-4dac-bb32-bffb-1c1d808e0b61,0,benign_status,0,NoAlert,A_STATUS,5.801
2026081429,e3d69ed2-a20d-db46-1d96-7f1f3e94a369,1,bruteforce,1,Violation,D_BRUTEFORCE,12.1
2026081429,b81facf9-c2e1-5ec1-0303-bab0e5acecfe,1,bruteforce,1,Violation,D_BRUTEFORCE,8.501
2026081429,f8dc980c-0704-fe8d-a393-02a46cdae31b,1,bruteforce,1,Violation,D_BRUTEFORCE,8.001
2026081429,3222926d-b38c-fec9-d98e-80d7938fd65b,1,bruteforce,1,Violation,D_BRUTEFORCE,8.3
2026081429,85787dab-28b4-4db6-e2d5-0af01c83f6a7,1,bruteforce,1,Violation,D_BRUTEFORCE,8.001
2026081429,af05eec5-7e6f-67a5-3f24-12d00139c32d,0,benign_login,0,NoAlert,A_AUTH,5.9
2026081429,6c01cd87-e8fe-3a69-b832-57c4956ca397,0,benign_public,0,NoAlert,A_PUBLIC,6.101
2026081429,f2df9a9e-d20f-d0e5-8d87-02ccfb234d74,0,benign_status,0,NoAlert,A_STATUS,5.7
2026081429,bd0bdb0a-678a-405d-0422-8c5f3028f4fd,0,benign_status,0,NoAlert,A_STATUS,5.7
2026081429,5be3c6a7-feaa-a325-4473-4c8452c0a7c9,0,benign_status,0,NoAlert,A_STATUS,5.501
2026081429,b1737d63-593f-42d0-e6ab-6a9674e0d3b5,0,benign_status,0,NoAlert,A_STATUS,5.7
2026081429,bc3b533c-adfe-83f9-3557-40be4d1d4592,0,benign_login,0,NoAlert,A_AUTH,5.701
2026081429,65a70ab0-7f06-124f-f842-aff41b4f67db,0,benign_status,0,NoAlert,A_STATUS,5.5
2026081429,32e6c1c0-82e7-8770-f178-51bdf1bbf76a,0,benign_login,0,NoAlert,A_AUTH,5.6
2026081429,7bf06170-9603-c4b4-7fb8-5c7e927c1261,0,benign_login,0,NoAlert,A_AUTH,5.701
2026081429,80b53489-a317-a9ac-d983-8c5d4b2f11dd,0,benign_status,0,NoAlert,A_STATUS,5.6
2026081429,abadbcd3-cad6-b291-6cfb-50f88bd2daa2,0,benign_status,0,NoAlert,A_STATUS,5.601
2026081429,a189da8a-cb23-7c98-ff16-8817a98fce5f,0,benign_status,0,NoAlert,A_STATUS,5.5
2026081429,3b1eb611-2568-e3f3-0cd7-0d98da7e493c,0,benign_login,0,NoAlert,A_AUTH,5.6
2026081429,792d4192-8e90-f1bf-a172-1ef2fb738d05,0,benign_public,0,NoAlert,A_PUBLIC,7.701
2026081429,117330e9-28e4-4a16-252e-464066c58e18,0,benign_public,0,NoAlert,A_PUBLIC,6.1
2026081429,be606383-e0b5-3773-6cee-271663155b82,0,benign_status,0,NoAlert,A_STATUS,5.801
2026081429,f618575a-e7dd-4aba-71fd-49edfca9e2ff,0,benign_login,0,NoAlert,A_AUTH,5.7
2026081429,a0cc7af6-5d3f-7b2d-494a-10c84ef9029d,0,benign_status,0,NoAlert,A_STATUS,5.701
2026081429,307febf0-22eb-0cea-37c7-f9e19143e0be,0,benign_public,0,NoAlert,A_PUBLIC,5.6
2026081429,a89fa8f9-e0b4-e371-3998-84c9453c4623,1,admin_probe,1,Violation,D_ADMIN,5.901
2026081429,8532dcfd-c86b-d74c-3b7b-90dabaf383ba,0,benign_status,0,NoAlert,A_STATUS,5.8
2026081429,c08a9af2-3799-c6a7-5085-d77db22ba5e8,0,benign_login,0,NoAlert,A_AUTH,5.8
2026081429,2984abcd-652c-999a-a3ca-d2c9021a87ab,0,benign_status,0,NoAlert,A_STATUS,5.601
2026081429,5aac986c-5d61-07f3-9d3d-6ca604131160,0,benign_status,0,NoAlert,A_STATUS,5.7
2026081429,069d7f20-c274-b845-7b9a-4e70b11570fe,1,bruteforce,0,NoAlert,A_AUTH_FAIL_SINGLE,7.701
2026081429,939ce0fb-3ce1-8075-66d8-bbe1b499725a,1,bruteforce,0,NoAlert,A_AUTH_FAIL_SINGLE,7.5
2026081429,5f1fe4ae-abf3-dec3-e350-cf1c65bbe22a,1,bruteforce,0,NoAlert,A_AUTH_FAIL_SINGLE,7.401
2026081429,710c7806-3a72-5de6-743b-c8b772841608,1,bruteforce,1,Violation,D_BRUTEFORCE,9.0
2026081429,7628808f-1eb2-006f-7359-379ae853c312,1,bruteforce,1,Violation,D_BRUTEFORCE,30.102
2026081429,068a42c9-d5cc-b324-4673-52e2ca9e1c3a,0,benign_login,0,NoAlert,A_AUTH,8.101
2026081429,5a63e4a9-ab63-38a4-5a79-48bf7130adc2,0,benign_login,0,NoAlert,A_AUTH,6.6
2026081429,fb2486de-74c0-ddc4-a298-f73c20ecfac8,1,admin_probe,1,Violation,D_ADMIN,6.2
2026081429,991d2b1b-d96f-50f2-c82c-2f4fd91658d4,0,benign_public,0,NoAlert,A_PUBLIC,6.601
2026081429,62d553ed-540d-cfa9-fd08-24c5113a8ab5,0,benign_login,0,NoAlert,A_AUTH,6.3
2026081429,a7ae6f80-8714-fa77-178f-4f8db68d82af,0,benign_public,0,NoAlert,A_PUBLIC,6.0
2026081429,9fdbfb6f-339c-8650-2fb1-5ea444eb81c9,0,benign_public,0,NoAlert,A_PUBLIC,6.001
2026081429,b124d141-05ea-e094-92e7-d3a0851576f5,0,benign_login,0,NoAlert,A_AUTH,5.7
2026081429,99c37eac-92fa-7ba6-ab88-9a84812c9d07,0,benign_status,0,NoAlert,A_STATUS,5.701
2026081429,99bd6562-53d6-4332-b588-8c32ab627a14,0,benign_public,0,NoAlert,A_PUBLIC,5.8
2026081429,f52c942a-ce20-ee7b-e91b-db642bc7a1d1,0,benign_login,0,NoAlert,A_AUTH,6.001
2026081429,d355d056-382a-af24-2b58-12a7caca36ce,1,bruteforce,0,NoAlert,A_AUTH_FAIL_SINGLE,8.3
2026081429,c6595dea-2c78-468f-f83e-366219ec5330,1,bruteforce,0,NoAlert,A_AUTH_FAIL_SINGLE,8.001
2026081429,588e6cf4-45c5-fd17-885e-f9b462da32f3,1,bruteforce,0,NoAlert,A_AUTH_FAIL_SINGLE,7.9
2026081429,0c0aa178-27f6-89a1-17e2-7758e79fefbd,1,bruteforce,1,Violation,D_BRUTEFORCE,8.701
2026081429,d0acd6af-7f03-3f7f-59b2-46b8b22e51eb,1,bruteforce,1,Violation,D_BRUTEFORCE,8.6
2026081429,15f02988-d593-bb3f-9e0d-28413b646ea5,1,bruteforce,1,Violation,D_BRUTEFORCE,8.601
2026081429,c6c7f826-fc01-6ecb-cbf2-c535f7e5e203,1,bruteforce,1,Violation,D_BRUTEFORCE,8.301
2026081429,24702810-95b9-ef61-aaf1-cae48b510809,1,bruteforce,1,Violation,D_BRUTEFORCE,8.1
2026081429,ed69f095-e734-5360-fd7e-f1649f3efb56,1,bruteforce,1,Violation,D_BRUTEFORCE,8.201
2026081429,f8bd1d00-e7c8-bca6-3433-4ef58e18650a,1,bruteforce,1,Violation,D_BRUTEFORCE,8.1
2026081429,0d3de1dd-283e-bebf-c43f-8a1c1c865c20,0,benign_login,0,NoAlert,A_AUTH,6.101
2026081429,c8f562fa-f06b-0331-bc49-eb3dacb4122d,1,path_traversal,1,Violation,D_TRAVERSAL,6.3
2026081429,2bcfcaae-617e-bd78-ee9b-de139055cbb1,0,benign_login,0,NoAlert,A_AUTH,6.201
2026081429,41e2e872-abb1-886d-fdf9-00c03d11ff2d,0,benign_status,0,NoAlert,A_STATUS,6.2
2026081429,121112b3-71df-bbaf-2fb3-5cb39e446cd7,0,benign_login,0,NoAlert,A_AUTH,5.901
2026081429,5ec3f1a2-92dc-3195-43af-d567e76c6af2,1,bruteforce,0,NoAlert,A_AUTH_FAIL_SINGLE,7.9
2026081429,9e14f23e-12e2-ffe6-e372-757e7a72640d,1,bruteforce,0,NoAlert,A_AUTH_FAIL_SINGLE,7.901
2026081429,60b72a8e-ffe4-5fb4-fed3-1cc9d1df7afa,1,bruteforce,0,NoAlert,A_AUTH_FAIL_SINGLE,7.7
2026081429,25e78549-0207-79a0-8113-2e0d9a88ead1,1,bruteforce,1,Violation,D_BRUTEFORCE,8.401
2026081429,2f539015-0012-8169-43a3-e470d61f189b,1,bruteforce,1,Violation,D_BRUTEFORCE,8.6
2026081429,82fb40d1-ba21-7fe7-42c2-188aa9c251d2,0,benign_status,0,NoAlert,A_STATUS,6.301
2026081429,00998ac8-dcc9-6d80-3c97-82008c08a8c8,0,benign_login,0,NoAlert,A_AUTH,6.0
2026081429,b5d331fb-8a50-b7f7-25cb-df9d8b6dc07e,0,benign_public,0,NoAlert,A_PUBLIC,6.001
2026081429,a4bd11fe-8ceb-0bf0-5fbe-72da5baec174,0,benign_public,0,NoAlert,A_PUBLIC,6.1
2026081429,5e80f777-5c20-d61e-efaa-77d625b4ac23,0,benign_status,0,NoAlert,A_STATUS,5.801
2026081429,0dcca2cb-fc4e-e3ff-055e-421761cbb124,0,benign_login,0,NoAlert,A_AUTH,5.9
2026081429,326fd7aa-bac1-d317-2c28-c843bb9f3dda,0,benign_public,0,NoAlert,A_PUBLIC,5.9
2026081429,8f570852-dd7b-2832-92f6-d5faa901b22e,0,benign_login,0,NoAlert,A_AUTH,5.801
2026081429,63be5ceb-acc6-4991-d46f-562de3ae413a,1,command_probe,1,Violation,D_COMMAND,6.0
2026081429,b5866d56-94d6-ee0e-fdff-3a1eb378aa4f,0,benign_status,0,NoAlert,A_STATUS,5.801
2026081429,730caca6-32bb-7095-4d4d-3a144e120857,0,benign_public,0,NoAlert,A_PUBLIC,5.9
2026081429,8e35bae3-a8d2-3ff2-0da6-e63df1e15b3d,0,benign_status,0,NoAlert,A_STATUS,5.7
2026081429,1e96fb18-52b8-d5c3-dab8-32db224bc168,0,benign_status,0,NoAlert,A_STATUS,5.6
2026081429,0bdcd4dd-f166-212c-fb2b-a1fa3f8242c1,0,benign_login,0,NoAlert,A_AUTH,8.8
2026081429,5caaf8d9-df82-b212-94c9-e9dc4b0f90db,0,benign_status,0,NoAlert,A_STATUS,6.2
2026081429,1af26219-cde5-f44c-63d9-e03cb75ece23,1,bruteforce,0,NoAlert,A_AUTH_FAIL_SINGLE,7.9
2026081429,66e2e52a-05d5-88de-ed12-79244af8e972,1,bruteforce,0,NoAlert,A_AUTH_FAIL_SINGLE,7.6
2026081429,bd6e6069-6408-68c5-ef01-434ba0ebaac8,1,bruteforce,0,NoAlert,A_AUTH_FAIL_SINGLE,7.501
2026081429,e29551f6-b0d7-b26d-971d-1d350a0db801,1,bruteforce,1,Violation,D_BRUTEFORCE,8.3
2026081429,cd49f1f3-eb75-3a2d-39ed-5b6da73f4e4b,1,bruteforce,1,Violation,D_BRUTEFORCE,8.701
2026081429,d9164286-9cb9-3e9a-bfe6-46c8c48d737d,0,benign_public,0,NoAlert,A_PUBLIC,6.1
2026081429,21d51c7d-c7b9-9dc9-1ae6-7cfc679d92fe,0,benign_status,0,NoAlert,A_STATUS,5.801
2026081429,0fc8677f-ae24-c223-0377-8da6ef9e5f61,0,benign_login,0,NoAlert,A_AUTH,5.6
2026081429,6e7f186a-814e-e4fc-5d47-53a6769adab1,1,bruteforce,0,NoAlert,A_AUTH_FAIL_SINGLE,7.5
2026081429,6e4d540c-85b5-0c3d-014b-4d0a9c96a58e,1,bruteforce,0,NoAlert,A_AUTH_FAIL_SINGLE,7.5
2026081429,2586ecac-b98d-a0a4-1a32-8bc231dccc72,1,bruteforce,0,NoAlert,A_AUTH_FAIL_SINGLE,7.501
2026081429,25da6c42-278a-54df-ab0c-d44800f56975,1,bruteforce,1,Violation,D_BRUTEFORCE,8.5
2026081429,39760d80-530b-cbf9-e9dc-f3d0d02a32e5,1,bruteforce,1,Violation,D_BRUTEFORCE,8.401
2026081429,4ac89eff-e8df-5e03-f71d-3219f91ca7ad,0,benign_login,0,NoAlert,A_AUTH,5.7
2026081429,8c043b42-471e-4be6-1bda-0e6916530fe7,0,benign_status,0,NoAlert,A_STATUS,5.601
2026081429,6c013f65-84d7-e5db-1e13-6b743248c704,0,benign_login,0,NoAlert,A_AUTH,5.9
2026081429,0e43feda-32a4-a20e-57d3-257cec3e3233,0,benign_status,0,NoAlert,A_STATUS,6.0
2026081429,be1fc016-fbd2-e7a9-fbb0-1a74c5c8502d,0,benign_status,0,NoAlert,A_STATUS,7.701
2026081429,b791095c-9018-0810-632d-88e409ef0ff5,0,benign_public,0,NoAlert,A_PUBLIC,6.0
2026081429,69f064c3-6f6f-7354-f3ea-a9b4877442c1,0,benign_login,0,NoAlert,A_AUTH,5.501
2026081429,0214d6c1-29bc-9a46-541d-20d2861feeea,0,benign_login,0,NoAlert,A_AUTH,5.6
2026081429,ecf40615-8253-ffdb-67b7-0cad3304a878,0,benign_public,0,NoAlert,A_PUBLIC,5.701
2026081429,fa6ec0b9-e910-f1e1-c927-3fc18cbb4437,0,benign_login,0,NoAlert,A_AUTH,5.9
2026081429,883b3c0e-dfac-c5f0-044f-89cc15998003,0,benign_public,0,NoAlert,A_PUBLIC,5.7
2026081429,4b3f3315-5dcd-36bf-e357-a5051f900e2a,1,bruteforce,0,NoAlert,A_AUTH_FAIL_SINGLE,7.5
2026081429,77beda7f-ac91-27ec-6017-3a1c4f17d806,1,bruteforce,0,NoAlert,A_AUTH_FAIL_SINGLE,7.401
2026081429,eff513a1-6f6d-27a6-ddbf-76a07b8a65e1,1,bruteforce,0,NoAlert,A_AUTH_FAIL_SINGLE,7.2
2026081429,ec61014f-130f-819a-a7b8-fd3f9a106fa9,1,bruteforce,1,Violation,D_BRUTEFORCE,8.301
2026081429,ee73b4ca-65cc-b000-deed-448c54c083c7,1,bruteforce,1,Violation,D_BRUTEFORCE,8.5
2026081429,0c95cf79-0ff3-ea8c-637b-083934c56bce,0,benign_status,0,NoAlert,A_STATUS,5.901
2026081429,936d2414-ca77-330c-5975-c0124583dc74,0,benign_status,0,NoAlert,A_STATUS,5.8
2026081429,2e12faff-c295-8c46-1a6e-a9f018254ba5,0,benign_login,0,NoAlert,A_AUTH,5.7
2026081429,7a738e89-9091-e560-b3cd-45b0e933009d,0,benign_public,0,NoAlert,A_PUBLIC,5.6
2026081429,e6726e72-4dc6-34e5-1528-24d6afe9e27c,0,benign_login,0,NoAlert,A_AUTH,5.6
2026081429,bba6eeee-975f-7846-9e57-ce1ebff982e0,0,benign_status,0,NoAlert,A_STATUS,5.601
2026081429,b60f0f07-efb4-f33a-db96-53ccc8e356ac,0,benign_login,0,NoAlert,A_AUTH,8.7
2026081429,7699fbd1-b944-5022-7d7f-008a3e0b3ab0,0,benign_public,0,NoAlert,A_PUBLIC,9.401
2026081429,b53d8602-a8ad-df6b-7d1b-777fd966ceaa,0,benign_login,0,NoAlert,A_AUTH,9.001
2026081429,0a283cfb-568a-d6a1-6e51-786a1a2247ad,0,benign_login,0,NoAlert,A_AUTH,7.9
2026081429,05acf47e-ebbd-0865-9340-5aa07da0af89,1,bruteforce,0,NoAlert,A_AUTH_FAIL_SINGLE,10.801
2026081429,bbac7695-98fb-d1bb-4d34-333ded59900d,1,bruteforce,0,NoAlert,A_AUTH_FAIL_SINGLE,10.001
2026081429,e11ccac3-a337-f63c-1096-d13ee28bf619,1,bruteforce,0,NoAlert,A_AUTH_FAIL_SINGLE,9.9
2026081429,1eae805f-b4c9-2546-b8b6-34c49030cd22,1,bruteforce,1,Violation,D_BRUTEFORCE,11.701
2026081429,5adb7d86-6d38-47c4-b5c9-35e9ee74660f,1,bruteforce,1,Violation,D_BRUTEFORCE,12.201
2026081429,094a5ddb-292d-6dab-003c-d90baaa2d1b1,0,benign_status,0,NoAlert,A_STATUS,8.101
2026081429,a89bb0e4-c2b9-81a2-a111-efb297a600a6,0,benign_public,0,NoAlert,A_PUBLIC,8.4
2026081429,0780bb4e-d5cc-8746-4f58-edd440d05690,1,admin_probe,1,Violation,D_ADMIN,9.301
2026081429,5042827a-75be-f529-0b1d-e6db3e67a543,1,command_probe,1,Violation,D_COMMAND,8.801
2026081429,8222437c-632c-69c6-0563-b74139344c5d,0,benign_status,0,NoAlert,A_STATUS,9.5
2026081429,09e220f1-f6ab-c99b-b5d0-f783712c47fd,0,benign_status,0,NoAlert,A_STATUS,10.301
2026081429,b8ab4aa0-6267-4fd5-2c7d-86b0087578af,0,benign_status,0,NoAlert,A_STATUS,7.501
2026081429,0d9af0a5-5fb5-04e8-66dc-6278845a7c18,0,benign_login,0,NoAlert,A_AUTH,5.9
2026081429,793ee683-14f2-348d-700c-cc5d04717b79,1,command_probe,1,Violation,D_COMMAND,6.001
2026081429,c1e74a31-fa4c-3629-a391-15789a016116,0,benign_login,0,NoAlert,A_AUTH,6.1
2026081429,ea035841-656e-c8e7-f637-b6d323eed43f,0,benign_login,0,NoAlert,A_AUTH,6.1
2026081429,3dddf706-4b33-86d3-4ca8-8b14de6acf9f,0,benign_login,0,NoAlert,A_AUTH,6.001
2026081429,d2c339bf-b618-537a-bbcd-a06169cd92e6,1,command_probe,1,Violation,D_COMMAND,6.2
2026081429,7a5c6f41-b7e3-bd98-809c-ed53ea898a4a,0,benign_status,0,NoAlert,A_STATUS,5.801
2026081429,e1ed6b57-8a49-7f59-39a7-a7d07f753b6e,0,benign_login,0,NoAlert,A_AUTH,6.2
2026081429,7b3ac3a3-5971-f463-5839-0a6bd1358cc5,0,benign_login,0,NoAlert,A_AUTH,6.001
2026081429,19507442-d5e5-6a84-4a32-edf3b5bc529f,0,benign_public,0,NoAlert,A_PUBLIC,6.1
2026081429,847bc23e-994e-9043-e36b-e28f4b145be3,0,benign_status,0,NoAlert,A_STATUS,6.0
2026081429,d3e96c8f-5409-c2a5-3987-d86c820fd97b,0,benign_public,0,NoAlert,A_PUBLIC,5.801
2026081429,84b1d111-d95c-8985-c2bd-28fa4b193b0a,0,benign_login,0,NoAlert,A_AUTH,6.1
2026081429,843746c5-c5df-33d7-7338-eedeb989f508,0,benign_status,0,NoAlert,A_STATUS,5.601
2026081429,c478a47b-1c13-b2dc-396f-d32031ef4bdc,0,benign_public,0,NoAlert,A_PUBLIC,5.6
2026081429,0c5c653a-7a38-906a-eb68-857e9a3bb227,1,admin_probe,1,Violation,D_ADMIN,5.801
2026081429,e610a96d-aeac-724f-4a2d-adf87d075ca9,0,benign_status,0,NoAlert,A_STATUS,5.7
2026081429,febf5de1-ce01-bead-0c5f-070dd1d91d06,0,benign_login,0,NoAlert,A_AUTH,5.9
2026081429,5170ba2a-c43e-e6ce-e607-29d8070fc9bd,0,benign_status,0,NoAlert,A_STATUS,5.901
2026081429,a7c3a895-0c78-8ece-e0c6-6f1297bf3066,0,benign_status,0,NoAlert,A_STATUS,6.1
2026081429,5e65f6ab-dc09-7a81-fa30-bcf56ea4cf46,0,benign_status,0,NoAlert,A_STATUS,5.801
2026081429,66cdeb84-0a75-9db3-b422-3d19f86f48c7,1,bruteforce,0,NoAlert,A_AUTH_FAIL_SINGLE,8.1
2026081429,80027c4c-7c04-c1c2-51c1-482c25a920e6,1,bruteforce,0,NoAlert,A_AUTH_FAIL_SINGLE,7.601
2026081429,4c1ac10d-a09c-9a53-e75c-f80cf43c2e56,1,bruteforce,0,NoAlert,A_AUTH_FAIL_SINGLE,29.102
2026081429,dc3cb194-0f9b-68d6-2020-2d6ec3f545db,1,bruteforce,1,Violation,D_BRUTEFORCE,14.801
2026081429,9080abff-a68f-2ec9-dab6-eaf05db6571b,1,bruteforce,1,Violation,D_BRUTEFORCE,10.1
2026081429,90ad924f-ea58-6df8-2f3e-9f5b0288c770,0,benign_login,0,NoAlert,A_AUTH,6.7
2026081429,38aa5554-35c4-2ef2-99d4-bfc3dd08677f,0,benign_login,0,NoAlert,A_AUTH,6.3
2026081429,2bb7a22b-3f3a-5d6c-2c71-dcddeee3094a,0,benign_login,0,NoAlert,A_AUTH,9.7
2026081429,1a93aa2d-205e-a0ca-15aa-b7fce019ee0a,0,benign_status,0,NoAlert,A_STATUS,8.401
2026081429,1235bee2-a69f-40f8-be86-e4e38f5702e3,0,benign_login,0,NoAlert,A_AUTH,6.3
2026081429,fb290428-54af-4649-f8d9-c93749182f45,0,benign_login,0,NoAlert,A_AUTH,6.301
2026081429,57271fc6-59c0-cd41-e9d6-a9546a110775,0,benign_public,0,NoAlert,A_PUBLIC,6.0
2026081429,cd67087b-aa85-51f8-4424-290fa5e539b6,0,benign_status,0,NoAlert,A_STATUS,5.801
2026081429,b77f005a-f5e9-73fc-43d5-8cfd0e4b5fd0,0,benign_status,0,NoAlert,A_STATUS,6.0
2026081429,2e30dca3-f68c-d524-bfca-c2bfd9e0e756,0,benign_login,0,NoAlert,A_AUTH,5.9
2026081429,fd6655b3-b845-4c31-c704-29a2553f4d70,0,benign_public,0,NoAlert,A_PUBLIC,5.8
2026081429,13625859-4044-39a3-eb4e-e95cfe15514e,1,path_traversal,1,Violation,D_TRAVERSAL,6.2
2026081429,d2c671d2-4438-0cd2-e9a6-ca504906acbc,1,command_probe,1,Violation,D_COMMAND,6.001
2026081429,69c42564-bb77-a0ab-edbd-01abf2bddac9,0,benign_public,0,NoAlert,A_PUBLIC,6.1
2026081429,e65ad9c9-4117-b5aa-247c-7fdc631cd08e,0,benign_status,0,NoAlert,A_STATUS,6.001
2026081429,6a2ec090-58e2-07c5-3fe0-79927866f33f,0,benign_login,0,NoAlert,A_AUTH,5.9
2026081429,feb73de6-7fcf-f2b6-a50e-0df400d71d03,1,path_traversal,1,Violation,D_TRAVERSAL,6.201
2026081429,93145885-e4c3-6fdf-ba39-48e003213991,0,benign_status,0,NoAlert,A_STATUS,5.8
2026081429,e5f86c40-d6ca-3b90-a66c-32a79dae5b8f,0,benign_public,0,NoAlert,A_PUBLIC,5.9
2026081429,1ba6a321-2c81-3d55-4fed-c01baf2dfe4e,0,benign_login,0,NoAlert,A_AUTH,5.801
2026081429,faf1d1d3-7dcd-e0a2-41b3-954b0127327b,1,bruteforce,0,NoAlert,A_AUTH_FAIL_SINGLE,8.1
2026081429,5a789be6-f793-f0df-179b-a3860a90e4fe,1,bruteforce,0,NoAlert,A_AUTH_FAIL_SINGLE,7.801
2026081429,53b29a86-1403-1cca-bdc2-e7e25106c073,1,bruteforce,0,NoAlert,A_AUTH_FAIL_SINGLE,7.6
2026081429,172754e0-9ed6-525e-9354-be426e7983f2,1,bruteforce,1,Violation,D_BRUTEFORCE,9.0
2026081429,9e58fa3e-2bd1-7b54-9788-5938c7962199,1,bruteforce,1,Violation,D_BRUTEFORCE,8.901
2026081429,e8541a21-e208-1a6c-5749-a8345dc737e0,0,benign_login,0,NoAlert,A_AUTH,6.2
2026081429,4fcc0bc3-e7fd-c542-5e12-e35bcc63824e,0,benign_public,0,NoAlert,A_PUBLIC,5.901
2026081429,3ee97c59-9a9f-f6e7-7fc7-d382ca98d6e4,0,benign_status,0,NoAlert,A_STATUS,6.0
2026081429,1b28c50e-af73-6744-580b-e087e8072c71,0,benign_status,0,NoAlert,A_STATUS,5.9
2026081429,afa3ef7d-ce1c-e0b0-d4ad-c4e7a29d6280,0,benign_public,0,NoAlert,A_PUBLIC,5.9
2026081429,ea7cd54a-e6ed-3f4d-5059-2cd983e516df,0,benign_public,0,NoAlert,A_PUBLIC,5.9
2026081429,3eca522c-aefc-101a-70b9-1a19a58d8676,0,benign_status,0,NoAlert,A_STATUS,5.901
2026081429,809452f0-4b89-881e-1ca6-733608e6f506,1,command_probe,1,Violation,D_COMMAND,5.9
2026081429,f4f7cb18-081a-26ca-bd9a-5c13affd8ef7,0,benign_public,0,NoAlert,A_PUBLIC,5.801
2026081429,716401e6-14c5-8dd5-e45a-1082d3c552d8,0,benign_public,0,NoAlert,A_PUBLIC,5.8
2026081429,5f6cb968-8217-77f2-203a-11206632b9f1,0,benign_status,0,NoAlert,A_STATUS,5.8
2026081429,af12831b-bcf1-e557-aafb-9ef19a289544,0,benign_public,0,NoAlert,A_PUBLIC,5.901
2026081429,2c9b5dd7-1db0-d18e-e23f-5d08f8c2d5c2,0,benign_status,0,NoAlert,A_STATUS,5.9
2026081429,27fcbf73-b6b2-2413-fee9-d30b8fe50c2d,0,benign_public,0,NoAlert,A_PUBLIC,6.001
2026081429,12ee125d-2ee2-da9e-5acc-2298ce353b4b,0,benign_login,0,NoAlert,A_AUTH,6.0
2026081429,5a09e76c-a4ac-406e-49b0-a96d28e82385,0,benign_login,0,NoAlert,A_AUTH,5.901
2026081429,8d04721f-2adf-94b0-281e-1d52528d40a3,1,command_probe,1,Violation,D_COMMAND,5.9
2026081429,ad728f4d-3d86-8634-9376-1889cc487911,0,benign_login,0,NoAlert,A_AUTH,6.001
2026081429,beaf90a5-d96b-77e4-52bb-2d50aa4c0d26,0,benign_status,0,NoAlert,A_STATUS,5.8
2026081429,7a0d2d45-97d7-1364-ef68-b8eb5ae33bf8,0,benign_public,0,NoAlert,A_PUBLIC,6.1
2026081429,3bf7760b-8820-6226-ea80-f78794556b83,0,benign_login,0,NoAlert,A_AUTH,6.101
2026081429,99653794-c153-bf52-10bc-ff94a37a4fb4,0,benign_status,0,NoAlert,A_STATUS,6.1
2026081429,2a92954a-ae97-5d3a-98ce-8d03a4c8d7a2,0,benign_status,0,NoAlert,A_STATUS,5.801
2026081429,71a91b0c-859a-b11b-a790-1394c935f23e,0,benign_public,0,NoAlert,A_PUBLIC,6.0
2026081429,3a2669a6-0981-fe8b-c50f-a4df64c95890,0,benign_status,0,NoAlert,A_STATUS,5.901
2026081429,8b66630f-1c3a-1d41-190d-b906867eae42,0,benign_login,0,NoAlert,A_AUTH,5.9
2026081429,3a6c705b-77d1-75ee-43f1-d0186116cb13,0,benign_public,0,NoAlert,A_PUBLIC,6.1
2026081429,9c4fb03a-3d6a-2699-d1a1-d438a2ee7076,0,benign_status,0,NoAlert,A_STATUS,5.701
2026081429,dc7e0865-8a8d-4f82-0d9c-cc537b2fbbb5,0,benign_public,0,NoAlert,A_PUBLIC,5.8
2026081429,e42296d7-37a2-fc07-d1ba-4c90e3e36aaf,0,benign_status,0,NoAlert,A_STATUS,5.801
2026081429,8509f18b-bcfb-1de4-0c33-d9bdc92043c5,0,benign_public,0,NoAlert,A_PUBLIC,5.7
2026081429,26ee3b82-11c3-a1a8-7ccf-24f11cca606c,0,benign_status,0,NoAlert,A_STATUS,6.201
2026081429,b7bd44cc-0ff2-d886-281a-381be6b17716,0,benign_public,0,NoAlert,A_PUBLIC,5.8
2026081429,eab00977-61e2-94e5-b5c7-d087e6ccd275,0,benign_public,0,NoAlert,A_PUBLIC,6.1
2026081429,e5018fb8-8a46-d128-64d6-f05557cdb71f,0,benign_status,0,NoAlert,A_STATUS,5.701
2026081429,bc10494c-4490-d40f-aeb3-63c32d8058ec,0,benign_status,0,NoAlert,A_STATUS,9.3
2026081429,b6e04a49-086d-7647-7a6b-5f7c3bd31a30,1,path_traversal,1,Violation,D_TRAVERSAL,63.504
2026081429,53843927-d450-3421-5bf4-eaed74ae7682,0,benign_login,0,NoAlert,A_AUTH,21.401
2026081429,ee2fca4c-04c3-b43a-869a-126e934326bc,0,benign_public,0,NoAlert,A_PUBLIC,46.903
2026081429,698ce6a0-e529-5662-f109-027e2f641b53,1,path_traversal,1,Violation,D_TRAVERSAL,14.001
2026081429,3a01c0d9-b827-2b99-6ca3-4f0a08b0a724,0,benign_login,0,NoAlert,A_AUTH,10.9
2026081429,fda2e0b2-853d-221d-edd4-1fef50b33478,1,bruteforce,0,NoAlert,A_AUTH_FAIL_SINGLE,16.301
2026081429,c45071e0-97b2-36d0-2391-905cfd383d35,1,bruteforce,0,NoAlert,A_AUTH_FAIL_SINGLE,14.301
2026081429,c659c5f1-aa17-2b60-7fa6-7f1280fea809,1,bruteforce,0,NoAlert,A_AUTH_FAIL_SINGLE,13.401
2026081429,155dae22-6710-047d-e87b-e8d94b0921b5,1,bruteforce,1,Violation,D_BRUTEFORCE,15.801
2026081429,cdf1f84c-26fc-7fe3-08cd-490ca9b75d03,1,bruteforce,1,Violation,D_BRUTEFORCE,16.401
2026081430,a77a35bd-a6a8-9323-d711-77ec7be1a64f,0,benign_status,0,NoAlert,A_STATUS,21.601
2026081430,e0aa96e1-344c-5706-d639-ff05510de316,0,benign_status,0,NoAlert,A_STATUS,9.9
2026081430,71a7a21b-c48f-6d39-6ab5-150f61c5ff35,0,benign_public,0,NoAlert,A_PUBLIC,7.801
2026081430,afa95c84-d9d3-1b10-ed23-fe6f536e12a4,0,benign_login,0,NoAlert,A_AUTH,7.0
2026081430,adf77e05-fb45-e66e-c727-a19a24794d06,0,benign_status,0,NoAlert,A_STATUS,6.9
2026081430,707c8279-5959-7ec6-8bc4-5c4de6679d13,0,benign_public,0,NoAlert,A_PUBLIC,7.801
2026081430,be0357e9-aa7d-9617-073e-190aa8cee978,0,benign_public,0,NoAlert,A_PUBLIC,6.5
2026081430,3f24be97-6124-35de-6362-d834681a8098,0,benign_login,0,NoAlert,A_AUTH,6.4
2026081430,27f957a6-660e-7bf4-391c-e018b60a6596,0,benign_public,0,NoAlert,A_PUBLIC,6.0
2026081430,682ebe35-4558-752c-5e46-ad34d1c12ea4,1,command_probe,1,Violation,D_COMMAND,6.6
2026081430,6b50ee38-234c-38d6-88e3-e8f4837c2192,0,benign_public,0,NoAlert,A_PUBLIC,6.101
2026081430,fd992489-9e1f-6ddf-357f-1c75aeefed4f,0,benign_public,0,NoAlert,A_PUBLIC,6.3
2026081430,305c5a7a-0774-617e-8111-7e690c8b37ed,0,benign_login,0,NoAlert,A_AUTH,6.001
2026081430,0d28fb6b-02c5-281d-2199-dfbe10c4a49d,0,benign_public,0,NoAlert,A_PUBLIC,6.0
2026081430,fb588680-94fe-2e4b-b548-99b99d4bd2d1,0,benign_status,0,NoAlert,A_STATUS,6.001
2026081430,04b135ed-964c-4e1b-758a-5b154ab424a2,0,benign_public,0,NoAlert,A_PUBLIC,6.1
2026081430,dc5cfdc4-29f4-dd97-594d-34052ae2d6d5,0,benign_login,0,NoAlert,A_AUTH,6.1
2026081430,09e616a5-2fa9-1c62-2116-a3c6e5c935d6,0,benign_status,0,NoAlert,A_STATUS,6.1
2026081430,937c947c-36ae-0a79-45fe-e2442680ce54,0,benign_login,0,NoAlert,A_AUTH,6.1
2026081430,37f3986d-c421-4745-100a-1a0ac8317075,0,benign_login,0,NoAlert,A_AUTH,6.001
2026081430,75892214-8c9e-3279-8da6-07ecf89704f6,0,benign_login,0,NoAlert,A_AUTH,6.1
2026081430,504e23a8-2d01-630d-e849-d899fb2e9abc,0,benign_login,0,NoAlert,A_AUTH,6.101
2026081430,2290f36d-b1e6-dd8d-76ea-1ff7610638bd,1,bruteforce,0,NoAlert,A_AUTH_FAIL_SINGLE,10.5
2026081430,6ca923e6-147e-aec5-8b32-d9f43b4eccd9,1,bruteforce,0,NoAlert,A_AUTH_FAIL_SINGLE,80.806
2026081430,202f18bf-b346-0268-f3d2-a08178b97e7a,1,bruteforce,0,NoAlert,A_AUTH_FAIL_SINGLE,25.902
2026081430,786fb6c9-d4d9-0bde-6a7a-c3209087e14b,1,bruteforce,1,Violation,D_BRUTEFORCE,16.901
2026081430,7660ef1f-fa4a-7a53-b03f-ff41851e8113,1,bruteforce,1,Violation,D_BRUTEFORCE,18.001
2026081430,4c390b25-c802-96e6-de7b-4861b8d944ff,0,benign_status,0,NoAlert,A_STATUS,11.001
2026081430,34b05fb6-9c01-4bad-2345-837a4d5fed5c,0,benign_status,0,NoAlert,A_STATUS,9.701
2026081430,34dee631-d7bd-9d19-2469-3d55dad4c5bc,0,benign_login,0,NoAlert,A_AUTH,10.1
2026081430,20d984f7-f108-b0ac-ae60-a3d6487611a1,0,benign_login,0,NoAlert,A_AUTH,9.601
2026081430,9cb03bb7-e0ba-9e91-b16e-372e23f280a8,0,benign_public,0,NoAlert,A_PUBLIC,11.001
2026081430,a70885de-8f64-eb10-262d-f4643e0cd140,0,benign_status,0,NoAlert,A_STATUS,11.001
2026081430,75600f01-565b-1885-7ce4-afe27fb49093,0,benign_login,0,NoAlert,A_AUTH,11.1
2026081430,b18b20a9-7ce9-610f-a279-ec9408329781,0,benign_status,0,NoAlert,A_STATUS,11.6
2026081430,c8d26b32-31f9-bd5e-40ab-72eef8b0707e,0,benign_login,0,NoAlert,A_AUTH,10.601
2026081430,75c3101b-6830-17f6-a136-08a05f393bb8,0,benign_public,0,NoAlert,A_PUBLIC,11.301
2026081430,e7e2d6d8-0dcd-ad70-3360-ea46e890cb7a,1,bruteforce,0,NoAlert,A_AUTH_FAIL_SINGLE,15.201
2026081430,763eb434-6f92-bf9a-0fe4-76c1c03c69f0,1,bruteforce,0,NoAlert,A_AUTH_FAIL_SINGLE,14.501
2026081430,e00c0252-f976-56cd-eb07-cb16cf2fef0e,1,bruteforce,0,NoAlert,A_AUTH_FAIL_SINGLE,14.401
2026081430,28a5f1f5-288e-c79d-17f0-556d2cb7fa56,1,bruteforce,1,Violation,D_BRUTEFORCE,15.401
2026081430,d7b4bdf3-e802-b3ec-e29d-319d85321e76,1,bruteforce,1,Violation,D_BRUTEFORCE,13.701
2026081430,ee42cff9-7a76-55d5-bec2-263e113971ae,0,benign_login,0,NoAlert,A_AUTH,10.601
2026081430,6a48a70e-37d3-bf6c-0dea-b65a12d1c9b4,1,bruteforce,1,Violation,D_BRUTEFORCE,14.901
2026081430,d4bea363-d155-02bc-a4a3-5928280347ac,1,bruteforce,1,Violation,D_BRUTEFORCE,14.201
2026081430,d782deac-2055-0077-9af3-a1a232702060,1,bruteforce,1,Violation,D_BRUTEFORCE,12.901
2026081430,7399f3f6-8c89-9a56-53a6-b4ad20f5c429,1,bruteforce,1,Violation,D_BRUTEFORCE,13.001
2026081430,77f245cd-3529-c586-744c-aa2102857724,1,bruteforce,1,Violation,D_BRUTEFORCE,12.501
2026081430,26468634-7050-1df1-8b60-82f366fa3210,0,benign_login,0,NoAlert,A_AUTH,9.6
2026081430,107a23f0-363c-7ab8-d2f2-325973bfa3e1,0,benign_status,0,NoAlert,A_STATUS,8.901
2026081430,4b61bc92-d791-e447-6843-a51af5ce3a63,0,benign_public,0,NoAlert,A_PUBLIC,10.201
2026081430,f660d94a-ea81-5ef1-af30-2cef11ce0217,0,benign_status,0,NoAlert,A_STATUS,9.4
2026081430,ea6b1529-5183-c264-380e-92bfb8c1c504,0,benign_login,0,NoAlert,A_AUTH,9.6
2026081430,5fa3877d-137a-adcb-19b5-2bb309213913,0,benign_status,0,NoAlert,A_STATUS,10.901
2026081430,6f57d033-5220-daea-2eac-81845a9848a0,0,benign_status,0,NoAlert,A_STATUS,10.301
2026081430,10188fe2-9831-37c8-921f-77c5eee353a4,0,benign_login,0,NoAlert,A_AUTH,10.0
2026081430,108b30f2-0b64-230d-b8c2-5092e5cbc719,0,benign_status,0,NoAlert,A_STATUS,8.9
2026081430,b67add87-6627-664e-1f44-ad30a76deffb,0,benign_status,0,NoAlert,A_STATUS,9.101
2026081430,0f8f0171-f155-359a-26fd-ba850182adfa,0,benign_status,0,NoAlert,A_STATUS,10.701
2026081430,d7d07ba3-ee4d-7777-4a12-f75f0bf298ea,1,bruteforce,0,NoAlert,A_AUTH_FAIL_SINGLE,14.301
2026081430,0f99b680-51e0-81e2-1220-2623676d0e4a,1,bruteforce,0,NoAlert,A_AUTH_FAIL_SINGLE,13.801
2026081430,1ffda29b-5e58-b8a2-7009-929b0c6fb4d2,1,bruteforce,0,NoAlert,A_AUTH_FAIL_SINGLE,11.6
2026081430,0896e1f7-b0ed-db3c-bdd2-195d0974f960,1,bruteforce,1,Violation,D_BRUTEFORCE,9.2
2026081430,e9f3f2a0-eced-819f-f5eb-636bfcedaa15,1,bruteforce,1,Violation,D_BRUTEFORCE,8.501
2026081430,47998d0a-dce5-8038-786a-92c834189986,0,benign_public,0,NoAlert,A_PUBLIC,6.6
2026081430,275b28de-db16-d8c6-beb5-89974f649b13,0,benign_public,0,NoAlert,A_PUBLIC,6.601
2026081430,366e72a5-ad86-5bc7-690f-8523847cf5ce,0,benign_status,0,NoAlert,A_STATUS,6.4
2026081430,253ac6e0-68b4-ccd4-ba8f-35534d8686ce,0,benign_status,0,NoAlert,A_STATUS,6.101
2026081430,c72ffe1d-dded-f626-906d-d1c24e0227a5,0,benign_public,0,NoAlert,A_PUBLIC,6.0
2026081430,efc0726c-ba37-d252-1190-1273f6b06434,0,benign_login,0,NoAlert,A_AUTH,6.201
2026081430,85ce2319-b2d8-de9b-a177-365c69c5858c,1,command_probe,1,Violation,D_COMMAND,6.1
2026081430,55f7ce3f-8ba6-1041-024b-1185c5c4ab10,0,benign_status,0,NoAlert,A_STATUS,5.9
2026081430,bdf434d1-6552-2ee2-fcfc-18ca76013a1d,0,benign_login,0,NoAlert,A_AUTH,6.101
2026081430,e7b2d0b8-cfa3-acda-1124-b51341e43558,0,benign_status,0,NoAlert,A_STATUS,6.0
2026081430,e1488b65-c082-3e6e-5b83-1292af24b004,0,benign_public,0,NoAlert,A_PUBLIC,6.001
2026081430,e8fc7c07-edc4-f453-ac4d-e22aabc114e1,1,bruteforce,0,NoAlert,A_AUTH_FAIL_SINGLE,7.8
2026081430,5d0a0037-a502-c965-498b-3e4c3465c316,1,bruteforce,0,NoAlert,A_AUTH_FAIL_SINGLE,7.701
2026081430,de1bb47d-af02-9633-0567-9b232fbdbb71,1,bruteforce,0,NoAlert,A_AUTH_FAIL_SINGLE,7.701
2026081430,b62d9354-08dc-cf45-4bd3-47a7d59417f9,1,bruteforce,1,Violation,D_BRUTEFORCE,8.7
2026081430,1242d6ea-6377-458b-349c-a2da101ee529,1,bruteforce,1,Violation,D_BRUTEFORCE,8.601
2026081430,e528ae09-dfe8-bcd4-4281-e95e2ba14f45,0,benign_login,0,NoAlert,A_AUTH,6.2
2026081430,95ea14dd-90f1-9db4-43cb-3d1232fe0ce9,1,bruteforce,1,Violation,D_BRUTEFORCE,8.301
2026081430,b203fc6d-6293-0524-58aa-9ccae49f7c3c,1,bruteforce,1,Violation,D_BRUTEFORCE,13.701
2026081430,d5b4e8b5-52f5-6836-a2fb-40a87db7b9ea,1,bruteforce,1,Violation,D_BRUTEFORCE,25.901
2026081430,72ace53a-88e8-037c-7c25-656f1ec208f2,1,bruteforce,1,Violation,D_BRUTEFORCE,14.801
2026081430,ef86b35c-5dcf-a62c-6e71-5638e74f63e3,1,bruteforce,1,Violation,D_BRUTEFORCE,11.4
2026081430,fabf4d95-caa2-da91-841f-7fae29922227,0,benign_public,0,NoAlert,A_PUBLIC,8.801
2026081430,5cbbb508-3dfa-d35d-d43c-bd9af88cf855,0,benign_login,0,NoAlert,A_AUTH,8.901
2026081430,df3d984a-f1b7-0b9c-1c81-f3a6b91d034c,0,benign_status,0,NoAlert,A_STATUS,9.5
2026081430,fa87650d-79d5-0328-20ab-8de02d986bfa,0,benign_login,0,NoAlert,A_AUTH,10.501
2026081430,e8aa7daf-fac2-b305-a484-1bf8605636e7,0,benign_login,0,NoAlert,A_AUTH,7.701
2026081430,1faf730e-75d7-aae3-7ece-4960daf4837f,0,benign_public,0,NoAlert,A_PUBLIC,6.1
2026081430,3f1860c1-c65d-1188-c66b-b341489275f0,0,benign_status,0,NoAlert,A_STATUS,6.201
2026081430,afcd48eb-a40a-9109-9b6e-6b21ee3f6810,0,benign_public,0,NoAlert,A_PUBLIC,6.1
2026081430,fe6fd6c0-8c4d-d66b-3da1-f3952df6fc51,0,benign_login,0,NoAlert,A_AUTH,6.601
2026081430,d0f301bd-09af-e691-ef41-332b9028d6c8,0,benign_public,0,NoAlert,A_PUBLIC,6.0
2026081430,beabf9d6-c063-7800-99be-8295aef4b9ec,0,benign_public,0,NoAlert,A_PUBLIC,5.9
2026081430,073ad14e-1f0c-e017-10e6-b47526cb676a,1,bruteforce,0,NoAlert,A_AUTH_FAIL_SINGLE,8.1
2026081430,7ab5912f-1661-d8f0-451c-8224f0b3a563,1,bruteforce,0,NoAlert,A_AUTH_FAIL_SINGLE,8.101
2026081430,c4fe8ae9-1123-f018-f806-78fa5a609543,1,bruteforce,0,NoAlert,A_AUTH_FAIL_SINGLE,8.0
2026081430,3859012b-fb0d-d31e-30f9-e5856c442de7,1,bruteforce,1,Violation,D_BRUTEFORCE,8.901
2026081430,06eb11fa-9cc9-7dfe-83ef-8552dcc12a86,1,bruteforce,1,Violation,D_BRUTEFORCE,8.9
2026081430,9b43fef9-6aa2-4b98-c389-b51e9ec7b211,0,benign_login,0,NoAlert,A_AUTH,12.101
2026081430,39abc6db-4e9a-ad1c-d33c-bd52ba33b1a9,0,benign_status,0,NoAlert,A_STATUS,6.401
2026081430,b4a089f3-7f41-3bb2-98ec-918f33d025e7,0,benign_status,0,NoAlert,A_STATUS,39.002
2026081430,31e6e36f-471b-7b90-b03d-1a16783c3057,0,benign_login,0,NoAlert,A_AUTH,10.101
2026081430,1d90d3cb-560c-d9be-ee5a-f5a49c396925,0,benign_login,0,NoAlert,A_AUTH,7.201
2026081430,dc3f01b3-d0c4-c4ac-a6a5-65840ec04126,1,bruteforce,0,NoAlert,A_AUTH_FAIL_SINGLE,9.8
2026081430,38f96f30-83ef-6b4e-af86-12cd78c0ac9c,1,bruteforce,0,NoAlert,A_AUTH_FAIL_SINGLE,8.301
2026081430,eae33976-fad0-121d-dfff-15924ff8294e,1,bruteforce,0,NoAlert,A_AUTH_FAIL_SINGLE,8.601
2026081430,2febf51a-bd00-c131-d0b9-ca683f99e8a0,1,bruteforce,1,Violation,D_BRUTEFORCE,9.1
2026081430,d7468d06-6f17-dc63-2191-616587d8edb4,1,bruteforce,1,Violation,D_BRUTEFORCE,9.501
2026081430,b403ae6e-dca5-eb10-3bf7-6e2a73974913,0,benign_status,0,NoAlert,A_STATUS,6.6
2026081430,6db93eb3-6a3b-a15d-0625-7e56738c7ad0,0,benign_login,0,NoAlert,A_AUTH,6.1
2026081430,75a0e89f-f9a1-b192-3d12-9b6f819b09f4,0,benign_status,0,NoAlert,A_STATUS,6.1
2026081430,113959b6-2bcd-0ed4-450f-7a0e7fed822b,0,benign_public,0,NoAlert,A_PUBLIC,6.001
2026081430,e6c2e284-3ac9-d041-8714-ed2bfeae7c62,0,benign_public,0,NoAlert,A_PUBLIC,6.1
2026081430,b0ebce02-debf-8fef-2491-da276cc7b6d7,0,benign_status,0,NoAlert,A_STATUS,5.901
2026081430,cbe15fe7-7b69-4f2b-2070-50aad39560dc,0,benign_status,0,NoAlert,A_STATUS,6.0
2026081430,baf44050-faa5-7b76-b982-9fd4177d1010,0,benign_status,0,NoAlert,A_STATUS,6.001
2026081430,0a60ee9d-7b65-a494-3adb-c288fdcb5016,0,benign_login,0,NoAlert,A_AUTH,6.2
2026081430,0a2d3f32-c784-b12c-d81e-b1a379d79f87,1,bruteforce,0,NoAlert,A_AUTH_FAIL_SINGLE,8.201
2026081430,0e06c112-06da-4178-b4ca-cf217327ddb9,1,bruteforce,0,NoAlert,A_AUTH_FAIL_SINGLE,8.7
2026081430,5f5adf92-daa3-3d27-3929-a1b48f328392,1,bruteforce,0,NoAlert,A_AUTH_FAIL_SINGLE,8.201
2026081430,9e56ce7c-7550-0083-962d-edf4b4a98935,1,bruteforce,1,Violation,D_BRUTEFORCE,8.5
2026081430,84754e40-f76f-93f4-4bef-46be635639f4,1,bruteforce,1,Violation,D_BRUTEFORCE,8.601
2026081430,b0b18c55-3f67-6acd-3086-cbfddee0165d,0,benign_login,0,NoAlert,A_AUTH,6.1
2026081430,4a811b02-9d7d-b7c5-e2ac-4de40707c976,0,benign_public,0,NoAlert,A_PUBLIC,6.1
2026081430,6744cd40-47d9-4c4d-67e7-e724fc40cf5a,0,benign_public,0,NoAlert,A_PUBLIC,6.1
2026081430,96d4d66e-c732-c246-7b2d-a90f0e7b9283,0,benign_login,0,NoAlert,A_AUTH,6.201
2026081430,656968a6-6ec4-7f87-e6fb-bc47d28543d6,0,benign_public,0,NoAlert,A_PUBLIC,6.3
2026081430,143104b8-ded6-481a-443c-475e25a32bd2,0,benign_status,0,NoAlert,A_STATUS,6.701
2026081430,dd48e07b-f395-f28b-170b-4bfb73d39556,0,benign_login,0,NoAlert,A_AUTH,6.0
2026081430,ad6b3315-e6ef-87dd-76ed-abcddd0d592d,0,benign_status,0,NoAlert,A_STATUS,42.403
2026081430,342eee96-2abf-6a4d-5875-a1f1f615ca11,0,benign_status,0,NoAlert,A_STATUS,11.901
2026081430,108381ed-3b73-8b65-a635-b09422a1ce0e,0,benign_status,0,NoAlert,A_STATUS,7.3
2026081430,6f504f1e-46f6-8bc9-7b94-41a900eb7726,0,benign_status,0,NoAlert,A_STATUS,6.6
2026081430,ad7c3ec7-c958-4895-983f-1804a3619e1e,0,benign_login,0,NoAlert,A_AUTH,6.9
2026081430,76986ad5-3889-2d02-22d6-74be66fd410a,0,benign_login,0,NoAlert,A_AUTH,6.6
2026081430,b57aafc7-79ce-4b98-0ef8-092e907a5472,0,benign_public,0,NoAlert,A_PUBLIC,6.2
2026081430,a8f66be8-4c8b-2f27-ddd9-523806539f0b,0,benign_status,0,NoAlert,A_STATUS,6.701
2026081430,58d5f219-ceef-8652-0b62-cf4440199d80,0,benign_public,0,NoAlert,A_PUBLIC,6.7
2026081430,f2facb06-6e82-e59c-713b-e43ad9d90988,0,benign_login,0,NoAlert,A_AUTH,6.101
2026081430,997403bf-63e2-2bd2-f24c-eaed70ee373e,0,benign_login,0,NoAlert,A_AUTH,6.8
2026081430,17da8166-f7ca-edd1-494f-840845fd91b7,0,benign_login,0,NoAlert,A_AUTH,6.101
2026081430,7112477b-ae95-8158-5eda-dfad06d3ff7a,1,path_traversal,1,Violation,D_TRAVERSAL,7.1
2026081430,d965cc84-4e08-ff43-c9b0-c4ad8511ebe6,0,benign_status,0,NoAlert,A_STATUS,6.201
2026081430,81986d0d-b0e7-0977-7723-e823ecff735f,0,benign_public,0,NoAlert,A_PUBLIC,6.8
2026081430,5b6cb275-a5eb-e5d9-2de8-39b9d5e24256,0,benign_login,0,NoAlert,A_AUTH,6.501
2026081430,3a3ad484-7d2d-462e-530a-14389ab12727,0,benign_status,0,NoAlert,A_STATUS,6.5
2026081430,c649632d-e924-911a-ee01-a80711df22de,0,benign_login,0,NoAlert,A_AUTH,6.401
2026081430,afa7402b-f07b-0ae3-7c1f-8582b08babf0,0,benign_public,0,NoAlert,A_PUBLIC,6.5
2026081430,cdf6b5ea-3454-4951-2fcd-ff07c384f095,0,benign_login,0,NoAlert,A_AUTH,6.501
2026081430,3ec75b89-5029-e722-d450-8c1ef03e9d1f,0,benign_login,0,NoAlert,A_AUTH,6.9
2026081430,45094452-aa6a-767e-4ae0-5ad4846e1273,0,benign_public,0,NoAlert,A_PUBLIC,6.301
2026081430,383ac80f-f36a-ef63-a3b2-a186686f6b90,0,benign_login,0,NoAlert,A_AUTH,6.2
2026081430,c9f85a1f-262a-7669-9dce-569a7a7b2631,0,benign_status,0,NoAlert,A_STATUS,6.601
2026081430,8531617f-9b7a-2536-fa53-34da3ccaae22,1,path_traversal,1,Violation,D_TRAVERSAL,6.4
2026081430,53438cfc-4fef-aec6-5558-36cc4177838c,1,bruteforce,0,NoAlert,A_AUTH_FAIL_SINGLE,10.701
2026081430,9bff36e8-2e84-8530-1bfe-304cd1862133,1,bruteforce,0,NoAlert,A_AUTH_FAIL_SINGLE,8.601
2026081430,c2b113c9-e3c3-bdfb-29fd-9c8d4bd2edd6,1,bruteforce,0,NoAlert,A_AUTH_FAIL_SINGLE,8.5
2026081430,0b6e21b4-657a-67f5-25c4-0acf6ec4b937,1,bruteforce,1,Violation,D_BRUTEFORCE,21.002
2026081430,7e6816b8-8f3f-0ea4-a037-09c25a9be86a,1,bruteforce,1,Violation,D_BRUTEFORCE,14.801
2026081430,446f4a97-ed25-fafb-9d3d-315a2dfdae2e,0,benign_login,0,NoAlert,A_AUTH,12.001
2026081430,9f0513d6-41c4-971a-b9e0-0d850e108e43,0,benign_status,0,NoAlert,A_STATUS,11.9
2026081430,e40826ad-0462-e4da-9127-e2ca82553054,0,benign_status,0,NoAlert,A_STATUS,11.1
2026081430,c66da18a-0d47-0a91-e729-9beb3c16447e,0,benign_status,0,NoAlert,A_STATUS,10.101
2026081430,496158c7-f2c0-af9e-e194-5595f44a9131,0,benign_login,0,NoAlert,A_AUTH,117.708
2026081430,306b9de8-047a-7649-a041-0a597cd69c8c,0,benign_login,0,NoAlert,A_AUTH,10.5
2026081430,350ab237-f0aa-2438-396e-2d256f1e7f27,0,benign_status,0,NoAlert,A_STATUS,40.902
2026081430,eae6646e-9b4e-eedd-a5b6-fa176534a18c,0,benign_login,0,NoAlert,A_AUTH,30.202
2026081430,728a3065-bb1b-5d59-e9fb-5e8d5d549245,0,benign_status,0,NoAlert,A_STATUS,7.001
2026081430,516a4ed0-e071-e897-00f1-1762df66879b,0,benign_status,0,NoAlert,A_STATUS,6.3
2026081430,0f311c38-a9c0-e5e4-dd4a-086de9914695,0,benign_status,0,NoAlert,A_STATUS,6.501
2026081430,8f55ffa8-9cc8-034c-927c-b66a42e69a74,0,benign_login,0,NoAlert,A_AUTH,6.1
2026081430,1d319763-7d8d-9040-a1c7-0d1a45a9d7d0,0,benign_status,0,NoAlert,A_STATUS,6.201
2026081430,0155657a-2cd7-5b82-3261-7cb99ceb5869,0,benign_public,0,NoAlert,A_PUBLIC,35.902
2026081430,a3188305-951f-ecfc-8890-8453d1cd4376,0,benign_status,0,NoAlert,A_STATUS,13.201
2026081430,077e4855-c081-b6ed-b335-874ce268a697,0,benign_login,0,NoAlert,A_AUTH,8.401
2026081430,3fe948d3-25cc-1eef-cd50-40d22dd39a3f,1,bruteforce,0,NoAlert,A_AUTH_FAIL_SINGLE,10.4
2026081430,870b19e2-1c3b-c7a5-af76-f7d4b73d9627,1,bruteforce,0,NoAlert,A_AUTH_FAIL_SINGLE,14.9
2026081430,894d2d93-29a8-0592-18ae-410bae17ffb1,1,bruteforce,0,NoAlert,A_AUTH_FAIL_SINGLE,8.2
2026081430,988d34cc-acab-ce98-8abc-a87b0b93a27c,1,bruteforce,1,Violation,D_BRUTEFORCE,9.501
2026081430,eccd5899-a70e-191f-cc00-a466bf0551d8,1,bruteforce,1,Violation,D_BRUTEFORCE,8.7
2026081430,b8753541-ebdd-80de-03fa-6895a54269f5,0,benign_status,0,NoAlert,A_STATUS,6.301
2026081430,d3f40702-1aeb-7f61-ba27-62b26ad598b2,0,benign_status,0,NoAlert,A_STATUS,54.803
2026081430,4fe81f61-a13d-edfd-cb2e-3812d309773e,0,benign_status,0,NoAlert,A_STATUS,76.605
2026081430,9e041d87-bfcd-0d50-0fe3-7a7c35eaef6e,0,benign_status,0,NoAlert,A_STATUS,10.5
2026081430,ea063c7d-e8cf-689a-0c31-2f747bc8724c,0,benign_login,0,NoAlert,A_AUTH,7.101
2026081430,9fbf9976-7bb1-6503-cb70-4d0ca85228f8,0,benign_login,0,NoAlert,A_AUTH,6.1
2026081430,6744c569-ea35-b454-0073-dab926cede91,0,benign_public,0,NoAlert,A_PUBLIC,6.501
2026081430,4dbb1239-d991-d6b0-a0c6-6fbf36b8e489,0,benign_status,0,NoAlert,A_STATUS,6.2
2026081430,6ac010e1-4486-6518-b767-3b498714e277,0,benign_public,0,NoAlert,A_PUBLIC,6.101
2026081430,2b11d256-bd42-ac20-c9cb-14e1607de098,1,bruteforce,0,NoAlert,A_AUTH_FAIL_SINGLE,9.0
2026081430,f2c6d6f5-1936-1362-b856-0aeae7c24fcb,1,bruteforce,0,NoAlert,A_AUTH_FAIL_SINGLE,8.101
2026081430,340ffb29-2943-df43-8438-4a6112ee27cb,1,bruteforce,0,NoAlert,A_AUTH_FAIL_SINGLE,8.0
2026081430,c6c7b045-6465-472c-7535-cbcae86082a0,1,bruteforce,1,Violation,D_BRUTEFORCE,8.801
2026081430,84bef8dd-74a7-77cb-e5fd-0c6d635ade36,1,bruteforce,1,Violation,D_BRUTEFORCE,8.901
2026081430,233cfb32-e8ad-5cef-4ff7-284800298224,0,benign_public,0,NoAlert,A_PUBLIC,6.3
2026081430,ac30af99-88c5-d08b-60f9-961cbf09d135,1,path_traversal,1,Violation,D_TRAVERSAL,6.801
2026081430,c57f7e6c-8cb3-32a8-e2e6-8935115180a5,0,benign_login,0,NoAlert,A_AUTH,6.7
2026081430,4513ef6d-2067-d1e6-523d-edce253fb744,0,benign_login,0,NoAlert,A_AUTH,6.201
2026081430,80cd749e-a363-ba65-bd5b-96847bce536c,0,benign_login,0,NoAlert,A_AUTH,14.301
2026081430,7861d0c1-f451-8ca2-3358-ced9aeb3727a,0,benign_login,0,NoAlert,A_AUTH,8.501
2026081430,b7b7f698-3f1d-2069-8b3d-aee99c95a7b4,0,benign_public,0,NoAlert,A_PUBLIC,7.5
2026081430,f27ec173-e428-9a09-b439-b777f206ee9e,0,benign_status,0,NoAlert,A_STATUS,6.5
2026081430,1cc513d6-43af-fc2d-74bb-21752e98cd20,0,benign_public,0,NoAlert,A_PUBLIC,6.2
2026081430,297060dd-afda-4007-8813-6213d1211d49,0,benign_login,0,NoAlert,A_AUTH,6.101
2026081430,eab99d0f-c66a-090a-96e6-592ecae60f61,1,bruteforce,0,NoAlert,A_AUTH_FAIL_SINGLE,8.8
2026081430,3de93ebc-91ca-94ed-a0a1-139dd0329798,1,bruteforce,0,NoAlert,A_AUTH_FAIL_SINGLE,8.1
2026081430,682253af-abde-ed17-e80c-912820515ecc,1,bruteforce,0,NoAlert,A_AUTH_FAIL_SINGLE,8.501
2026081430,505e7add-87dd-611a-400d-1d18ecf4749e,1,bruteforce,1,Violation,D_BRUTEFORCE,8.9
2026081430,ad5db882-505d-c67b-fbb6-00f9390b4d09,1,bruteforce,1,Violation,D_BRUTEFORCE,8.601
2026081430,aa4b9e95-02dc-2f2a-6cca-eaed3805d0a0,0,benign_login,0,NoAlert,A_AUTH,6.1
2026081430,940223cf-3693-31f6-3ef3-31fdc4cafce8,0,benign_public,0,NoAlert,A_PUBLIC,5.901
2026081430,86f3d615-638b-5ea4-6723-7d6cb25e173a,0,benign_public,0,NoAlert,A_PUBLIC,5.9
2026081430,a9c9534d-0e3d-9975-de14-fdd0e4ff0c97,0,benign_status,0,NoAlert,A_STATUS,5.901
2026081430,0014f111-5963-b9f8-a839-7040ed84f347,0,benign_status,0,NoAlert,A_STATUS,54.303
2026081430,f808144e-e542-39ae-195d-67d09b6b3f1e,0,benign_status,0,NoAlert,A_STATUS,12.601
2026081430,de04007c-5399-c86f-6492-ef06296bbf1a,1,admin_probe,1,Violation,D_ADMIN,10.401
2026081430,77bfc025-5f57-2268-49f4-f14a0f269ffa,0,benign_public,0,NoAlert,A_PUBLIC,7.1
2026081430,afc988f5-9edb-6ab8-357a-df4b1e7edc27,0,benign_public,0,NoAlert,A_PUBLIC,6.7
2026081430,a88c69af-f1bc-d4f7-3fc5-519fd2c4c4c2,0,benign_status,0,NoAlert,A_STATUS,6.301
2026081430,03f1e491-70ce-6739-5ca6-cc64545ebd60,0,benign_login,0,NoAlert,A_AUTH,6.2
2026081430,ac669eed-5ecf-5213-309d-b8b4104ec9e0,0,benign_login,0,NoAlert,A_AUTH,6.001
2026081430,fc20016c-3cc8-b653-2248-03990e36c1d0,0,benign_login,0,NoAlert,A_AUTH,6.3
2026081430,6d9da237-eb46-6244-7e61-4f4916302519,0,benign_status,0,NoAlert,A_STATUS,24.602
2026081430,5c07b11f-9ce9-b30b-74b9-eb63524e8824,0,benign_login,0,NoAlert,A_AUTH,6.1
2026081430,7b7c4e1f-9f1b-bc59-cab6-128f014ded0e,0,benign_login,0,NoAlert,A_AUTH,6.401
2026081430,1778e145-b467-8321-4cbd-7460d5710336,1,command_probe,1,Violation,D_COMMAND,70.204
2026081430,06062202-2c0d-9cbf-038e-e8b87a021048,0,benign_public,0,NoAlert,A_PUBLIC,13.201
2026081430,3839f896-2d81-e54d-ae5a-532e399c9262,0,benign_status,0,NoAlert,A_STATUS,8.601
2026081430,eccb0d80-4fc2-4850-f75c-c4e925ac2e8b,0,benign_status,0,NoAlert,A_STATUS,7.3
2026081430,09c976f1-54df-5147-83f0-5e5911b8c482,0,benign_status,0,NoAlert,A_STATUS,16.001
2026081430,e6951dc4-dc91-d166-9360-9e4a0adfdc07,1,bruteforce,0,NoAlert,A_AUTH_FAIL_SINGLE,11.301
2026081430,eda620f6-e4ac-dbf6-b8a8-ab987019e205,1,bruteforce,0,NoAlert,A_AUTH_FAIL_SINGLE,8.9
2026081430,cb80d1c5-4fbc-c1b3-2d85-69836a2a717e,1,bruteforce,0,NoAlert,A_AUTH_FAIL_SINGLE,8.201
2026081430,37619dea-51b3-53ab-5ef9-7e58bbb487e2,1,bruteforce,1,Violation,D_BRUTEFORCE,9.701
2026081430,8bd130d0-4ed5-9679-e2fe-4f9443b2d6da,1,bruteforce,1,Violation,D_BRUTEFORCE,9.2
2026081430,9bb6a986-f7df-7a1c-aa97-b5d81a1d6a58,0,benign_status,0,NoAlert,A_STATUS,6.301
2026081430,30a2ddb7-35bf-9e63-9229-3cae4a110d00,0,benign_status,0,NoAlert,A_STATUS,6.3
2026081430,0fa3b742-82b9-0196-603a-797668911f40,1,bruteforce,0,NoAlert,A_AUTH_FAIL_SINGLE,7.801
2026081430,c653470c-8816-5d10-2555-051aeb54cf41,1,bruteforce,0,NoAlert,A_AUTH_FAIL_SINGLE,7.8
2026081430,436dc45f-c38c-cc0d-0b9f-962856fefc4c,1,bruteforce,0,NoAlert,A_AUTH_FAIL_SINGLE,7.701
2026081430,94288715-023c-c2ee-32af-b95bdcfeafa8,1,bruteforce,1,Violation,D_BRUTEFORCE,8.7
2026081430,e9ffb13f-590d-e27f-7a3b-b55fae89ab9d,1,bruteforce,1,Violation,D_BRUTEFORCE,8.501
2026081430,2b5cec59-4983-f019-d25e-014d4d378274,0,benign_status,0,NoAlert,A_STATUS,6.4
2026081430,e860b510-f4dc-3a91-48e3-d58163ee26bb,0,benign_public,0,NoAlert,A_PUBLIC,6.3
2026081430,67a4096d-763e-c445-1d77-a00d7d22baf4,0,benign_login,0,NoAlert,A_AUTH,6.4
2026081430,a163a347-5962-065d-ec95-40983e8d310d,0,benign_public,0,NoAlert,A_PUBLIC,6.001
2026081430,0c6d5af2-f76c-74a5-29bb-4e0c79a6803e,0,benign_login,0,NoAlert,A_AUTH,6.0
2026081430,3aeda228-4340-c3eb-155f-2228f832307b,0,benign_public,0,NoAlert,A_PUBLIC,5.801
2026081430,a7a48278-127b-50f8-c77f-f373d28107a5,1,bruteforce,0,NoAlert,A_AUTH_FAIL_SINGLE,8.1
2026081430,1190eb04-e296-5e5f-9440-f2b7f2e2201b,1,bruteforce,0,NoAlert,A_AUTH_FAIL_SINGLE,8.001
2026081430,304ce62b-3692-15e1-0257-3553acc5bed4,1,bruteforce,0,NoAlert,A_AUTH_FAIL_SINGLE,7.9
2026081430,81fb8ce5-8c45-3ff1-b2f8-28716bccfcc3,1,bruteforce,1,Violation,D_BRUTEFORCE,8.701
2026081430,0e4584ca-5009-d3e3-f866-9e69f751c9dc,1,bruteforce,1,Violation,D_BRUTEFORCE,8.801
2026081430,f6f890d3-1cb4-5d3e-5015-2ac4126f20ff,0,benign_public,0,NoAlert,A_PUBLIC,6.4
2026081430,ae683745-6855-dd85-c2f7-3f126194396b,0,benign_public,0,NoAlert,A_PUBLIC,5.901
2026081430,6a7744ab-056b-87a3-00f6-88e2c7ef0ea9,0,benign_public,0,NoAlert,A_PUBLIC,5.9
2026081430,aeb0f1c9-34d3-551d-4259-48c53bead37f,0,benign_public,0,NoAlert,A_PUBLIC,28.602
2026081430,57fa7147-3b1f-6bab-f024-28c0d0455526,1,path_traversal,1,Violation,D_TRAVERSAL,11.301
2026081430,44cdf018-4a5e-ca7c-98e5-d02c37075afe,0,benign_public,0,NoAlert,A_PUBLIC,8.0
2026081430,35eb9c3d-872a-46c1-d31f-3449cafc902e,0,benign_public,0,NoAlert,A_PUBLIC,6.801
2026081430,2508ea55-6959-7ec2-d81a-f2a097a8c1b7,0,benign_status,0,NoAlert,A_STATUS,6.4
2026081430,7844a838-8c06-4d7f-4f5e-c1b5b292b1fe,1,command_probe,1,Violation,D_COMMAND,6.301
2026081430,391787fe-dbb5-b097-6a92-5918880d9266,1,admin_probe,1,Violation,D_ADMIN,7.4
2026081430,9ad214e0-ec57-ee87-c0a4-99be7c2cd362,0,benign_status,0,NoAlert,A_STATUS,6.301
2026081430,26b4ab12-c8cb-1ac5-45ad-39296a241eaf,0,benign_status,0,NoAlert,A_STATUS,6.3
2026081430,f576e508-c6c0-bb8d-c185-89feea1e21d6,0,benign_status,0,NoAlert,A_STATUS,6.201
2026081430,77267abe-6543-0252-0b20-02af01f8fe52,0,benign_status,0,NoAlert,A_STATUS,6.1
2026081430,456d9868-28d8-24c1-04b8-569f94bf4bb6,1,bruteforce,0,NoAlert,A_AUTH_FAIL_SINGLE,9.401
2026081430,b330564a-40fb-b488-8505-55bb30bf0343,1,bruteforce,0,NoAlert,A_AUTH_FAIL_SINGLE,8.5
2026081430,52fca7b1-6c9f-f304-3206-f52ebbb3c241,1,bruteforce,0,NoAlert,A_AUTH_FAIL_SINGLE,8.2
2026081430,ed309b4a-ee57-0a62-7961-4e1bcc883383,1,bruteforce,1,Violation,D_BRUTEFORCE,8.901
2026081430,4024c404-6a3a-9241-8c5e-c633fccdd405,1,bruteforce,1,Violation,D_BRUTEFORCE,8.8
2026081430,e415e9fd-3e7d-54f6-8914-d0a6d195c8b2,0,benign_login,0,NoAlert,A_AUTH,6.201
2026081430,28da4e87-d713-e43e-0156-59f1a00a8d4f,0,benign_status,0,NoAlert,A_STATUS,6.2
2026081430,df2d92fd-eac2-9d1a-1dd5-9044cb847185,0,benign_public,0,NoAlert,A_PUBLIC,6.501
2026081430,632dea40-4615-cc76-bad2-389f5bb98e2e,0,benign_public,0,NoAlert,A_PUBLIC,6.7
2026081430,11c4227f-8701-9736-e6f9-c6c47bce9d26,0,benign_login,0,NoAlert,A_AUTH,6.001
2026081430,efab2b37-bd7c-50e4-5009-af82ee2df2d6,0,benign_public,0,NoAlert,A_PUBLIC,6.5
2026081430,f0948f1d-3933-6c62-0566-5f66cea4f7de,0,benign_login,0,NoAlert,A_AUTH,6.701
2026081430,75abc4b5-5547-f1e8-4ed2-e67d1877d457,0,benign_public,0,NoAlert,A_PUBLIC,6.5
2026081430,d16cf006-ca4b-ab80-99cb-971eda9bf830,0,benign_status,0,NoAlert,A_STATUS,6.201
2026081430,a27d0ba8-b540-ffd5-f874-6ec2089b0540,0,benign_status,0,NoAlert,A_STATUS,6.1
2026081430,0f3595a0-1319-4a7f-f582-09c688e222ad,1,path_traversal,1,Violation,D_TRAVERSAL,6.3
2026081430,5aeb4f4b-83ea-f410-2dcc-49b91c5dfd3a,0,benign_status,0,NoAlert,A_STATUS,5.901
2026081430,6f7aa232-d578-2040-45e9-525ce68a89a5,0,benign_login,0,NoAlert,A_AUTH,6.5
2026081430,bb41eae3-21ba-2673-8d97-5474d418e88d,1,bruteforce,0,NoAlert,A_AUTH_FAIL_SINGLE,8.401
2026081430,23c09731-8063-3377-2eaa-09933a64024a,1,bruteforce,0,NoAlert,A_AUTH_FAIL_SINGLE,8.301
2026081430,474329a7-d6b8-5ef3-f196-1d7b31d5394d,1,bruteforce,0,NoAlert,A_AUTH_FAIL_SINGLE,7.9
2026081430,210fcdb2-5b93-440b-d107-ec9c750512e5,1,bruteforce,1,Violation,D_BRUTEFORCE,8.801
2026081430,51a7ec4e-05ba-eedc-4c1a-af9a3f20a441,1,bruteforce,1,Violation,D_BRUTEFORCE,8.7
2026081430,c16b65ae-374c-b38a-0a8c-96e6fcf14155,1,bruteforce,1,Violation,D_BRUTEFORCE,8.801
2026081430,c5874d2d-33df-1f0f-f096-6b01874dc163,1,bruteforce,1,Violation,D_BRUTEFORCE,8.801
2026081430,b6f15367-c5c3-6afb-bd09-aa1acb81bed0,1,bruteforce,1,Violation,D_BRUTEFORCE,8.7
2026081430,97c974eb-6ac7-cdca-0262-9abd525d5805,1,bruteforce,1,Violation,D_BRUTEFORCE,8.501
2026081430,71500f21-f5f6-9564-fc6c-6c59f1b32d35,1,bruteforce,1,Violation,D_BRUTEFORCE,8.4
2026081430,c32a0635-6fba-b337-a358-ef13020c21f7,0,benign_status,0,NoAlert,A_STATUS,6.301
