seed,sid,signature_id,signature,timestamp,url
2026081401,216d1931-1e7c-ee3f-11f3-1fe00060c638,9100004,PROJECTA BRUTE FORCE THRESHOLD,2026-08-15T12:34:47.805933+0000,/login?ok=0&sid=216d1931-1e7c-ee3f-11f3-1fe00060c638
2026081401,2407c035-b3b8-2aa3-e89e-0f9e26361d74,9100004,PROJECTA BRUTE FORCE THRESHOLD,2026-08-15T12:34:47.948695+0000,/login?ok=0&sid=2407c035-b3b8-2aa3-e89e-0f9e26361d74
2026081401,26675da2-9ca6-1bf6-4dd3-769bfed7d996,9100004,PROJECTA BRUTE FORCE THRESHOLD,2026-08-15T12:34:47.852490+0000,/login?ok=0&sid=26675da2-9ca6-1bf6-4dd3-769bfed7d996
2026081401,bf4c3538-69d4-cb08-12d1-c231daf6322b,9100004,PROJECTA BRUTE FORCE THRESHOLD,2026-08-15T12:34:47.970485+0000,/login?ok=0&sid=bf4c3538-69d4-cb08-12d1-c231daf6322b
2026081401,9dad4c9a-d54e-c4ed-72c9-17f83180a6e3,9100004,PROJECTA BRUTE FORCE THRESHOLD,2026-08-15T12:34:47.929450+0000,/login?ok=0&sid=9dad4c9a-d54e-c4ed-72c9-17f83180a6e3
2026081401,a1386286-cc41-b95d-75b0-9c65b201cd43,9100002,PROJECTA PATH TRAVERSAL,2026-08-15T12:34:47.863902+0000,/%2e%2e/%2e%2e/etc/passwd?sid=a1386286-cc41-b95d-75b0-9c65b201cd43
2026081401,9777e7a1-642e-62ee-3412-ac35a3c1f0ef,9100004,PROJECTA BRUTE FORCE THRESHOLD,2026-08-15T12:34:48.172264+0000,/login?ok=0&sid=9777e7a1-642e-62ee-3412-ac35a3c1f0ef
2026081401,ac25a983-ccfb-726c-0a1f-eb2f7151a611,9100004,PROJECTA BRUTE FORCE THRESHOLD,2026-08-15T12:34:48.042434+0000,/login?ok=0&sid=ac25a983-ccfb-726c-0a1f-eb2f7151a611
2026081401,a0b91940-22f6-c13c-08a7-6e82ad63b75a,9100004,PROJECTA BRUTE FORCE THRESHOLD,2026-08-15T12:34:48.055599+0000,/login?ok=0&sid=a0b91940-22f6-c13c-08a7-6e82ad63b75a
2026081401,076f740a-5700-0cb2-3bf7-8bd741d9329e,9100004,PROJECTA BRUTE FORCE THRESHOLD,2026-08-15T12:34:47.821838+0000,/login?ok=0&sid=076f740a-5700-0cb2-3bf7-8bd741d9329e
2026081401,def99d98-3812-826d-cd88-5ced11767c33,9100004,PROJECTA BRUTE FORCE THRESHOLD,2026-08-15T12:34:48.076311+0000,/login?ok=0&sid=def99d98-3812-826d-cd88-5ced11767c33
2026081401,2e20ac21-bc2f-4337-aa5a-926ead285f35,9100004,PROJECTA BRUTE FORCE THRESHOLD,2026-08-15T12:34:48.636752+0000,/login?ok=0&sid=2e20ac21-bc2f-4337-aa5a-926ead285f35
2026081401,eba9d7e6-7e60-c76d-8b84-bdf31100b0be,9100004,PROJECTA BRUTE FORCE THRESHOLD,2026-08-15T12:34:48.389297+0000,/login?ok=0&sid=eba9d7e6-7e60-c76d-8b84-bdf31100b0be
2026081401,8aadced6-82f8-8e59-35a6-7e13792c4a36,9100004,PROJECTA BRUTE FORCE THRESHOLD,2026-08-15T12:34:48.204316+0000,/login?ok=0&sid=8aadced6-82f8-8e59-35a6-7e13792c4a36
2026081401,fa86d464-25b5-c57a-016a-ce1968c16ae4,9100004,PROJECTA BRUTE FORCE THRESHOLD,2026-08-15T12:34:48.682251+0000,/login?ok=0&sid=fa86d464-25b5-c57a-016a-ce1968c16ae4
2026081401,1735882c-a65a-25a8-5ef2-713a7cb22b90,9100004,PROJECTA BRUTE FORCE THRESHOLD,2026-08-15T12:34:48.603888+0000,/login?ok=0&sid=1735882c-a65a-25a8-5ef2-713a7cb22b90
2026081401,daa9a670-462d-b73e-3d99-059191793430,9100004,PROJECTA BRUTE FORCE THRESHOLD,2026-08-15T12:34:48.194392+0000,/login?ok=0&sid=daa9a670-462d-b73e-3d99-059191793430
2026081401,b52d776c-57c7-8b85-7217-6d150075f863,9100004,PROJECTA BRUTE FORCE THRESHOLD,2026-08-15T12:34:48.030888+0000,/login?ok=0&sid=b52d776c-57c7-8b85-7217-6d150075f863
2026081401,07482bb0-3f68-448f-88f6-5a9ee33d1ee3,9100004,PROJECTA BRUTE FORCE THRESHOLD,2026-08-15T12:34:48.620165+0000,/login?ok=0&sid=07482bb0-3f68-448f-88f6-5a9ee33d1ee3
2026081401,ef251eae-520d-ad98-3670-d55bcfe1e789,9100004,PROJECTA BRUTE FORCE THRESHOLD,2026-08-15T12:34:48.178966+0000,/login?ok=0&sid=ef251eae-520d-ad98-3670-d55bcfe1e789
2026081401,3ba41ba1-fe6d-8888-4bc6-876148704d96,9100004,PROJECTA BRUTE FORCE THRESHOLD,2026-08-15T12:34:48.544087+0000,/login?ok=0&sid=3ba41ba1-fe6d-8888-4bc6-876148704d96
2026081401,db32c7fb-c1d1-f089-70f5-d7ab5ffef4e0,9100004,PROJECTA BRUTE FORCE THRESHOLD,2026-08-15T12:34:48.442575+0000,/login?ok=0&sid=db32c7fb-c1d1-f089-70f5-d7ab5ffef4e0
2026081401,38a82763-c828-c378-6e3e-011a55391abd,9100004,PROJECTA BRUTE FORCE THRESHOLD,2026-08-15T12:34:48.846431+0000,/login?ok=0&sid=38a82763-c828-c378-6e3e-011a55391abd
2026081401,f56a6120-c564-8d90-22de-79722afc9b3c,9100004,PROJECTA BRUTE FORCE THRESHOLD,2026-08-15T12:34:48.609890+0000,/login?ok=0&sid=f56a6120-c564-8d90-22de-79722afc9b3c
2026081401,f6327eb4-d730-ee35-0573-b0fa3748f856,9100004,PROJECTA BRUTE FORCE THRESHOLD,2026-08-15T12:34:48.365218+0000,/login?ok=0&sid=f6327eb4-d730-ee35-0573-b0fa3748f856
2026081401,59e479fe-a3d3-87ae-aa4b-702e52f36e02,9100004,PROJECTA BRUTE FORCE THRESHOLD,2026-08-15T12:34:48.485542+0000,/login?ok=0&sid=59e479fe-a3d3-87ae-aa4b-702e52f36e02
2026081401,26b03cee-6717-56fb-edca-c5db9b93de67,9100004,PROJECTA BRUTE FORCE THRESHOLD,2026-08-15T12:34:48.873681+0000,/login?ok=0&sid=26b03cee-6717-56fb-edca-c5db9b93de67
2026081401,0e0c304d-2201-66b4-1062-c6bf3593b95b,9100004,PROJECTA BRUTE FORCE THRESHOLD,2026-08-15T12:34:48.063268+0000,/login?ok=0&sid=0e0c304d-2201-66b4-1062-c6bf3593b95b
2026081401,821a55c0-cba8-d51a-6701-4783b80b619e,9100003,PROJECTA COMMAND PROBE,2026-08-15T12:34:48.578005+0000,/cmd?x=id&sid=821a55c0-cba8-d51a-6701-4783b80b619e
2026081401,0cab531c-2a59-9dfe-9f44-b523bce47233,9100004,PROJECTA BRUTE FORCE THRESHOLD,2026-08-15T12:34:48.920440+0000,/login?ok=0&sid=0cab531c-2a59-9dfe-9f44-b523bce47233
2026081401,2d2c04ab-f816-5806-c875-4ee8d76f72ab,9100004,PROJECTA BRUTE FORCE THRESHOLD,2026-08-15T12:34:48.519410+0000,/login?ok=0&sid=2d2c04ab-f816-5806-c875-4ee8d76f72ab
2026081401,4544a2ef-bdfb-14d3-f793-b3010db02eed,9100004,PROJECTA BRUTE FORCE THRESHOLD,2026-08-15T12:34:48.216331+0000,/login?ok=0&sid=4544a2ef-bdfb-14d3-f793-b3010db02eed
2026081401,899dd87b-1897-a267-a0e1-d174636d5bf6,9100004,PROJECTA BRUTE FORCE THRESHOLD,2026-08-15T12:34:48.959140+0000,/login?ok=0&sid=899dd87b-1897-a267-a0e1-d174636d5bf6
2026081401,c9616dd8-f49d-66ac-ea8c-a71ea4c02110,9100004,PROJECTA BRUTE FORCE THRESHOLD,2026-08-15T12:34:48.533736+0000,/login?ok=0&sid=c9616dd8-f49d-66ac-ea8c-a71ea4c02110
2026081401,eeae489b-d013-75ae-3c72-9746820e6a18,9100001,PROJECTA ADMIN SENSITIVE ACCESS,2026-08-15T12:34:49.525243+0000,/admin/secret?sid=eeae489b-d013-75ae-3c72-9746820e6a18
2026081401,2efa23e7-2b5f-deb9-0479-01c0f7d9bd4e,9100002,PROJECTA PATH TRAVERSAL,2026-08-15T12:34:48.999762+0000,/%2e%2e/%2e%2e/etc/passwd?sid=2efa23e7-2b5f-deb9-0479-01c0f7d9bd4e
2026081401,2f400882-7f50-a431-695b-88082faf9d08,9100004,PROJECTA BRUTE FORCE THRESHOLD,2026-08-15T12:34:48.349238+0000,/login?ok=0&sid=2f400882-7f50-a431-695b-88082faf9d08
2026081401,5ed9d5a3-52f6-2695-5bcf-4d6fe6f1fe37,9100004,PROJECTA BRUTE FORCE THRESHOLD,2026-08-15T12:34:48.882838+0000,/login?ok=0&sid=5ed9d5a3-52f6-2695-5bcf-4d6fe6f1fe37
2026081401,efa466b6-8275-bed8-dd96-80e90bbb85a3,9100001,PROJECTA ADMIN SENSITIVE ACCESS,2026-08-15T12:34:48.734375+0000,/admin/secret?sid=efa466b6-8275-bed8-dd96-80e90bbb85a3
2026081401,9f439d85-8e56-7faa-d306-d92e969f0fdf,9100004,PROJECTA BRUTE FORCE THRESHOLD,2026-08-15T12:34:48.973284+0000,/login?ok=0&sid=9f439d85-8e56-7faa-d306-d92e969f0fdf
2026081401,96108fa7-8a22-c160-7651-80757d0e4532,9100004,PROJECTA BRUTE FORCE THRESHOLD,2026-08-15T12:34:48.525565+0000,/login?ok=0&sid=96108fa7-8a22-c160-7651-80757d0e4532
2026081401,db84611a-eb52-d7ee-bd23-e7a4e229b61c,9100004,PROJECTA BRUTE FORCE THRESHOLD,2026-08-15T12:34:49.421598+0000,/login?ok=0&sid=db84611a-eb52-d7ee-bd23-e7a4e229b61c
2026081401,4cf101f2-be9d-aaa5-f14a-73d374ef3c17,9100004,PROJECTA BRUTE FORCE THRESHOLD,2026-08-15T12:34:49.345308+0000,/login?ok=0&sid=4cf101f2-be9d-aaa5-f14a-73d374ef3c17
2026081401,1089d2f2-58c7-b10c-7e3b-3439bff5704c,9100004,PROJECTA BRUTE FORCE THRESHOLD,2026-08-15T12:34:48.374737+0000,/login?ok=0&sid=1089d2f2-58c7-b10c-7e3b-3439bff5704c
2026081401,4184a1bb-93eb-ca1c-c13c-07af0e28b5dc,9100004,PROJECTA BRUTE FORCE THRESHOLD,2026-08-15T12:34:48.476180+0000,/login?ok=0&sid=4184a1bb-93eb-ca1c-c13c-07af0e28b5dc
2026081401,c9d7836a-c647-06e6-a417-24380ddf4ca1,9100004,PROJECTA BRUTE FORCE THRESHOLD,2026-08-15T12:34:48.393781+0000,/login?ok=0&sid=c9d7836a-c647-06e6-a417-24380ddf4ca1
2026081401,349b00ad-be35-f48d-0765-db1cdc5ef426,9100004,PROJECTA BRUTE FORCE THRESHOLD,2026-08-15T12:34:48.464477+0000,/login?ok=0&sid=349b00ad-be35-f48d-0765-db1cdc5ef426
2026081401,2e169cd9-21bb-410d-c2f0-9c6701232006,9100004,PROJECTA BRUTE FORCE THRESHOLD,2026-08-15T12:34:49.336044+0000,/login?ok=0&sid=2e169cd9-21bb-410d-c2f0-9c6701232006
2026081401,40345044-8504-c0de-c282-e7826e66c36c,9100004,PROJECTA BRUTE FORCE THRESHOLD,2026-08-15T12:34:48.457034+0000,/login?ok=0&sid=40345044-8504-c0de-c282-e7826e66c36c
2026081401,2974cf63-4211-bb12-0857-fdd03f23683b,9100001,PROJECTA ADMIN SENSITIVE ACCESS,2026-08-15T12:34:49.596530+0000,/admin/secret?sid=2974cf63-4211-bb12-0857-fdd03f23683b
2026081401,4c11a812-8f2e-e541-8004-af9c502dea5c,9100004,PROJECTA BRUTE FORCE THRESHOLD,2026-08-15T12:34:49.669752+0000,/login?ok=0&sid=4c11a812-8f2e-e541-8004-af9c502dea5c
2026081401,4abf15aa-b546-205e-34ea-b37e5fab3f2e,9100001,PROJECTA ADMIN SENSITIVE ACCESS,2026-08-15T12:34:49.264218+0000,/admin/secret?sid=4abf15aa-b546-205e-34ea-b37e5fab3f2e
2026081401,1492706d-62e8-00c1-b81a-b61e43a6894a,9100004,PROJECTA BRUTE FORCE THRESHOLD,2026-08-15T12:34:48.670127+0000,/login?ok=0&sid=1492706d-62e8-00c1-b81a-b61e43a6894a
2026081401,f9ea5e7b-c313-76e5-be8b-b4bab5ec35bc,9100004,PROJECTA BRUTE FORCE THRESHOLD,2026-08-15T12:34:49.367336+0000,/login?ok=0&sid=f9ea5e7b-c313-76e5-be8b-b4bab5ec35bc
2026081401,a2dac5e6-985c-5c16-8559-5602683af9aa,9100004,PROJECTA BRUTE FORCE THRESHOLD,2026-08-15T12:34:48.689445+0000,/login?ok=0&sid=a2dac5e6-985c-5c16-8559-5602683af9aa
2026081401,816a981a-9a96-28b9-4e08-e8051f46afdb,9100004,PROJECTA BRUTE FORCE THRESHOLD,2026-08-15T12:34:48.673681+0000,/login?ok=0&sid=816a981a-9a96-28b9-4e08-e8051f46afdb
2026081401,49b16bc3-5a9e-286c-7eb4-43b72c706928,9100004,PROJECTA BRUTE FORCE THRESHOLD,2026-08-15T12:34:49.437487+0000,/login?ok=0&sid=49b16bc3-5a9e-286c-7eb4-43b72c706928
2026081401,1e12278f-77cf-4511-4a38-ffcdd53e107f,9100004,PROJECTA BRUTE FORCE THRESHOLD,2026-08-15T12:34:48.508006+0000,/login?ok=0&sid=1e12278f-77cf-4511-4a38-ffcdd53e107f
2026081401,f77a6346-e65f-8b80-6b4a-bfe9eae7b989,9100004,PROJECTA BRUTE FORCE THRESHOLD,2026-08-15T12:34:48.861384+0000,/login?ok=0&sid=f77a6346-e65f-8b80-6b4a-bfe9eae7b989
2026081401,ddfa263e-2e9a-b298-f92b-25e44b41a654,9100004,PROJECTA BRUTE FORCE THRESHOLD,2026-08-15T12:34:49.554004+0000,/login?ok=0&sid=ddfa263e-2e9a-b298-f92b-25e44b41a654
2026081401,9652b380-d1d2-0f2c-5664-a4c021d5ac5b,9100003,PROJECTA COMMAND PROBE,2026-08-15T12:34:49.136295+0000,/cmd?x=id&sid=9652b380-d1d2-0f2c-5664-a4c021d5ac5b
2026081401,eab79893-c450-58d5-07ea-bf8f2f4ef816,9100004,PROJECTA BRUTE FORCE THRESHOLD,2026-08-15T12:34:50.247345+0000,/login?ok=0&sid=eab79893-c450-58d5-07ea-bf8f2f4ef816
2026081401,5a258214-e8e3-4a02-f140-ade05ff48ceb,9100002,PROJECTA PATH TRAVERSAL,2026-08-15T12:34:49.271985+0000,/%2e%2e/%2e%2e/etc/passwd?sid=5a258214-e8e3-4a02-f140-ade05ff48ceb
2026081401,dc7107e5-db71-d065-7cdd-daf7dc21a626,9100004,PROJECTA BRUTE FORCE THRESHOLD,2026-08-15T12:34:48.943636+0000,/login?ok=0&sid=dc7107e5-db71-d065-7cdd-daf7dc21a626
2026081401,4b3c5a2b-b1eb-86d3-0867-7f481c486746,9100004,PROJECTA BRUTE FORCE THRESHOLD,2026-08-15T12:34:48.587557+0000,/login?ok=0&sid=4b3c5a2b-b1eb-86d3-0867-7f481c486746
2026081401,525526f8-0fbc-873b-604f-430fafe755ef,9100004,PROJECTA BRUTE FORCE THRESHOLD,2026-08-15T12:34:48.889729+0000,/login?ok=0&sid=525526f8-0fbc-873b-604f-430fafe755ef
2026081401,87287125-7091-8b92-c08f-7fde21752044,9100004,PROJECTA BRUTE FORCE THRESHOLD,2026-08-15T12:34:49.674847+0000,/login?ok=0&sid=87287125-7091-8b92-c08f-7fde21752044
2026081401,f671892f-c015-ade6-df5b-9ee76eb590ce,9100004,PROJECTA BRUTE FORCE THRESHOLD,2026-08-15T12:34:50.304962+0000,/login?ok=0&sid=f671892f-c015-ade6-df5b-9ee76eb590ce
2026081401,b8106b11-5ba6-cc0e-8887-7abb0974e3cb,9100004,PROJECTA BRUTE FORCE THRESHOLD,2026-08-15T12:34:49.562370+0000,/login?ok=0&sid=b8106b11-5ba6-cc0e-8887-7abb0974e3cb
2026081401,305cce67-1300-9954-1d9b-10db74be81c3,9100002,PROJECTA PATH TRAVERSAL,2026-08-15T12:34:49.780678+0000,/%2e%2e/%2e%2e/etc/passwd?sid=305cce67-1300-9954-1d9b-10db74be81c3
2026081401,3d2395cc-0343-a29e-69a8-c2b127e45ee6,9100004,PROJECTA BRUTE FORCE THRESHOLD,2026-08-15T12:34:49.357418+0000,/login?ok=0&sid=3d2395cc-0343-a29e-69a8-c2b127e45ee6
2026081401,466a7638-a11b-acaa-cecc-b3b089e18893,9100004,PROJECTA BRUTE FORCE THRESHOLD,2026-08-15T12:34:48.692938+0000,/login?ok=0&sid=466a7638-a11b-acaa-cecc-b3b089e18893
2026081401,f4858c9d-bbb5-6954-974f-27befd4467b6,9100004,PROJECTA BRUTE FORCE THRESHOLD,2026-08-15T12:34:48.934091+0000,/login?ok=0&sid=f4858c9d-bbb5-6954-974f-27befd4467b6
2026081401,1732973c-780b-bb19-f8b7-41bcf765d380,9100001,PROJECTA ADMIN SENSITIVE ACCESS,2026-08-15T12:34:49.286950+0000,/admin/secret?sid=1732973c-780b-bb19-f8b7-41bcf765d380
2026081401,96702d7e-ba00-479d-ff7d-7ceb65d87dcb,9100001,PROJECTA ADMIN SENSITIVE ACCESS,2026-08-15T12:34:50.372692+0000,/admin/secret?sid=96702d7e-ba00-479d-ff7d-7ceb65d87dcb
2026081401,aff275ab-9880-5bd3-d3cf-a78b5f94b1a1,9100004,PROJECTA BRUTE FORCE THRESHOLD,2026-08-15T12:34:50.289169+0000,/login?ok=0&sid=aff275ab-9880-5bd3-d3cf-a78b5f94b1a1
2026081401,290279f0-e176-3b44-83c2-bc021215f851,9100004,PROJECTA BRUTE FORCE THRESHOLD,2026-08-15T12:34:50.119231+0000,/login?ok=0&sid=290279f0-e176-3b44-83c2-bc021215f851
2026081401,bbde05e6-8ef9-43e3-7423-79ebe0849b4c,9100004,PROJECTA BRUTE FORCE THRESHOLD,2026-08-15T12:34:50.094267+0000,/login?ok=0&sid=bbde05e6-8ef9-43e3-7423-79ebe0849b4c
2026081401,bfbf06b7-e77b-7131-bfe3-3803053dfa7b,9100004,PROJECTA BRUTE FORCE THRESHOLD,2026-08-15T12:34:49.331333+0000,/login?ok=0&sid=bfbf06b7-e77b-7131-bfe3-3803053dfa7b
2026081401,9fea1409-d6b7-4693-776b-fe2c407fbcca,9100004,PROJECTA BRUTE FORCE THRESHOLD,2026-08-15T12:34:49.468419+0000,/login?ok=0&sid=9fea1409-d6b7-4693-776b-fe2c407fbcca
2026081401,452290fb-ca66-8b5a-296d-d97ca32704ca,9100004,PROJECTA BRUTE FORCE THRESHOLD,2026-08-15T12:34:49.636219+0000,/login?ok=0&sid=452290fb-ca66-8b5a-296d-d97ca32704ca
2026081401,26b34430-486b-3854-eb47-0fab7eea214b,9100004,PROJECTA BRUTE FORCE THRESHOLD,2026-08-15T12:34:49.569157+0000,/login?ok=0&sid=26b34430-486b-3854-eb47-0fab7eea214b
2026081401,964319e6-8374-9c29-a4eb-53ae127dc157,9100004,PROJECTA BRUTE FORCE THRESHOLD,2026-08-15T12:34:49.448927+0000,/login?ok=0&sid=964319e6-8374-9c29-a4eb-53ae127dc157
2026081401,c37eae7f-d738-5b62-b2d1-263e66eb081f,9100004,PROJECTA BRUTE FORCE THRESHOLD,2026-08-15T12:34:49.462979+0000,/login?ok=0&sid=c37eae7f-d738-5b62-b2d1-263e66eb081f
2026081401,c0e00bf8-6c0c-c482-1c11-fc94e29e1f4d,9100001,PROJECTA ADMIN SENSITIVE ACCESS,2026-08-15T12:34:50.871117+0000,/admin/secret?sid=c0e00bf8-6c0c-c482-1c11-fc94e29e1f4d
2026081401,3f024014-277d-3617-7636-4543e8a3b6e8,9100004,PROJECTA BRUTE FORCE THRESHOLD,2026-08-15T12:34:50.224386+0000,/login?ok=0&sid=3f024014-277d-3617-7636-4543e8a3b6e8
2026081401,215e81c6-2b8b-308f-fe2d-4726ef5bca71,9100004,PROJECTA BRUTE FORCE THRESHOLD,2026-08-15T12:34:49.583093+0000,/login?ok=0&sid=215e81c6-2b8b-308f-fe2d-4726ef5bca71
2026081401,5c6493a3-7259-9b1e-b1a2-5cc8784fc493,9100004,PROJECTA BRUTE FORCE THRESHOLD,2026-08-15T12:34:49.646089+0000,/login?ok=0&sid=5c6493a3-7259-9b1e-b1a2-5cc8784fc493
2026081401,2fd8fa57-4588-b392-7ad4-bbfac2954ed0,9100004,PROJECTA BRUTE FORCE THRESHOLD,2026-08-15T12:34:50.309983+0000,/login?ok=0&sid=2fd8fa57-4588-b392-7ad4-bbfac2954ed0
2026081401,4dc16323-26da-daba-edb0-e715c3b5e75a,9100004,PROJECTA BRUTE FORCE THRESHOLD,2026-08-15T12:34:49.653514+0000,/login?ok=0&sid=4dc16323-26da-daba-edb0-e715c3b5e75a
2026081401,9869413f-f39e-de54-c601-23583da1853a,9100004,PROJECTA BRUTE FORCE THRESHOLD,2026-08-15T12:34:49.591928+0000,/login?ok=0&sid=9869413f-f39e-de54-c601-23583da1853a
2026081401,eed087cf-1efe-1744-04a0-1bda92deeab2,9100004,PROJECTA BRUTE FORCE THRESHOLD,2026-08-15T12:34:49.898854+0000,/login?ok=0&sid=eed087cf-1efe-1744-04a0-1bda92deeab2
2026081401,2781a8cf-f892-5816-75e3-d6a152ccbfdf,9100004,PROJECTA BRUTE FORCE THRESHOLD,2026-08-15T12:34:49.914592+0000,/login?ok=0&sid=2781a8cf-f892-5816-75e3-d6a152ccbfdf
2026081401,b3097103-70c1-84a7-57be-63d24ace1d56,9100004,PROJECTA BRUTE FORCE THRESHOLD,2026-08-15T12:34:49.884864+0000,/login?ok=0&sid=b3097103-70c1-84a7-57be-63d24ace1d56
2026081401,167a850f-0d3f-06d8-1f1c-12e9c7fa8e48,9100002,PROJECTA PATH TRAVERSAL,2026-08-15T12:34:50.690592+0000,/%2e%2e/%2e%2e/etc/passwd?sid=167a850f-0d3f-06d8-1f1c-12e9c7fa8e48
2026081401,c2fc594b-cee5-a052-abe2-91cd7dae3763,9100004,PROJECTA BRUTE FORCE THRESHOLD,2026-08-15T12:34:49.937562+0000,/login?ok=0&sid=c2fc594b-cee5-a052-abe2-91cd7dae3763
2026081401,334f06d2-be80-e224-5bd3-bff0aae6bfe9,9100004,PROJECTA BRUTE FORCE THRESHOLD,2026-08-15T12:34:50.108872+0000,/login?ok=0&sid=334f06d2-be80-e224-5bd3-bff0aae6bfe9
2026081401,272aa50c-440a-6992-aa91-7c88eb759e6d,9100004,PROJECTA BRUTE FORCE THRESHOLD,2026-08-15T12:34:49.925735+0000,/login?ok=0&sid=272aa50c-440a-6992-aa91-7c88eb759e6d
2026081401,b95c7722-9e86-1e67-3fdc-b2607b00c70d,9100003,PROJECTA COMMAND PROBE,2026-08-15T12:34:50.865801+0000,/cmd?x=id&sid=b95c7722-9e86-1e67-3fdc-b2607b00c70d
2026081401,5314a6a6-076a-0d2a-bb24-3fc6acb4dae9,9100004,PROJECTA BRUTE FORCE THRESHOLD,2026-08-15T12:34:50.218521+0000,/login?ok=0&sid=5314a6a6-076a-0d2a-bb24-3fc6acb4dae9
2026081401,de39a9ce-b530-fe1b-9330-866158ccc7c8,9100004,PROJECTA BRUTE FORCE THRESHOLD,2026-08-15T12:34:50.282759+0000,/login?ok=0&sid=de39a9ce-b530-fe1b-9330-866158ccc7c8
2026081401,b7239f2a-64ee-865b-f53c-364461e89c27,9100004,PROJECTA BRUTE FORCE THRESHOLD,2026-08-15T12:34:50.072128+0000,/login?ok=0&sid=b7239f2a-64ee-865b-f53c-364461e89c27
2026081401,a26dfe90-2979-e23b-3824-373f66152288,9100004,PROJECTA BRUTE FORCE THRESHOLD,2026-08-15T12:34:50.203678+0000,/login?ok=0&sid=a26dfe90-2979-e23b-3824-373f66152288
2026081401,29ed1c7a-f3f1-0227-1521-949be445b6b1,9100004,PROJECTA BRUTE FORCE THRESHOLD,2026-08-15T12:34:50.086175+0000,/login?ok=0&sid=29ed1c7a-f3f1-0227-1521-949be445b6b1
2026081401,85cc21c4-51fe-fdad-3dc9-9e68655f8474,9100004,PROJECTA BRUTE FORCE THRESHOLD,2026-08-15T12:34:50.426199+0000,/login?ok=0&sid=85cc21c4-51fe-fdad-3dc9-9e68655f8474
2026081401,2316f118-f384-d98a-01ad-c90c5ccb0716,9100004,PROJECTA BRUTE FORCE THRESHOLD,2026-08-15T12:34:50.325748+0000,/login?ok=0&sid=2316f118-f384-d98a-01ad-c90c5ccb0716
2026081401,cee7299c-8bdb-a819-81c3-b5ab33eed4d2,9100004,PROJECTA BRUTE FORCE THRESHOLD,2026-08-15T12:34:50.439119+0000,/login?ok=0&sid=cee7299c-8bdb-a819-81c3-b5ab33eed4d2
2026081401,299a9802-d738-7a41-d603-25d092d029b2,9100004,PROJECTA BRUTE FORCE THRESHOLD,2026-08-15T12:34:50.238464+0000,/login?ok=0&sid=299a9802-d738-7a41-d603-25d092d029b2
2026081401,3c80836e-3465-7586-bbb4-32cf789a5fcd,9100004,PROJECTA BRUTE FORCE THRESHOLD,2026-08-15T12:34:50.463029+0000,/login?ok=0&sid=3c80836e-3465-7586-bbb4-32cf789a5fcd
2026081401,303a2b29-4eba-ddb4-bf47-80784f6faddf,9100001,PROJECTA ADMIN SENSITIVE ACCESS,2026-08-15T12:34:50.513373+0000,/admin/secret?sid=303a2b29-4eba-ddb4-bf47-80784f6faddf
2026081401,71e175ee-0b5a-f728-50f4-9543cb8b69fb,9100004,PROJECTA BRUTE FORCE THRESHOLD,2026-08-15T12:34:50.409993+0000,/login?ok=0&sid=71e175ee-0b5a-f728-50f4-9543cb8b69fb
2026081401,13e714fd-e517-c98e-eb27-03fa332fc22e,9100004,PROJECTA BRUTE FORCE THRESHOLD,2026-08-15T12:34:50.448585+0000,/login?ok=0&sid=13e714fd-e517-c98e-eb27-03fa332fc22e
2026081401,96dc046b-a341-622d-45f7-87b0cd10455f,9100002,PROJECTA PATH TRAVERSAL,2026-08-15T12:34:50.485904+0000,/%2e%2e/%2e%2e/etc/passwd?sid=96dc046b-a341-622d-45f7-87b0cd10455f
2026081402,3d53f074-af4c-78e4-85e4-191fe8872f38,9100003,PROJECTA COMMAND PROBE,2026-08-15T12:34:58.033351+0000,/cmd?x=id&sid=3d53f074-af4c-78e4-85e4-191fe8872f38
2026081402,8fe5e8ae-24f1-4586-1803-878b0fc44f03,9100001,PROJECTA ADMIN SENSITIVE ACCESS,2026-08-15T12:34:58.078664+0000,/admin/secret?sid=8fe5e8ae-24f1-4586-1803-878b0fc44f03
2026081402,e74646bc-5856-304d-6aad-afa94b188ee7,9100004,PROJECTA BRUTE FORCE THRESHOLD,2026-08-15T12:34:58.567770+0000,/login?ok=0&sid=e74646bc-5856-304d-6aad-afa94b188ee7
2026081402,69877b4f-7195-7572-e46b-90144a61de55,9100004,PROJECTA BRUTE FORCE THRESHOLD,2026-08-15T12:34:58.322004+0000,/login?ok=0&sid=69877b4f-7195-7572-e46b-90144a61de55
2026081402,8a397b21-159e-728b-757f-6dcb14a273f1,9100004,PROJECTA BRUTE FORCE THRESHOLD,2026-08-15T12:34:58.337409+0000,/login?ok=0&sid=8a397b21-159e-728b-757f-6dcb14a273f1
2026081402,0b398fa3-5d05-4b51-f538-f85b3e8d4fd2,9100004,PROJECTA BRUTE FORCE THRESHOLD,2026-08-15T12:34:58.651843+0000,/login?ok=0&sid=0b398fa3-5d05-4b51-f538-f85b3e8d4fd2
2026081402,3a3f628e-1532-d2ec-14b9-aad3884986e0,9100004,PROJECTA BRUTE FORCE THRESHOLD,2026-08-15T12:34:58.358023+0000,/login?ok=0&sid=3a3f628e-1532-d2ec-14b9-aad3884986e0
2026081402,f05adf73-0cd6-36e6-ac78-667b8925d43f,9100004,PROJECTA BRUTE FORCE THRESHOLD,2026-08-15T12:34:58.019551+0000,/login?ok=0&sid=f05adf73-0cd6-36e6-ac78-667b8925d43f
2026081402,32cd9de1-75e4-2446-04d7-014589c7c6be,9100004,PROJECTA BRUTE FORCE THRESHOLD,2026-08-15T12:34:58.641616+0000,/login?ok=0&sid=32cd9de1-75e4-2446-04d7-014589c7c6be
2026081402,4b769a3a-3b2b-a9e2-11d6-54a9fc60207e,9100004,PROJECTA BRUTE FORCE THRESHOLD,2026-08-15T12:34:58.586823+0000,/login?ok=0&sid=4b769a3a-3b2b-a9e2-11d6-54a9fc60207e
2026081402,8848e8cc-c9be-4924-7c1c-49f4b2204f2c,9100004,PROJECTA BRUTE FORCE THRESHOLD,2026-08-15T12:34:58.341800+0000,/login?ok=0&sid=8848e8cc-c9be-4924-7c1c-49f4b2204f2c
2026081402,2b72eb93-cae7-e922-eed5-a9bece2efb93,9100001,PROJECTA ADMIN SENSITIVE ACCESS,2026-08-15T12:34:59.200898+0000,/admin/secret?sid=2b72eb93-cae7-e922-eed5-a9bece2efb93
2026081402,fd9e2372-538b-2797-77fc-6c5475176a74,9100004,PROJECTA BRUTE FORCE THRESHOLD,2026-08-15T12:34:58.619643+0000,/login?ok=0&sid=fd9e2372-538b-2797-77fc-6c5475176a74
2026081402,1a267490-5a98-d743-ef25-bf77fdf62acf,9100001,PROJECTA ADMIN SENSITIVE ACCESS,2026-08-15T12:34:58.715341+0000,/admin/secret?sid=1a267490-5a98-d743-ef25-bf77fdf62acf
2026081402,c5f924bb-8bd6-b137-2635-9ecb00c9a627,9100004,PROJECTA BRUTE FORCE THRESHOLD,2026-08-15T12:34:58.634635+0000,/login?ok=0&sid=c5f924bb-8bd6-b137-2635-9ecb00c9a627
2026081402,dda6ea9c-7822-59d2-5dce-12a3186db0ee,9100004,PROJECTA BRUTE FORCE THRESHOLD,2026-08-15T12:34:59.228172+0000,/login?ok=0&sid=dda6ea9c-7822-59d2-5dce-12a3186db0ee
2026081402,c2be7155-0932-2656-c92d-77399e94039c,9100004,PROJECTA BRUTE FORCE THRESHOLD,2026-08-15T12:34:59.028418+0000,/login?ok=0&sid=c2be7155-0932-2656-c92d-77399e94039c
2026081402,02ebf1c7-e728-b295-fee0-ade1a653d1f4,9100004,PROJECTA BRUTE FORCE THRESHOLD,2026-08-15T12:34:58.329523+0000,/login?ok=0&sid=02ebf1c7-e728-b295-fee0-ade1a653d1f4
2026081402,2a8e13b4-2866-7bdb-8376-689762501127,9100004,PROJECTA BRUTE FORCE THRESHOLD,2026-08-15T12:34:59.062954+0000,/login?ok=0&sid=2a8e13b4-2866-7bdb-8376-689762501127
2026081402,cd3e2227-3db0-d4b7-4db8-6b2c5e6dbce5,9100004,PROJECTA BRUTE FORCE THRESHOLD,2026-08-15T12:34:58.606577+0000,/login?ok=0&sid=cd3e2227-3db0-d4b7-4db8-6b2c5e6dbce5
2026081402,02f003cb-d706-e3c3-a182-62977f17edf8,9100002,PROJECTA PATH TRAVERSAL,2026-08-15T12:34:59.087482+0000,/%2e%2e/%2e%2e/etc/passwd?sid=02f003cb-d706-e3c3-a182-62977f17edf8
2026081402,1068d4d5-b4e4-e747-e903-1434dd562fb5,9100004,PROJECTA BRUTE FORCE THRESHOLD,2026-08-15T12:34:59.594924+0000,/login?ok=0&sid=1068d4d5-b4e4-e747-e903-1434dd562fb5
2026081402,0d7d6212-4804-bf89-2824-5ecaea9365e1,9100002,PROJECTA PATH TRAVERSAL,2026-08-15T12:34:59.431192+0000,/%2e%2e/%2e%2e/etc/passwd?sid=0d7d6212-4804-bf89-2824-5ecaea9365e1
2026081402,72b51565-b326-e3c9-564d-5fde6f085913,9100004,PROJECTA BRUTE FORCE THRESHOLD,2026-08-15T12:34:59.623731+0000,/login?ok=0&sid=72b51565-b326-e3c9-564d-5fde6f085913
2026081402,4341d0c7-415c-e229-9b37-03166f7da768,9100004,PROJECTA BRUTE FORCE THRESHOLD,2026-08-15T12:34:59.244241+0000,/login?ok=0&sid=4341d0c7-415c-e229-9b37-03166f7da768
2026081402,6305d711-9b3d-87a8-a957-b2695b50fc6f,9100004,PROJECTA BRUTE FORCE THRESHOLD,2026-08-15T12:34:59.146011+0000,/login?ok=0&sid=6305d711-9b3d-87a8-a957-b2695b50fc6f
2026081402,ae7ff4ab-86ab-9235-38ae-f1291acf65b2,9100004,PROJECTA BRUTE FORCE THRESHOLD,2026-08-15T12:34:59.258547+0000,/login?ok=0&sid=ae7ff4ab-86ab-9235-38ae-f1291acf65b2
2026081402,c66b54b4-dc91-86f3-8339-b32e9398e679,9100004,PROJECTA BRUTE FORCE THRESHOLD,2026-08-15T12:34:59.133576+0000,/login?ok=0&sid=c66b54b4-dc91-86f3-8339-b32e9398e679
2026081402,e251c521-e237-f21c-da12-42890c3e0895,9100004,PROJECTA BRUTE FORCE THRESHOLD,2026-08-15T12:34:58.581119+0000,/login?ok=0&sid=e251c521-e237-f21c-da12-42890c3e0895
2026081402,bccf7a8d-b32c-2876-cb86-109677279de6,9100004,PROJECTA BRUTE FORCE THRESHOLD,2026-08-15T12:34:59.038391+0000,/login?ok=0&sid=bccf7a8d-b32c-2876-cb86-109677279de6
2026081402,c0a5b2dd-19c4-1dc4-b2bc-456d15edd381,9100004,PROJECTA BRUTE FORCE THRESHOLD,2026-08-15T12:34:59.051744+0000,/login?ok=0&sid=c0a5b2dd-19c4-1dc4-b2bc-456d15edd381
2026081402,94c1dcdc-2eb5-96a0-6b4b-ae57e4ddff52,9100004,PROJECTA BRUTE FORCE THRESHOLD,2026-08-15T12:34:59.958143+0000,/login?ok=0&sid=94c1dcdc-2eb5-96a0-6b4b-ae57e4ddff52
2026081402,35e23ea4-7de1-54ab-2fc1-e8ec82ecbf45,9100004,PROJECTA BRUTE FORCE THRESHOLD,2026-08-15T12:34:59.057907+0000,/login?ok=0&sid=35e23ea4-7de1-54ab-2fc1-e8ec82ecbf45
2026081402,3a841de8-747a-46ff-c46b-bcaf3e7cfd12,9100004,PROJECTA BRUTE FORCE THRESHOLD,2026-08-15T12:34:59.319741+0000,/login?ok=0&sid=3a841de8-747a-46ff-c46b-bcaf3e7cfd12
2026081402,8f2f7f34-884c-a220-9548-e749e17f4286,9100004,PROJECTA BRUTE FORCE THRESHOLD,2026-08-15T12:34:59.210336+0000,/login?ok=0&sid=8f2f7f34-884c-a220-9548-e749e17f4286
2026081402,45f32e44-7ac9-5725-5925-b478331c988e,9100004,PROJECTA BRUTE FORCE THRESHOLD,2026-08-15T12:34:59.929027+0000,/login?ok=0&sid=45f32e44-7ac9-5725-5925-b478331c988e
2026081402,ab739698-5822-a0e5-76e4-4d87aba242ba,9100004,PROJECTA BRUTE FORCE THRESHOLD,2026-08-15T12:34:59.160069+0000,/login?ok=0&sid=ab739698-5822-a0e5-76e4-4d87aba242ba
2026081402,bdceaf1c-043a-df71-8727-5499571ba2c4,9100004,PROJECTA BRUTE FORCE THRESHOLD,2026-08-15T12:34:59.779544+0000,/login?ok=0&sid=bdceaf1c-043a-df71-8727-5499571ba2c4
2026081402,bcfe5c1b-2b80-6d24-39c2-64e98ac83325,9100004,PROJECTA BRUTE FORCE THRESHOLD,2026-08-15T12:34:59.128142+0000,/login?ok=0&sid=bcfe5c1b-2b80-6d24-39c2-64e98ac83325
2026081402,2a6113f4-ba37-0cda-1bf4-99b1b336c662,9100004,PROJECTA BRUTE FORCE THRESHOLD,2026-08-15T12:34:59.980146+0000,/login?ok=0&sid=2a6113f4-ba37-0cda-1bf4-99b1b336c662
2026081402,7fb32eed-f8ac-38da-7ff3-ca175ea2c3c7,9100004,PROJECTA BRUTE FORCE THRESHOLD,2026-08-15T12:34:58.590670+0000,/login?ok=0&sid=7fb32eed-f8ac-38da-7ff3-ca175ea2c3c7
2026081402,8c5407ef-0bd7-df5a-0214-33504af8e232,9100004,PROJECTA BRUTE FORCE THRESHOLD,2026-08-15T12:34:59.220954+0000,/login?ok=0&sid=8c5407ef-0bd7-df5a-0214-33504af8e232
2026081402,0a7e5b10-1d85-dac9-9581-a363371a98fd,9100004,PROJECTA BRUTE FORCE THRESHOLD,2026-08-15T12:35:00.247270+0000,/login?ok=0&sid=0a7e5b10-1d85-dac9-9581-a363371a98fd
2026081402,112aa768-49f8-238f-abac-392f83c13c35,9100004,PROJECTA BRUTE FORCE THRESHOLD,2026-08-15T12:34:59.784912+0000,/login?ok=0&sid=112aa768-49f8-238f-abac-392f83c13c35
2026081402,216e35ce-3246-792b-6631-d4b9815163f0,9100004,PROJECTA BRUTE FORCE THRESHOLD,2026-08-15T12:34:59.122147+0000,/login?ok=0&sid=216e35ce-3246-792b-6631-d4b9815163f0
2026081402,82ef1661-91b0-f996-051f-15e3886dcf16,9100004,PROJECTA BRUTE FORCE THRESHOLD,2026-08-15T12:34:58.598236+0000,/login?ok=0&sid=82ef1661-91b0-f996-051f-15e3886dcf16
2026081402,85d46257-e592-79c2-24b3-677ae4167796,9100004,PROJECTA BRUTE FORCE THRESHOLD,2026-08-15T12:34:59.335703+0000,/login?ok=0&sid=85d46257-e592-79c2-24b3-677ae4167796
2026081402,fc907686-58de-6c9d-5c9e-385ede76aae7,9100004,PROJECTA BRUTE FORCE THRESHOLD,2026-08-15T12:34:59.357695+0000,/login?ok=0&sid=fc907686-58de-6c9d-5c9e-385ede76aae7
2026081402,dde19873-63aa-dca3-e8af-ad49fbae00c5,9100002,PROJECTA PATH TRAVERSAL,2026-08-15T12:35:00.072569+0000,/%2e%2e/%2e%2e/etc/passwd?sid=dde19873-63aa-dca3-e8af-ad49fbae00c5
2026081402,35f8e25b-9dad-b914-6a44-72c48f01ffec,9100004,PROJECTA BRUTE FORCE THRESHOLD,2026-08-15T12:34:59.796952+0000,/login?ok=0&sid=35f8e25b-9dad-b914-6a44-72c48f01ffec
2026081402,f23528d2-dbb2-f6da-72e5-1cff516e8463,9100003,PROJECTA COMMAND PROBE,2026-08-15T12:35:00.111483+0000,/cmd?x=id&sid=f23528d2-dbb2-f6da-72e5-1cff516e8463
2026081402,deb10bd1-0057-1a93-f23f-3205e08ed9de,9100004,PROJECTA BRUTE FORCE THRESHOLD,2026-08-15T12:34:59.366590+0000,/login?ok=0&sid=deb10bd1-0057-1a93-f23f-3205e08ed9de
2026081402,8885f7d8-bd96-8aa4-179e-eba6f14ec6d1,9100004,PROJECTA BRUTE FORCE THRESHOLD,2026-08-15T12:34:59.767752+0000,/login?ok=0&sid=8885f7d8-bd96-8aa4-179e-eba6f14ec6d1
2026081402,fd46405d-fbfa-5645-aeda-6a5f394a22e4,9100004,PROJECTA BRUTE FORCE THRESHOLD,2026-08-15T12:34:59.610658+0000,/login?ok=0&sid=fd46405d-fbfa-5645-aeda-6a5f394a22e4
2026081402,0c7df380-4053-3062-e739-64abc25991b4,9100004,PROJECTA BRUTE FORCE THRESHOLD,2026-08-15T12:35:00.235154+0000,/login?ok=0&sid=0c7df380-4053-3062-e739-64abc25991b4
2026081402,4b47bc7d-279a-9681-7e6b-3720e45e5704,9100003,PROJECTA COMMAND PROBE,2026-08-15T12:34:59.855883+0000,/cmd?x=id&sid=4b47bc7d-279a-9681-7e6b-3720e45e5704
2026081402,9fcfdffc-3815-e6ac-228f-8a001b7be067,9100003,PROJECTA COMMAND PROBE,2026-08-15T12:35:00.339252+0000,/cmd?x=id&sid=9fcfdffc-3815-e6ac-228f-8a001b7be067
2026081402,ca7d49a1-6b7f-eb56-e60c-4b0ac8de0a6c,9100004,PROJECTA BRUTE FORCE THRESHOLD,2026-08-15T12:35:00.453470+0000,/login?ok=0&sid=ca7d49a1-6b7f-eb56-e60c-4b0ac8de0a6c
2026081402,5128caba-52be-cd56-fb2d-b8ad0847f92d,9100004,PROJECTA BRUTE FORCE THRESHOLD,2026-08-15T12:34:59.760375+0000,/login?ok=0&sid=5128caba-52be-cd56-fb2d-b8ad0847f92d
2026081402,d1a3c1ef-6a48-432e-2b54-8d6574a7dbc3,9100004,PROJECTA BRUTE FORCE THRESHOLD,2026-08-15T12:34:59.906111+0000,/login?ok=0&sid=d1a3c1ef-6a48-432e-2b54-8d6574a7dbc3
2026081402,156b8257-af7a-6f90-4300-53f58aa2aa1b,9100003,PROJECTA COMMAND PROBE,2026-08-15T12:34:58.789122+0000,/cmd?x=id&sid=156b8257-af7a-6f90-4300-53f58aa2aa1b
2026081402,e113d3f9-f400-4e69-9e3c-fd9399343899,9100004,PROJECTA BRUTE FORCE THRESHOLD,2026-08-15T12:34:59.919382+0000,/login?ok=0&sid=e113d3f9-f400-4e69-9e3c-fd9399343899
2026081402,c4f0e9d3-55e2-2ff8-8405-15c69b10c83a,9100004,PROJECTA BRUTE FORCE THRESHOLD,2026-08-15T12:35:00.461196+0000,/login?ok=0&sid=c4f0e9d3-55e2-2ff8-8405-15c69b10c83a
2026081402,b1ea4630-2573-ac14-a624-f923a4ba26a1,9100004,PROJECTA BRUTE FORCE THRESHOLD,2026-08-15T12:35:01.008874+0000,/login?ok=0&sid=b1ea4630-2573-ac14-a624-f923a4ba26a1
2026081402,5cc2f0ec-5c2f-4bbf-8ea9-0433ae716714,9100004,PROJECTA BRUTE FORCE THRESHOLD,2026-08-15T12:34:59.964751+0000,/login?ok=0&sid=5cc2f0ec-5c2f-4bbf-8ea9-0433ae716714
2026081402,066fdc7d-d718-7a27-437d-a5f90061df81,9100004,PROJECTA BRUTE FORCE THRESHOLD,2026-08-15T12:34:59.954002+0000,/login?ok=0&sid=066fdc7d-d718-7a27-437d-a5f90061df81
2026081402,0efc097b-a741-3663-5ce6-afe91f1a66f5,9100004,PROJECTA BRUTE FORCE THRESHOLD,2026-08-15T12:35:00.581864+0000,/login?ok=0&sid=0efc097b-a741-3663-5ce6-afe91f1a66f5
2026081402,ccb46606-007f-fddc-2066-86e119c3f56c,9100004,PROJECTA BRUTE FORCE THRESHOLD,2026-08-15T12:34:59.875733+0000,/login?ok=0&sid=ccb46606-007f-fddc-2066-86e119c3f56c
2026081402,b2083792-799d-f855-3196-f57e74de1832,9100004,PROJECTA BRUTE FORCE THRESHOLD,2026-08-15T12:34:59.341569+0000,/login?ok=0&sid=b2083792-799d-f855-3196-f57e74de1832
2026081402,122e26e2-9ba0-6978-3c4e-96f161a1f9cc,9100004,PROJECTA BRUTE FORCE THRESHOLD,2026-08-15T12:35:00.684463+0000,/login?ok=0&sid=122e26e2-9ba0-6978-3c4e-96f161a1f9cc
2026081402,98ccb2a9-a50e-b4c2-cfb5-ad46ab361abb,9100004,PROJECTA BRUTE FORCE THRESHOLD,2026-08-15T12:35:00.472873+0000,/login?ok=0&sid=98ccb2a9-a50e-b4c2-cfb5-ad46ab361abb
2026081402,ca7a2ca8-632b-412a-6d89-6948f2b8de88,9100004,PROJECTA BRUTE FORCE THRESHOLD,2026-08-15T12:34:59.994674+0000,/login?ok=0&sid=ca7a2ca8-632b-412a-6d89-6948f2b8de88
2026081402,3e26e1a0-5e49-74a3-0b7d-474477e43c9e,9100002,PROJECTA PATH TRAVERSAL,2026-08-15T12:35:00.037480+0000,/%2e%2e/%2e%2e/etc/passwd?sid=3e26e1a0-5e49-74a3-0b7d-474477e43c9e
2026081402,6c4fe4e5-1717-15ef-ca28-92b942930111,9100004,PROJECTA BRUTE FORCE THRESHOLD,2026-08-15T12:35:00.697427+0000,/login?ok=0&sid=6c4fe4e5-1717-15ef-ca28-92b942930111
2026081402,3bc4cebe-5ddb-5942-f407-4a73ca43ab29,9100004,PROJECTA BRUTE FORCE THRESHOLD,2026-08-15T12:35:00.728443+0000,/login?ok=0&sid=3bc4cebe-5ddb-5942-f407-4a73ca43ab29
2026081402,09c43199-99bc-726a-91d8-864309b3b841,9100004,PROJECTA BRUTE FORCE THRESHOLD,2026-08-15T12:35:00.592365+0000,/login?ok=0&sid=09c43199-99bc-726a-91d8-864309b3b841
2026081402,60489e52-24e6-45e3-88d9-63f1e5cf9f68,9100004,PROJECTA BRUTE FORCE THRESHOLD,2026-08-15T12:35:00.446402+0000,/login?ok=0&sid=60489e52-24e6-45e3-88d9-63f1e5cf9f68
2026081402,939893d7-e123-d932-5cbb-5c82a2cac456,9100004,PROJECTA BRUTE FORCE THRESHOLD,2026-08-15T12:34:59.891335+0000,/login?ok=0&sid=939893d7-e123-d932-5cbb-5c82a2cac456
2026081402,570807c2-48d2-76b8-6232-7b7ccde00d8a,9100004,PROJECTA BRUTE FORCE THRESHOLD,2026-08-15T12:35:00.487949+0000,/login?ok=0&sid=570807c2-48d2-76b8-6232-7b7ccde00d8a
2026081402,0c9c9a19-0b86-4d35-d733-3ec66d562027,9100004,PROJECTA BRUTE FORCE THRESHOLD,2026-08-15T12:35:00.220268+0000,/login?ok=0&sid=0c9c9a19-0b86-4d35-d733-3ec66d562027
2026081402,8a93458b-3ccf-abc4-f7c6-e7d605e3446a,9100004,PROJECTA BRUTE FORCE THRESHOLD,2026-08-15T12:35:00.601463+0000,/login?ok=0&sid=8a93458b-3ccf-abc4-f7c6-e7d605e3446a
2026081402,172c5548-1569-8f19-4e80-3bb53f3e992c,9100004,PROJECTA BRUTE FORCE THRESHOLD,2026-08-15T12:35:00.834535+0000,/login?ok=0&sid=172c5548-1569-8f19-4e80-3bb53f3e992c
2026081402,e36cad5a-383b-966e-737f-6924f1b2d3b1,9100004,PROJECTA BRUTE FORCE THRESHOLD,2026-08-15T12:35:00.239750+0000,/login?ok=0&sid=e36cad5a-383b-966e-737f-6924f1b2d3b1
2026081402,510d3470-7fcf-a6b6-9188-91e2fae35e6b,9100004,PROJECTA BRUTE FORCE THRESHOLD,2026-08-15T12:35:00.673830+0000,/login?ok=0&sid=510d3470-7fcf-a6b6-9188-91e2fae35e6b
2026081402,32e2582a-5c4b-cb58-17e1-ace62fe63135,9100004,PROJECTA BRUTE FORCE THRESHOLD,2026-08-15T12:35:00.854390+0000,/login?ok=0&sid=32e2582a-5c4b-cb58-17e1-ace62fe63135
2026081402,38ed7e2c-6cac-cef3-84d6-24518066c09e,9100004,PROJECTA BRUTE FORCE THRESHOLD,2026-08-15T12:35:00.259252+0000,/login?ok=0&sid=38ed7e2c-6cac-cef3-84d6-24518066c09e
2026081402,0d5837f3-fc16-8f84-bccf-07ba3f68dad8,9100004,PROJECTA BRUTE FORCE THRESHOLD,2026-08-15T12:35:00.906932+0000,/login?ok=0&sid=0d5837f3-fc16-8f84-bccf-07ba3f68dad8
2026081402,efcc4b7f-d9f4-f417-1826-b46751a3a2bd,9100004,PROJECTA BRUTE FORCE THRESHOLD,2026-08-15T12:35:00.918493+0000,/login?ok=0&sid=efcc4b7f-d9f4-f417-1826-b46751a3a2bd
2026081402,689c5401-374e-e0a3-b0fb-279b079f75bc,9100004,PROJECTA BRUTE FORCE THRESHOLD,2026-08-15T12:35:00.869577+0000,/login?ok=0&sid=689c5401-374e-e0a3-b0fb-279b079f75bc
2026081402,d421837c-73de-b797-6ee9-488fde42f72a,9100004,PROJECTA BRUTE FORCE THRESHOLD,2026-08-15T12:35:00.931298+0000,/login?ok=0&sid=d421837c-73de-b797-6ee9-488fde42f72a
2026081402,bee66819-55a6-c01e-3452-2f95d751e063,9100004,PROJECTA BRUTE FORCE THRESHOLD,2026-08-15T12:35:00.613199+0000,/login?ok=0&sid=bee66819-55a6-c01e-3452-2f95d751e063
2026081402,853665e7-53f6-3bfa-2191-58189e97b3c2,9100004,PROJECTA BRUTE FORCE THRESHOLD,2026-08-15T12:35:00.892459+0000,/login?ok=0&sid=853665e7-53f6-3bfa-2191-58189e97b3c2
2026081402,edb0e62e-5e46-e4bb-28d6-ca728ecc9592,9100004,PROJECTA BRUTE FORCE THRESHOLD,2026-08-15T12:34:59.603541+0000,/login?ok=0&sid=edb0e62e-5e46-e4bb-28d6-ca728ecc9592
2026081402,a43495ed-e390-a148-ad0e-aa76e2fb3cfe,9100004,PROJECTA BRUTE FORCE THRESHOLD,2026-08-15T12:35:01.017901+0000,/login?ok=0&sid=a43495ed-e390-a148-ad0e-aa76e2fb3cfe
2026081402,7d411b4e-f16e-d939-5f37-656bf6a8761c,9100004,PROJECTA BRUTE FORCE THRESHOLD,2026-08-15T12:35:00.629574+0000,/login?ok=0&sid=7d411b4e-f16e-d939-5f37-656bf6a8761c
2026081402,50e8f64d-44a1-a06c-341d-119e4971cc9a,9100004,PROJECTA BRUTE FORCE THRESHOLD,2026-08-15T12:34:59.628664+0000,/login?ok=0&sid=50e8f64d-44a1-a06c-341d-119e4971cc9a
2026081402,a216fe5e-a2d3-fc6c-550b-a4ffd70519a7,9100004,PROJECTA BRUTE FORCE THRESHOLD,2026-08-15T12:35:01.032955+0000,/login?ok=0&sid=a216fe5e-a2d3-fc6c-550b-a4ffd70519a7
2026081402,c6f3df5f-2549-a024-975a-b5c164cfb332,9100004,PROJECTA BRUTE FORCE THRESHOLD,2026-08-15T12:35:00.711855+0000,/login?ok=0&sid=c6f3df5f-2549-a024-975a-b5c164cfb332
2026081402,cf83fc7c-2cff-a67e-9d1a-00db92e71d21,9100003,PROJECTA COMMAND PROBE,2026-08-15T12:34:59.643988+0000,/cmd?x=id&sid=cf83fc7c-2cff-a67e-9d1a-00db92e71d21
2026081402,e9c56f0b-cdd2-fdac-9d17-837a37b36d52,9100004,PROJECTA BRUTE FORCE THRESHOLD,2026-08-15T12:35:00.842999+0000,/login?ok=0&sid=e9c56f0b-cdd2-fdac-9d17-837a37b36d52
2026081402,0e47ac2b-48f7-e836-b0e0-2b622c47e655,9100004,PROJECTA BRUTE FORCE THRESHOLD,2026-08-15T12:35:00.899785+0000,/login?ok=0&sid=0e47ac2b-48f7-e836-b0e0-2b622c47e655
2026081402,3cff0ab9-366b-884d-af04-fa6425a02dd2,9100004,PROJECTA BRUTE FORCE THRESHOLD,2026-08-15T12:35:00.825707+0000,/login?ok=0&sid=3cff0ab9-366b-884d-af04-fa6425a02dd2
2026081402,6fae0fde-c255-d03c-75bb-66852d07f6d8,9100002,PROJECTA PATH TRAVERSAL,2026-08-15T12:35:00.987843+0000,/%2e%2e/%2e%2e/etc/passwd?sid=6fae0fde-c255-d03c-75bb-66852d07f6d8
2026081402,483fcb55-f79b-6724-e16b-1da0f0b6b76b,9100004,PROJECTA BRUTE FORCE THRESHOLD,2026-08-15T12:35:01.003007+0000,/login?ok=0&sid=483fcb55-f79b-6724-e16b-1da0f0b6b76b
2026081402,49eed353-0f75-8a56-f260-bdbc3e06563c,9100004,PROJECTA BRUTE FORCE THRESHOLD,2026-08-15T12:35:01.046574+0000,/login?ok=0&sid=49eed353-0f75-8a56-f260-bdbc3e06563c
2026081403,24817e69-3674-21c9-1ec0-decaf3836d23,9100002,PROJECTA PATH TRAVERSAL,2026-08-15T12:35:08.283505+0000,/%2e%2e/%2e%2e/etc/passwd?sid=24817e69-3674-21c9-1ec0-decaf3836d23
2026081403,545ee3e8-dbf7-b310-c51a-979c03896d07,9100004,PROJECTA BRUTE FORCE THRESHOLD,2026-08-15T12:35:08.593035+0000,/login?ok=0&sid=545ee3e8-dbf7-b310-c51a-979c03896d07
2026081403,1f77d74c-8649-2551-e1a0-6900de5a360e,9100004,PROJECTA BRUTE FORCE THRESHOLD,2026-08-15T12:35:08.693852+0000,/login?ok=0&sid=1f77d74c-8649-2551-e1a0-6900de5a360e
2026081403,39437190-d7f7-9326-f1c4-08175a4b05de,9100004,PROJECTA BRUTE FORCE THRESHOLD,2026-08-15T12:35:08.324387+0000,/login?ok=0&sid=39437190-d7f7-9326-f1c4-08175a4b05de
2026081403,64b2db73-38b9-ac15-79b8-a103b6edad82,9100004,PROJECTA BRUTE FORCE THRESHOLD,2026-08-15T12:35:08.711785+0000,/login?ok=0&sid=64b2db73-38b9-ac15-79b8-a103b6edad82
2026081403,8d63e20f-bd12-c34d-37b5-12ec0bb07c8f,9100003,PROJECTA COMMAND PROBE,2026-08-15T12:35:08.528793+0000,/cmd?x=id&sid=8d63e20f-bd12-c34d-37b5-12ec0bb07c8f
2026081403,c2fbec28-7e3c-f81d-ce13-02e85904234a,9100004,PROJECTA BRUTE FORCE THRESHOLD,2026-08-15T12:35:08.375272+0000,/login?ok=0&sid=c2fbec28-7e3c-f81d-ce13-02e85904234a
2026081403,05dd88e5-a1fb-72f1-f902-4dd41fe7be59,9100004,PROJECTA BRUTE FORCE THRESHOLD,2026-08-15T12:35:08.725988+0000,/login?ok=0&sid=05dd88e5-a1fb-72f1-f902-4dd41fe7be59
2026081403,cbf1b185-f544-3dff-c4a3-82105b97313a,9100004,PROJECTA BRUTE FORCE THRESHOLD,2026-08-15T12:35:08.380814+0000,/login?ok=0&sid=cbf1b185-f544-3dff-c4a3-82105b97313a
2026081403,ea041afa-ceaf-f078-7c15-b37226adb024,9100004,PROJECTA BRUTE FORCE THRESHOLD,2026-08-15T12:35:08.606449+0000,/login?ok=0&sid=ea041afa-ceaf-f078-7c15-b37226adb024
2026081403,2949bc7a-76a3-fea8-010f-31d413251d3a,9100004,PROJECTA BRUTE FORCE THRESHOLD,2026-08-15T12:35:08.403072+0000,/login?ok=0&sid=2949bc7a-76a3-fea8-010f-31d413251d3a
2026081403,5935ee1e-8d5f-1633-acb8-9ef08046742d,9100004,PROJECTA BRUTE FORCE THRESHOLD,2026-08-15T12:35:08.939289+0000,/login?ok=0&sid=5935ee1e-8d5f-1633-acb8-9ef08046742d
2026081403,94c75fb7-18a0-46ad-a451-f11713257aad,9100004,PROJECTA BRUTE FORCE THRESHOLD,2026-08-15T12:35:08.578891+0000,/login?ok=0&sid=94c75fb7-18a0-46ad-a451-f11713257aad
2026081403,1711b078-8e9d-337d-e201-4211fa51907a,9100004,PROJECTA BRUTE FORCE THRESHOLD,2026-08-15T12:35:08.386436+0000,/login?ok=0&sid=1711b078-8e9d-337d-e201-4211fa51907a
2026081403,020cbcb5-bdc7-3f90-ef20-938d12b26c48,9100004,PROJECTA BRUTE FORCE THRESHOLD,2026-08-15T12:35:08.679086+0000,/login?ok=0&sid=020cbcb5-bdc7-3f90-ef20-938d12b26c48
2026081403,d2b841ca-f01e-4d1a-c814-a0a235ce31e5,9100004,PROJECTA BRUTE FORCE THRESHOLD,2026-08-15T12:35:08.954272+0000,/login?ok=0&sid=d2b841ca-f01e-4d1a-c814-a0a235ce31e5
2026081403,5d69ab84-781c-5d47-4de6-f2fbd5a30c92,9100004,PROJECTA BRUTE FORCE THRESHOLD,2026-08-15T12:35:08.613368+0000,/login?ok=0&sid=5d69ab84-781c-5d47-4de6-f2fbd5a30c92
2026081403,4e6892fa-81dc-4860-57b5-ee11eae7ef96,9100004,PROJECTA BRUTE FORCE THRESHOLD,2026-08-15T12:35:08.398173+0000,/login?ok=0&sid=4e6892fa-81dc-4860-57b5-ee11eae7ef96
2026081403,089e8756-8fc5-a184-1e91-241125ba87be,9100004,PROJECTA BRUTE FORCE THRESHOLD,2026-08-15T12:35:08.568311+0000,/login?ok=0&sid=089e8756-8fc5-a184-1e91-241125ba87be
2026081403,3bf60ddd-ecde-d966-c582-5f57b19c79c6,9100004,PROJECTA BRUTE FORCE THRESHOLD,2026-08-15T12:35:09.138120+0000,/login?ok=0&sid=3bf60ddd-ecde-d966-c582-5f57b19c79c6
2026081403,b9124b81-2ea5-96dd-fa47-6b39bd67dc58,9100004,PROJECTA BRUTE FORCE THRESHOLD,2026-08-15T12:35:08.699908+0000,/login?ok=0&sid=b9124b81-2ea5-96dd-fa47-6b39bd67dc58
2026081403,b2ed28fe-cefc-cc73-2212-87b0e6874cb3,9100004,PROJECTA BRUTE FORCE THRESHOLD,2026-08-15T12:35:09.267852+0000,/login?ok=0&sid=b2ed28fe-cefc-cc73-2212-87b0e6874cb3
2026081403,84f60aef-5bbe-f906-2735-bb79f2a9f4b3,9100001,PROJECTA ADMIN SENSITIVE ACCESS,2026-08-15T12:35:08.870591+0000,/admin/secret?sid=84f60aef-5bbe-f906-2735-bb79f2a9f4b3
2026081403,c91663cb-e192-1d25-4d87-ff4aaad3190c,9100004,PROJECTA BRUTE FORCE THRESHOLD,2026-08-15T12:35:09.105429+0000,/login?ok=0&sid=c91663cb-e192-1d25-4d87-ff4aaad3190c
2026081403,3b5d5976-a811-7522-698b-99cf338c90a9,9100003,PROJECTA COMMAND PROBE,2026-08-15T12:35:08.413573+0000,/cmd?x=id&sid=3b5d5976-a811-7522-698b-99cf338c90a9
2026081403,668375b1-0de7-5ded-ed62-bc785d313459,9100001,PROJECTA ADMIN SENSITIVE ACCESS,2026-08-15T12:35:09.018791+0000,/admin/secret?sid=668375b1-0de7-5ded-ed62-bc785d313459
2026081403,5bd5f24c-d00d-5f09-50d4-f45afb98d40b,9100002,PROJECTA PATH TRAVERSAL,2026-08-15T12:35:08.855492+0000,/%2e%2e/%2e%2e/etc/passwd?sid=5bd5f24c-d00d-5f09-50d4-f45afb98d40b
2026081403,0ab63aa8-5f8a-b3e9-6b2d-503aca80c6f4,9100004,PROJECTA BRUTE FORCE THRESHOLD,2026-08-15T12:35:09.276222+0000,/login?ok=0&sid=0ab63aa8-5f8a-b3e9-6b2d-503aca80c6f4
2026081403,c019d8be-3fb9-2747-e606-8ac7e9c4a8d1,9100002,PROJECTA PATH TRAVERSAL,2026-08-15T12:35:08.835097+0000,/%2e%2e/%2e%2e/etc/passwd?sid=c019d8be-3fb9-2747-e606-8ac7e9c4a8d1
2026081403,01dc720a-5a9c-3969-f87a-80454fa39258,9100004,PROJECTA BRUTE FORCE THRESHOLD,2026-08-15T12:35:09.297410+0000,/login?ok=0&sid=01dc720a-5a9c-3969-f87a-80454fa39258
2026081403,4176c92f-0a75-369a-c2c0-dce38aaab65d,9100004,PROJECTA BRUTE FORCE THRESHOLD,2026-08-15T12:35:08.963485+0000,/login?ok=0&sid=4176c92f-0a75-369a-c2c0-dce38aaab65d
2026081403,0ca0ccdc-8920-09b9-e747-183366f7f7f4,9100004,PROJECTA BRUTE FORCE THRESHOLD,2026-08-15T12:35:09.283936+0000,/login?ok=0&sid=0ca0ccdc-8920-09b9-e747-183366f7f7f4
2026081403,3bc5a4b8-30f5-b92b-ae50-fdc868a439ad,9100004,PROJECTA BRUTE FORCE THRESHOLD,2026-08-15T12:35:08.975430+0000,/login?ok=0&sid=3bc5a4b8-30f5-b92b-ae50-fdc868a439ad
2026081403,293f05a0-286a-776c-28d6-b7f50c6a7121,9100004,PROJECTA BRUTE FORCE THRESHOLD,2026-08-15T12:35:09.118551+0000,/login?ok=0&sid=293f05a0-286a-776c-28d6-b7f50c6a7121
2026081403,df1e0d1b-5607-9369-7d2a-a3c26380337a,9100004,PROJECTA BRUTE FORCE THRESHOLD,2026-08-15T12:35:09.474405+0000,/login?ok=0&sid=df1e0d1b-5607-9369-7d2a-a3c26380337a
2026081403,a8b01379-f5f8-44fd-9b05-92f85ba0c6dc,9100004,PROJECTA BRUTE FORCE THRESHOLD,2026-08-15T12:35:09.780185+0000,/login?ok=0&sid=a8b01379-f5f8-44fd-9b05-92f85ba0c6dc
2026081403,d64367ae-c22b-f33d-54b4-9977593cc5ff,9100004,PROJECTA BRUTE FORCE THRESHOLD,2026-08-15T12:35:08.968773+0000,/login?ok=0&sid=d64367ae-c22b-f33d-54b4-9977593cc5ff
2026081403,0fe05478-bbf2-d820-8dda-dc4576a4ecf7,9100002,PROJECTA PATH TRAVERSAL,2026-08-15T12:35:09.207321+0000,/%2e%2e/%2e%2e/etc/passwd?sid=0fe05478-bbf2-d820-8dda-dc4576a4ecf7
2026081403,82cc40a3-85c9-a42c-3b23-1aa4e04b6fb8,9100002,PROJECTA PATH TRAVERSAL,2026-08-15T12:35:09.313222+0000,/%2e%2e/%2e%2e/etc/passwd?sid=82cc40a3-85c9-a42c-3b23-1aa4e04b6fb8
2026081403,63b9c516-1a34-504b-421a-1e6746ee8605,9100004,PROJECTA BRUTE FORCE THRESHOLD,2026-08-15T12:35:09.636769+0000,/login?ok=0&sid=63b9c516-1a34-504b-421a-1e6746ee8605
2026081403,81f2db94-10ff-164d-4a3c-be95097534e5,9100004,PROJECTA BRUTE FORCE THRESHOLD,2026-08-15T12:35:09.126083+0000,/login?ok=0&sid=81f2db94-10ff-164d-4a3c-be95097534e5
2026081403,25b0bb24-c7d1-e7bd-516e-fdca5abb71aa,9100001,PROJECTA ADMIN SENSITIVE ACCESS,2026-08-15T12:35:09.323447+0000,/admin/secret?sid=25b0bb24-c7d1-e7bd-516e-fdca5abb71aa
2026081403,d511220a-6027-c919-2aad-216d6ce9debd,9100004,PROJECTA BRUTE FORCE THRESHOLD,2026-08-15T12:35:09.134012+0000,/login?ok=0&sid=d511220a-6027-c919-2aad-216d6ce9debd
2026081403,9611158f-292c-acb7-3015-e5c70597e2d8,9100004,PROJECTA BRUTE FORCE THRESHOLD,2026-08-15T12:35:09.457500+0000,/login?ok=0&sid=9611158f-292c-acb7-3015-e5c70597e2d8
2026081403,4d2ca65f-d162-8217-b533-bb9168180d02,9100004,PROJECTA BRUTE FORCE THRESHOLD,2026-08-15T12:35:09.289373+0000,/login?ok=0&sid=4d2ca65f-d162-8217-b533-bb9168180d02
2026081403,9142086d-661a-d8b0-5a7c-1627affe51da,9100004,PROJECTA BRUTE FORCE THRESHOLD,2026-08-15T12:35:09.452875+0000,/login?ok=0&sid=9142086d-661a-d8b0-5a7c-1627affe51da
2026081403,33a13570-a0b2-9631-a335-4af0b46fd9ec,9100004,PROJECTA BRUTE FORCE THRESHOLD,2026-08-15T12:35:09.621386+0000,/login?ok=0&sid=33a13570-a0b2-9631-a335-4af0b46fd9ec
2026081403,52943284-1a77-5764-9da8-fd1cde64f930,9100004,PROJECTA BRUTE FORCE THRESHOLD,2026-08-15T12:35:09.552334+0000,/login?ok=0&sid=52943284-1a77-5764-9da8-fd1cde64f930
2026081403,864077d0-3067-f8dc-1a78-67a7b129b3ee,9100004,PROJECTA BRUTE FORCE THRESHOLD,2026-08-15T12:35:09.534246+0000,/login?ok=0&sid=864077d0-3067-f8dc-1a78-67a7b129b3ee
2026081403,108341c5-a241-a7d5-bb15-5ea40763e874,9100004,PROJECTA BRUTE FORCE THRESHOLD,2026-08-15T12:35:09.466625+0000,/login?ok=0&sid=108341c5-a241-a7d5-bb15-5ea40763e874
2026081403,12ba2719-c0f0-ee8b-403d-8bfed8b3552d,9100004,PROJECTA BRUTE FORCE THRESHOLD,2026-08-15T12:35:09.675956+0000,/login?ok=0&sid=12ba2719-c0f0-ee8b-403d-8bfed8b3552d
2026081403,5b0e6011-a4d5-574f-d779-1c581b90846e,9100004,PROJECTA BRUTE FORCE THRESHOLD,2026-08-15T12:35:09.784027+0000,/login?ok=0&sid=5b0e6011-a4d5-574f-d779-1c581b90846e
2026081403,b822f805-66ff-74bb-6494-d289befa9746,9100004,PROJECTA BRUTE FORCE THRESHOLD,2026-08-15T12:35:10.079431+0000,/login?ok=0&sid=b822f805-66ff-74bb-6494-d289befa9746
2026081403,3f1ce35e-5a2b-33a1-6276-c36f261b1949,9100004,PROJECTA BRUTE FORCE THRESHOLD,2026-08-15T12:35:10.188886+0000,/login?ok=0&sid=3f1ce35e-5a2b-33a1-6276-c36f261b1949
2026081403,b26fae5d-5299-da0f-5389-8e44f3e180d0,9100004,PROJECTA BRUTE FORCE THRESHOLD,2026-08-15T12:35:10.222041+0000,/login?ok=0&sid=b26fae5d-5299-da0f-5389-8e44f3e180d0
2026081403,21b4b798-0650-68a1-8945-dbef5b96b1f1,9100004,PROJECTA BRUTE FORCE THRESHOLD,2026-08-15T12:35:09.540626+0000,/login?ok=0&sid=21b4b798-0650-68a1-8945-dbef5b96b1f1
2026081403,57d01d51-5d3d-3212-0619-7d1739c87973,9100004,PROJECTA BRUTE FORCE THRESHOLD,2026-08-15T12:35:09.484783+0000,/login?ok=0&sid=57d01d51-5d3d-3212-0619-7d1739c87973
2026081403,30f6afc3-eef3-6333-f5e8-c1f36aee2041,9100004,PROJECTA BRUTE FORCE THRESHOLD,2026-08-15T12:35:10.383710+0000,/login?ok=0&sid=30f6afc3-eef3-6333-f5e8-c1f36aee2041
2026081403,ebb2aa64-6df9-5f11-6fd5-b9f6718f7b7a,9100004,PROJECTA BRUTE FORCE THRESHOLD,2026-08-15T12:35:09.647165+0000,/login?ok=0&sid=ebb2aa64-6df9-5f11-6fd5-b9f6718f7b7a
2026081403,880d5d6d-8901-87e7-9e0f-57d0537f50e6,9100004,PROJECTA BRUTE FORCE THRESHOLD,2026-08-15T12:35:09.662153+0000,/login?ok=0&sid=880d5d6d-8901-87e7-9e0f-57d0537f50e6
2026081403,fae6b1fc-cf00-a624-0f53-844600c7423d,9100004,PROJECTA BRUTE FORCE THRESHOLD,2026-08-15T12:35:11.257274+0000,/login?ok=0&sid=fae6b1fc-cf00-a624-0f53-844600c7423d
2026081403,674f43ad-4b21-54b2-90c2-672e1a362035,9100004,PROJECTA BRUTE FORCE THRESHOLD,2026-08-15T12:35:10.041503+0000,/login?ok=0&sid=674f43ad-4b21-54b2-90c2-672e1a362035
2026081403,d6c59858-01a1-4122-4ef8-5cf462c75980,9100004,PROJECTA BRUTE FORCE THRESHOLD,2026-08-15T12:35:10.403547+0000,/login?ok=0&sid=d6c59858-01a1-4122-4ef8-5cf462c75980
2026081403,b6167799-ff27-03f9-4956-84946d9e4f0a,9100004,PROJECTA BRUTE FORCE THRESHOLD,2026-08-15T12:35:09.547055+0000,/login?ok=0&sid=b6167799-ff27-03f9-4956-84946d9e4f0a
2026081403,05ff3824-e00f-e86f-e0bf-cc60da677e2e,9100004,PROJECTA BRUTE FORCE THRESHOLD,2026-08-15T12:35:09.559494+0000,/login?ok=0&sid=05ff3824-e00f-e86f-e0bf-cc60da677e2e
2026081403,44290c93-03ef-faaa-e819-c16f6d43cd2a,9100004,PROJECTA BRUTE FORCE THRESHOLD,2026-08-15T12:35:10.661998+0000,/login?ok=0&sid=44290c93-03ef-faaa-e819-c16f6d43cd2a
2026081403,ecc40c7f-bcb4-dad7-a1f0-87b853f9357e,9100004,PROJECTA BRUTE FORCE THRESHOLD,2026-08-15T12:35:09.803216+0000,/login?ok=0&sid=ecc40c7f-bcb4-dad7-a1f0-87b853f9357e
2026081403,baa5db92-2783-47f7-26b7-706c613b245e,9100004,PROJECTA BRUTE FORCE THRESHOLD,2026-08-15T12:35:09.790277+0000,/login?ok=0&sid=baa5db92-2783-47f7-26b7-706c613b245e
2026081403,e72ad337-e6f5-058c-55c4-5829789a9b40,9100004,PROJECTA BRUTE FORCE THRESHOLD,2026-08-15T12:35:10.607377+0000,/login?ok=0&sid=e72ad337-e6f5-058c-55c4-5829789a9b40
2026081403,c8bfcf3d-d66b-51c0-a2aa-a62e2dba56e9,9100004,PROJECTA BRUTE FORCE THRESHOLD,2026-08-15T12:35:10.707862+0000,/login?ok=0&sid=c8bfcf3d-d66b-51c0-a2aa-a62e2dba56e9
2026081403,0bdc4ba8-9724-b7d7-e3d1-7feec6efb930,9100004,PROJECTA BRUTE FORCE THRESHOLD,2026-08-15T12:35:10.063256+0000,/login?ok=0&sid=0bdc4ba8-9724-b7d7-e3d1-7feec6efb930
2026081403,2574115a-8ba0-91c3-9b79-ae49eb2cfdfe,9100004,PROJECTA BRUTE FORCE THRESHOLD,2026-08-15T12:35:10.819471+0000,/login?ok=0&sid=2574115a-8ba0-91c3-9b79-ae49eb2cfdfe
2026081403,65daa754-cb29-418c-3471-f1dfab27d58b,9100004,PROJECTA BRUTE FORCE THRESHOLD,2026-08-15T12:35:10.846083+0000,/login?ok=0&sid=65daa754-cb29-418c-3471-f1dfab27d58b
2026081403,772582df-f76b-325d-5b19-4fe1ba48493a,9100004,PROJECTA BRUTE FORCE THRESHOLD,2026-08-15T12:35:10.048311+0000,/login?ok=0&sid=772582df-f76b-325d-5b19-4fe1ba48493a
2026081403,2064e0de-7161-0829-6529-1832eab85d67,9100004,PROJECTA BRUTE FORCE THRESHOLD,2026-08-15T12:35:11.125053+0000,/login?ok=0&sid=2064e0de-7161-0829-6529-1832eab85d67
2026081403,b3e2cb8a-3d9b-acf5-e06c-8b04343c8bdd,9100004,PROJECTA BRUTE FORCE THRESHOLD,2026-08-15T12:35:10.368045+0000,/login?ok=0&sid=b3e2cb8a-3d9b-acf5-e06c-8b04343c8bdd
2026081403,b91998a4-68f4-b4ac-9101-2699c6837a52,9100004,PROJECTA BRUTE FORCE THRESHOLD,2026-08-15T12:35:10.353996+0000,/login?ok=0&sid=b91998a4-68f4-b4ac-9101-2699c6837a52
2026081403,9b15871f-7d4d-c1a8-a481-ba5cfcf88bbf,9100004,PROJECTA BRUTE FORCE THRESHOLD,2026-08-15T12:35:11.157725+0000,/login?ok=0&sid=9b15871f-7d4d-c1a8-a481-ba5cfcf88bbf
2026081403,bfbc22ea-a309-3045-c9b4-9700a0280000,9100004,PROJECTA BRUTE FORCE THRESHOLD,2026-08-15T12:35:11.146090+0000,/login?ok=0&sid=bfbc22ea-a309-3045-c9b4-9700a0280000
2026081403,c4ac2a61-a8d2-31dc-91b9-590042cf1c30,9100004,PROJECTA BRUTE FORCE THRESHOLD,2026-08-15T12:35:10.394550+0000,/login?ok=0&sid=c4ac2a61-a8d2-31dc-91b9-590042cf1c30
2026081403,ba107eac-3dee-54aa-83d3-37a06ab65a18,9100004,PROJECTA BRUTE FORCE THRESHOLD,2026-08-15T12:35:10.465414+0000,/login?ok=0&sid=ba107eac-3dee-54aa-83d3-37a06ab65a18
2026081403,54428090-f082-365b-1bff-947b72f0bff7,9100004,PROJECTA BRUTE FORCE THRESHOLD,2026-08-15T12:35:10.436069+0000,/login?ok=0&sid=54428090-f082-365b-1bff-947b72f0bff7
2026081403,25d350e1-f3b1-500b-d6ae-e1d77c9edf18,9100004,PROJECTA BRUTE FORCE THRESHOLD,2026-08-15T12:35:10.964951+0000,/login?ok=0&sid=25d350e1-f3b1-500b-d6ae-e1d77c9edf18
2026081403,9bb512e6-2b83-d395-5ba5-e2172b6ebe2b,9100004,PROJECTA BRUTE FORCE THRESHOLD,2026-08-15T12:35:11.207565+0000,/login?ok=0&sid=9bb512e6-2b83-d395-5ba5-e2172b6ebe2b
2026081403,2e2f6df9-7917-546c-de4a-abed23b75f43,9100004,PROJECTA BRUTE FORCE THRESHOLD,2026-08-15T12:35:10.825024+0000,/login?ok=0&sid=2e2f6df9-7917-546c-de4a-abed23b75f43
2026081403,33cc09ed-3082-091f-7b5d-dc29b9ecfcac,9100004,PROJECTA BRUTE FORCE THRESHOLD,2026-08-15T12:35:11.238682+0000,/login?ok=0&sid=33cc09ed-3082-091f-7b5d-dc29b9ecfcac
2026081403,25b196a3-2203-8a00-6ccf-d92af4ce5708,9100004,PROJECTA BRUTE FORCE THRESHOLD,2026-08-15T12:35:10.581121+0000,/login?ok=0&sid=25b196a3-2203-8a00-6ccf-d92af4ce5708
2026081403,95e37073-4d4a-eb81-c83a-c52e4f9f821c,9100004,PROJECTA BRUTE FORCE THRESHOLD,2026-08-15T12:35:10.205165+0000,/login?ok=0&sid=95e37073-4d4a-eb81-c83a-c52e4f9f821c
2026081403,253abc86-7ec8-9f96-8ca5-1e8fa171392b,9100004,PROJECTA BRUTE FORCE THRESHOLD,2026-08-15T12:35:10.959405+0000,/login?ok=0&sid=253abc86-7ec8-9f96-8ca5-1e8fa171392b
2026081403,be066648-bfb4-219e-32ad-2241d8005aba,9100004,PROJECTA BRUTE FORCE THRESHOLD,2026-08-15T12:35:10.456019+0000,/login?ok=0&sid=be066648-bfb4-219e-32ad-2241d8005aba
2026081403,415e5563-82b7-8f08-373d-f68228d19a13,9100004,PROJECTA BRUTE FORCE THRESHOLD,2026-08-15T12:35:10.441016+0000,/login?ok=0&sid=415e5563-82b7-8f08-373d-f68228d19a13
2026081403,33d5f731-f8f1-47e2-b14c-979f61d2bf8a,9100004,PROJECTA BRUTE FORCE THRESHOLD,2026-08-15T12:35:10.703321+0000,/login?ok=0&sid=33d5f731-f8f1-47e2-b14c-979f61d2bf8a
2026081403,8c99f4f6-c105-5954-fe67-9cbe703ac8dd,9100004,PROJECTA BRUTE FORCE THRESHOLD,2026-08-15T12:35:11.167759+0000,/login?ok=0&sid=8c99f4f6-c105-5954-fe67-9cbe703ac8dd
2026081403,dfb72ad5-71f3-28df-ed50-c7cf96cb18d9,9100004,PROJECTA BRUTE FORCE THRESHOLD,2026-08-15T12:35:10.471777+0000,/login?ok=0&sid=dfb72ad5-71f3-28df-ed50-c7cf96cb18d9
2026081403,418905cf-29a2-bc21-45a8-a0a4b7c74bff,9100004,PROJECTA BRUTE FORCE THRESHOLD,2026-08-15T12:35:10.690137+0000,/login?ok=0&sid=418905cf-29a2-bc21-45a8-a0a4b7c74bff
2026081403,fe731ab7-f9b1-3878-407a-172981c51ac0,9100004,PROJECTA BRUTE FORCE THRESHOLD,2026-08-15T12:35:11.319438+0000,/login?ok=0&sid=fe731ab7-f9b1-3878-407a-172981c51ac0
2026081403,149b8462-b28c-b625-488b-5b4f628f9dd5,9100004,PROJECTA BRUTE FORCE THRESHOLD,2026-08-15T12:35:09.819228+0000,/login?ok=0&sid=149b8462-b28c-b625-488b-5b4f628f9dd5
2026081403,0e8e7b11-e9bd-4865-4351-4f718c575152,9100004,PROJECTA BRUTE FORCE THRESHOLD,2026-08-15T12:35:11.346860+0000,/login?ok=0&sid=0e8e7b11-e9bd-4865-4351-4f718c575152
2026081403,8ef73266-effd-0557-d7e2-ce8f364d7bc7,9100004,PROJECTA BRUTE FORCE THRESHOLD,2026-08-15T12:35:10.571681+0000,/login?ok=0&sid=8ef73266-effd-0557-d7e2-ce8f364d7bc7
2026081403,522f8658-4785-5004-f582-a478d7a65aa4,9100004,PROJECTA BRUTE FORCE THRESHOLD,2026-08-15T12:35:10.938638+0000,/login?ok=0&sid=522f8658-4785-5004-f582-a478d7a65aa4
2026081403,08303d71-f88e-56fa-1d0e-fc011b753ca1,9100004,PROJECTA BRUTE FORCE THRESHOLD,2026-08-15T12:35:10.586412+0000,/login?ok=0&sid=08303d71-f88e-56fa-1d0e-fc011b753ca1
2026081403,139c521f-6eda-2eaa-ee05-fd2953b17693,9100004,PROJECTA BRUTE FORCE THRESHOLD,2026-08-15T12:35:11.243687+0000,/login?ok=0&sid=139c521f-6eda-2eaa-ee05-fd2953b17693
2026081403,fb99b1da-4926-4a34-1836-c66ac5f76eb3,9100004,PROJECTA BRUTE FORCE THRESHOLD,2026-08-15T12:35:10.677201+0000,/login?ok=0&sid=fb99b1da-4926-4a34-1836-c66ac5f76eb3
2026081403,18b6d764-1223-5295-d6e3-6a4138455f77,9100004,PROJECTA BRUTE FORCE THRESHOLD,2026-08-15T12:35:10.068273+0000,/login?ok=0&sid=18b6d764-1223-5295-d6e3-6a4138455f77
2026081403,8dfff2f8-d587-f3b2-cc74-f05503a32197,9100004,PROJECTA BRUTE FORCE THRESHOLD,2026-08-15T12:35:10.832469+0000,/login?ok=0&sid=8dfff2f8-d587-f3b2-cc74-f05503a32197
2026081403,9b102562-446c-7e51-93f7-1cf34d3e23d7,9100001,PROJECTA ADMIN SENSITIVE ACCESS,2026-08-15T12:35:10.622821+0000,/admin/secret?sid=9b102562-446c-7e51-93f7-1cf34d3e23d7
2026081403,bd4bb413-4fd5-f536-c702-81331425f058,9100004,PROJECTA BRUTE FORCE THRESHOLD,2026-08-15T12:35:10.166465+0000,/login?ok=0&sid=bd4bb413-4fd5-f536-c702-81331425f058
2026081403,904e0940-b90c-e683-08f2-638dd3e01ce2,9100004,PROJECTA BRUTE FORCE THRESHOLD,2026-08-15T12:35:10.858706+0000,/login?ok=0&sid=904e0940-b90c-e683-08f2-638dd3e01ce2
2026081403,d45ef171-5941-d8f0-d52b-866cc190fe19,9100004,PROJECTA BRUTE FORCE THRESHOLD,2026-08-15T12:35:10.954712+0000,/login?ok=0&sid=d45ef171-5941-d8f0-d52b-866cc190fe19
2026081403,90b8ee76-bb0f-a7be-f6d4-114132a5ecf1,9100004,PROJECTA BRUTE FORCE THRESHOLD,2026-08-15T12:35:10.174897+0000,/login?ok=0&sid=90b8ee76-bb0f-a7be-f6d4-114132a5ecf1
2026081403,13b8f592-10af-95f6-8174-02518c045a80,9100004,PROJECTA BRUTE FORCE THRESHOLD,2026-08-15T12:35:10.981467+0000,/login?ok=0&sid=13b8f592-10af-95f6-8174-02518c045a80
2026081403,48224008-0176-6944-a33f-ddddc0db8af5,9100004,PROJECTA BRUTE FORCE THRESHOLD,2026-08-15T12:35:11.309822+0000,/login?ok=0&sid=48224008-0176-6944-a33f-ddddc0db8af5
2026081403,24c0a632-de90-f0fb-fcfd-fdacc219f615,9100004,PROJECTA BRUTE FORCE THRESHOLD,2026-08-15T12:35:10.601885+0000,/login?ok=0&sid=24c0a632-de90-f0fb-fcfd-fdacc219f615
2026081403,32ed189b-9d8a-d312-cc3e-d2d54107c72c,9100004,PROJECTA BRUTE FORCE THRESHOLD,2026-08-15T12:35:11.330830+0000,/login?ok=0&sid=32ed189b-9d8a-d312-cc3e-d2d54107c72c
2026081403,e4e3f7e4-85bb-3daf-a4fb-c8905185607e,9100004,PROJECTA BRUTE FORCE THRESHOLD,2026-08-15T12:35:11.221917+0000,/login?ok=0&sid=e4e3f7e4-85bb-3daf-a4fb-c8905185607e
2026081403,58ff5c3e-8fd9-185b-2ff0-117addfc57e0,9100004,PROJECTA BRUTE FORCE THRESHOLD,2026-08-15T12:35:11.137604+0000,/login?ok=0&sid=58ff5c3e-8fd9-185b-2ff0-117addfc57e0
2026081403,f65d4f6d-b675-8673-44f6-532ab68e9d41,9100004,PROJECTA BRUTE FORCE THRESHOLD,2026-08-15T12:35:11.300555+0000,/login?ok=0&sid=f65d4f6d-b675-8673-44f6-532ab68e9d41
2026081404,8681a95b-fc5c-a2bb-5b7d-17232b35d1e4,9100004,PROJECTA BRUTE FORCE THRESHOLD,2026-08-15T12:35:18.562139+0000,/login?ok=0&sid=8681a95b-fc5c-a2bb-5b7d-17232b35d1e4
2026081404,6703bfbc-0971-bb2d-a577-4b3684a1ad47,9100004,PROJECTA BRUTE FORCE THRESHOLD,2026-08-15T12:35:18.677198+0000,/login?ok=0&sid=6703bfbc-0971-bb2d-a577-4b3684a1ad47
2026081404,f55b85fb-d729-e917-df5e-01506d6418ba,9100004,PROJECTA BRUTE FORCE THRESHOLD,2026-08-15T12:35:19.159273+0000,/login?ok=0&sid=f55b85fb-d729-e917-df5e-01506d6418ba
2026081404,c62810d1-9240-b261-035f-db1ee28427ce,9100004,PROJECTA BRUTE FORCE THRESHOLD,2026-08-15T12:35:18.524455+0000,/login?ok=0&sid=c62810d1-9240-b261-035f-db1ee28427ce
2026081404,c4f2c258-186f-8115-6ceb-4b50d8878018,9100004,PROJECTA BRUTE FORCE THRESHOLD,2026-08-15T12:35:19.170629+0000,/login?ok=0&sid=c4f2c258-186f-8115-6ceb-4b50d8878018
2026081404,0fd5a3b8-562f-b90f-3149-067fe5b23029,9100004,PROJECTA BRUTE FORCE THRESHOLD,2026-08-15T12:35:18.658262+0000,/login?ok=0&sid=0fd5a3b8-562f-b90f-3149-067fe5b23029
2026081404,a2fb5502-2594-8979-a48f-272d4ba06f3d,9100004,PROJECTA BRUTE FORCE THRESHOLD,2026-08-15T12:35:18.665325+0000,/login?ok=0&sid=a2fb5502-2594-8979-a48f-272d4ba06f3d
2026081404,f18d16d3-fa81-faa7-7e22-f91c652401e4,9100004,PROJECTA BRUTE FORCE THRESHOLD,2026-08-15T12:35:19.423112+0000,/login?ok=0&sid=f18d16d3-fa81-faa7-7e22-f91c652401e4
2026081404,1b370ab2-ab47-7117-0aa4-f3540b461956,9100003,PROJECTA COMMAND PROBE,2026-08-15T12:35:19.649782+0000,/cmd?x=id&sid=1b370ab2-ab47-7117-0aa4-f3540b461956
2026081404,005bb7de-bbfd-1620-15bd-c42a1031a80e,9100004,PROJECTA BRUTE FORCE THRESHOLD,2026-08-15T12:35:19.057290+0000,/login?ok=0&sid=005bb7de-bbfd-1620-15bd-c42a1031a80e
2026081404,99a3a954-b355-d611-d33e-d548346b9fdc,9100004,PROJECTA BRUTE FORCE THRESHOLD,2026-08-15T12:35:18.644957+0000,/login?ok=0&sid=99a3a954-b355-d611-d33e-d548346b9fdc
2026081404,15839658-5a67-4088-08f9-ec10898d1649,9100001,PROJECTA ADMIN SENSITIVE ACCESS,2026-08-15T12:35:18.874603+0000,/admin/secret?sid=15839658-5a67-4088-08f9-ec10898d1649
2026081404,c5c509c2-c952-d2c0-c3d7-8b0d2a25d0fe,9100002,PROJECTA PATH TRAVERSAL,2026-08-15T12:35:18.612664+0000,/%2e%2e/%2e%2e/etc/passwd?sid=c5c509c2-c952-d2c0-c3d7-8b0d2a25d0fe
2026081404,a76b7553-145a-7fa8-7242-eadd71460382,9100004,PROJECTA BRUTE FORCE THRESHOLD,2026-08-15T12:35:19.225955+0000,/login?ok=0&sid=a76b7553-145a-7fa8-7242-eadd71460382
2026081404,5ee915a0-fccf-1af7-7b8c-11c6c0dac551,9100004,PROJECTA BRUTE FORCE THRESHOLD,2026-08-15T12:35:19.244646+0000,/login?ok=0&sid=5ee915a0-fccf-1af7-7b8c-11c6c0dac551
2026081404,590bc93c-da2a-60ce-6b4c-de67df305180,9100004,PROJECTA BRUTE FORCE THRESHOLD,2026-08-15T12:35:19.036443+0000,/login?ok=0&sid=590bc93c-da2a-60ce-6b4c-de67df305180
2026081404,b3988a3b-e3ab-8b8c-9688-1743af8841b0,9100004,PROJECTA BRUTE FORCE THRESHOLD,2026-08-15T12:35:19.027966+0000,/login?ok=0&sid=b3988a3b-e3ab-8b8c-9688-1743af8841b0
2026081404,e43821d5-ad1a-0399-bdc8-a90899c41cea,9100004,PROJECTA BRUTE FORCE THRESHOLD,2026-08-15T12:35:19.131405+0000,/login?ok=0&sid=e43821d5-ad1a-0399-bdc8-a90899c41cea
2026081404,052f26b1-dee3-80c0-7578-1f6441ac6687,9100004,PROJECTA BRUTE FORCE THRESHOLD,2026-08-15T12:35:19.043705+0000,/login?ok=0&sid=052f26b1-dee3-80c0-7578-1f6441ac6687
2026081404,ae24ced1-030f-d8b8-4373-881161b7ffde,9100004,PROJECTA BRUTE FORCE THRESHOLD,2026-08-15T12:35:19.808437+0000,/login?ok=0&sid=ae24ced1-030f-d8b8-4373-881161b7ffde
2026081404,90c76191-9e21-b89a-9edf-95837cb487a5,9100004,PROJECTA BRUTE FORCE THRESHOLD,2026-08-15T12:35:19.305858+0000,/login?ok=0&sid=90c76191-9e21-b89a-9edf-95837cb487a5
2026081404,14867882-999a-64ce-1d62-1a011e403a60,9100004,PROJECTA BRUTE FORCE THRESHOLD,2026-08-15T12:35:19.048368+0000,/login?ok=0&sid=14867882-999a-64ce-1d62-1a011e403a60
2026081404,ee59e2cc-0579-be7f-0080-53848070e6b3,9100004,PROJECTA BRUTE FORCE THRESHOLD,2026-08-15T12:35:19.344527+0000,/login?ok=0&sid=ee59e2cc-0579-be7f-0080-53848070e6b3
2026081404,71a59d8f-038c-a7d2-6481-ed4a1099d308,9100002,PROJECTA PATH TRAVERSAL,2026-08-15T12:35:18.979265+0000,/%2e%2e/%2e%2e/etc/passwd?sid=71a59d8f-038c-a7d2-6481-ed4a1099d308
2026081404,225bbffe-2040-4965-c8cd-4fb067cbc677,9100004,PROJECTA BRUTE FORCE THRESHOLD,2026-08-15T12:35:19.436836+0000,/login?ok=0&sid=225bbffe-2040-4965-c8cd-4fb067cbc677
2026081404,bf2052bd-9ccf-2fb3-2319-a27a94a1bcf8,9100004,PROJECTA BRUTE FORCE THRESHOLD,2026-08-15T12:35:19.143847+0000,/login?ok=0&sid=bf2052bd-9ccf-2fb3-2319-a27a94a1bcf8
2026081404,7de4f509-704d-daf2-dd4f-836eb8a309be,9100004,PROJECTA BRUTE FORCE THRESHOLD,2026-08-15T12:35:19.327324+0000,/login?ok=0&sid=7de4f509-704d-daf2-dd4f-836eb8a309be
2026081404,67596ba6-7d26-0984-cf23-78ddd762a3e4,9100004,PROJECTA BRUTE FORCE THRESHOLD,2026-08-15T12:35:19.401499+0000,/login?ok=0&sid=67596ba6-7d26-0984-cf23-78ddd762a3e4
2026081404,0750898d-8edc-3fdb-c11b-7d130c03dffe,9100004,PROJECTA BRUTE FORCE THRESHOLD,2026-08-15T12:35:19.180288+0000,/login?ok=0&sid=0750898d-8edc-3fdb-c11b-7d130c03dffe
2026081404,2456129a-1cf8-0ebf-087b-fbb4760e632d,9100004,PROJECTA BRUTE FORCE THRESHOLD,2026-08-15T12:35:19.544250+0000,/login?ok=0&sid=2456129a-1cf8-0ebf-087b-fbb4760e632d
2026081404,8ccb248c-4548-fc30-1e52-9c5cbfe82f4c,9100004,PROJECTA BRUTE FORCE THRESHOLD,2026-08-15T12:35:19.451975+0000,/login?ok=0&sid=8ccb248c-4548-fc30-1e52-9c5cbfe82f4c
2026081404,eef2ca78-006f-461d-6619-adf0dc716f26,9100004,PROJECTA BRUTE FORCE THRESHOLD,2026-08-15T12:35:19.997470+0000,/login?ok=0&sid=eef2ca78-006f-461d-6619-adf0dc716f26
2026081404,3b5152c8-331b-c4f2-be45-993147002167,9100004,PROJECTA BRUTE FORCE THRESHOLD,2026-08-15T12:35:20.489390+0000,/login?ok=0&sid=3b5152c8-331b-c4f2-be45-993147002167
2026081404,7efb5e44-026d-c108-7050-ed93284a0ba6,9100004,PROJECTA BRUTE FORCE THRESHOLD,2026-08-15T12:35:19.556597+0000,/login?ok=0&sid=7efb5e44-026d-c108-7050-ed93284a0ba6
2026081404,fa704b44-0b01-10a9-532f-e34fa8aa4606,9100004,PROJECTA BRUTE FORCE THRESHOLD,2026-08-15T12:35:19.535511+0000,/login?ok=0&sid=fa704b44-0b01-10a9-532f-e34fa8aa4606
2026081404,426f4a2f-fabf-ed11-e28d-dfa7fda0df2f,9100004,PROJECTA BRUTE FORCE THRESHOLD,2026-08-15T12:35:19.514686+0000,/login?ok=0&sid=426f4a2f-fabf-ed11-e28d-dfa7fda0df2f
2026081404,a35ebc59-bcec-22ce-bd8e-4151cb867701,9100004,PROJECTA BRUTE FORCE THRESHOLD,2026-08-15T12:35:19.240342+0000,/login?ok=0&sid=a35ebc59-bcec-22ce-bd8e-4151cb867701
2026081404,90ec7f8e-b4f8-c5cf-5783-d6b608770e8d,9100004,PROJECTA BRUTE FORCE THRESHOLD,2026-08-15T12:35:19.212927+0000,/login?ok=0&sid=90ec7f8e-b4f8-c5cf-5783-d6b608770e8d
2026081404,2206c10b-8375-544f-2cef-0b8aec414fdb,9100004,PROJECTA BRUTE FORCE THRESHOLD,2026-08-15T12:35:20.218670+0000,/login?ok=0&sid=2206c10b-8375-544f-2cef-0b8aec414fdb
2026081404,1bf83800-8314-043e-d675-fa255065d114,9100004,PROJECTA BRUTE FORCE THRESHOLD,2026-08-15T12:35:19.222280+0000,/login?ok=0&sid=1bf83800-8314-043e-d675-fa255065d114
2026081404,964bd29e-74bc-0360-7239-3017aefdf9ae,9100004,PROJECTA BRUTE FORCE THRESHOLD,2026-08-15T12:35:19.525801+0000,/login?ok=0&sid=964bd29e-74bc-0360-7239-3017aefdf9ae
2026081404,7476e762-356e-00ad-6e97-5052c379ce83,9100004,PROJECTA BRUTE FORCE THRESHOLD,2026-08-15T12:35:20.244393+0000,/login?ok=0&sid=7476e762-356e-00ad-6e97-5052c379ce83
2026081404,400951fb-9503-ea5f-4b38-fd486baad2cf,9100004,PROJECTA BRUTE FORCE THRESHOLD,2026-08-15T12:35:19.316239+0000,/login?ok=0&sid=400951fb-9503-ea5f-4b38-fd486baad2cf
2026081404,516dca89-b56c-88f4-06b0-88a30bd15b1c,9100004,PROJECTA BRUTE FORCE THRESHOLD,2026-08-15T12:35:20.230586+0000,/login?ok=0&sid=516dca89-b56c-88f4-06b0-88a30bd15b1c
2026081404,8ae17758-ea9c-2eab-1fbb-1fa916518a7f,9100004,PROJECTA BRUTE FORCE THRESHOLD,2026-08-15T12:35:19.790052+0000,/login?ok=0&sid=8ae17758-ea9c-2eab-1fbb-1fa916518a7f
2026081404,7766a9aa-14d0-18df-2b53-fe54d4e4c24e,9100004,PROJECTA BRUTE FORCE THRESHOLD,2026-08-15T12:35:19.414791+0000,/login?ok=0&sid=7766a9aa-14d0-18df-2b53-fe54d4e4c24e
2026081404,bd604569-c7f3-0bec-2e37-4dd99a3c6dba,9100004,PROJECTA BRUTE FORCE THRESHOLD,2026-08-15T12:35:19.798370+0000,/login?ok=0&sid=bd604569-c7f3-0bec-2e37-4dd99a3c6dba
2026081404,34b54904-58d0-8ffb-139e-43e6d1a2a7ba,9100004,PROJECTA BRUTE FORCE THRESHOLD,2026-08-15T12:35:20.394988+0000,/login?ok=0&sid=34b54904-58d0-8ffb-139e-43e6d1a2a7ba
2026081404,6efc3d1f-a132-9a5f-e895-6aa3f96da738,9100004,PROJECTA BRUTE FORCE THRESHOLD,2026-08-15T12:35:19.337302+0000,/login?ok=0&sid=6efc3d1f-a132-9a5f-e895-6aa3f96da738
2026081404,f8d0e3be-0ac9-9596-afbd-79f31fb769c9,9100004,PROJECTA BRUTE FORCE THRESHOLD,2026-08-15T12:35:20.306371+0000,/login?ok=0&sid=f8d0e3be-0ac9-9596-afbd-79f31fb769c9
2026081404,38d515fc-cec2-7a52-fa3a-241fddc89c77,9100004,PROJECTA BRUTE FORCE THRESHOLD,2026-08-15T12:35:20.269020+0000,/login?ok=0&sid=38d515fc-cec2-7a52-fa3a-241fddc89c77
2026081404,18ed87c8-3090-105e-98af-e1f5592b6250,9100004,PROJECTA BRUTE FORCE THRESHOLD,2026-08-15T12:35:19.829014+0000,/login?ok=0&sid=18ed87c8-3090-105e-98af-e1f5592b6250
2026081404,103a7c7c-b6e8-b0c0-bd12-8a91e26953ad,9100002,PROJECTA PATH TRAVERSAL,2026-08-15T12:35:19.696118+0000,/%2e%2e/%2e%2e/etc/passwd?sid=103a7c7c-b6e8-b0c0-bd12-8a91e26953ad
2026081404,5e7acd3d-65e3-0f6a-8a1d-d2ae4edf76d0,9100002,PROJECTA PATH TRAVERSAL,2026-08-15T12:35:19.575521+0000,/%2e%2e/%2e%2e/etc/passwd?sid=5e7acd3d-65e3-0f6a-8a1d-d2ae4edf76d0
2026081404,299448ef-90be-d316-588a-9b56f3581f74,9100004,PROJECTA BRUTE FORCE THRESHOLD,2026-08-15T12:35:19.814143+0000,/login?ok=0&sid=299448ef-90be-d316-588a-9b56f3581f74
2026081404,0dbd0112-0a71-9104-6d72-bfed4f39d4b8,9100004,PROJECTA BRUTE FORCE THRESHOLD,2026-08-15T12:35:19.981668+0000,/login?ok=0&sid=0dbd0112-0a71-9104-6d72-bfed4f39d4b8
2026081404,3bb3a7d6-247e-8fe1-a610-dd2ca8fa2a59,9100004,PROJECTA BRUTE FORCE THRESHOLD,2026-08-15T12:35:20.357470+0000,/login?ok=0&sid=3bb3a7d6-247e-8fe1-a610-dd2ca8fa2a59
2026081404,5d25fc74-b566-04a0-e7f3-77f73e04b891,9100004,PROJECTA BRUTE FORCE THRESHOLD,2026-08-15T12:35:20.494615+0000,/login?ok=0&sid=5d25fc74-b566-04a0-e7f3-77f73e04b891
2026081404,c2777683-f195-0e8f-81ef-a92df0663a20,9100004,PROJECTA BRUTE FORCE THRESHOLD,2026-08-15T12:35:20.897585+0000,/login?ok=0&sid=c2777683-f195-0e8f-81ef-a92df0663a20
2026081404,5600a9ce-1ea2-b506-4bda-c6ae1ec50932,9100004,PROJECTA BRUTE FORCE THRESHOLD,2026-08-15T12:35:20.257023+0000,/login?ok=0&sid=5600a9ce-1ea2-b506-4bda-c6ae1ec50932
2026081404,aec8397a-bb90-aa56-d309-b4df3e315657,9100004,PROJECTA BRUTE FORCE THRESHOLD,2026-08-15T12:35:20.025588+0000,/login?ok=0&sid=aec8397a-bb90-aa56-d309-b4df3e315657
2026081404,980712c0-d69d-5345-3cf9-d81821d791e3,9100004,PROJECTA BRUTE FORCE THRESHOLD,2026-08-15T12:35:20.476179+0000,/login?ok=0&sid=980712c0-d69d-5345-3cf9-d81821d791e3
2026081404,1070df2e-99f6-7961-5432-6e663973bc80,9100004,PROJECTA BRUTE FORCE THRESHOLD,2026-08-15T12:35:20.277103+0000,/login?ok=0&sid=1070df2e-99f6-7961-5432-6e663973bc80
2026081404,67353efb-e308-6d57-3f13-c94445400100,9100004,PROJECTA BRUTE FORCE THRESHOLD,2026-08-15T12:35:20.290654+0000,/login?ok=0&sid=67353efb-e308-6d57-3f13-c94445400100
2026081404,32036cd4-8518-9e5b-80a8-543a911df0cf,9100004,PROJECTA BRUTE FORCE THRESHOLD,2026-08-15T12:35:21.119410+0000,/login?ok=0&sid=32036cd4-8518-9e5b-80a8-543a911df0cf
2026081404,9e03b6ea-5b15-df08-45cb-d5b808e57279,9100004,PROJECTA BRUTE FORCE THRESHOLD,2026-08-15T12:35:19.973954+0000,/login?ok=0&sid=9e03b6ea-5b15-df08-45cb-d5b808e57279
2026081404,1c79e98d-4ed1-2a3e-3f07-2ef6dc28932c,9100004,PROJECTA BRUTE FORCE THRESHOLD,2026-08-15T12:35:20.390986+0000,/login?ok=0&sid=1c79e98d-4ed1-2a3e-3f07-2ef6dc28932c
2026081404,eb18e52e-72a7-8946-4090-c6c8f8530fc2,9100002,PROJECTA PATH TRAVERSAL,2026-08-15T12:35:20.735226+0000,/%2e%2e/%2e%2e/etc/passwd?sid=eb18e52e-72a7-8946-4090-c6c8f8530fc2
2026081404,bda8b77f-7aba-1eec-76d2-c2914abb8b3c,9100004,PROJECTA BRUTE FORCE THRESHOLD,2026-08-15T12:35:20.312649+0000,/login?ok=0&sid=bda8b77f-7aba-1eec-76d2-c2914abb8b3c
2026081404,33fb7658-054d-dd76-3cb2-1bd2f84f7d4a,9100004,PROJECTA BRUTE FORCE THRESHOLD,2026-08-15T12:35:20.463955+0000,/login?ok=0&sid=33fb7658-054d-dd76-3cb2-1bd2f84f7d4a
2026081404,99d3a188-bbbd-1df5-bd0f-2f8fb3d6a8da,9100004,PROJECTA BRUTE FORCE THRESHOLD,2026-08-15T12:35:21.133085+0000,/login?ok=0&sid=99d3a188-bbbd-1df5-bd0f-2f8fb3d6a8da
2026081404,299edfa7-9f80-985d-a186-40ad8f0d9e8f,9100004,PROJECTA BRUTE FORCE THRESHOLD,2026-08-15T12:35:20.010237+0000,/login?ok=0&sid=299edfa7-9f80-985d-a186-40ad8f0d9e8f
2026081404,2485e946-dca3-a60e-d491-22b333013004,9100004,PROJECTA BRUTE FORCE THRESHOLD,2026-08-15T12:35:21.384859+0000,/login?ok=0&sid=2485e946-dca3-a60e-d491-22b333013004
2026081404,1f63f289-a487-17a2-e87e-ca08126e4a5b,9100004,PROJECTA BRUTE FORCE THRESHOLD,2026-08-15T12:35:21.125256+0000,/login?ok=0&sid=1f63f289-a487-17a2-e87e-ca08126e4a5b
2026081404,ae5444e0-c8db-14bb-5b11-b6770fe4bd5a,9100004,PROJECTA BRUTE FORCE THRESHOLD,2026-08-15T12:35:20.368010+0000,/login?ok=0&sid=ae5444e0-c8db-14bb-5b11-b6770fe4bd5a
2026081404,8a0248cb-ba7a-2358-70b1-dc5887aaf7fb,9100004,PROJECTA BRUTE FORCE THRESHOLD,2026-08-15T12:35:20.325310+0000,/login?ok=0&sid=8a0248cb-ba7a-2358-70b1-dc5887aaf7fb
2026081404,582618d1-72eb-057d-3abb-67120d9bd38f,9100002,PROJECTA PATH TRAVERSAL,2026-08-15T12:35:20.864861+0000,/%2e%2e/%2e%2e/etc/passwd?sid=582618d1-72eb-057d-3abb-67120d9bd38f
2026081404,35aed541-8064-9cab-a864-f6f4ee6e4d80,9100003,PROJECTA COMMAND PROBE,2026-08-15T12:35:20.859377+0000,/cmd?x=id&sid=35aed541-8064-9cab-a864-f6f4ee6e4d80
2026081404,bcc8f26c-90fb-8b09-694d-0efc76e46700,9100004,PROJECTA BRUTE FORCE THRESHOLD,2026-08-15T12:35:21.364219+0000,/login?ok=0&sid=bcc8f26c-90fb-8b09-694d-0efc76e46700
2026081404,e2cbcc10-a8b6-a916-7f81-5e1f80faaea1,9100004,PROJECTA BRUTE FORCE THRESHOLD,2026-08-15T12:35:20.929994+0000,/login?ok=0&sid=e2cbcc10-a8b6-a916-7f81-5e1f80faaea1
2026081404,ac64b58d-b884-5a19-2f46-734f64f5ac94,9100004,PROJECTA BRUTE FORCE THRESHOLD,2026-08-15T12:35:21.257618+0000,/login?ok=0&sid=ac64b58d-b884-5a19-2f46-734f64f5ac94
2026081404,efb96b5f-c10e-5c3f-bc12-3be0ceefc5a4,9100004,PROJECTA BRUTE FORCE THRESHOLD,2026-08-15T12:35:21.541260+0000,/login?ok=0&sid=efb96b5f-c10e-5c3f-bc12-3be0ceefc5a4
2026081404,54c95adf-8f46-f4ff-b184-c0d0c80cc100,9100004,PROJECTA BRUTE FORCE THRESHOLD,2026-08-15T12:35:21.571192+0000,/login?ok=0&sid=54c95adf-8f46-f4ff-b184-c0d0c80cc100
2026081404,05391873-50f1-763f-aa48-3465ae85d91b,9100004,PROJECTA BRUTE FORCE THRESHOLD,2026-08-15T12:35:21.377633+0000,/login?ok=0&sid=05391873-50f1-763f-aa48-3465ae85d91b
2026081404,4bbf8fed-a2dc-5636-7cb0-b3987ce581e3,9100004,PROJECTA BRUTE FORCE THRESHOLD,2026-08-15T12:35:21.510933+0000,/login?ok=0&sid=4bbf8fed-a2dc-5636-7cb0-b3987ce581e3
2026081404,5112a03c-885e-94fa-d28b-f6f6406a828a,9100004,PROJECTA BRUTE FORCE THRESHOLD,2026-08-15T12:35:20.384716+0000,/login?ok=0&sid=5112a03c-885e-94fa-d28b-f6f6406a828a
2026081404,fdff5a25-d95b-0a71-e64e-95dd6fd74e1f,9100004,PROJECTA BRUTE FORCE THRESHOLD,2026-08-15T12:35:21.137109+0000,/login?ok=0&sid=fdff5a25-d95b-0a71-e64e-95dd6fd74e1f
2026081404,0290f57d-8282-5bbb-e5db-636e6a7fd0f7,9100004,PROJECTA BRUTE FORCE THRESHOLD,2026-08-15T12:35:21.525507+0000,/login?ok=0&sid=0290f57d-8282-5bbb-e5db-636e6a7fd0f7
2026081404,abc31cec-c2e9-4639-aff7-29bfa51e416f,9100004,PROJECTA BRUTE FORCE THRESHOLD,2026-08-15T12:35:21.353057+0000,/login?ok=0&sid=abc31cec-c2e9-4639-aff7-29bfa51e416f
2026081404,1c2fe6f9-cbb1-95b7-2ed4-f7823c594a6e,9100004,PROJECTA BRUTE FORCE THRESHOLD,2026-08-15T12:35:20.505996+0000,/login?ok=0&sid=1c2fe6f9-cbb1-95b7-2ed4-f7823c594a6e
2026081404,cfddae5b-282c-baaa-2779-bf349dd682c3,9100004,PROJECTA BRUTE FORCE THRESHOLD,2026-08-15T12:35:21.265708+0000,/login?ok=0&sid=cfddae5b-282c-baaa-2779-bf349dd682c3
2026081404,d9bd2f0d-0072-eb97-5984-88e79b15409c,9100004,PROJECTA BRUTE FORCE THRESHOLD,2026-08-15T12:35:21.556053+0000,/login?ok=0&sid=d9bd2f0d-0072-eb97-5984-88e79b15409c
2026081404,fe03ece5-bebb-ad15-5e1c-4e8e04825cb2,9100004,PROJECTA BRUTE FORCE THRESHOLD,2026-08-15T12:35:20.917196+0000,/login?ok=0&sid=fe03ece5-bebb-ad15-5e1c-4e8e04825cb2
2026081404,33b5515a-cd40-8b29-4745-65a485088c33,9100004,PROJECTA BRUTE FORCE THRESHOLD,2026-08-15T12:35:20.907681+0000,/login?ok=0&sid=33b5515a-cd40-8b29-4745-65a485088c33
2026081404,55ce6ba9-e72d-e895-576f-63c9d5c59d50,9100004,PROJECTA BRUTE FORCE THRESHOLD,2026-08-15T12:35:21.106181+0000,/login?ok=0&sid=55ce6ba9-e72d-e895-576f-63c9d5c59d50
2026081404,836707c4-0caf-8b55-d583-04e92fb911df,9100001,PROJECTA ADMIN SENSITIVE ACCESS,2026-08-15T12:35:21.290271+0000,/admin/secret?sid=836707c4-0caf-8b55-d583-04e92fb911df
2026081404,e97abe2a-7bce-00e3-3c11-9dc639ff8682,9100004,PROJECTA BRUTE FORCE THRESHOLD,2026-08-15T12:35:21.217468+0000,/login?ok=0&sid=e97abe2a-7bce-00e3-3c11-9dc639ff8682
2026081404,0fcb3079-c183-446f-801b-8d790d60791c,9100004,PROJECTA BRUTE FORCE THRESHOLD,2026-08-15T12:35:20.922159+0000,/login?ok=0&sid=0fcb3079-c183-446f-801b-8d790d60791c
2026081404,9337e181-7198-5e4a-2592-06e1459b5359,9100001,PROJECTA ADMIN SENSITIVE ACCESS,2026-08-15T12:35:21.196229+0000,/admin/secret?sid=9337e181-7198-5e4a-2592-06e1459b5359
2026081404,da9a4a76-517b-f8f9-9a21-14db4787ba4e,9100004,PROJECTA BRUTE FORCE THRESHOLD,2026-08-15T12:35:21.372694+0000,/login?ok=0&sid=da9a4a76-517b-f8f9-9a21-14db4787ba4e
2026081404,49dd8edd-08a3-7f5b-4323-b494850db0ad,9100004,PROJECTA BRUTE FORCE THRESHOLD,2026-08-15T12:35:21.230946+0000,/login?ok=0&sid=49dd8edd-08a3-7f5b-4323-b494850db0ad
2026081404,21ab3b74-b9ed-f895-4358-cc8b7bb3a355,9100004,PROJECTA BRUTE FORCE THRESHOLD,2026-08-15T12:35:21.242888+0000,/login?ok=0&sid=21ab3b74-b9ed-f895-4358-cc8b7bb3a355
2026081405,0171384d-3d31-13f3-cea1-f5e1f447d1d0,9100001,PROJECTA ADMIN SENSITIVE ACCESS,2026-08-15T12:35:28.861848+0000,/admin/secret?sid=0171384d-3d31-13f3-cea1-f5e1f447d1d0
2026081405,4db46942-173d-8088-fb36-8af4c50a9f59,9100003,PROJECTA COMMAND PROBE,2026-08-15T12:35:28.895684+0000,/cmd?x=id&sid=4db46942-173d-8088-fb36-8af4c50a9f59
2026081405,0e92dfa8-ffea-d223-b7ee-3fddb62f4492,9100004,PROJECTA BRUTE FORCE THRESHOLD,2026-08-15T12:35:29.083299+0000,/login?ok=0&sid=0e92dfa8-ffea-d223-b7ee-3fddb62f4492
2026081405,36debea8-a9ee-5d35-6900-db4719278416,9100004,PROJECTA BRUTE FORCE THRESHOLD,2026-08-15T12:35:29.048579+0000,/login?ok=0&sid=36debea8-a9ee-5d35-6900-db4719278416
2026081405,6c0b3b17-9f82-50f5-4394-5ba639a4f260,9100004,PROJECTA BRUTE FORCE THRESHOLD,2026-08-15T12:35:29.359408+0000,/login?ok=0&sid=6c0b3b17-9f82-50f5-4394-5ba639a4f260
2026081405,8e9bb759-225a-2653-adf8-755c6583ad1c,9100004,PROJECTA BRUTE FORCE THRESHOLD,2026-08-15T12:35:29.341780+0000,/login?ok=0&sid=8e9bb759-225a-2653-adf8-755c6583ad1c
2026081405,1a99f4cd-2e59-765d-68f0-91628ef5d385,9100002,PROJECTA PATH TRAVERSAL,2026-08-15T12:35:29.256993+0000,/%2e%2e/%2e%2e/etc/passwd?sid=1a99f4cd-2e59-765d-68f0-91628ef5d385
2026081405,bb010180-e97d-0710-5dca-dc3aeec5bdc3,9100004,PROJECTA BRUTE FORCE THRESHOLD,2026-08-15T12:35:28.936982+0000,/login?ok=0&sid=bb010180-e97d-0710-5dca-dc3aeec5bdc3
2026081405,2f853dd9-a259-bbd4-a3dd-b2085ccf957f,9100004,PROJECTA BRUTE FORCE THRESHOLD,2026-08-15T12:35:29.191911+0000,/login?ok=0&sid=2f853dd9-a259-bbd4-a3dd-b2085ccf957f
2026081405,62100335-88ef-7d29-c14f-2c867d70b3d3,9100004,PROJECTA BRUTE FORCE THRESHOLD,2026-08-15T12:35:29.227250+0000,/login?ok=0&sid=62100335-88ef-7d29-c14f-2c867d70b3d3
2026081405,1990e147-fefc-091a-9f3e-03dea8f7d226,9100004,PROJECTA BRUTE FORCE THRESHOLD,2026-08-15T12:35:29.200709+0000,/login?ok=0&sid=1990e147-fefc-091a-9f3e-03dea8f7d226
2026081405,ab97fc7e-8607-1bef-450c-72b7b2a1147f,9100004,PROJECTA BRUTE FORCE THRESHOLD,2026-08-15T12:35:29.610346+0000,/login?ok=0&sid=ab97fc7e-8607-1bef-450c-72b7b2a1147f
2026081405,0b219bfb-8edb-9940-6dd7-5ced666f7708,9100004,PROJECTA BRUTE FORCE THRESHOLD,2026-08-15T12:35:29.627700+0000,/login?ok=0&sid=0b219bfb-8edb-9940-6dd7-5ced666f7708
2026081405,c0511183-09bf-a0ae-521e-0b1dec560f91,9100004,PROJECTA BRUTE FORCE THRESHOLD,2026-08-15T12:35:29.074844+0000,/login?ok=0&sid=c0511183-09bf-a0ae-521e-0b1dec560f91
2026081405,0bb764f4-9c6b-0b4f-3e25-6777e4b180f7,9100004,PROJECTA BRUTE FORCE THRESHOLD,2026-08-15T12:35:29.917747+0000,/login?ok=0&sid=0bb764f4-9c6b-0b4f-3e25-6777e4b180f7
2026081405,198eed51-2862-b0ed-a4a4-476c5ed9bd63,9100004,PROJECTA BRUTE FORCE THRESHOLD,2026-08-15T12:35:29.328276+0000,/login?ok=0&sid=198eed51-2862-b0ed-a4a4-476c5ed9bd63
2026081405,7cb773d0-bb92-7768-e915-868f5ccaed47,9100004,PROJECTA BRUTE FORCE THRESHOLD,2026-08-15T12:35:29.346612+0000,/login?ok=0&sid=7cb773d0-bb92-7768-e915-868f5ccaed47
2026081405,28059f69-ec5c-8b5a-8e32-ffa4bc4022c1,9100004,PROJECTA BRUTE FORCE THRESHOLD,2026-08-15T12:35:29.710261+0000,/login?ok=0&sid=28059f69-ec5c-8b5a-8e32-ffa4bc4022c1
2026081405,ecb5c10e-be15-8ee5-1374-5bbae3ce92a2,9100004,PROJECTA BRUTE FORCE THRESHOLD,2026-08-15T12:35:30.237844+0000,/login?ok=0&sid=ecb5c10e-be15-8ee5-1374-5bbae3ce92a2
2026081405,34236e0d-daa6-4262-c09a-0112048d4198,9100004,PROJECTA BRUTE FORCE THRESHOLD,2026-08-15T12:35:29.729693+0000,/login?ok=0&sid=34236e0d-daa6-4262-c09a-0112048d4198
2026081405,4daf5e08-da38-8955-4df0-0f71486a07c9,9100001,PROJECTA ADMIN SENSITIVE ACCESS,2026-08-15T12:35:29.653334+0000,/admin/secret?sid=4daf5e08-da38-8955-4df0-0f71486a07c9
2026081405,8ea8176a-1280-3f9f-99af-d50f128cb5a3,9100004,PROJECTA BRUTE FORCE THRESHOLD,2026-08-15T12:35:30.308256+0000,/login?ok=0&sid=8ea8176a-1280-3f9f-99af-d50f128cb5a3
2026081405,ca188a88-ad00-d78c-f654-ad4a354563ca,9100002,PROJECTA PATH TRAVERSAL,2026-08-15T12:35:29.157895+0000,/%2e%2e/%2e%2e/etc/passwd?sid=ca188a88-ad00-d78c-f654-ad4a354563ca
2026081405,e7b3e4f2-b75e-9ff8-e794-c4224901f2e2,9100004,PROJECTA BRUTE FORCE THRESHOLD,2026-08-15T12:35:29.877039+0000,/login?ok=0&sid=e7b3e4f2-b75e-9ff8-e794-c4224901f2e2
2026081405,0c7b3e55-4feb-efe0-374a-f3a32c70f7d7,9100004,PROJECTA BRUTE FORCE THRESHOLD,2026-08-15T12:35:29.989534+0000,/login?ok=0&sid=0c7b3e55-4feb-efe0-374a-f3a32c70f7d7
2026081405,15725c3c-40bc-c7e1-269a-91098ef591a9,9100004,PROJECTA BRUTE FORCE THRESHOLD,2026-08-15T12:35:29.597506+0000,/login?ok=0&sid=15725c3c-40bc-c7e1-269a-91098ef591a9
2026081405,14b903f8-184c-0079-337a-e698549ba8e3,9100004,PROJECTA BRUTE FORCE THRESHOLD,2026-08-15T12:35:29.718581+0000,/login?ok=0&sid=14b903f8-184c-0079-337a-e698549ba8e3
2026081405,d8e3f0c6-066f-7bdf-b3da-65e61cda74ee,9100004,PROJECTA BRUTE FORCE THRESHOLD,2026-08-15T12:35:29.909044+0000,/login?ok=0&sid=d8e3f0c6-066f-7bdf-b3da-65e61cda74ee
2026081405,6fcd3542-6e39-75ee-d28e-8209b169eeca,9100002,PROJECTA PATH TRAVERSAL,2026-08-15T12:35:30.061313+0000,/%2e%2e/%2e%2e/etc/passwd?sid=6fcd3542-6e39-75ee-d28e-8209b169eeca
2026081405,b57caa0a-4389-fb4c-ad9c-5b4962a100d1,9100004,PROJECTA BRUTE FORCE THRESHOLD,2026-08-15T12:35:30.391919+0000,/login?ok=0&sid=b57caa0a-4389-fb4c-ad9c-5b4962a100d1
2026081405,71b192bd-a3a0-26d8-8961-06c1a3a290e9,9100004,PROJECTA BRUTE FORCE THRESHOLD,2026-08-15T12:35:29.215592+0000,/login?ok=0&sid=71b192bd-a3a0-26d8-8961-06c1a3a290e9
2026081405,d967950e-75f4-5b70-3714-7e5f9cd936cb,9100004,PROJECTA BRUTE FORCE THRESHOLD,2026-08-15T12:35:29.892161+0000,/login?ok=0&sid=d967950e-75f4-5b70-3714-7e5f9cd936cb
2026081405,07ca6daa-5339-f0cb-f087-768b170420b8,9100004,PROJECTA BRUTE FORCE THRESHOLD,2026-08-15T12:35:28.908983+0000,/login?ok=0&sid=07ca6daa-5339-f0cb-f087-768b170420b8
2026081405,90d3b6a3-b1f3-4b4f-bcff-4a9822787343,9100004,PROJECTA BRUTE FORCE THRESHOLD,2026-08-15T12:35:30.407905+0000,/login?ok=0&sid=90d3b6a3-b1f3-4b4f-bcff-4a9822787343
2026081405,138376b0-dfb6-9764-d810-bfbeb10791f9,9100004,PROJECTA BRUTE FORCE THRESHOLD,2026-08-15T12:35:29.354173+0000,/login?ok=0&sid=138376b0-dfb6-9764-d810-bfbeb10791f9
2026081405,56a029ae-032b-1bed-deca-b2fb9f2ce6df,9100004,PROJECTA BRUTE FORCE THRESHOLD,2026-08-15T12:35:28.928265+0000,/login?ok=0&sid=56a029ae-032b-1bed-deca-b2fb9f2ce6df
2026081405,341ea94e-afb9-20d1-bac2-3202e3b102c9,9100004,PROJECTA BRUTE FORCE THRESHOLD,2026-08-15T12:35:29.958581+0000,/login?ok=0&sid=341ea94e-afb9-20d1-bac2-3202e3b102c9
2026081405,4fb4d9b5-0c25-0f0f-7205-75e6a604051b,9100004,PROJECTA BRUTE FORCE THRESHOLD,2026-08-15T12:35:30.463868+0000,/login?ok=0&sid=4fb4d9b5-0c25-0f0f-7205-75e6a604051b
2026081405,4ebdacaf-9103-bf26-5706-27c5f50e480f,9100004,PROJECTA BRUTE FORCE THRESHOLD,2026-08-15T12:35:30.259254+0000,/login?ok=0&sid=4ebdacaf-9103-bf26-5706-27c5f50e480f
2026081405,01013863-0fe8-8602-4375-f943053532f3,9100004,PROJECTA BRUTE FORCE THRESHOLD,2026-08-15T12:35:30.170273+0000,/login?ok=0&sid=01013863-0fe8-8602-4375-f943053532f3
2026081405,e34b9d19-0812-5ddc-b62d-40fbccdc365f,9100004,PROJECTA BRUTE FORCE THRESHOLD,2026-08-15T12:35:30.156972+0000,/login?ok=0&sid=e34b9d19-0812-5ddc-b62d-40fbccdc365f
2026081405,7ef3b983-33ba-dc4e-f81a-4fc950de7f7e,9100004,PROJECTA BRUTE FORCE THRESHOLD,2026-08-15T12:35:30.504978+0000,/login?ok=0&sid=7ef3b983-33ba-dc4e-f81a-4fc950de7f7e
2026081405,d6bea4c7-c1d2-1d70-528c-c9b4748a51af,9100004,PROJECTA BRUTE FORCE THRESHOLD,2026-08-15T12:35:29.758011+0000,/login?ok=0&sid=d6bea4c7-c1d2-1d70-528c-c9b4748a51af
2026081405,6ffb9413-9c55-0463-e8cb-0bb7c183b0be,9100004,PROJECTA BRUTE FORCE THRESHOLD,2026-08-15T12:35:30.728430+0000,/login?ok=0&sid=6ffb9413-9c55-0463-e8cb-0bb7c183b0be
2026081405,da9a8977-c317-5b93-914e-320773baf008,9100001,PROJECTA ADMIN SENSITIVE ACCESS,2026-08-15T12:35:30.220689+0000,/admin/secret?sid=da9a8977-c317-5b93-914e-320773baf008
2026081405,8b2a43a2-ac28-2f96-c589-84d8ccbcf432,9100004,PROJECTA BRUTE FORCE THRESHOLD,2026-08-15T12:35:29.242741+0000,/login?ok=0&sid=8b2a43a2-ac28-2f96-c589-84d8ccbcf432
2026081405,bf23e6d1-efff-88b3-a7af-b9c5fab796ac,9100004,PROJECTA BRUTE FORCE THRESHOLD,2026-08-15T12:35:30.469797+0000,/login?ok=0&sid=bf23e6d1-efff-88b3-a7af-b9c5fab796ac
2026081405,a8b7bb3c-4673-64f0-f8ba-4d65120b4b75,9100004,PROJECTA BRUTE FORCE THRESHOLD,2026-08-15T12:35:30.827355+0000,/login?ok=0&sid=a8b7bb3c-4673-64f0-f8ba-4d65120b4b75
2026081405,397b6bc8-06a4-0c18-13fb-8aba857b6aeb,9100004,PROJECTA BRUTE FORCE THRESHOLD,2026-08-15T12:35:30.517040+0000,/login?ok=0&sid=397b6bc8-06a4-0c18-13fb-8aba857b6aeb
2026081405,083d9761-0a80-3e77-396f-4944938a06ba,9100004,PROJECTA BRUTE FORCE THRESHOLD,2026-08-15T12:35:29.963526+0000,/login?ok=0&sid=083d9761-0a80-3e77-396f-4944938a06ba
2026081405,6935ae79-bd6d-6ad5-9fb9-6856aa1ad39d,9100003,PROJECTA COMMAND PROBE,2026-08-15T12:35:29.815165+0000,/cmd?x=id&sid=6935ae79-bd6d-6ad5-9fb9-6856aa1ad39d
2026081405,e2f4a73d-7d41-810f-4fc1-bb986c362845,9100004,PROJECTA BRUTE FORCE THRESHOLD,2026-08-15T12:35:30.618333+0000,/login?ok=0&sid=e2f4a73d-7d41-810f-4fc1-bb986c362845
2026081405,32a37721-2719-91d2-3429-2e527cac2a07,9100004,PROJECTA BRUTE FORCE THRESHOLD,2026-08-15T12:35:30.275047+0000,/login?ok=0&sid=32a37721-2719-91d2-3429-2e527cac2a07
2026081405,2e4d00da-76ef-8ca8-167c-f845e8c9b462,9100004,PROJECTA BRUTE FORCE THRESHOLD,2026-08-15T12:35:30.692915+0000,/login?ok=0&sid=2e4d00da-76ef-8ca8-167c-f845e8c9b462
2026081405,54f4fada-6f97-9c40-d13f-1fa3f016f379,9100004,PROJECTA BRUTE FORCE THRESHOLD,2026-08-15T12:35:30.676041+0000,/login?ok=0&sid=54f4fada-6f97-9c40-d13f-1fa3f016f379
2026081405,6b24f396-f4fd-4801-d941-dbd944214a75,9100004,PROJECTA BRUTE FORCE THRESHOLD,2026-08-15T12:35:30.481278+0000,/login?ok=0&sid=6b24f396-f4fd-4801-d941-dbd944214a75
2026081405,a29c7b16-202d-f608-d544-6f27668aa983,9100004,PROJECTA BRUTE FORCE THRESHOLD,2026-08-15T12:35:30.335985+0000,/login?ok=0&sid=a29c7b16-202d-f608-d544-6f27668aa983
2026081405,f5443833-ecf7-9dc8-bfaa-dab6a7a57de3,9100004,PROJECTA BRUTE FORCE THRESHOLD,2026-08-15T12:35:30.286891+0000,/login?ok=0&sid=f5443833-ecf7-9dc8-bfaa-dab6a7a57de3
2026081405,4b9a3550-b790-359c-6590-14db2f685aad,9100004,PROJECTA BRUTE FORCE THRESHOLD,2026-08-15T12:35:30.530726+0000,/login?ok=0&sid=4b9a3550-b790-359c-6590-14db2f685aad
2026081405,b01055e8-9f46-9629-405a-8f2727a5038c,9100004,PROJECTA BRUTE FORCE THRESHOLD,2026-08-15T12:35:30.251160+0000,/login?ok=0&sid=b01055e8-9f46-9629-405a-8f2727a5038c
2026081405,3478318a-d7c5-d39a-ad80-c953f8b267b7,9100004,PROJECTA BRUTE FORCE THRESHOLD,2026-08-15T12:35:29.614653+0000,/login?ok=0&sid=3478318a-d7c5-d39a-ad80-c953f8b267b7
2026081405,3c2709f5-0f01-fa44-4c6b-950fa8b9afbf,9100004,PROJECTA BRUTE FORCE THRESHOLD,2026-08-15T12:35:30.949336+0000,/login?ok=0&sid=3c2709f5-0f01-fa44-4c6b-950fa8b9afbf
2026081405,4b5f02f7-bec9-51f9-4809-7bfcb35934f6,9100004,PROJECTA BRUTE FORCE THRESHOLD,2026-08-15T12:35:29.896422+0000,/login?ok=0&sid=4b5f02f7-bec9-51f9-4809-7bfcb35934f6
2026081405,b1d9e070-0c73-172a-925c-e2c7f9a8bc72,9100004,PROJECTA BRUTE FORCE THRESHOLD,2026-08-15T12:35:30.546763+0000,/login?ok=0&sid=b1d9e070-0c73-172a-925c-e2c7f9a8bc72
2026081405,f7292936-b7d5-d6ea-88d5-627191b17e7d,9100003,PROJECTA COMMAND PROBE,2026-08-15T12:35:30.021918+0000,/cmd?x=id&sid=f7292936-b7d5-d6ea-88d5-627191b17e7d
2026081405,f992449d-f93b-9ac3-b23e-a8101c73d14c,9100004,PROJECTA BRUTE FORCE THRESHOLD,2026-08-15T12:35:29.632745+0000,/login?ok=0&sid=f992449d-f93b-9ac3-b23e-a8101c73d14c
2026081405,4b426c3f-e14b-479b-3343-d29fff808fb7,9100004,PROJECTA BRUTE FORCE THRESHOLD,2026-08-15T12:35:30.386662+0000,/login?ok=0&sid=4b426c3f-e14b-479b-3343-d29fff808fb7
2026081405,8a1f190e-225c-6b23-4509-b30e53127e1c,9100001,PROJECTA ADMIN SENSITIVE ACCESS,2026-08-15T12:35:31.008622+0000,/admin/secret?sid=8a1f190e-225c-6b23-4509-b30e53127e1c
2026081405,9a2a2174-bc33-464a-55af-d63c8d6e7ae6,9100004,PROJECTA BRUTE FORCE THRESHOLD,2026-08-15T12:35:30.432382+0000,/login?ok=0&sid=9a2a2174-bc33-464a-55af-d63c8d6e7ae6
2026081405,7acf5d3e-62b2-576f-d3eb-fd23a448b3f0,9100004,PROJECTA BRUTE FORCE THRESHOLD,2026-08-15T12:35:30.421141+0000,/login?ok=0&sid=7acf5d3e-62b2-576f-d3eb-fd23a448b3f0
2026081405,d2e8bff1-0994-9034-31b6-ea7c45ce3663,9100004,PROJECTA BRUTE FORCE THRESHOLD,2026-08-15T12:35:29.742724+0000,/login?ok=0&sid=d2e8bff1-0994-9034-31b6-ea7c45ce3663
2026081405,fbe4e3c0-9f5e-8db4-fd5a-811e428c3f06,9100004,PROJECTA BRUTE FORCE THRESHOLD,2026-08-15T12:35:30.612206+0000,/login?ok=0&sid=fbe4e3c0-9f5e-8db4-fd5a-811e428c3f06
2026081405,53d06628-48d2-2fbd-ca4c-d8930f2a4cf8,9100004,PROJECTA BRUTE FORCE THRESHOLD,2026-08-15T12:35:30.295293+0000,/login?ok=0&sid=53d06628-48d2-2fbd-ca4c-d8930f2a4cf8
2026081405,bf0efb91-b474-9486-4611-eb3f769b98e0,9100004,PROJECTA BRUTE FORCE THRESHOLD,2026-08-15T12:35:30.639531+0000,/login?ok=0&sid=bf0efb91-b474-9486-4611-eb3f769b98e0
2026081405,ef8cb7b9-f86e-ae45-86ac-51306ba87707,9100003,PROJECTA COMMAND PROBE,2026-08-15T12:35:30.035935+0000,/cmd?x=id&sid=ef8cb7b9-f86e-ae45-86ac-51306ba87707
2026081405,247e28ea-9b15-3aaf-509d-c88d9c414bba,9100004,PROJECTA BRUTE FORCE THRESHOLD,2026-08-15T12:35:30.446053+0000,/login?ok=0&sid=247e28ea-9b15-3aaf-509d-c88d9c414bba
2026081405,e40b8b2e-81d9-fa21-ce7d-865d43e832b6,9100003,PROJECTA COMMAND PROBE,2026-08-15T12:35:30.582642+0000,/cmd?x=id&sid=e40b8b2e-81d9-fa21-ce7d-865d43e832b6
2026081405,4b93889a-7451-0164-4c36-e5a8ced39a4e,9100001,PROJECTA ADMIN SENSITIVE ACCESS,2026-08-15T12:35:30.575634+0000,/admin/secret?sid=4b93889a-7451-0164-4c36-e5a8ced39a4e
2026081405,401c3d44-9ffd-a87b-f8ce-e5796b9227a1,9100004,PROJECTA BRUTE FORCE THRESHOLD,2026-08-15T12:35:30.683029+0000,/login?ok=0&sid=401c3d44-9ffd-a87b-f8ce-e5796b9227a1
2026081405,5368dd17-8e8f-c0cd-b6dc-4d34dc94b042,9100004,PROJECTA BRUTE FORCE THRESHOLD,2026-08-15T12:35:30.882507+0000,/login?ok=0&sid=5368dd17-8e8f-c0cd-b6dc-4d34dc94b042
2026081405,e1b67adf-3866-420e-761b-50dfd2435a21,9100004,PROJECTA BRUTE FORCE THRESHOLD,2026-08-15T12:35:30.796618+0000,/login?ok=0&sid=e1b67adf-3866-420e-761b-50dfd2435a21
2026081405,63b0dde6-b072-e613-defd-e9b0985ac333,9100004,PROJECTA BRUTE FORCE THRESHOLD,2026-08-15T12:35:31.486891+0000,/login?ok=0&sid=63b0dde6-b072-e613-defd-e9b0985ac333
2026081405,dfa9b92f-cc2d-e9a5-27b3-e389b9620d00,9100004,PROJECTA BRUTE FORCE THRESHOLD,2026-08-15T12:35:30.541334+0000,/login?ok=0&sid=dfa9b92f-cc2d-e9a5-27b3-e389b9620d00
2026081405,1b7d3171-77f9-0175-3fa3-e78299a14315,9100004,PROJECTA BRUTE FORCE THRESHOLD,2026-08-15T12:35:30.811290+0000,/login?ok=0&sid=1b7d3171-77f9-0175-3fa3-e78299a14315
2026081405,b8896691-c764-c2ac-d668-9d371d58ff82,9100004,PROJECTA BRUTE FORCE THRESHOLD,2026-08-15T12:35:30.004648+0000,/login?ok=0&sid=b8896691-c764-c2ac-d668-9d371d58ff82
2026081405,0b652203-a568-dfa4-fd64-5c48f607f9ce,9100004,PROJECTA BRUTE FORCE THRESHOLD,2026-08-15T12:35:29.978722+0000,/login?ok=0&sid=0b652203-a568-dfa4-fd64-5c48f607f9ce
2026081405,72dd88c8-b3b2-db8f-b31d-bfa6c94cda1a,9100004,PROJECTA BRUTE FORCE THRESHOLD,2026-08-15T12:35:30.872724+0000,/login?ok=0&sid=72dd88c8-b3b2-db8f-b31d-bfa6c94cda1a
2026081405,ee4b9de8-9c6f-5720-2d45-e7c583d1601e,9100004,PROJECTA BRUTE FORCE THRESHOLD,2026-08-15T12:35:30.696506+0000,/login?ok=0&sid=ee4b9de8-9c6f-5720-2d45-e7c583d1601e
2026081405,9fe7e3f4-e5e3-8add-0556-f9049399b2d0,9100004,PROJECTA BRUTE FORCE THRESHOLD,2026-08-15T12:35:30.634686+0000,/login?ok=0&sid=9fe7e3f4-e5e3-8add-0556-f9049399b2d0
2026081405,95d64477-0bf3-08e4-b2c1-477736f82ab0,9100001,PROJECTA ADMIN SENSITIVE ACCESS,2026-08-15T12:35:31.468482+0000,/admin/secret?sid=95d64477-0bf3-08e4-b2c1-477736f82ab0
2026081405,fd95f598-8395-99c5-0b9f-6afe68742de9,9100004,PROJECTA BRUTE FORCE THRESHOLD,2026-08-15T12:35:31.501379+0000,/login?ok=0&sid=fd95f598-8395-99c5-0b9f-6afe68742de9
2026081405,afa2f420-98ac-0cda-d450-ab8b981c3e2a,9100004,PROJECTA BRUTE FORCE THRESHOLD,2026-08-15T12:35:30.732146+0000,/login?ok=0&sid=afa2f420-98ac-0cda-d450-ab8b981c3e2a
2026081405,616035da-dfb0-b018-4759-59c6b7837c33,9100004,PROJECTA BRUTE FORCE THRESHOLD,2026-08-15T12:35:30.128557+0000,/login?ok=0&sid=616035da-dfb0-b018-4759-59c6b7837c33
2026081405,0307bf89-2639-89a1-392f-24841f171db7,9100004,PROJECTA BRUTE FORCE THRESHOLD,2026-08-15T12:35:30.899893+0000,/login?ok=0&sid=0307bf89-2639-89a1-392f-24841f171db7
2026081405,f71da10e-19d0-eac8-98b1-581df2047d51,9100004,PROJECTA BRUTE FORCE THRESHOLD,2026-08-15T12:35:30.855661+0000,/login?ok=0&sid=f71da10e-19d0-eac8-98b1-581df2047d51
2026081405,062dc8ce-3dcb-df60-4495-71b3b5a95f29,9100001,PROJECTA ADMIN SENSITIVE ACCESS,2026-08-15T12:35:31.246089+0000,/admin/secret?sid=062dc8ce-3dcb-df60-4495-71b3b5a95f29
2026081405,38afb97b-46fd-7c97-408b-d20f7014a323,9100004,PROJECTA BRUTE FORCE THRESHOLD,2026-08-15T12:35:30.224770+0000,/login?ok=0&sid=38afb97b-46fd-7c97-408b-d20f7014a323
2026081405,a7e40b54-82cc-7dfb-d39f-792ff10a1246,9100004,PROJECTA BRUTE FORCE THRESHOLD,2026-08-15T12:35:30.837834+0000,/login?ok=0&sid=a7e40b54-82cc-7dfb-d39f-792ff10a1246
2026081405,c18f829e-71e3-d380-199b-bccf053b4231,9100004,PROJECTA BRUTE FORCE THRESHOLD,2026-08-15T12:35:31.140676+0000,/login?ok=0&sid=c18f829e-71e3-d380-199b-bccf053b4231
2026081405,c3e3037d-c17f-eb21-9fef-06872c183128,9100004,PROJECTA BRUTE FORCE THRESHOLD,2026-08-15T12:35:30.141807+0000,/login?ok=0&sid=c3e3037d-c17f-eb21-9fef-06872c183128
2026081405,21e95e4d-699d-8e1e-1a6a-50f964222ce0,9100003,PROJECTA COMMAND PROBE,2026-08-15T12:35:30.769674+0000,/cmd?x=id&sid=21e95e4d-699d-8e1e-1a6a-50f964222ce0
2026081405,e7fef118-7eca-6506-638e-df8f35e26dd1,9100004,PROJECTA BRUTE FORCE THRESHOLD,2026-08-15T12:35:30.818353+0000,/login?ok=0&sid=e7fef118-7eca-6506-638e-df8f35e26dd1
2026081405,41532303-a956-9e7f-d73b-a78574013360,9100004,PROJECTA BRUTE FORCE THRESHOLD,2026-08-15T12:35:30.859672+0000,/login?ok=0&sid=41532303-a956-9e7f-d73b-a78574013360
2026081405,264157ed-bedd-c4f1-03cc-27fdf64828d5,9100004,PROJECTA BRUTE FORCE THRESHOLD,2026-08-15T12:35:31.184691+0000,/login?ok=0&sid=264157ed-bedd-c4f1-03cc-27fdf64828d5
2026081405,b80a3281-2c8d-0d22-430f-6e1be76e5949,9100004,PROJECTA BRUTE FORCE THRESHOLD,2026-08-15T12:35:31.273195+0000,/login?ok=0&sid=b80a3281-2c8d-0d22-430f-6e1be76e5949
2026081405,0a68b2f3-744d-9e25-46e4-9f7cb136ccb0,9100004,PROJECTA BRUTE FORCE THRESHOLD,2026-08-15T12:35:30.845695+0000,/login?ok=0&sid=0a68b2f3-744d-9e25-46e4-9f7cb136ccb0
2026081405,66bab0e2-68f1-047e-1c2f-1a165e56f321,9100001,PROJECTA ADMIN SENSITIVE ACCESS,2026-08-15T12:35:31.828819+0000,/admin/secret?sid=66bab0e2-68f1-047e-1c2f-1a165e56f321
2026081405,bf46453c-b654-3414-078b-bcd83ac6d80c,9100004,PROJECTA BRUTE FORCE THRESHOLD,2026-08-15T12:35:30.178633+0000,/login?ok=0&sid=bf46453c-b654-3414-078b-bcd83ac6d80c
2026081405,81e575d4-9bcf-15b0-eb71-e9678ddb4796,9100004,PROJECTA BRUTE FORCE THRESHOLD,2026-08-15T12:35:30.924760+0000,/login?ok=0&sid=81e575d4-9bcf-15b0-eb71-e9678ddb4796
2026081405,c834d32b-af77-9d9b-c114-56c9eaf70bdd,9100003,PROJECTA COMMAND PROBE,2026-08-15T12:35:31.040444+0000,/cmd?x=id&sid=c834d32b-af77-9d9b-c114-56c9eaf70bdd
2026081405,6a44719f-9f81-e3d8-97cc-7b7d56405718,9100004,PROJECTA BRUTE FORCE THRESHOLD,2026-08-15T12:35:30.913998+0000,/login?ok=0&sid=6a44719f-9f81-e3d8-97cc-7b7d56405718
2026081405,b1e0d345-3d9e-8b8e-5c6d-9d3228445876,9100004,PROJECTA BRUTE FORCE THRESHOLD,2026-08-15T12:35:31.298823+0000,/login?ok=0&sid=b1e0d345-3d9e-8b8e-5c6d-9d3228445876
2026081405,1edb8d0c-d847-a00a-d36a-609b95d2b441,9100004,PROJECTA BRUTE FORCE THRESHOLD,2026-08-15T12:35:30.323773+0000,/login?ok=0&sid=1edb8d0c-d847-a00a-d36a-609b95d2b441
2026081405,840798ce-28b7-c8ef-2f3f-d3ce487c261f,9100004,PROJECTA BRUTE FORCE THRESHOLD,2026-08-15T12:35:31.705168+0000,/login?ok=0&sid=840798ce-28b7-c8ef-2f3f-d3ce487c261f
2026081405,eb338eac-a27a-cb1a-da7e-f01b6e53c23a,9100004,PROJECTA BRUTE FORCE THRESHOLD,2026-08-15T12:35:30.457483+0000,/login?ok=0&sid=eb338eac-a27a-cb1a-da7e-f01b6e53c23a
2026081405,4c60c7c5-47b9-7e5d-b48a-92a5aa861c51,9100004,PROJECTA BRUTE FORCE THRESHOLD,2026-08-15T12:35:31.492390+0000,/login?ok=0&sid=4c60c7c5-47b9-7e5d-b48a-92a5aa861c51
2026081405,b86a8f87-4f8d-0685-636e-39b7dfce8bc4,9100004,PROJECTA BRUTE FORCE THRESHOLD,2026-08-15T12:35:30.937979+0000,/login?ok=0&sid=b86a8f87-4f8d-0685-636e-39b7dfce8bc4
2026081405,75f9b30e-392e-ead1-bba2-031c35dc9913,9100004,PROJECTA BRUTE FORCE THRESHOLD,2026-08-15T12:35:31.746493+0000,/login?ok=0&sid=75f9b30e-392e-ead1-bba2-031c35dc9913
2026081405,76ead95c-555b-f51b-1f68-a6d640ffa7d8,9100004,PROJECTA BRUTE FORCE THRESHOLD,2026-08-15T12:35:31.155490+0000,/login?ok=0&sid=76ead95c-555b-f51b-1f68-a6d640ffa7d8
2026081405,09f7989d-09cf-8353-1723-a6b93a2ed53a,9100004,PROJECTA BRUTE FORCE THRESHOLD,2026-08-15T12:35:31.315210+0000,/login?ok=0&sid=09f7989d-09cf-8353-1723-a6b93a2ed53a
2026081405,70e6edcb-daeb-171f-dbd1-9ae473407c5b,9100002,PROJECTA PATH TRAVERSAL,2026-08-15T12:35:30.986327+0000,/%2e%2e/%2e%2e/etc/passwd?sid=70e6edcb-daeb-171f-dbd1-9ae473407c5b
2026081405,5a12d613-73c2-4de4-c8ee-1e8124327806,9100004,PROJECTA BRUTE FORCE THRESHOLD,2026-08-15T12:35:30.758310+0000,/login?ok=0&sid=5a12d613-73c2-4de4-c8ee-1e8124327806
2026081405,fa36fd6e-b9a3-f943-70b9-121124e2cce0,9100004,PROJECTA BRUTE FORCE THRESHOLD,2026-08-15T12:35:31.508541+0000,/login?ok=0&sid=fa36fd6e-b9a3-f943-70b9-121124e2cce0
2026081405,5587909d-8bda-2c0a-6af1-c736e7f4c1e3,9100004,PROJECTA BRUTE FORCE THRESHOLD,2026-08-15T12:35:31.283920+0000,/login?ok=0&sid=5587909d-8bda-2c0a-6af1-c736e7f4c1e3
2026081405,bf546d85-7b1c-25ed-a0f4-b67cd7dfd8e5,9100004,PROJECTA BRUTE FORCE THRESHOLD,2026-08-15T12:35:31.168445+0000,/login?ok=0&sid=bf546d85-7b1c-25ed-a0f4-b67cd7dfd8e5
2026081405,c3df04e7-6dc8-d5b7-0bc4-761b8669969c,9100002,PROJECTA PATH TRAVERSAL,2026-08-15T12:35:30.786876+0000,/%2e%2e/%2e%2e/etc/passwd?sid=c3df04e7-6dc8-d5b7-0bc4-761b8669969c
2026081405,908d411d-6574-0bc5-4328-be38bd76d1c8,9100004,PROJECTA BRUTE FORCE THRESHOLD,2026-08-15T12:35:31.728310+0000,/login?ok=0&sid=908d411d-6574-0bc5-4328-be38bd76d1c8
2026081405,91a1c79f-c88a-7147-4e4e-6598d06a5457,9100004,PROJECTA BRUTE FORCE THRESHOLD,2026-08-15T12:35:30.598267+0000,/login?ok=0&sid=91a1c79f-c88a-7147-4e4e-6598d06a5457
2026081405,a10641e9-04b7-923e-d6ad-809ba9e333e4,9100004,PROJECTA BRUTE FORCE THRESHOLD,2026-08-15T12:35:30.662019+0000,/login?ok=0&sid=a10641e9-04b7-923e-d6ad-809ba9e333e4
2026081405,94bfb950-4aa0-3e2a-ac98-5834a122c2a2,9100004,PROJECTA BRUTE FORCE THRESHOLD,2026-08-15T12:35:31.736770+0000,/login?ok=0&sid=94bfb950-4aa0-3e2a-ac98-5834a122c2a2
2026081405,addf9ca9-08a5-bfb5-fc34-91738182710e,9100004,PROJECTA BRUTE FORCE THRESHOLD,2026-08-15T12:35:30.737774+0000,/login?ok=0&sid=addf9ca9-08a5-bfb5-fc34-91738182710e
2026081405,b3cc2229-d1c0-5a52-b5e6-0be5321d17fd,9100004,PROJECTA BRUTE FORCE THRESHOLD,2026-08-15T12:35:30.752703+0000,/login?ok=0&sid=b3cc2229-d1c0-5a52-b5e6-0be5321d17fd
2026081405,a8d111bf-49d4-157e-8da0-5760ab83a2c7,9100004,PROJECTA BRUTE FORCE THRESHOLD,2026-08-15T12:35:31.149268+0000,/login?ok=0&sid=a8d111bf-49d4-157e-8da0-5760ab83a2c7
2026081405,c563aeb6-e8ae-319e-b49e-1a98efba58a0,9100004,PROJECTA BRUTE FORCE THRESHOLD,2026-08-15T12:35:31.260976+0000,/login?ok=0&sid=c563aeb6-e8ae-319e-b49e-1a98efba58a0
2026081405,1dcd7c75-e492-6519-8f52-be63bfd7efbe,9100003,PROJECTA COMMAND PROBE,2026-08-15T12:35:31.322926+0000,/cmd?x=id&sid=1dcd7c75-e492-6519-8f52-be63bfd7efbe
2026081405,3a1b1e35-bb1c-c290-95a1-54469079705c,9100004,PROJECTA BRUTE FORCE THRESHOLD,2026-08-15T12:35:31.481761+0000,/login?ok=0&sid=3a1b1e35-bb1c-c290-95a1-54469079705c
2026081405,d7cfcbd9-22e7-bd39-f264-844b99034478,9100004,PROJECTA BRUTE FORCE THRESHOLD,2026-08-15T12:35:31.714506+0000,/login?ok=0&sid=d7cfcbd9-22e7-bd39-f264-844b99034478
2026081406,8c7a070f-2094-5a12-f0aa-330a968e05d0,9100004,PROJECTA BRUTE FORCE THRESHOLD,2026-08-15T12:35:39.256400+0000,/login?ok=0&sid=8c7a070f-2094-5a12-f0aa-330a968e05d0
2026081406,cec01492-5226-f265-edc4-b2f24619a843,9100004,PROJECTA BRUTE FORCE THRESHOLD,2026-08-15T12:35:38.968571+0000,/login?ok=0&sid=cec01492-5226-f265-edc4-b2f24619a843
2026081406,0eeabb9d-c6a1-f47d-a90c-3b50a2ff567c,9100003,PROJECTA COMMAND PROBE,2026-08-15T12:35:38.999481+0000,/cmd?x=id&sid=0eeabb9d-c6a1-f47d-a90c-3b50a2ff567c
2026081406,eaee0099-bcdb-5b58-2a43-515938602754,9100001,PROJECTA ADMIN SENSITIVE ACCESS,2026-08-15T12:35:39.024347+0000,/admin/secret?sid=eaee0099-bcdb-5b58-2a43-515938602754
2026081406,71d1d80b-ee03-2156-d22a-25fe2ca88860,9100004,PROJECTA BRUTE FORCE THRESHOLD,2026-08-15T12:35:39.231091+0000,/login?ok=0&sid=71d1d80b-ee03-2156-d22a-25fe2ca88860
2026081406,035565ac-670d-f4b2-9f38-7cf0c43acffe,9100004,PROJECTA BRUTE FORCE THRESHOLD,2026-08-15T12:35:39.428445+0000,/login?ok=0&sid=035565ac-670d-f4b2-9f38-7cf0c43acffe
2026081406,c470a6e7-edad-a249-11b4-bae196b5856e,9100001,PROJECTA ADMIN SENSITIVE ACCESS,2026-08-15T12:35:39.289431+0000,/admin/secret?sid=c470a6e7-edad-a249-11b4-bae196b5856e
2026081406,d9140c21-737c-3d4c-0cdb-b5167ece52cb,9100004,PROJECTA BRUTE FORCE THRESHOLD,2026-08-15T12:35:39.221333+0000,/login?ok=0&sid=d9140c21-737c-3d4c-0cdb-b5167ece52cb
2026081406,65b595a8-e2f6-e833-cd5f-00035f4ca278,9100004,PROJECTA BRUTE FORCE THRESHOLD,2026-08-15T12:35:39.412071+0000,/login?ok=0&sid=65b595a8-e2f6-e833-cd5f-00035f4ca278
2026081406,8d2d2338-f2e6-bef4-db24-18e0107725b5,9100004,PROJECTA BRUTE FORCE THRESHOLD,2026-08-15T12:35:39.439561+0000,/login?ok=0&sid=8d2d2338-f2e6-bef4-db24-18e0107725b5
2026081406,67610f84-d700-0cb9-279d-74381188c50f,9100004,PROJECTA BRUTE FORCE THRESHOLD,2026-08-15T12:35:39.646643+0000,/login?ok=0&sid=67610f84-d700-0cb9-279d-74381188c50f
2026081406,a77c782d-3d3c-e822-bc0d-5431c41044b7,9100004,PROJECTA BRUTE FORCE THRESHOLD,2026-08-15T12:35:39.685390+0000,/login?ok=0&sid=a77c782d-3d3c-e822-bc0d-5431c41044b7
2026081406,5e760eb0-1c6d-b22a-f913-eb841e575a92,9100004,PROJECTA BRUTE FORCE THRESHOLD,2026-08-15T12:35:39.240585+0000,/login?ok=0&sid=5e760eb0-1c6d-b22a-f913-eb841e575a92
2026081406,8d3ce13c-5d34-2d18-c6f3-cf5a9fc92376,9100004,PROJECTA BRUTE FORCE THRESHOLD,2026-08-15T12:35:39.995536+0000,/login?ok=0&sid=8d3ce13c-5d34-2d18-c6f3-cf5a9fc92376
2026081406,096a8ddc-198c-be51-130c-2f4948287ba7,9100004,PROJECTA BRUTE FORCE THRESHOLD,2026-08-15T12:35:39.576643+0000,/login?ok=0&sid=096a8ddc-198c-be51-130c-2f4948287ba7
2026081406,10fc2a84-84cc-a5e2-689d-980269249184,9100004,PROJECTA BRUTE FORCE THRESHOLD,2026-08-15T12:35:39.263546+0000,/login?ok=0&sid=10fc2a84-84cc-a5e2-689d-980269249184
2026081406,99c5f1ca-504a-40ea-e02c-1b5211456461,9100004,PROJECTA BRUTE FORCE THRESHOLD,2026-08-15T12:35:39.692539+0000,/login?ok=0&sid=99c5f1ca-504a-40ea-e02c-1b5211456461
2026081406,fedd0f54-4f6e-a228-ad23-c245f9a58505,9100004,PROJECTA BRUTE FORCE THRESHOLD,2026-08-15T12:35:39.680022+0000,/login?ok=0&sid=fedd0f54-4f6e-a228-ad23-c245f9a58505
2026081406,e129a71e-e6d4-3cd2-8bf3-a8b68ecfc9af,9100004,PROJECTA BRUTE FORCE THRESHOLD,2026-08-15T12:35:39.588330+0000,/login?ok=0&sid=e129a71e-e6d4-3cd2-8bf3-a8b68ecfc9af
2026081406,660a54cc-ffbc-4552-0f80-ad28d3a20168,9100004,PROJECTA BRUTE FORCE THRESHOLD,2026-08-15T12:35:39.452560+0000,/login?ok=0&sid=660a54cc-ffbc-4552-0f80-ad28d3a20168
2026081406,873f9aef-790d-6ac3-8867-b9ef9225d479,9100004,PROJECTA BRUTE FORCE THRESHOLD,2026-08-15T12:35:39.999342+0000,/login?ok=0&sid=873f9aef-790d-6ac3-8867-b9ef9225d479
2026081406,4836714c-001f-410b-90c9-535b541814b2,9100002,PROJECTA PATH TRAVERSAL,2026-08-15T12:35:40.059980+0000,/%2e%2e/%2e%2e/etc/passwd?sid=4836714c-001f-410b-90c9-535b541814b2
2026081406,e4a11754-afa7-673b-bb52-2c7c8211289f,9100004,PROJECTA BRUTE FORCE THRESHOLD,2026-08-15T12:35:39.617350+0000,/login?ok=0&sid=e4a11754-afa7-673b-bb52-2c7c8211289f
2026081406,dff9a546-87ad-8fea-1793-81d5f8f3b735,9100004,PROJECTA BRUTE FORCE THRESHOLD,2026-08-15T12:35:39.651892+0000,/login?ok=0&sid=dff9a546-87ad-8fea-1793-81d5f8f3b735
2026081406,a8677b0b-ddde-9dc1-7e2e-c3e1fb603e2f,9100004,PROJECTA BRUTE FORCE THRESHOLD,2026-08-15T12:35:39.448173+0000,/login?ok=0&sid=a8677b0b-ddde-9dc1-7e2e-c3e1fb603e2f
2026081406,9c983b1a-ffb0-2a14-46ef-80abd3097144,9100001,PROJECTA ADMIN SENSITIVE ACCESS,2026-08-15T12:35:39.705731+0000,/admin/secret?sid=9c983b1a-ffb0-2a14-46ef-80abd3097144
2026081406,32a42a8f-e180-f010-c627-342b0be41a36,9100004,PROJECTA BRUTE FORCE THRESHOLD,2026-08-15T12:35:39.548524+0000,/login?ok=0&sid=32a42a8f-e180-f010-c627-342b0be41a36
2026081406,385edeab-a45a-bae1-a0c7-b6b4fad9828a,9100004,PROJECTA BRUTE FORCE THRESHOLD,2026-08-15T12:35:39.672169+0000,/login?ok=0&sid=385edeab-a45a-bae1-a0c7-b6b4fad9828a
2026081406,e7427106-003e-3698-6c5d-e2469fe082ed,9100004,PROJECTA BRUTE FORCE THRESHOLD,2026-08-15T12:35:39.554302+0000,/login?ok=0&sid=e7427106-003e-3698-6c5d-e2469fe082ed
2026081406,550142b1-30ed-3015-8bf4-93e1bfc8f60d,9100004,PROJECTA BRUTE FORCE THRESHOLD,2026-08-15T12:35:39.562098+0000,/login?ok=0&sid=550142b1-30ed-3015-8bf4-93e1bfc8f60d
2026081406,165b5d4e-f6f6-9296-b994-4ca03ff20b0b,9100004,PROJECTA BRUTE FORCE THRESHOLD,2026-08-15T12:35:39.914868+0000,/login?ok=0&sid=165b5d4e-f6f6-9296-b994-4ca03ff20b0b
2026081406,9d0a8584-d9af-cd82-6ad0-d2df013e729f,9100004,PROJECTA BRUTE FORCE THRESHOLD,2026-08-15T12:35:41.045215+0000,/login?ok=0&sid=9d0a8584-d9af-cd82-6ad0-d2df013e729f
2026081406,6ca4b7de-ad16-11f5-6c4a-776d00ef7b55,9100004,PROJECTA BRUTE FORCE THRESHOLD,2026-08-15T12:35:40.411775+0000,/login?ok=0&sid=6ca4b7de-ad16-11f5-6c4a-776d00ef7b55
2026081406,9ba5de65-591f-4485-b15f-ae7f02b906a0,9100004,PROJECTA BRUTE FORCE THRESHOLD,2026-08-15T12:35:39.942221+0000,/login?ok=0&sid=9ba5de65-591f-4485-b15f-ae7f02b906a0
2026081406,bc7564c9-ed07-050a-6b9c-12994434c7ae,9100004,PROJECTA BRUTE FORCE THRESHOLD,2026-08-15T12:35:39.895728+0000,/login?ok=0&sid=bc7564c9-ed07-050a-6b9c-12994434c7ae
2026081406,b95d87ff-8501-7664-0129-670e7b1d2a7c,9100004,PROJECTA BRUTE FORCE THRESHOLD,2026-08-15T12:35:39.630802+0000,/login?ok=0&sid=b95d87ff-8501-7664-0129-670e7b1d2a7c
2026081406,51ab0f97-35f7-4e1d-e18b-753ddc7e8d6f,9100004,PROJECTA BRUTE FORCE THRESHOLD,2026-08-15T12:35:39.926295+0000,/login?ok=0&sid=51ab0f97-35f7-4e1d-e18b-753ddc7e8d6f
2026081406,131b8afe-72e1-6060-6cd3-61b11bb12332,9100004,PROJECTA BRUTE FORCE THRESHOLD,2026-08-15T12:35:41.227402+0000,/login?ok=0&sid=131b8afe-72e1-6060-6cd3-61b11bb12332
2026081406,9f27e238-b165-baa4-c16f-22edfd522476,9100004,PROJECTA BRUTE FORCE THRESHOLD,2026-08-15T12:35:39.640123+0000,/login?ok=0&sid=9f27e238-b165-baa4-c16f-22edfd522476
2026081406,0dfb36e1-0b77-bd9e-b5c1-9548e59d94eb,9100004,PROJECTA BRUTE FORCE THRESHOLD,2026-08-15T12:35:39.966119+0000,/login?ok=0&sid=0dfb36e1-0b77-bd9e-b5c1-9548e59d94eb
2026081406,d8b02045-b5fc-b2c5-2207-692703931e92,9100003,PROJECTA COMMAND PROBE,2026-08-15T12:35:40.441308+0000,/cmd?x=id&sid=d8b02045-b5fc-b2c5-2207-692703931e92
2026081406,e9b4d479-92cb-ad5d-22f3-7c827026dfcf,9100004,PROJECTA BRUTE FORCE THRESHOLD,2026-08-15T12:35:39.950217+0000,/login?ok=0&sid=e9b4d479-92cb-ad5d-22f3-7c827026dfcf
2026081406,08fc4842-ebcd-c74f-20d7-f6fb9cc49285,9100004,PROJECTA BRUTE FORCE THRESHOLD,2026-08-15T12:35:39.664411+0000,/login?ok=0&sid=08fc4842-ebcd-c74f-20d7-f6fb9cc49285
2026081406,cc62a10b-d60f-814f-9744-1f413dfe43aa,9100004,PROJECTA BRUTE FORCE THRESHOLD,2026-08-15T12:35:40.698067+0000,/login?ok=0&sid=cc62a10b-d60f-814f-9744-1f413dfe43aa
2026081406,c36e2272-4177-e049-6db9-6994eea66100,9100004,PROJECTA BRUTE FORCE THRESHOLD,2026-08-15T12:35:40.375546+0000,/login?ok=0&sid=c36e2272-4177-e049-6db9-6994eea66100
2026081406,65ea27d3-4437-7239-b91a-491eadb5f895,9100004,PROJECTA BRUTE FORCE THRESHOLD,2026-08-15T12:35:40.495403+0000,/login?ok=0&sid=65ea27d3-4437-7239-b91a-491eadb5f895
2026081406,8013c545-0ead-ba6c-80ad-83241676f39d,9100004,PROJECTA BRUTE FORCE THRESHOLD,2026-08-15T12:35:40.221783+0000,/login?ok=0&sid=8013c545-0ead-ba6c-80ad-83241676f39d
2026081406,3f3196f9-a468-e8b7-dfc5-81ab7cb20c92,9100004,PROJECTA BRUTE FORCE THRESHOLD,2026-08-15T12:35:40.237557+0000,/login?ok=0&sid=3f3196f9-a468-e8b7-dfc5-81ab7cb20c92
2026081406,616e36d6-fba7-9dc3-9aae-60aa80a23b60,9100004,PROJECTA BRUTE FORCE THRESHOLD,2026-08-15T12:35:41.474081+0000,/login?ok=0&sid=616e36d6-fba7-9dc3-9aae-60aa80a23b60
2026081406,d5f2b7d2-9809-a61d-2c10-1ba24be830ea,9100004,PROJECTA BRUTE FORCE THRESHOLD,2026-08-15T12:35:41.617039+0000,/login?ok=0&sid=d5f2b7d2-9809-a61d-2c10-1ba24be830ea
2026081406,882cd218-d482-ee26-ad16-a345824feab6,9100004,PROJECTA BRUTE FORCE THRESHOLD,2026-08-15T12:35:40.451153+0000,/login?ok=0&sid=882cd218-d482-ee26-ad16-a345824feab6
2026081406,48e1dff3-e49d-66c0-a430-149680845272,9100004,PROJECTA BRUTE FORCE THRESHOLD,2026-08-15T12:35:40.396108+0000,/login?ok=0&sid=48e1dff3-e49d-66c0-a430-149680845272
2026081406,c79984b8-6c74-d5fa-62d6-39d9a59e4e1e,9100003,PROJECTA COMMAND PROBE,2026-08-15T12:35:40.645280+0000,/cmd?x=id&sid=c79984b8-6c74-d5fa-62d6-39d9a59e4e1e
2026081406,8e3f6f33-566e-bd76-b78e-58c1f9bbf973,9100004,PROJECTA BRUTE FORCE THRESHOLD,2026-08-15T12:35:39.901033+0000,/login?ok=0&sid=8e3f6f33-566e-bd76-b78e-58c1f9bbf973
2026081406,ed6d38b7-08b5-9076-0351-f5289eb49e50,9100004,PROJECTA BRUTE FORCE THRESHOLD,2026-08-15T12:35:39.982155+0000,/login?ok=0&sid=ed6d38b7-08b5-9076-0351-f5289eb49e50
2026081406,46b18a4e-df17-1590-c175-a9db8d471457,9100004,PROJECTA BRUTE FORCE THRESHOLD,2026-08-15T12:35:40.334139+0000,/login?ok=0&sid=46b18a4e-df17-1590-c175-a9db8d471457
2026081406,3341e64f-d4b9-08ea-06fc-6904a49749ae,9100004,PROJECTA BRUTE FORCE THRESHOLD,2026-08-15T12:35:40.269232+0000,/login?ok=0&sid=3341e64f-d4b9-08ea-06fc-6904a49749ae
2026081406,a328f666-c1eb-ee8a-4484-93b1d7a93fc0,9100004,PROJECTA BRUTE FORCE THRESHOLD,2026-08-15T12:35:40.341516+0000,/login?ok=0&sid=a328f666-c1eb-ee8a-4484-93b1d7a93fc0
2026081406,da965331-803b-437e-f23f-0b526c201037,9100004,PROJECTA BRUTE FORCE THRESHOLD,2026-08-15T12:35:40.244465+0000,/login?ok=0&sid=da965331-803b-437e-f23f-0b526c201037
2026081406,66dc797e-7a90-3b3c-1c47-26f42bb36ce6,9100003,PROJECTA COMMAND PROBE,2026-08-15T12:35:40.288431+0000,/cmd?x=id&sid=66dc797e-7a90-3b3c-1c47-26f42bb36ce6
2026081406,85ae5e56-badc-4e6b-a166-97a2dc1762c8,9100003,PROJECTA COMMAND PROBE,2026-08-15T12:35:40.019633+0000,/cmd?x=id&sid=85ae5e56-badc-4e6b-a166-97a2dc1762c8
2026081406,6e49c9aa-c4ea-525b-7154-5e7f5bcedd6c,9100004,PROJECTA BRUTE FORCE THRESHOLD,2026-08-15T12:35:40.328365+0000,/login?ok=0&sid=6e49c9aa-c4ea-525b-7154-5e7f5bcedd6c
2026081406,81cc9bf5-2a23-eacd-2bdf-3c848a28148a,9100004,PROJECTA BRUTE FORCE THRESHOLD,2026-08-15T12:35:40.456700+0000,/login?ok=0&sid=81cc9bf5-2a23-eacd-2bdf-3c848a28148a
2026081406,2750ed1f-f78f-c6b6-840e-854f245c8ce8,9100004,PROJECTA BRUTE FORCE THRESHOLD,2026-08-15T12:35:40.713464+0000,/login?ok=0&sid=2750ed1f-f78f-c6b6-840e-854f245c8ce8
2026081406,b21b74f7-e306-e990-3895-a9e65dbb79ab,9100004,PROJECTA BRUTE FORCE THRESHOLD,2026-08-15T12:35:40.319168+0000,/login?ok=0&sid=b21b74f7-e306-e990-3895-a9e65dbb79ab
2026081406,6f834984-96b7-6aed-696e-3f27897cd300,9100004,PROJECTA BRUTE FORCE THRESHOLD,2026-08-15T12:35:41.300327+0000,/login?ok=0&sid=6f834984-96b7-6aed-696e-3f27897cd300
2026081406,70860ad0-dbbd-9f7d-b9c5-6a7cbd52879a,9100004,PROJECTA BRUTE FORCE THRESHOLD,2026-08-15T12:35:40.387299+0000,/login?ok=0&sid=70860ad0-dbbd-9f7d-b9c5-6a7cbd52879a
2026081406,3fe01034-2de9-db37-d4fe-4065c80537d3,9100004,PROJECTA BRUTE FORCE THRESHOLD,2026-08-15T12:35:40.260104+0000,/login?ok=0&sid=3fe01034-2de9-db37-d4fe-4065c80537d3
2026081406,26181864-2062-2ea9-ca10-b017c092c37d,9100004,PROJECTA BRUTE FORCE THRESHOLD,2026-08-15T12:35:40.736505+0000,/login?ok=0&sid=26181864-2062-2ea9-ca10-b017c092c37d
2026081406,0b7b2c71-f992-0a80-c918-5da0eefd41cb,9100004,PROJECTA BRUTE FORCE THRESHOLD,2026-08-15T12:35:41.071992+0000,/login?ok=0&sid=0b7b2c71-f992-0a80-c918-5da0eefd41cb
2026081406,0a94fb91-5ed3-7c82-7481-91c794f446c3,9100003,PROJECTA COMMAND PROBE,2026-08-15T12:35:41.868454+0000,/cmd?x=id&sid=0a94fb91-5ed3-7c82-7481-91c794f446c3
2026081406,653e0ca1-cc31-cf11-d630-b6b6a07cf72f,9100004,PROJECTA BRUTE FORCE THRESHOLD,2026-08-15T12:35:41.051826+0000,/login?ok=0&sid=653e0ca1-cc31-cf11-d630-b6b6a07cf72f
2026081406,f16c0643-61ac-d6bf-cabf-caa04ee34b0e,9100004,PROJECTA BRUTE FORCE THRESHOLD,2026-08-15T12:35:40.304744+0000,/login?ok=0&sid=f16c0643-61ac-d6bf-cabf-caa04ee34b0e
2026081406,96910262-7652-c151-3c92-56fe7c7bb492,9100004,PROJECTA BRUTE FORCE THRESHOLD,2026-08-15T12:35:40.472877+0000,/login?ok=0&sid=96910262-7652-c151-3c92-56fe7c7bb492
2026081406,a1ea57f0-addb-ec26-06be-b38511ab8a28,9100004,PROJECTA BRUTE FORCE THRESHOLD,2026-08-15T12:35:41.449060+0000,/login?ok=0&sid=a1ea57f0-addb-ec26-06be-b38511ab8a28
2026081406,28bb9527-2dc7-639e-c5b0-33df15e117f3,9100004,PROJECTA BRUTE FORCE THRESHOLD,2026-08-15T12:35:41.241845+0000,/login?ok=0&sid=28bb9527-2dc7-639e-c5b0-33df15e117f3
2026081406,b948ac2f-1045-f03c-cc10-821777567022,9100004,PROJECTA BRUTE FORCE THRESHOLD,2026-08-15T12:35:41.266830+0000,/login?ok=0&sid=b948ac2f-1045-f03c-cc10-821777567022
2026081406,6f4da928-f7b0-424e-69c2-c93f017f1645,9100004,PROJECTA BRUTE FORCE THRESHOLD,2026-08-15T12:35:40.365809+0000,/login?ok=0&sid=6f4da928-f7b0-424e-69c2-c93f017f1645
2026081406,a5ed520d-d502-c6f4-c62c-df35fc8ab88f,9100002,PROJECTA PATH TRAVERSAL,2026-08-15T12:35:41.366847+0000,/%2e%2e/%2e%2e/etc/passwd?sid=a5ed520d-d502-c6f4-c62c-df35fc8ab88f
2026081406,73455a2d-f347-b52f-ae7e-d33c1fd39a61,9100004,PROJECTA BRUTE FORCE THRESHOLD,2026-08-15T12:35:40.489407+0000,/login?ok=0&sid=73455a2d-f347-b52f-ae7e-d33c1fd39a61
2026081406,3b640737-85d4-d4bd-5245-0bc593056890,9100004,PROJECTA BRUTE FORCE THRESHOLD,2026-08-15T12:35:41.604183+0000,/login?ok=0&sid=3b640737-85d4-d4bd-5245-0bc593056890
2026081406,bca95ee8-ca03-ac84-3d09-da6b6788ebd3,9100004,PROJECTA BRUTE FORCE THRESHOLD,2026-08-15T12:35:41.823048+0000,/login?ok=0&sid=bca95ee8-ca03-ac84-3d09-da6b6788ebd3
2026081406,97a1783a-0c3c-8569-a4a0-7d46d6e60cb2,9100002,PROJECTA PATH TRAVERSAL,2026-08-15T12:35:40.818507+0000,/%2e%2e/%2e%2e/etc/passwd?sid=97a1783a-0c3c-8569-a4a0-7d46d6e60cb2
2026081406,baa0c330-1cad-96c7-324d-617875c4f91c,9100001,PROJECTA ADMIN SENSITIVE ACCESS,2026-08-15T12:35:41.430414+0000,/admin/secret?sid=baa0c330-1cad-96c7-324d-617875c4f91c
2026081406,26efc456-3111-1980-27e0-dc717c5b32a2,9100004,PROJECTA BRUTE FORCE THRESHOLD,2026-08-15T12:35:40.721603+0000,/login?ok=0&sid=26efc456-3111-1980-27e0-dc717c5b32a2
2026081406,be539ba6-90d2-fa7a-d0b7-edb7915a2224,9100004,PROJECTA BRUTE FORCE THRESHOLD,2026-08-15T12:35:41.248303+0000,/login?ok=0&sid=be539ba6-90d2-fa7a-d0b7-edb7915a2224
2026081406,550304d7-9ade-a7c4-538f-c45922d46a0d,9100002,PROJECTA PATH TRAVERSAL,2026-08-15T12:35:41.664764+0000,/%2e%2e/%2e%2e/etc/passwd?sid=550304d7-9ade-a7c4-538f-c45922d46a0d
2026081406,dba87205-66d0-364a-b7eb-40a29dce5616,9100004,PROJECTA BRUTE FORCE THRESHOLD,2026-08-15T12:35:41.721609+0000,/login?ok=0&sid=dba87205-66d0-364a-b7eb-40a29dce5616
2026081406,22b869c6-6d10-b513-cab9-77b2c210ea6b,9100004,PROJECTA BRUTE FORCE THRESHOLD,2026-08-15T12:35:41.041693+0000,/login?ok=0&sid=22b869c6-6d10-b513-cab9-77b2c210ea6b
2026081406,75b06b9b-dfdc-4e96-5745-6a7fa782b3ab,9100004,PROJECTA BRUTE FORCE THRESHOLD,2026-08-15T12:35:41.489157+0000,/login?ok=0&sid=75b06b9b-dfdc-4e96-5745-6a7fa782b3ab
2026081406,e89cfda3-db4f-6b3d-3694-017c314fe24f,9100004,PROJECTA BRUTE FORCE THRESHOLD,2026-08-15T12:35:40.751548+0000,/login?ok=0&sid=e89cfda3-db4f-6b3d-3694-017c314fe24f
2026081406,94106842-6a61-6d04-dbcd-3636275a38a0,9100002,PROJECTA PATH TRAVERSAL,2026-08-15T12:35:40.988510+0000,/%2e%2e/%2e%2e/etc/passwd?sid=94106842-6a61-6d04-dbcd-3636275a38a0
2026081406,6330cd12-f711-c4f6-3aae-6f2cb3f1ca6c,9100004,PROJECTA BRUTE FORCE THRESHOLD,2026-08-15T12:35:41.709149+0000,/login?ok=0&sid=6330cd12-f711-c4f6-3aae-6f2cb3f1ca6c
2026081406,b3f1159c-cfb5-996e-af37-6b890bfce613,9100004,PROJECTA BRUTE FORCE THRESHOLD,2026-08-15T12:35:41.796693+0000,/login?ok=0&sid=b3f1159c-cfb5-996e-af37-6b890bfce613
2026081406,ccab27e3-46bb-705a-1406-feba734430a2,9100004,PROJECTA BRUTE FORCE THRESHOLD,2026-08-15T12:35:41.059372+0000,/login?ok=0&sid=ccab27e3-46bb-705a-1406-feba734430a2
2026081406,b928d355-7a54-58a5-aa14-b89c211db895,9100004,PROJECTA BRUTE FORCE THRESHOLD,2026-08-15T12:35:41.253186+0000,/login?ok=0&sid=b928d355-7a54-58a5-aa14-b89c211db895
2026081406,e2b5fe23-5151-5f45-a7d1-5f8050d24d99,9100004,PROJECTA BRUTE FORCE THRESHOLD,2026-08-15T12:35:41.937550+0000,/login?ok=0&sid=e2b5fe23-5151-5f45-a7d1-5f8050d24d99
2026081406,5bfa4220-e675-db31-5adf-353d23c3584a,9100002,PROJECTA PATH TRAVERSAL,2026-08-15T12:35:40.838564+0000,/%2e%2e/%2e%2e/etc/passwd?sid=5bfa4220-e675-db31-5adf-353d23c3584a
2026081406,231b710e-4f20-a7c9-0832-aa0d0500c42e,9100004,PROJECTA BRUTE FORCE THRESHOLD,2026-08-15T12:35:41.215752+0000,/login?ok=0&sid=231b710e-4f20-a7c9-0832-aa0d0500c42e
2026081406,911eca04-0f1b-9ef5-d8b7-fa6c13bdb81f,9100004,PROJECTA BRUTE FORCE THRESHOLD,2026-08-15T12:35:41.201962+0000,/login?ok=0&sid=911eca04-0f1b-9ef5-d8b7-fa6c13bdb81f
2026081406,b4e89892-92a7-cff6-4099-588ebb340857,9100002,PROJECTA PATH TRAVERSAL,2026-08-15T12:35:41.402023+0000,/%2e%2e/%2e%2e/etc/passwd?sid=b4e89892-92a7-cff6-4099-588ebb340857
2026081406,c095c04e-e2da-34b5-5630-35fbfaf1e7db,9100004,PROJECTA BRUTE FORCE THRESHOLD,2026-08-15T12:35:41.290552+0000,/login?ok=0&sid=c095c04e-e2da-34b5-5630-35fbfaf1e7db
2026081406,a2d69660-00be-08ac-870c-b1938a15c0a8,9100004,PROJECTA BRUTE FORCE THRESHOLD,2026-08-15T12:35:41.818131+0000,/login?ok=0&sid=a2d69660-00be-08ac-870c-b1938a15c0a8
2026081406,b2114f69-f5f5-6ae5-cf8b-c717d628189a,9100004,PROJECTA BRUTE FORCE THRESHOLD,2026-08-15T12:35:41.624635+0000,/login?ok=0&sid=b2114f69-f5f5-6ae5-cf8b-c717d628189a
2026081406,f6ddf9c1-5dab-86ac-7a72-d75d4a9b0c6b,9100001,PROJECTA ADMIN SENSITIVE ACCESS,2026-08-15T12:35:41.187636+0000,/admin/secret?sid=f6ddf9c1-5dab-86ac-7a72-d75d4a9b0c6b
2026081406,8c11352a-fa38-f84c-f6f4-1d75f47a77a5,9100004,PROJECTA BRUTE FORCE THRESHOLD,2026-08-15T12:35:41.691707+0000,/login?ok=0&sid=8c11352a-fa38-f84c-f6f4-1d75f47a77a5
2026081406,f50af52e-550b-a102-d9bf-4f77a58d2e86,9100004,PROJECTA BRUTE FORCE THRESHOLD,2026-08-15T12:35:41.620898+0000,/login?ok=0&sid=f50af52e-550b-a102-d9bf-4f77a58d2e86
2026081406,11ade1b6-47c6-eebe-ad41-17c16fdc2654,9100004,PROJECTA BRUTE FORCE THRESHOLD,2026-08-15T12:35:41.785220+0000,/login?ok=0&sid=11ade1b6-47c6-eebe-ad41-17c16fdc2654
2026081406,5634e1a2-4064-7b88-9ae0-b26e794aee61,9100004,PROJECTA BRUTE FORCE THRESHOLD,2026-08-15T12:35:41.805531+0000,/login?ok=0&sid=5634e1a2-4064-7b88-9ae0-b26e794aee61
2026081406,4f690a11-f450-8bc9-9417-1180a6b01d43,9100004,PROJECTA BRUTE FORCE THRESHOLD,2026-08-15T12:35:41.281438+0000,/login?ok=0&sid=4f690a11-f450-8bc9-9417-1180a6b01d43
2026081406,1d176665-bb31-f467-2814-94d685bbc1c9,9100004,PROJECTA BRUTE FORCE THRESHOLD,2026-08-15T12:35:41.944381+0000,/login?ok=0&sid=1d176665-bb31-f467-2814-94d685bbc1c9
2026081406,507ddded-c840-4dca-8411-db55ed76103e,9100004,PROJECTA BRUTE FORCE THRESHOLD,2026-08-15T12:35:41.985334+0000,/login?ok=0&sid=507ddded-c840-4dca-8411-db55ed76103e
2026081406,777af258-da55-3067-ca75-44d254950710,9100004,PROJECTA BRUTE FORCE THRESHOLD,2026-08-15T12:35:41.456695+0000,/login?ok=0&sid=777af258-da55-3067-ca75-44d254950710
2026081406,12bd9a1a-2e6f-fc8c-5867-d99ca03940f9,9100001,PROJECTA ADMIN SENSITIVE ACCESS,2026-08-15T12:35:41.335513+0000,/admin/secret?sid=12bd9a1a-2e6f-fc8c-5867-d99ca03940f9
2026081406,c073aa2d-1165-0f9a-0626-f0790e680475,9100001,PROJECTA ADMIN SENSITIVE ACCESS,2026-08-15T12:35:42.032142+0000,/admin/secret?sid=c073aa2d-1165-0f9a-0626-f0790e680475
2026081406,731bfc50-a415-7533-a2c9-50259072c4fa,9100004,PROJECTA BRUTE FORCE THRESHOLD,2026-08-15T12:35:41.960507+0000,/login?ok=0&sid=731bfc50-a415-7533-a2c9-50259072c4fa
2026081406,f0a08279-a2ab-1e44-2cb0-0be6b1f2ab38,9100004,PROJECTA BRUTE FORCE THRESHOLD,2026-08-15T12:35:41.595255+0000,/login?ok=0&sid=f0a08279-a2ab-1e44-2cb0-0be6b1f2ab38
2026081406,6d40ab23-2158-0cbf-9071-17acade78c2f,9100004,PROJECTA BRUTE FORCE THRESHOLD,2026-08-15T12:35:41.675085+0000,/login?ok=0&sid=6d40ab23-2158-0cbf-9071-17acade78c2f
2026081406,15ce71ed-6721-45ab-eee2-db5574684307,9100004,PROJECTA BRUTE FORCE THRESHOLD,2026-08-15T12:35:41.461247+0000,/login?ok=0&sid=15ce71ed-6721-45ab-eee2-db5574684307
2026081406,84c48886-0ea4-ec44-f556-e5bebc960b58,9100004,PROJECTA BRUTE FORCE THRESHOLD,2026-08-15T12:35:41.699148+0000,/login?ok=0&sid=84c48886-0ea4-ec44-f556-e5bebc960b58
2026081406,3c00ee30-f4e8-db6c-71e6-069e374eb67c,9100004,PROJECTA BRUTE FORCE THRESHOLD,2026-08-15T12:35:41.972971+0000,/login?ok=0&sid=3c00ee30-f4e8-db6c-71e6-069e374eb67c
2026081407,88e8597c-e839-20de-ef26-4f07c9529efc,9100002,PROJECTA PATH TRAVERSAL,2026-08-15T12:35:49.868258+0000,/%2e%2e/%2e%2e/etc/passwd?sid=88e8597c-e839-20de-ef26-4f07c9529efc
2026081407,bf3ebcf7-03ca-d6bd-cdb2-15674e1dd025,9100002,PROJECTA PATH TRAVERSAL,2026-08-15T12:35:49.582674+0000,/%2e%2e/%2e%2e/etc/passwd?sid=bf3ebcf7-03ca-d6bd-cdb2-15674e1dd025
2026081407,22dc0615-e8be-2290-1d69-518efaa4cf07,9100004,PROJECTA BRUTE FORCE THRESHOLD,2026-08-15T12:35:50.223780+0000,/login?ok=0&sid=22dc0615-e8be-2290-1d69-518efaa4cf07
2026081407,eeb80c60-e5d9-3ccf-7d1a-d7566b7fd9a3,9100004,PROJECTA BRUTE FORCE THRESHOLD,2026-08-15T12:35:49.461438+0000,/login?ok=0&sid=eeb80c60-e5d9-3ccf-7d1a-d7566b7fd9a3
2026081407,8817e959-abb4-e3fa-2543-66d30935cb77,9100004,PROJECTA BRUTE FORCE THRESHOLD,2026-08-15T12:35:49.423997+0000,/login?ok=0&sid=8817e959-abb4-e3fa-2543-66d30935cb77
2026081407,f9e1bc16-740c-0ca2-fd0a-50b86e2da92e,9100003,PROJECTA COMMAND PROBE,2026-08-15T12:35:49.632102+0000,/cmd?x=id&sid=f9e1bc16-740c-0ca2-fd0a-50b86e2da92e
2026081407,53ec3837-1783-27bb-fc5c-18edf653b52e,9100001,PROJECTA ADMIN SENSITIVE ACCESS,2026-08-15T12:35:50.315319+0000,/admin/secret?sid=53ec3837-1783-27bb-fc5c-18edf653b52e
2026081407,f34baa0e-b797-f56d-0abc-fdff23c471bb,9100004,PROJECTA BRUTE FORCE THRESHOLD,2026-08-15T12:35:50.093867+0000,/login?ok=0&sid=f34baa0e-b797-f56d-0abc-fdff23c471bb
2026081407,4d45a280-2ba5-e30f-c7a6-a70c9127d457,9100001,PROJECTA ADMIN SENSITIVE ACCESS,2026-08-15T12:35:50.026177+0000,/admin/secret?sid=4d45a280-2ba5-e30f-c7a6-a70c9127d457
2026081407,be00c67e-eda5-c52b-863d-e2f748fdf549,9100004,PROJECTA BRUTE FORCE THRESHOLD,2026-08-15T12:35:50.429275+0000,/login?ok=0&sid=be00c67e-eda5-c52b-863d-e2f748fdf549
2026081407,45da583d-2cf0-1b1c-ef59-a5566654a79c,9100001,PROJECTA ADMIN SENSITIVE ACCESS,2026-08-15T12:35:50.041117+0000,/admin/secret?sid=45da583d-2cf0-1b1c-ef59-a5566654a79c
2026081407,220b2e63-dc5f-c111-4336-ccddd54a3da5,9100004,PROJECTA BRUTE FORCE THRESHOLD,2026-08-15T12:35:50.192460+0000,/login?ok=0&sid=220b2e63-dc5f-c111-4336-ccddd54a3da5
2026081407,e94309a1-bcab-4218-c0b8-00c3416c35cc,9100004,PROJECTA BRUTE FORCE THRESHOLD,2026-08-15T12:35:50.063911+0000,/login?ok=0&sid=e94309a1-bcab-4218-c0b8-00c3416c35cc
2026081407,b7b5cbc0-b695-8b4d-1e08-7726a1af6ec1,9100003,PROJECTA COMMAND PROBE,2026-08-15T12:35:50.570790+0000,/cmd?x=id&sid=b7b5cbc0-b695-8b4d-1e08-7726a1af6ec1
2026081407,d37f80a4-74b9-77cd-cc36-90570395cbf9,9100002,PROJECTA PATH TRAVERSAL,2026-08-15T12:35:50.405735+0000,/%2e%2e/%2e%2e/etc/passwd?sid=d37f80a4-74b9-77cd-cc36-90570395cbf9
2026081407,0cda6e42-ba29-0575-b4c5-ac221b42c5b1,9100004,PROJECTA BRUTE FORCE THRESHOLD,2026-08-15T12:35:50.435520+0000,/login?ok=0&sid=0cda6e42-ba29-0575-b4c5-ac221b42c5b1
2026081407,4e78da84-6961-4db8-afe1-fdcfe1e1e85a,9100002,PROJECTA PATH TRAVERSAL,2026-08-15T12:35:50.509167+0000,/%2e%2e/%2e%2e/etc/passwd?sid=4e78da84-6961-4db8-afe1-fdcfe1e1e85a
2026081407,730ae243-d9aa-4c4a-2daa-0045e0c48f6f,9100004,PROJECTA BRUTE FORCE THRESHOLD,2026-08-15T12:35:50.443804+0000,/login?ok=0&sid=730ae243-d9aa-4c4a-2daa-0045e0c48f6f
2026081407,debba070-94d3-a722-2b38-735183b9c6f7,9100004,PROJECTA BRUTE FORCE THRESHOLD,2026-08-15T12:35:50.729104+0000,/login?ok=0&sid=debba070-94d3-a722-2b38-735183b9c6f7
2026081407,d959614d-1d0e-0238-a77b-d549fdaaf466,9100004,PROJECTA BRUTE FORCE THRESHOLD,2026-08-15T12:35:50.829251+0000,/login?ok=0&sid=d959614d-1d0e-0238-a77b-d549fdaaf466
2026081407,da9c179c-b7e1-ccb6-8039-a4671346d3d1,9100004,PROJECTA BRUTE FORCE THRESHOLD,2026-08-15T12:35:50.416703+0000,/login?ok=0&sid=da9c179c-b7e1-ccb6-8039-a4671346d3d1
2026081407,2348f892-9ac1-61b0-a913-b12c8d758368,9100004,PROJECTA BRUTE FORCE THRESHOLD,2026-08-15T12:35:50.069602+0000,/login?ok=0&sid=2348f892-9ac1-61b0-a913-b12c8d758368
2026081407,50a639da-dbb8-47b1-6120-0b36690257c5,9100004,PROJECTA BRUTE FORCE THRESHOLD,2026-08-15T12:35:50.756016+0000,/login?ok=0&sid=50a639da-dbb8-47b1-6120-0b36690257c5
2026081407,723a7099-81ea-e7d2-d2bb-7e19f93f6ffb,9100004,PROJECTA BRUTE FORCE THRESHOLD,2026-08-15T12:35:50.853017+0000,/login?ok=0&sid=723a7099-81ea-e7d2-d2bb-7e19f93f6ffb
2026081407,cd55eb7f-9eeb-5b1d-0ee4-442684264476,9100004,PROJECTA BRUTE FORCE THRESHOLD,2026-08-15T12:35:50.866959+0000,/login?ok=0&sid=cd55eb7f-9eeb-5b1d-0ee4-442684264476
2026081407,c77fdb24-3a47-6433-9e1f-400d40a50002,9100004,PROJECTA BRUTE FORCE THRESHOLD,2026-08-15T12:35:50.763161+0000,/login?ok=0&sid=c77fdb24-3a47-6433-9e1f-400d40a50002
2026081407,40def0d4-4966-86c4-602a-e73827e4e5d7,9100004,PROJECTA BRUTE FORCE THRESHOLD,2026-08-15T12:35:50.178521+0000,/login?ok=0&sid=40def0d4-4966-86c4-602a-e73827e4e5d7
2026081407,f115eceb-b07f-c565-9508-36c31e763d3a,9100004,PROJECTA BRUTE FORCE THRESHOLD,2026-08-15T12:35:50.836607+0000,/login?ok=0&sid=f115eceb-b07f-c565-9508-36c31e763d3a
2026081407,8a882450-496a-ca41-149a-172413cad259,9100004,PROJECTA BRUTE FORCE THRESHOLD,2026-08-15T12:35:50.201817+0000,/login?ok=0&sid=8a882450-496a-ca41-149a-172413cad259
2026081407,c5113b95-4d47-cbeb-4666-f2204b4f17fd,9100004,PROJECTA BRUTE FORCE THRESHOLD,2026-08-15T12:35:51.172342+0000,/login?ok=0&sid=c5113b95-4d47-cbeb-4666-f2204b4f17fd
2026081407,57576f75-f5e6-4469-ee23-eef2f019af95,9100004,PROJECTA BRUTE FORCE THRESHOLD,2026-08-15T12:35:50.882862+0000,/login?ok=0&sid=57576f75-f5e6-4469-ee23-eef2f019af95
2026081407,bac2b161-e77f-fafa-114e-a39e292b481f,9100004,PROJECTA BRUTE FORCE THRESHOLD,2026-08-15T12:35:50.896550+0000,/login?ok=0&sid=bac2b161-e77f-fafa-114e-a39e292b481f
2026081407,0d50465d-435e-a46b-57f7-614147bc6894,9100004,PROJECTA BRUTE FORCE THRESHOLD,2026-08-15T12:35:50.088325+0000,/login?ok=0&sid=0d50465d-435e-a46b-57f7-614147bc6894
2026081407,6054ba37-5827-bf4d-e35a-1cd61b367cc2,9100004,PROJECTA BRUTE FORCE THRESHOLD,2026-08-15T12:35:51.165481+0000,/login?ok=0&sid=6054ba37-5827-bf4d-e35a-1cd61b367cc2
2026081407,fecf04a4-3b70-a3f7-070a-f333c76de827,9100004,PROJECTA BRUTE FORCE THRESHOLD,2026-08-15T12:35:50.910312+0000,/login?ok=0&sid=fecf04a4-3b70-a3f7-070a-f333c76de827
2026081407,69023033-7555-014a-29b2-e97c1e59abdb,9100004,PROJECTA BRUTE FORCE THRESHOLD,2026-08-15T12:35:50.744899+0000,/login?ok=0&sid=69023033-7555-014a-29b2-e97c1e59abdb
2026081407,cdbd418f-1490-27e8-ee16-749c4d9b6067,9100004,PROJECTA BRUTE FORCE THRESHOLD,2026-08-15T12:35:50.214045+0000,/login?ok=0&sid=cdbd418f-1490-27e8-ee16-749c4d9b6067
2026081407,c880e2e8-0be4-620a-7609-ae9d48fd4abb,9100003,PROJECTA COMMAND PROBE,2026-08-15T12:35:51.313984+0000,/cmd?x=id&sid=c880e2e8-0be4-620a-7609-ae9d48fd4abb
2026081407,ded52aa3-ca93-a7e6-1830-7ca824990855,9100004,PROJECTA BRUTE FORCE THRESHOLD,2026-08-15T12:35:50.458801+0000,/login?ok=0&sid=ded52aa3-ca93-a7e6-1830-7ca824990855
2026081407,d62cbb0c-5008-24bd-87e1-c2101d963eab,9100004,PROJECTA BRUTE FORCE THRESHOLD,2026-08-15T12:35:51.374662+0000,/login?ok=0&sid=d62cbb0c-5008-24bd-87e1-c2101d963eab
2026081407,eb9ebdab-dcd8-4ced-c772-d069b979e0b0,9100002,PROJECTA PATH TRAVERSAL,2026-08-15T12:35:50.341464+0000,/%2e%2e/%2e%2e/etc/passwd?sid=eb9ebdab-dcd8-4ced-c772-d069b979e0b0
2026081407,31154533-f37d-2d65-b208-14dc3982ff3e,9100003,PROJECTA COMMAND PROBE,2026-08-15T12:35:50.959666+0000,/cmd?x=id&sid=31154533-f37d-2d65-b208-14dc3982ff3e
2026081407,89003085-e831-9378-0010-6bdeb24157d6,9100001,PROJECTA ADMIN SENSITIVE ACCESS,2026-08-15T12:35:51.426437+0000,/admin/secret?sid=89003085-e831-9378-0010-6bdeb24157d6
2026081407,5e4e2580-fefd-6ad7-abec-b6f29f042178,9100004,PROJECTA BRUTE FORCE THRESHOLD,2026-08-15T12:35:51.843973+0000,/login?ok=0&sid=5e4e2580-fefd-6ad7-abec-b6f29f042178
2026081407,22abfad1-7c72-c4c6-8167-85684ac90228,9100004,PROJECTA BRUTE FORCE THRESHOLD,2026-08-15T12:35:50.769304+0000,/login?ok=0&sid=22abfad1-7c72-c4c6-8167-85684ac90228
2026081407,635bb0cd-0c92-4fa0-a425-a84982127999,9100004,PROJECTA BRUTE FORCE THRESHOLD,2026-08-15T12:35:51.188526+0000,/login?ok=0&sid=635bb0cd-0c92-4fa0-a425-a84982127999
2026081407,0644b685-4ab3-cdb8-128c-e9f3ebfc46c8,9100004,PROJECTA BRUTE FORCE THRESHOLD,2026-08-15T12:35:51.865377+0000,/login?ok=0&sid=0644b685-4ab3-cdb8-128c-e9f3ebfc46c8
2026081407,99c79955-bc52-e550-84de-323f90a73d1f,9100004,PROJECTA BRUTE FORCE THRESHOLD,2026-08-15T12:35:51.907594+0000,/login?ok=0&sid=99c79955-bc52-e550-84de-323f90a73d1f
2026081407,f358170b-fa24-7af7-341f-6def86f8957a,9100004,PROJECTA BRUTE FORCE THRESHOLD,2026-08-15T12:35:50.846184+0000,/login?ok=0&sid=f358170b-fa24-7af7-341f-6def86f8957a
2026081407,aebce03b-5303-6e5f-c204-0aec64785a89,9100004,PROJECTA BRUTE FORCE THRESHOLD,2026-08-15T12:35:51.365678+0000,/login?ok=0&sid=aebce03b-5303-6e5f-c204-0aec64785a89
2026081407,665af64b-ba14-af44-6481-507ea0111da4,9100004,PROJECTA BRUTE FORCE THRESHOLD,2026-08-15T12:35:52.183923+0000,/login?ok=0&sid=665af64b-ba14-af44-6481-507ea0111da4
2026081407,ff0941c5-79db-3ed7-b9f1-310d9095d56a,9100004,PROJECTA BRUTE FORCE THRESHOLD,2026-08-15T12:35:51.914979+0000,/login?ok=0&sid=ff0941c5-79db-3ed7-b9f1-310d9095d56a
2026081407,d1ec47ee-9612-4307-18df-477e1714f9da,9100004,PROJECTA BRUTE FORCE THRESHOLD,2026-08-15T12:35:52.111939+0000,/login?ok=0&sid=d1ec47ee-9612-4307-18df-477e1714f9da
2026081407,8d6d6b46-ab36-c044-c4a5-69af0249bc72,9100004,PROJECTA BRUTE FORCE THRESHOLD,2026-08-15T12:35:50.890568+0000,/login?ok=0&sid=8d6d6b46-ab36-c044-c4a5-69af0249bc72
2026081407,0eeccb9e-12ff-0b02-8e54-0bed696b7028,9100004,PROJECTA BRUTE FORCE THRESHOLD,2026-08-15T12:35:51.399949+0000,/login?ok=0&sid=0eeccb9e-12ff-0b02-8e54-0bed696b7028
2026081407,c7cbe806-0c63-7b45-44e4-67eb4a995665,9100004,PROJECTA BRUTE FORCE THRESHOLD,2026-08-15T12:35:50.859705+0000,/login?ok=0&sid=c7cbe806-0c63-7b45-44e4-67eb4a995665
2026081407,ae2ab002-4259-71d2-d205-d5c759f42969,9100004,PROJECTA BRUTE FORCE THRESHOLD,2026-08-15T12:35:51.869502+0000,/login?ok=0&sid=ae2ab002-4259-71d2-d205-d5c759f42969
2026081407,213404da-c758-8bd3-7697-df34587b5a81,9100004,PROJECTA BRUTE FORCE THRESHOLD,2026-08-15T12:35:51.385809+0000,/login?ok=0&sid=213404da-c758-8bd3-7697-df34587b5a81
2026081407,780c093a-29f1-3b48-d9c4-8fb0b954a784,9100004,PROJECTA BRUTE FORCE THRESHOLD,2026-08-15T12:35:52.074817+0000,/login?ok=0&sid=780c093a-29f1-3b48-d9c4-8fb0b954a784
2026081407,49a40579-ae08-c1f0-df42-969deebd7c40,9100004,PROJECTA BRUTE FORCE THRESHOLD,2026-08-15T12:35:52.448032+0000,/login?ok=0&sid=49a40579-ae08-c1f0-df42-969deebd7c40
2026081407,ecc299b2-ef01-7ea9-6761-280ac925f63f,9100001,PROJECTA ADMIN SENSITIVE ACCESS,2026-08-15T12:35:52.298610+0000,/admin/secret?sid=ecc299b2-ef01-7ea9-6761-280ac925f63f
2026081407,1f5577ab-1b63-b8f9-8e0e-4ea017eb9000,9100001,PROJECTA ADMIN SENSITIVE ACCESS,2026-08-15T12:35:51.033955+0000,/admin/secret?sid=1f5577ab-1b63-b8f9-8e0e-4ea017eb9000
2026081407,d7560c5f-10bc-838a-4545-97ad7d4eb467,9100004,PROJECTA BRUTE FORCE THRESHOLD,2026-08-15T12:35:52.475779+0000,/login?ok=0&sid=d7560c5f-10bc-838a-4545-97ad7d4eb467
2026081407,2be43ffb-a7db-ca47-fa0f-32016e7d2101,9100004,PROJECTA BRUTE FORCE THRESHOLD,2026-08-15T12:35:52.128443+0000,/login?ok=0&sid=2be43ffb-a7db-ca47-fa0f-32016e7d2101
2026081407,c1eb4d82-a682-2ed1-c90c-63301330bffa,9100004,PROJECTA BRUTE FORCE THRESHOLD,2026-08-15T12:35:52.051910+0000,/login?ok=0&sid=c1eb4d82-a682-2ed1-c90c-63301330bffa
2026081407,d9104502-1864-4228-2046-549764f48668,9100004,PROJECTA BRUTE FORCE THRESHOLD,2026-08-15T12:35:51.918879+0000,/login?ok=0&sid=d9104502-1864-4228-2046-549764f48668
2026081407,f477a1fd-c97b-2700-0a4b-40160f94a696,9100004,PROJECTA BRUTE FORCE THRESHOLD,2026-08-15T12:35:52.464749+0000,/login?ok=0&sid=f477a1fd-c97b-2700-0a4b-40160f94a696
2026081407,f2711822-2fd6-8540-f02c-186a67d4e7f3,9100004,PROJECTA BRUTE FORCE THRESHOLD,2026-08-15T12:35:52.158706+0000,/login?ok=0&sid=f2711822-2fd6-8540-f02c-186a67d4e7f3
2026081407,eeb114d7-db24-4973-4d0a-61f0b39c01d9,9100004,PROJECTA BRUTE FORCE THRESHOLD,2026-08-15T12:35:51.135149+0000,/login?ok=0&sid=eeb114d7-db24-4973-4d0a-61f0b39c01d9
2026081407,8be54c56-5b49-810e-0595-9ca66dacdae1,9100004,PROJECTA BRUTE FORCE THRESHOLD,2026-08-15T12:35:51.858753+0000,/login?ok=0&sid=8be54c56-5b49-810e-0595-9ca66dacdae1
2026081407,f9b8808f-6058-c555-b8be-a005108e2220,9100001,PROJECTA ADMIN SENSITIVE ACCESS,2026-08-15T12:35:52.287742+0000,/admin/secret?sid=f9b8808f-6058-c555-b8be-a005108e2220
2026081407,00a5d8bd-d590-b74e-6836-088924716c88,9100004,PROJECTA BRUTE FORCE THRESHOLD,2026-08-15T12:35:51.150599+0000,/login?ok=0&sid=00a5d8bd-d590-b74e-6836-088924716c88
2026081407,d6326315-af1c-3752-3445-0d2979db6eb6,9100004,PROJECTA BRUTE FORCE THRESHOLD,2026-08-15T12:35:52.060199+0000,/login?ok=0&sid=d6326315-af1c-3752-3445-0d2979db6eb6
2026081407,2f455c8c-fb80-f756-3a6f-271096626be6,9100004,PROJECTA BRUTE FORCE THRESHOLD,2026-08-15T12:35:52.132097+0000,/login?ok=0&sid=2f455c8c-fb80-f756-3a6f-271096626be6
2026081407,065e8b51-7613-eadc-b952-c15ee5a7f6b7,9100001,PROJECTA ADMIN SENSITIVE ACCESS,2026-08-15T12:35:52.239007+0000,/admin/secret?sid=065e8b51-7613-eadc-b952-c15ee5a7f6b7
2026081407,7bf60295-3bdb-7ecd-2516-b9698a0c3f62,9100004,PROJECTA BRUTE FORCE THRESHOLD,2026-08-15T12:35:52.432369+0000,/login?ok=0&sid=7bf60295-3bdb-7ecd-2516-b9698a0c3f62
2026081407,c133a51a-0a1d-a7f9-4004-81240aef887d,9100004,PROJECTA BRUTE FORCE THRESHOLD,2026-08-15T12:35:52.441494+0000,/login?ok=0&sid=c133a51a-0a1d-a7f9-4004-81240aef887d
2026081407,102a7e7e-4a4b-6fdd-e403-af215053ab6d,9100004,PROJECTA BRUTE FORCE THRESHOLD,2026-08-15T12:35:51.942438+0000,/login?ok=0&sid=102a7e7e-4a4b-6fdd-e403-af215053ab6d
2026081407,ec777e1d-bd20-3a1d-0f49-ffe63bccd453,9100002,PROJECTA PATH TRAVERSAL,2026-08-15T12:35:51.235409+0000,/%2e%2e/%2e%2e/etc/passwd?sid=ec777e1d-bd20-3a1d-0f49-ffe63bccd453
2026081407,f554121b-dacc-9577-f0b5-05ae5d36b481,9100004,PROJECTA BRUTE FORCE THRESHOLD,2026-08-15T12:35:52.503565+0000,/login?ok=0&sid=f554121b-dacc-9577-f0b5-05ae5d36b481
2026081407,fca38f04-2a4b-66e7-f912-92d1e1989578,9100004,PROJECTA BRUTE FORCE THRESHOLD,2026-08-15T12:35:52.145782+0000,/login?ok=0&sid=fca38f04-2a4b-66e7-f912-92d1e1989578
2026081407,98b72c98-6556-dbad-157c-675ad3b50c67,9100004,PROJECTA BRUTE FORCE THRESHOLD,2026-08-15T12:35:51.403437+0000,/login?ok=0&sid=98b72c98-6556-dbad-157c-675ad3b50c67
2026081407,b9f0a397-4da5-fd9e-d1dc-21eba01247f6,9100004,PROJECTA BRUTE FORCE THRESHOLD,2026-08-15T12:35:52.424789+0000,/login?ok=0&sid=b9f0a397-4da5-fd9e-d1dc-21eba01247f6
2026081407,34452bc2-1da8-20d9-d2cf-256a62ef93b2,9100004,PROJECTA BRUTE FORCE THRESHOLD,2026-08-15T12:35:52.489473+0000,/login?ok=0&sid=34452bc2-1da8-20d9-d2cf-256a62ef93b2
2026081407,3d0c13b8-7dcd-70a2-469e-97337abc7f41,9100004,PROJECTA BRUTE FORCE THRESHOLD,2026-08-15T12:35:51.929121+0000,/login?ok=0&sid=3d0c13b8-7dcd-70a2-469e-97337abc7f41
2026081407,d8d69aa6-f709-4161-608d-7e2926e2e6cf,9100004,PROJECTA BRUTE FORCE THRESHOLD,2026-08-15T12:35:51.839411+0000,/login?ok=0&sid=d8d69aa6-f709-4161-608d-7e2926e2e6cf
2026081407,6fb0dba7-d5a8-ddf3-4d2f-86fc1a36cd96,9100004,PROJECTA BRUTE FORCE THRESHOLD,2026-08-15T12:35:52.097266+0000,/login?ok=0&sid=6fb0dba7-d5a8-ddf3-4d2f-86fc1a36cd96
2026081407,5455e490-0237-7aea-b333-f9338cbd1bac,9100004,PROJECTA BRUTE FORCE THRESHOLD,2026-08-15T12:35:52.198779+0000,/login?ok=0&sid=5455e490-0237-7aea-b333-f9338cbd1bac
2026081407,c51882df-ae53-eab2-f61f-8b07837c99fb,9100002,PROJECTA PATH TRAVERSAL,2026-08-15T12:35:51.985018+0000,/%2e%2e/%2e%2e/etc/passwd?sid=c51882df-ae53-eab2-f61f-8b07837c99fb
2026081407,9d3550ed-9417-931e-976f-653aa1a8abba,9100004,PROJECTA BRUTE FORCE THRESHOLD,2026-08-15T12:35:52.088671+0000,/login?ok=0&sid=9d3550ed-9417-931e-976f-653aa1a8abba
2026081407,d1d85acb-771d-515b-66bb-74c810fd1440,9100004,PROJECTA BRUTE FORCE THRESHOLD,2026-08-15T12:35:52.202612+0000,/login?ok=0&sid=d1d85acb-771d-515b-66bb-74c810fd1440
2026081407,833b9ab7-4448-8843-e209-799766230fec,9100004,PROJECTA BRUTE FORCE THRESHOLD,2026-08-15T12:35:52.206751+0000,/login?ok=0&sid=833b9ab7-4448-8843-e209-799766230fec
2026081407,ab995aef-fe56-3c97-e4b2-d58b5b7c0254,9100004,PROJECTA BRUTE FORCE THRESHOLD,2026-08-15T12:35:52.217422+0000,/login?ok=0&sid=ab995aef-fe56-3c97-e4b2-d58b5b7c0254
2026081408,339e9508-887f-4f60-b470-d54b1fe75bc3,9100004,PROJECTA BRUTE FORCE THRESHOLD,2026-08-15T12:35:59.913355+0000,/login?ok=0&sid=339e9508-887f-4f60-b470-d54b1fe75bc3
2026081408,acfc8312-06fd-8031-7146-8f80fc7abb82,9100004,PROJECTA BRUTE FORCE THRESHOLD,2026-08-15T12:35:59.989362+0000,/login?ok=0&sid=acfc8312-06fd-8031-7146-8f80fc7abb82
2026081408,447f8615-8a4e-8466-40ee-dcdb7b3812a4,9100004,PROJECTA BRUTE FORCE THRESHOLD,2026-08-15T12:36:00.337861+0000,/login?ok=0&sid=447f8615-8a4e-8466-40ee-dcdb7b3812a4
2026081408,c575bb67-e418-67d9-7b90-36772b5d7688,9100004,PROJECTA BRUTE FORCE THRESHOLD,2026-08-15T12:36:00.052743+0000,/login?ok=0&sid=c575bb67-e418-67d9-7b90-36772b5d7688
2026081408,ba84cae5-4ba6-966d-52ab-75a9afc1ea7f,9100004,PROJECTA BRUTE FORCE THRESHOLD,2026-08-15T12:36:00.010923+0000,/login?ok=0&sid=ba84cae5-4ba6-966d-52ab-75a9afc1ea7f
2026081408,ecc49e5b-82bb-e9b1-c322-c2672e7bd9f6,9100004,PROJECTA BRUTE FORCE THRESHOLD,2026-08-15T12:36:00.366741+0000,/login?ok=0&sid=ecc49e5b-82bb-e9b1-c322-c2672e7bd9f6
2026081408,f0ef12ee-1d2d-1fcd-38a3-0d6bba4e47c0,9100004,PROJECTA BRUTE FORCE THRESHOLD,2026-08-15T12:36:00.167926+0000,/login?ok=0&sid=f0ef12ee-1d2d-1fcd-38a3-0d6bba4e47c0
2026081408,2015ea57-7c1b-5858-ea10-5e6e334b0441,9100004,PROJECTA BRUTE FORCE THRESHOLD,2026-08-15T12:36:00.003521+0000,/login?ok=0&sid=2015ea57-7c1b-5858-ea10-5e6e334b0441
2026081408,2c85413d-0acd-a0bf-c9cc-9d0df0e23502,9100004,PROJECTA BRUTE FORCE THRESHOLD,2026-08-15T12:36:00.240880+0000,/login?ok=0&sid=2c85413d-0acd-a0bf-c9cc-9d0df0e23502
2026081408,3ed19ca8-4975-e663-cb2c-abee594143c1,9100004,PROJECTA BRUTE FORCE THRESHOLD,2026-08-15T12:36:00.065865+0000,/login?ok=0&sid=3ed19ca8-4975-e663-cb2c-abee594143c1
2026081408,1af6cb0c-bd26-5d8a-6672-f167047d9cbf,9100004,PROJECTA BRUTE FORCE THRESHOLD,2026-08-15T12:36:00.274554+0000,/login?ok=0&sid=1af6cb0c-bd26-5d8a-6672-f167047d9cbf
2026081408,a394dc4f-677d-bad6-e92f-122e9800c19e,9100004,PROJECTA BRUTE FORCE THRESHOLD,2026-08-15T12:36:00.219921+0000,/login?ok=0&sid=a394dc4f-677d-bad6-e92f-122e9800c19e
2026081408,a50141ed-2c88-faf5-8210-4cbcc0387719,9100004,PROJECTA BRUTE FORCE THRESHOLD,2026-08-15T12:36:00.075831+0000,/login?ok=0&sid=a50141ed-2c88-faf5-8210-4cbcc0387719
2026081408,9991acf9-8b78-8d65-1f7e-280ed91dd459,9100004,PROJECTA BRUTE FORCE THRESHOLD,2026-08-15T12:36:00.261340+0000,/login?ok=0&sid=9991acf9-8b78-8d65-1f7e-280ed91dd459
2026081408,4e3e7e28-17c3-65d9-1ee9-5170e1f688e5,9100004,PROJECTA BRUTE FORCE THRESHOLD,2026-08-15T12:36:00.522672+0000,/login?ok=0&sid=4e3e7e28-17c3-65d9-1ee9-5170e1f688e5
2026081408,e181ebf4-7eef-2167-6c70-cc696dddcb5f,9100004,PROJECTA BRUTE FORCE THRESHOLD,2026-08-15T12:36:00.092364+0000,/login?ok=0&sid=e181ebf4-7eef-2167-6c70-cc696dddcb5f
2026081408,5b35af9c-3dd3-23d2-6228-074f3e58576d,9100004,PROJECTA BRUTE FORCE THRESHOLD,2026-08-15T12:36:00.204306+0000,/login?ok=0&sid=5b35af9c-3dd3-23d2-6228-074f3e58576d
2026081408,bcaf72b5-cebf-34ec-704f-c86d860fe1a1,9100004,PROJECTA BRUTE FORCE THRESHOLD,2026-08-15T12:35:59.998480+0000,/login?ok=0&sid=bcaf72b5-cebf-34ec-704f-c86d860fe1a1
2026081408,bf6c68f4-1697-9889-8ef5-abd97e769807,9100002,PROJECTA PATH TRAVERSAL,2026-08-15T12:36:00.453913+0000,/%2e%2e/%2e%2e/etc/passwd?sid=bf6c68f4-1697-9889-8ef5-abd97e769807
2026081408,cfe67828-6d30-c449-7a9c-e514307f680e,9100004,PROJECTA BRUTE FORCE THRESHOLD,2026-08-15T12:36:00.491758+0000,/login?ok=0&sid=cfe67828-6d30-c449-7a9c-e514307f680e
2026081408,40e84383-6d4f-a881-b472-8ec80fb42e39,9100004,PROJECTA BRUTE FORCE THRESHOLD,2026-08-15T12:35:59.939565+0000,/login?ok=0&sid=40e84383-6d4f-a881-b472-8ec80fb42e39
2026081408,bf4068c8-2bb0-fc2a-7982-a55117cbd4c1,9100004,PROJECTA BRUTE FORCE THRESHOLD,2026-08-15T12:36:00.919883+0000,/login?ok=0&sid=bf4068c8-2bb0-fc2a-7982-a55117cbd4c1
2026081408,ad0ffc98-7a3a-ab9b-6c44-33f34895ed88,9100004,PROJECTA BRUTE FORCE THRESHOLD,2026-08-15T12:36:00.298702+0000,/login?ok=0&sid=ad0ffc98-7a3a-ab9b-6c44-33f34895ed88
2026081408,ff61ec70-8b16-d163-592e-ff9419dc4813,9100004,PROJECTA BRUTE FORCE THRESHOLD,2026-08-15T12:36:00.614408+0000,/login?ok=0&sid=ff61ec70-8b16-d163-592e-ff9419dc4813
2026081408,03a54363-88ea-25ce-e099-51cb6d7a4570,9100004,PROJECTA BRUTE FORCE THRESHOLD,2026-08-15T12:36:00.161806+0000,/login?ok=0&sid=03a54363-88ea-25ce-e099-51cb6d7a4570
2026081408,549debd8-1908-b5f8-84fe-5927f8ce5f36,9100004,PROJECTA BRUTE FORCE THRESHOLD,2026-08-15T12:36:00.634865+0000,/login?ok=0&sid=549debd8-1908-b5f8-84fe-5927f8ce5f36
2026081408,898ae458-b1eb-e067-7724-5618fced0de7,9100004,PROJECTA BRUTE FORCE THRESHOLD,2026-08-15T12:36:00.045186+0000,/login?ok=0&sid=898ae458-b1eb-e067-7724-5618fced0de7
2026081408,5fb04335-8932-137e-7331-a57f5720be16,9100004,PROJECTA BRUTE FORCE THRESHOLD,2026-08-15T12:36:00.507045+0000,/login?ok=0&sid=5fb04335-8932-137e-7331-a57f5720be16
2026081408,fd56812c-4a00-1317-dc51-39e8b118c963,9100004,PROJECTA BRUTE FORCE THRESHOLD,2026-08-15T12:36:00.737026+0000,/login?ok=0&sid=fd56812c-4a00-1317-dc51-39e8b118c963
2026081408,a961884a-7c6c-4ad2-9296-85df686a80a0,9100004,PROJECTA BRUTE FORCE THRESHOLD,2026-08-15T12:36:00.210634+0000,/login?ok=0&sid=a961884a-7c6c-4ad2-9296-85df686a80a0
2026081408,0b1e5439-a662-7e90-b101-e07c9b9de3f5,9100004,PROJECTA BRUTE FORCE THRESHOLD,2026-08-15T12:36:00.314420+0000,/login?ok=0&sid=0b1e5439-a662-7e90-b101-e07c9b9de3f5
2026081408,6322f9b1-123b-23f2-4cbe-c77f0b3224a7,9100004,PROJECTA BRUTE FORCE THRESHOLD,2026-08-15T12:36:00.176196+0000,/login?ok=0&sid=6322f9b1-123b-23f2-4cbe-c77f0b3224a7
2026081408,ebfb1589-d923-aca9-c377-aa6f325a600e,9100004,PROJECTA BRUTE FORCE THRESHOLD,2026-08-15T12:36:00.350089+0000,/login?ok=0&sid=ebfb1589-d923-aca9-c377-aa6f325a600e
2026081408,2fff41d2-3a29-0932-bad7-bf7585525906,9100004,PROJECTA BRUTE FORCE THRESHOLD,2026-08-15T12:36:00.140453+0000,/login?ok=0&sid=2fff41d2-3a29-0932-bad7-bf7585525906
2026081408,ee3f9d92-aa37-55ba-1c19-fc921138f7ff,9100004,PROJECTA BRUTE FORCE THRESHOLD,2026-08-15T12:36:00.288333+0000,/login?ok=0&sid=ee3f9d92-aa37-55ba-1c19-fc921138f7ff
2026081408,f028e00b-b767-2af8-1eed-b175ccfd25bb,9100004,PROJECTA BRUTE FORCE THRESHOLD,2026-08-15T12:36:00.148488+0000,/login?ok=0&sid=f028e00b-b767-2af8-1eed-b175ccfd25bb
2026081408,b3f52b4d-46ff-6eb4-ebae-05c0da0fcc55,9100004,PROJECTA BRUTE FORCE THRESHOLD,2026-08-15T12:36:00.642924+0000,/login?ok=0&sid=b3f52b4d-46ff-6eb4-ebae-05c0da0fcc55
2026081408,8dfa8f6c-6699-ea52-6c01-39adecaf5585,9100004,PROJECTA BRUTE FORCE THRESHOLD,2026-08-15T12:36:00.865343+0000,/login?ok=0&sid=8dfa8f6c-6699-ea52-6c01-39adecaf5585
2026081408,b5fbe8fb-58ef-8cc3-d4b3-fc8dbb622475,9100004,PROJECTA BRUTE FORCE THRESHOLD,2026-08-15T12:36:00.358796+0000,/login?ok=0&sid=b5fbe8fb-58ef-8cc3-d4b3-fc8dbb622475
2026081408,574927e5-9d8e-40d9-3321-fd96b68d4f74,9100002,PROJECTA PATH TRAVERSAL,2026-08-15T12:36:00.874953+0000,/%2e%2e/%2e%2e/etc/passwd?sid=574927e5-9d8e-40d9-3321-fd96b68d4f74
2026081408,cabab14d-3112-648b-cde7-6cdc73feb6c1,9100004,PROJECTA BRUTE FORCE THRESHOLD,2026-08-15T12:36:00.745101+0000,/login?ok=0&sid=cabab14d-3112-648b-cde7-6cdc73feb6c1
2026081408,9b71b512-2e1d-dd72-2c23-5f029d774b26,9100004,PROJECTA BRUTE FORCE THRESHOLD,2026-08-15T12:36:00.954164+0000,/login?ok=0&sid=9b71b512-2e1d-dd72-2c23-5f029d774b26
2026081408,820a0edf-2650-fdf1-1010-2f745799f382,9100004,PROJECTA BRUTE FORCE THRESHOLD,2026-08-15T12:36:00.224661+0000,/login?ok=0&sid=820a0edf-2650-fdf1-1010-2f745799f382
2026081408,9405f1df-9e8c-37e5-4443-cd86a542b7a3,9100003,PROJECTA COMMAND PROBE,2026-08-15T12:36:00.569362+0000,/cmd?x=id&sid=9405f1df-9e8c-37e5-4443-cd86a542b7a3
2026081408,33329f14-5109-bf40-6cff-458dfa285dc3,9100004,PROJECTA BRUTE FORCE THRESHOLD,2026-08-15T12:36:00.619105+0000,/login?ok=0&sid=33329f14-5109-bf40-6cff-458dfa285dc3
2026081408,81d58b05-026f-d5cd-9239-09341c75b334,9100004,PROJECTA BRUTE FORCE THRESHOLD,2026-08-15T12:36:00.532128+0000,/login?ok=0&sid=81d58b05-026f-d5cd-9239-09341c75b334
2026081408,59174ba9-74c7-f79b-dacb-017e31326327,9100004,PROJECTA BRUTE FORCE THRESHOLD,2026-08-15T12:36:00.753531+0000,/login?ok=0&sid=59174ba9-74c7-f79b-dacb-017e31326327
2026081408,e19662dc-07ad-d8fc-68e9-0b86470a2d54,9100004,PROJECTA BRUTE FORCE THRESHOLD,2026-08-15T12:36:00.354748+0000,/login?ok=0&sid=e19662dc-07ad-d8fc-68e9-0b86470a2d54
2026081408,10c0520f-db1e-fc6f-906d-2cee14dfa38b,9100004,PROJECTA BRUTE FORCE THRESHOLD,2026-08-15T12:36:00.475186+0000,/login?ok=0&sid=10c0520f-db1e-fc6f-906d-2cee14dfa38b
2026081408,d6677086-a037-a689-1064-bdd9286bc82a,9100004,PROJECTA BRUTE FORCE THRESHOLD,2026-08-15T12:36:00.832377+0000,/login?ok=0&sid=d6677086-a037-a689-1064-bdd9286bc82a
2026081408,bb59c790-f294-2273-6bba-9581ceab6ebd,9100002,PROJECTA PATH TRAVERSAL,2026-08-15T12:36:00.681291+0000,/%2e%2e/%2e%2e/etc/passwd?sid=bb59c790-f294-2273-6bba-9581ceab6ebd
2026081408,08e7e8a0-e7c1-1b4f-389d-5595df65c63b,9100004,PROJECTA BRUTE FORCE THRESHOLD,2026-08-15T12:36:00.843430+0000,/login?ok=0&sid=08e7e8a0-e7c1-1b4f-389d-5595df65c63b
2026081408,a6e69dc0-e79f-e923-8064-7c3d75581267,9100004,PROJECTA BRUTE FORCE THRESHOLD,2026-08-15T12:36:01.160181+0000,/login?ok=0&sid=a6e69dc0-e79f-e923-8064-7c3d75581267
2026081408,b9fc5dfe-91a9-0c52-2cf9-770d710ce664,9100004,PROJECTA BRUTE FORCE THRESHOLD,2026-08-15T12:36:01.166184+0000,/login?ok=0&sid=b9fc5dfe-91a9-0c52-2cf9-770d710ce664
2026081408,4bb66714-cf9b-ac08-35a4-f0e69e570e5b,9100004,PROJECTA BRUTE FORCE THRESHOLD,2026-08-15T12:36:00.858633+0000,/login?ok=0&sid=4bb66714-cf9b-ac08-35a4-f0e69e570e5b
2026081408,4d270d07-8214-ba70-f442-1eaf121b3446,9100004,PROJECTA BRUTE FORCE THRESHOLD,2026-08-15T12:36:00.720339+0000,/login?ok=0&sid=4d270d07-8214-ba70-f442-1eaf121b3446
2026081408,29d189f1-b167-1624-8a8b-46a96e7a3645,9100004,PROJECTA BRUTE FORCE THRESHOLD,2026-08-15T12:36:00.602245+0000,/login?ok=0&sid=29d189f1-b167-1624-8a8b-46a96e7a3645
2026081408,a43da456-9bd7-e1e2-2dbb-ee7d9002dcf4,9100004,PROJECTA BRUTE FORCE THRESHOLD,2026-08-15T12:36:00.935369+0000,/login?ok=0&sid=a43da456-9bd7-e1e2-2dbb-ee7d9002dcf4
2026081408,9e80409f-8845-5e02-5ee0-2086e59f686c,9100004,PROJECTA BRUTE FORCE THRESHOLD,2026-08-15T12:36:00.708463+0000,/login?ok=0&sid=9e80409f-8845-5e02-5ee0-2086e59f686c
2026081408,ba442c68-b102-66eb-12d2-fe48776e8f65,9100002,PROJECTA PATH TRAVERSAL,2026-08-15T12:36:01.392435+0000,/%2e%2e/%2e%2e/etc/passwd?sid=ba442c68-b102-66eb-12d2-fe48776e8f65
2026081408,795f9607-23c6-d90a-af16-11fd138032c3,9100004,PROJECTA BRUTE FORCE THRESHOLD,2026-08-15T12:36:01.493089+0000,/login?ok=0&sid=795f9607-23c6-d90a-af16-11fd138032c3
2026081408,55286460-b3fa-49ac-5823-ac9281890e81,9100004,PROJECTA BRUTE FORCE THRESHOLD,2026-08-15T12:36:00.870444+0000,/login?ok=0&sid=55286460-b3fa-49ac-5823-ac9281890e81
2026081408,92ce08b8-211f-0764-1647-4aeaccc1c5e3,9100002,PROJECTA PATH TRAVERSAL,2026-08-15T12:36:01.059376+0000,/%2e%2e/%2e%2e/etc/passwd?sid=92ce08b8-211f-0764-1647-4aeaccc1c5e3
2026081408,f2c5066d-bd95-8b08-0381-6b8c6c71a809,9100004,PROJECTA BRUTE FORCE THRESHOLD,2026-08-15T12:36:00.942877+0000,/login?ok=0&sid=f2c5066d-bd95-8b08-0381-6b8c6c71a809
2026081408,aafc8847-004d-c4d9-236a-abb65d3ac0f8,9100004,PROJECTA BRUTE FORCE THRESHOLD,2026-08-15T12:36:01.479355+0000,/login?ok=0&sid=aafc8847-004d-c4d9-236a-abb65d3ac0f8
2026081408,dd59e9d2-5cd3-34a7-ca90-2a8fe254ce50,9100004,PROJECTA BRUTE FORCE THRESHOLD,2026-08-15T12:36:01.692910+0000,/login?ok=0&sid=dd59e9d2-5cd3-34a7-ca90-2a8fe254ce50
2026081408,e834a169-d366-cde3-cdef-c66f5bd9e5a2,9100004,PROJECTA BRUTE FORCE THRESHOLD,2026-08-15T12:36:01.170669+0000,/login?ok=0&sid=e834a169-d366-cde3-cdef-c66f5bd9e5a2
2026081408,df3e0761-2b4f-4f7e-df08-ed2c53e4ed67,9100004,PROJECTA BRUTE FORCE THRESHOLD,2026-08-15T12:36:01.442886+0000,/login?ok=0&sid=df3e0761-2b4f-4f7e-df08-ed2c53e4ed67
2026081408,101f1943-d805-1162-c68e-852610772bb0,9100004,PROJECTA BRUTE FORCE THRESHOLD,2026-08-15T12:36:01.713694+0000,/login?ok=0&sid=101f1943-d805-1162-c68e-852610772bb0
2026081408,9759c570-4980-5a63-931b-b8a600e34443,9100002,PROJECTA PATH TRAVERSAL,2026-08-15T12:36:01.423576+0000,/%2e%2e/%2e%2e/etc/passwd?sid=9759c570-4980-5a63-931b-b8a600e34443
2026081408,ad0e827f-6207-75c4-fc76-5f50b11aabe4,9100002,PROJECTA PATH TRAVERSAL,2026-08-15T12:36:01.526091+0000,/%2e%2e/%2e%2e/etc/passwd?sid=ad0e827f-6207-75c4-fc76-5f50b11aabe4
2026081408,c636e594-2e61-a2b3-5fbf-3f508448b096,9100004,PROJECTA BRUTE FORCE THRESHOLD,2026-08-15T12:36:00.908176+0000,/login?ok=0&sid=c636e594-2e61-a2b3-5fbf-3f508448b096
2026081408,57073d5d-cdd8-cef1-c930-6bfeb5378070,9100004,PROJECTA BRUTE FORCE THRESHOLD,2026-08-15T12:36:01.941939+0000,/login?ok=0&sid=57073d5d-cdd8-cef1-c930-6bfeb5378070
2026081408,e0efe345-ecb0-9ce8-4154-dde9f516139a,9100004,PROJECTA BRUTE FORCE THRESHOLD,2026-08-15T12:36:01.699337+0000,/login?ok=0&sid=e0efe345-ecb0-9ce8-4154-dde9f516139a
2026081408,0376eb40-2c85-df74-12b6-e2e9c01961be,9100003,PROJECTA COMMAND PROBE,2026-08-15T12:36:01.351282+0000,/cmd?x=id&sid=0376eb40-2c85-df74-12b6-e2e9c01961be
2026081408,dee7f6a4-ab6b-59c9-66a5-a2ca4872bc29,9100004,PROJECTA BRUTE FORCE THRESHOLD,2026-08-15T12:36:01.730243+0000,/login?ok=0&sid=dee7f6a4-ab6b-59c9-66a5-a2ca4872bc29
2026081408,6da08c33-1fa1-f819-a639-7c795136a815,9100004,PROJECTA BRUTE FORCE THRESHOLD,2026-08-15T12:36:01.838999+0000,/login?ok=0&sid=6da08c33-1fa1-f819-a639-7c795136a815
2026081408,5776a685-5070-a6fe-ec7f-430bca07e34b,9100004,PROJECTA BRUTE FORCE THRESHOLD,2026-08-15T12:36:01.915394+0000,/login?ok=0&sid=5776a685-5070-a6fe-ec7f-430bca07e34b
2026081408,a05eeeb7-36cb-4352-94ab-fab98a265b2c,9100004,PROJECTA BRUTE FORCE THRESHOLD,2026-08-15T12:36:01.457540+0000,/login?ok=0&sid=a05eeeb7-36cb-4352-94ab-fab98a265b2c
2026081408,883d9e41-13b5-d1d5-ef1e-f2dbcf236ef2,9100001,PROJECTA ADMIN SENSITIVE ACCESS,2026-08-15T12:36:01.093215+0000,/admin/secret?sid=883d9e41-13b5-d1d5-ef1e-f2dbcf236ef2
2026081408,e3937d0e-cf3e-32b2-4538-57b5106dbda5,9100004,PROJECTA BRUTE FORCE THRESHOLD,2026-08-15T12:36:02.054645+0000,/login?ok=0&sid=e3937d0e-cf3e-32b2-4538-57b5106dbda5
2026081408,d388cea4-a7b8-9f96-3b56-288c280ad6e8,9100004,PROJECTA BRUTE FORCE THRESHOLD,2026-08-15T12:36:01.744610+0000,/login?ok=0&sid=d388cea4-a7b8-9f96-3b56-288c280ad6e8
2026081408,77b1d3b3-d9b1-4b03-9004-a6fc1e7c8140,9100004,PROJECTA BRUTE FORCE THRESHOLD,2026-08-15T12:36:01.197265+0000,/login?ok=0&sid=77b1d3b3-d9b1-4b03-9004-a6fc1e7c8140
2026081408,7e22c024-0b6f-ad21-24a7-08fabdd84450,9100004,PROJECTA BRUTE FORCE THRESHOLD,2026-08-15T12:36:01.471971+0000,/login?ok=0&sid=7e22c024-0b6f-ad21-24a7-08fabdd84450
2026081408,739f493d-6bde-c4b5-4519-1772ef902b78,9100004,PROJECTA BRUTE FORCE THRESHOLD,2026-08-15T12:36:01.185857+0000,/login?ok=0&sid=739f493d-6bde-c4b5-4519-1772ef902b78
2026081408,20d19a26-936b-9ba3-9dd9-c05f690280a9,9100004,PROJECTA BRUTE FORCE THRESHOLD,2026-08-15T12:36:01.959462+0000,/login?ok=0&sid=20d19a26-936b-9ba3-9dd9-c05f690280a9
2026081408,90e9920f-496b-56df-cd37-c8b919a996d5,9100004,PROJECTA BRUTE FORCE THRESHOLD,2026-08-15T12:36:02.037510+0000,/login?ok=0&sid=90e9920f-496b-56df-cd37-c8b919a996d5
2026081408,c50706b8-f821-4830-ecaf-c2010e0977b0,9100004,PROJECTA BRUTE FORCE THRESHOLD,2026-08-15T12:36:01.950024+0000,/login?ok=0&sid=c50706b8-f821-4830-ecaf-c2010e0977b0
2026081408,2af64e9f-b974-ca99-7e5d-ed18e9bfb6f9,9100002,PROJECTA PATH TRAVERSAL,2026-08-15T12:36:02.159795+0000,/%2e%2e/%2e%2e/etc/passwd?sid=2af64e9f-b974-ca99-7e5d-ed18e9bfb6f9
2026081408,0732be4a-0cde-c5c8-2968-9a74f7863899,9100001,PROJECTA ADMIN SENSITIVE ACCESS,2026-08-15T12:36:01.568894+0000,/admin/secret?sid=0732be4a-0cde-c5c8-2968-9a74f7863899
2026081408,8666e8ce-ceaa-d5dd-a335-26fe5258802e,9100004,PROJECTA BRUTE FORCE THRESHOLD,2026-08-15T12:36:02.389359+0000,/login?ok=0&sid=8666e8ce-ceaa-d5dd-a335-26fe5258802e
2026081408,e79b02ec-c107-c3c3-e558-f7c95ac6e2ac,9100004,PROJECTA BRUTE FORCE THRESHOLD,2026-08-15T12:36:02.478332+0000,/login?ok=0&sid=e79b02ec-c107-c3c3-e558-f7c95ac6e2ac
2026081408,c24373c9-686c-7279-01a2-c2ae8e609c00,9100004,PROJECTA BRUTE FORCE THRESHOLD,2026-08-15T12:36:02.358998+0000,/login?ok=0&sid=c24373c9-686c-7279-01a2-c2ae8e609c00
2026081408,f0ee23fd-895d-4f21-0497-1a9d178257f7,9100001,PROJECTA ADMIN SENSITIVE ACCESS,2026-08-15T12:36:02.322633+0000,/admin/secret?sid=f0ee23fd-895d-4f21-0497-1a9d178257f7
2026081408,fdab25d5-5701-c5bb-93b7-7d6e435c1ef8,9100004,PROJECTA BRUTE FORCE THRESHOLD,2026-08-15T12:36:02.461925+0000,/login?ok=0&sid=fdab25d5-5701-c5bb-93b7-7d6e435c1ef8
2026081408,49f97856-2954-2ecf-a72f-b4082330adec,9100004,PROJECTA BRUTE FORCE THRESHOLD,2026-08-15T12:36:01.822734+0000,/login?ok=0&sid=49f97856-2954-2ecf-a72f-b4082330adec
2026081408,3342cf34-f362-49f4-20b5-8bd80b5b5279,9100004,PROJECTA BRUTE FORCE THRESHOLD,2026-08-15T12:36:01.845203+0000,/login?ok=0&sid=3342cf34-f362-49f4-20b5-8bd80b5b5279
2026081408,ac9facc0-3610-ede3-4318-f1cfd2b6ab2f,9100004,PROJECTA BRUTE FORCE THRESHOLD,2026-08-15T12:36:01.928177+0000,/login?ok=0&sid=ac9facc0-3610-ede3-4318-f1cfd2b6ab2f
2026081408,496d4f70-cb88-f9b9-a882-7c72016685b0,9100004,PROJECTA BRUTE FORCE THRESHOLD,2026-08-15T12:36:02.489378+0000,/login?ok=0&sid=496d4f70-cb88-f9b9-a882-7c72016685b0
2026081408,1b07038a-0cde-1c23-f769-c80442b4c524,9100004,PROJECTA BRUTE FORCE THRESHOLD,2026-08-15T12:36:02.029361+0000,/login?ok=0&sid=1b07038a-0cde-1c23-f769-c80442b4c524
2026081408,5c888e15-3c8b-9bf2-57b8-036bc65c9bd3,9100004,PROJECTA BRUTE FORCE THRESHOLD,2026-08-15T12:36:02.757470+0000,/login?ok=0&sid=5c888e15-3c8b-9bf2-57b8-036bc65c9bd3
2026081408,75be4443-3a3b-f07a-dbfb-b6733ea9475f,9100003,PROJECTA COMMAND PROBE,2026-08-15T12:36:01.813628+0000,/cmd?x=id&sid=75be4443-3a3b-f07a-dbfb-b6733ea9475f
2026081408,36f8d5dd-d9b5-21ad-11c8-39ed96d4249e,9100004,PROJECTA BRUTE FORCE THRESHOLD,2026-08-15T12:36:01.851120+0000,/login?ok=0&sid=36f8d5dd-d9b5-21ad-11c8-39ed96d4249e
2026081408,b0b718bd-79df-fdee-ef5b-f800bef5214b,9100004,PROJECTA BRUTE FORCE THRESHOLD,2026-08-15T12:36:02.019183+0000,/login?ok=0&sid=b0b718bd-79df-fdee-ef5b-f800bef5214b
2026081408,6f777f6c-232d-a425-ca19-06a29821f1dc,9100004,PROJECTA BRUTE FORCE THRESHOLD,2026-08-15T12:36:02.503740+0000,/login?ok=0&sid=6f777f6c-232d-a425-ca19-06a29821f1dc
2026081408,a1708606-a2ab-502a-5c67-bf78f6de9443,9100004,PROJECTA BRUTE FORCE THRESHOLD,2026-08-15T12:36:01.834307+0000,/login?ok=0&sid=a1708606-a2ab-502a-5c67-bf78f6de9443
2026081408,15a5224b-177e-f290-f5b6-b2aee8c880fb,9100003,PROJECTA COMMAND PROBE,2026-08-15T12:36:02.811162+0000,/cmd?x=id&sid=15a5224b-177e-f290-f5b6-b2aee8c880fb
2026081408,9b849704-b2aa-e521-7d09-5ef167db675d,9100004,PROJECTA BRUTE FORCE THRESHOLD,2026-08-15T12:36:02.042861+0000,/login?ok=0&sid=9b849704-b2aa-e521-7d09-5ef167db675d
2026081408,86d7fb7c-279f-100d-1da5-d029231c9b3b,9100004,PROJECTA BRUTE FORCE THRESHOLD,2026-08-15T12:36:02.768319+0000,/login?ok=0&sid=86d7fb7c-279f-100d-1da5-d029231c9b3b
2026081408,24b5e648-f6f3-abd9-8bf4-f524ee2bb8b7,9100004,PROJECTA BRUTE FORCE THRESHOLD,2026-08-15T12:36:02.352205+0000,/login?ok=0&sid=24b5e648-f6f3-abd9-8bf4-f524ee2bb8b7
2026081408,199b53f5-31d6-1f27-f15f-751ded35ed4b,9100004,PROJECTA BRUTE FORCE THRESHOLD,2026-08-15T12:36:02.587554+0000,/login?ok=0&sid=199b53f5-31d6-1f27-f15f-751ded35ed4b
2026081408,55023b4a-12d8-475c-c660-708e4e8cd16a,9100004,PROJECTA BRUTE FORCE THRESHOLD,2026-08-15T12:36:02.598410+0000,/login?ok=0&sid=55023b4a-12d8-475c-c660-708e4e8cd16a
2026081408,2287b705-b198-c36e-b29d-09da3dc323eb,9100004,PROJECTA BRUTE FORCE THRESHOLD,2026-08-15T12:36:02.593867+0000,/login?ok=0&sid=2287b705-b198-c36e-b29d-09da3dc323eb
2026081408,188f92f6-10f6-4cf7-3af7-68af08effa37,9100004,PROJECTA BRUTE FORCE THRESHOLD,2026-08-15T12:36:02.732395+0000,/login?ok=0&sid=188f92f6-10f6-4cf7-3af7-68af08effa37
2026081408,8c6f77c8-c785-6d2e-30e6-c7d3297b3a75,9100004,PROJECTA BRUTE FORCE THRESHOLD,2026-08-15T12:36:02.727908+0000,/login?ok=0&sid=8c6f77c8-c785-6d2e-30e6-c7d3297b3a75
2026081408,b303bd8d-e06a-e0e3-2c6e-110cdbcdda0f,9100003,PROJECTA COMMAND PROBE,2026-08-15T12:36:02.014212+0000,/cmd?x=id&sid=b303bd8d-e06a-e0e3-2c6e-110cdbcdda0f
2026081408,9ea47a4b-ac72-5200-50f5-eda98f741bdf,9100001,PROJECTA ADMIN SENSITIVE ACCESS,2026-08-15T12:36:02.145925+0000,/admin/secret?sid=9ea47a4b-ac72-5200-50f5-eda98f741bdf
2026081408,d4323ea4-1043-5cb7-642c-2676b70963f0,9100004,PROJECTA BRUTE FORCE THRESHOLD,2026-08-15T12:36:02.339450+0000,/login?ok=0&sid=d4323ea4-1043-5cb7-642c-2676b70963f0
2026081408,3c9f7b3b-544b-3063-4bcc-d598891f3c26,9100004,PROJECTA BRUTE FORCE THRESHOLD,2026-08-15T12:36:02.374027+0000,/login?ok=0&sid=3c9f7b3b-544b-3063-4bcc-d598891f3c26
2026081408,72ad38a2-b629-923a-96e7-9ebe731a720a,9100004,PROJECTA BRUTE FORCE THRESHOLD,2026-08-15T12:36:02.748591+0000,/login?ok=0&sid=72ad38a2-b629-923a-96e7-9ebe731a720a
2026081408,32f6aca7-d6eb-07b3-3b34-2227a2740898,9100004,PROJECTA BRUTE FORCE THRESHOLD,2026-08-15T12:36:02.626266+0000,/login?ok=0&sid=32f6aca7-d6eb-07b3-3b34-2227a2740898
2026081408,794caa1f-69ad-cc19-c1ba-13b0a6c73f60,9100003,PROJECTA COMMAND PROBE,2026-08-15T12:36:02.444579+0000,/cmd?x=id&sid=794caa1f-69ad-cc19-c1ba-13b0a6c73f60
2026081408,c05ac9c9-37b2-793d-c364-88b4327dfeb2,9100004,PROJECTA BRUTE FORCE THRESHOLD,2026-08-15T12:36:02.514325+0000,/login?ok=0&sid=c05ac9c9-37b2-793d-c364-88b4327dfeb2
2026081408,321f540b-aba5-b5a9-598f-cff1b06f4fd1,9100004,PROJECTA BRUTE FORCE THRESHOLD,2026-08-15T12:36:02.613124+0000,/login?ok=0&sid=321f540b-aba5-b5a9-598f-cff1b06f4fd1
2026081409,5ab29590-aa52-1b76-204a-af5306c55df1,9100004,PROJECTA BRUTE FORCE THRESHOLD,2026-08-15T12:36:10.149813+0000,/login?ok=0&sid=5ab29590-aa52-1b76-204a-af5306c55df1
2026081409,3fa87f77-2eb7-ab11-aec8-aba8d2f681db,9100004,PROJECTA BRUTE FORCE THRESHOLD,2026-08-15T12:36:10.186052+0000,/login?ok=0&sid=3fa87f77-2eb7-ab11-aec8-aba8d2f681db
2026081409,5f4ea2b4-578c-aabe-0ea0-0947764fb4f9,9100004,PROJECTA BRUTE FORCE THRESHOLD,2026-08-15T12:36:10.309735+0000,/login?ok=0&sid=5f4ea2b4-578c-aabe-0ea0-0947764fb4f9
2026081409,3689a11f-5c61-ffd5-615f-3dba1dc2139f,9100004,PROJECTA BRUTE FORCE THRESHOLD,2026-08-15T12:36:10.207513+0000,/login?ok=0&sid=3689a11f-5c61-ffd5-615f-3dba1dc2139f
2026081409,2faf695c-a269-2493-bf74-107b7ff08839,9100004,PROJECTA BRUTE FORCE THRESHOLD,2026-08-15T12:36:10.282985+0000,/login?ok=0&sid=2faf695c-a269-2493-bf74-107b7ff08839
2026081409,64a742e5-8f89-acef-479b-e23f5055ea67,9100004,PROJECTA BRUTE FORCE THRESHOLD,2026-08-15T12:36:10.295912+0000,/login?ok=0&sid=64a742e5-8f89-acef-479b-e23f5055ea67
2026081409,83d07cd9-ca33-6890-ce62-361623f633a7,9100004,PROJECTA BRUTE FORCE THRESHOLD,2026-08-15T12:36:10.242392+0000,/login?ok=0&sid=83d07cd9-ca33-6890-ce62-361623f633a7
2026081409,5318f88e-f6d5-950f-9554-26f247880321,9100001,PROJECTA ADMIN SENSITIVE ACCESS,2026-08-15T12:36:10.695606+0000,/admin/secret?sid=5318f88e-f6d5-950f-9554-26f247880321
2026081409,c8fb17d0-253b-070b-6fcd-3877de029953,9100004,PROJECTA BRUTE FORCE THRESHOLD,2026-08-15T12:36:10.265447+0000,/login?ok=0&sid=c8fb17d0-253b-070b-6fcd-3877de029953
2026081409,61f5aa6e-6eab-6301-87f8-78d50d583ef1,9100004,PROJECTA BRUTE FORCE THRESHOLD,2026-08-15T12:36:10.315731+0000,/login?ok=0&sid=61f5aa6e-6eab-6301-87f8-78d50d583ef1
2026081409,b0cae9a0-7914-50e9-f082-d4be0914ff8f,9100004,PROJECTA BRUTE FORCE THRESHOLD,2026-08-15T12:36:10.276905+0000,/login?ok=0&sid=b0cae9a0-7914-50e9-f082-d4be0914ff8f
2026081409,fda8f3a2-b8fc-9910-34c6-e482d1ef6ed0,9100001,PROJECTA ADMIN SENSITIVE ACCESS,2026-08-15T12:36:10.791739+0000,/admin/secret?sid=fda8f3a2-b8fc-9910-34c6-e482d1ef6ed0
2026081409,e280b374-13fe-85d1-b1d9-2baefef68b93,9100004,PROJECTA BRUTE FORCE THRESHOLD,2026-08-15T12:36:10.211892+0000,/login?ok=0&sid=e280b374-13fe-85d1-b1d9-2baefef68b93
2026081409,0bba6a5f-76a8-84b8-8ff2-b05be5013764,9100004,PROJECTA BRUTE FORCE THRESHOLD,2026-08-15T12:36:10.160237+0000,/login?ok=0&sid=0bba6a5f-76a8-84b8-8ff2-b05be5013764
2026081409,38ccdbec-66ad-a7e6-a203-5ec2c596e669,9100001,PROJECTA ADMIN SENSITIVE ACCESS,2026-08-15T12:36:10.438058+0000,/admin/secret?sid=38ccdbec-66ad-a7e6-a203-5ec2c596e669
2026081409,259985e9-4a77-eac0-b5ab-9338d28065c0,9100004,PROJECTA BRUTE FORCE THRESHOLD,2026-08-15T12:36:10.170111+0000,/login?ok=0&sid=259985e9-4a77-eac0-b5ab-9338d28065c0
2026081409,3ce24918-f397-b912-d6a1-6d797b80580d,9100004,PROJECTA BRUTE FORCE THRESHOLD,2026-08-15T12:36:10.323610+0000,/login?ok=0&sid=3ce24918-f397-b912-d6a1-6d797b80580d
2026081409,3ec8f61b-f084-4095-5cff-b8ada2642fea,9100001,PROJECTA ADMIN SENSITIVE ACCESS,2026-08-15T12:36:10.941717+0000,/admin/secret?sid=3ec8f61b-f084-4095-5cff-b8ada2642fea
2026081409,7d4c1136-f623-3257-bc5f-2e8890f9d2cf,9100004,PROJECTA BRUTE FORCE THRESHOLD,2026-08-15T12:36:11.215748+0000,/login?ok=0&sid=7d4c1136-f623-3257-bc5f-2e8890f9d2cf
2026081409,debbbcc3-483b-d0c1-60b9-45ee5d575edf,9100004,PROJECTA BRUTE FORCE THRESHOLD,2026-08-15T12:36:10.328739+0000,/login?ok=0&sid=debbbcc3-483b-d0c1-60b9-45ee5d575edf
2026081409,e19fc3b3-e11e-2523-fc10-2878da4b1ac5,9100003,PROJECTA COMMAND PROBE,2026-08-15T12:36:10.366174+0000,/cmd?x=id&sid=e19fc3b3-e11e-2523-fc10-2878da4b1ac5
2026081409,0875a6fd-ddf8-fc61-52c7-06b36295573e,9100003,PROJECTA COMMAND PROBE,2026-08-15T12:36:10.379203+0000,/cmd?x=id&sid=0875a6fd-ddf8-fc61-52c7-06b36295573e
2026081409,631f9fa1-7883-1878-4c34-b60d53aaddf7,9100004,PROJECTA BRUTE FORCE THRESHOLD,2026-08-15T12:36:10.178976+0000,/login?ok=0&sid=631f9fa1-7883-1878-4c34-b60d53aaddf7
2026081409,fb3447f5-15fa-b71f-2165-1e59ecf9b382,9100002,PROJECTA PATH TRAVERSAL,2026-08-15T12:36:10.853092+0000,/%2e%2e/%2e%2e/etc/passwd?sid=fb3447f5-15fa-b71f-2165-1e59ecf9b382
2026081409,a24e7fb8-7236-2288-9708-517a6ee5028c,9100004,PROJECTA BRUTE FORCE THRESHOLD,2026-08-15T12:36:10.680303+0000,/login?ok=0&sid=a24e7fb8-7236-2288-9708-517a6ee5028c
2026081409,37504b9c-ea84-08f3-176a-4ebb25fc0270,9100004,PROJECTA BRUTE FORCE THRESHOLD,2026-08-15T12:36:10.665342+0000,/login?ok=0&sid=37504b9c-ea84-08f3-176a-4ebb25fc0270
2026081409,286dae04-29f0-e1c9-0bb4-3ff84406c17d,9100004,PROJECTA BRUTE FORCE THRESHOLD,2026-08-15T12:36:11.242497+0000,/login?ok=0&sid=286dae04-29f0-e1c9-0bb4-3ff84406c17d
2026081409,ece07f78-9944-8735-a57e-e742f9284bb8,9100004,PROJECTA BRUTE FORCE THRESHOLD,2026-08-15T12:36:11.173863+0000,/login?ok=0&sid=ece07f78-9944-8735-a57e-e742f9284bb8
2026081409,92e5c560-fdb2-201d-1b41-0309c5343671,9100004,PROJECTA BRUTE FORCE THRESHOLD,2026-08-15T12:36:11.179725+0000,/login?ok=0&sid=92e5c560-fdb2-201d-1b41-0309c5343671
2026081409,c133589c-f9a8-35de-5300-2e6d98e2191d,9100001,PROJECTA ADMIN SENSITIVE ACCESS,2026-08-15T12:36:10.831751+0000,/admin/secret?sid=c133589c-f9a8-35de-5300-2e6d98e2191d
2026081409,974b3b58-46bb-6022-29ab-6b269aa6ae37,9100004,PROJECTA BRUTE FORCE THRESHOLD,2026-08-15T12:36:11.200533+0000,/login?ok=0&sid=974b3b58-46bb-6022-29ab-6b269aa6ae37
2026081409,7497715c-1209-7e47-8d8b-b21db66c6d1a,9100004,PROJECTA BRUTE FORCE THRESHOLD,2026-08-15T12:36:11.110676+0000,/login?ok=0&sid=7497715c-1209-7e47-8d8b-b21db66c6d1a
2026081409,412c33cb-21c4-5d59-eb6b-15c5b2ebab89,9100004,PROJECTA BRUTE FORCE THRESHOLD,2026-08-15T12:36:10.648983+0000,/login?ok=0&sid=412c33cb-21c4-5d59-eb6b-15c5b2ebab89
2026081409,00260e32-bb49-5ec2-696b-340877038b18,9100004,PROJECTA BRUTE FORCE THRESHOLD,2026-08-15T12:36:11.062290+0000,/login?ok=0&sid=00260e32-bb49-5ec2-696b-340877038b18
2026081409,2ef38dab-3d32-9cbd-9850-c43a46d022c0,9100004,PROJECTA BRUTE FORCE THRESHOLD,2026-08-15T12:36:11.639102+0000,/login?ok=0&sid=2ef38dab-3d32-9cbd-9850-c43a46d022c0
2026081409,3c782981-1131-d5b7-39e1-ac1c0171c717,9100004,PROJECTA BRUTE FORCE THRESHOLD,2026-08-15T12:36:10.654834+0000,/login?ok=0&sid=3c782981-1131-d5b7-39e1-ac1c0171c717
2026081409,fe934e81-ff7a-4d65-774b-03d38b0bd949,9100004,PROJECTA BRUTE FORCE THRESHOLD,2026-08-15T12:36:11.235994+0000,/login?ok=0&sid=fe934e81-ff7a-4d65-774b-03d38b0bd949
2026081409,2d8576fd-6156-79ab-47bb-7a6ebc6afd5d,9100004,PROJECTA BRUTE FORCE THRESHOLD,2026-08-15T12:36:11.275400+0000,/login?ok=0&sid=2d8576fd-6156-79ab-47bb-7a6ebc6afd5d
2026081409,08326b8b-9fbd-4121-bb31-cb97915927c7,9100004,PROJECTA BRUTE FORCE THRESHOLD,2026-08-15T12:36:11.724551+0000,/login?ok=0&sid=08326b8b-9fbd-4121-bb31-cb97915927c7
2026081409,7c4966da-c8bc-ea82-7f75-6d5f5104ee4a,9100001,PROJECTA ADMIN SENSITIVE ACCESS,2026-08-15T12:36:11.131110+0000,/admin/secret?sid=7c4966da-c8bc-ea82-7f75-6d5f5104ee4a
2026081409,bb9d2f14-1a3f-ca5a-c251-7eca2ef26f0b,9100004,PROJECTA BRUTE FORCE THRESHOLD,2026-08-15T12:36:10.676733+0000,/login?ok=0&sid=bb9d2f14-1a3f-ca5a-c251-7eca2ef26f0b
2026081409,02c71ac3-697d-59a7-3205-7389cb674939,9100004,PROJECTA BRUTE FORCE THRESHOLD,2026-08-15T12:36:11.257412+0000,/login?ok=0&sid=02c71ac3-697d-59a7-3205-7389cb674939
2026081409,3f783a9b-e305-5d6f-9207-63bbfb6f31e6,9100004,PROJECTA BRUTE FORCE THRESHOLD,2026-08-15T12:36:11.717491+0000,/login?ok=0&sid=3f783a9b-e305-5d6f-9207-63bbfb6f31e6
2026081409,b2a91511-6f0b-bfc6-6ebb-225b7ad7c0e9,9100001,PROJECTA ADMIN SENSITIVE ACCESS,2026-08-15T12:36:11.283894+0000,/admin/secret?sid=b2a91511-6f0b-bfc6-6ebb-225b7ad7c0e9
2026081409,1297b265-cdee-e8b1-0131-38bd9ab2d35f,9100002,PROJECTA PATH TRAVERSAL,2026-08-15T12:36:11.440248+0000,/%2e%2e/%2e%2e/etc/passwd?sid=1297b265-cdee-e8b1-0131-38bd9ab2d35f
2026081409,3011599d-0257-647a-72ba-9eaabe218b52,9100004,PROJECTA BRUTE FORCE THRESHOLD,2026-08-15T12:36:11.078400+0000,/login?ok=0&sid=3011599d-0257-647a-72ba-9eaabe218b52
2026081409,6d0c7647-ac14-3fab-5c71-dba86ba2ff24,9100004,PROJECTA BRUTE FORCE THRESHOLD,2026-08-15T12:36:12.188915+0000,/login?ok=0&sid=6d0c7647-ac14-3fab-5c71-dba86ba2ff24
2026081409,f6ff015c-b055-94c0-869b-0ea2b9caed14,9100004,PROJECTA BRUTE FORCE THRESHOLD,2026-08-15T12:36:11.119954+0000,/login?ok=0&sid=f6ff015c-b055-94c0-869b-0ea2b9caed14
2026081409,94a8a89a-0aa2-079c-1841-2e3ccc9d35cc,9100002,PROJECTA PATH TRAVERSAL,2026-08-15T12:36:11.591844+0000,/%2e%2e/%2e%2e/etc/passwd?sid=94a8a89a-0aa2-079c-1841-2e3ccc9d35cc
2026081409,6df21fdd-7ddc-6290-902d-63f57ad4ceb7,9100004,PROJECTA BRUTE FORCE THRESHOLD,2026-08-15T12:36:11.605925+0000,/login?ok=0&sid=6df21fdd-7ddc-6290-902d-63f57ad4ceb7
2026081409,dad6cf16-a441-bcc4-6365-7abdd8c17b88,9100004,PROJECTA BRUTE FORCE THRESHOLD,2026-08-15T12:36:11.094829+0000,/login?ok=0&sid=dad6cf16-a441-bcc4-6365-7abdd8c17b88
2026081409,530a0995-4341-e481-1598-95dbeed13bd3,9100004,PROJECTA BRUTE FORCE THRESHOLD,2026-08-15T12:36:11.183768+0000,/login?ok=0&sid=530a0995-4341-e481-1598-95dbeed13bd3
2026081409,478f4db9-b4dd-7459-d783-724f26f3b247,9100004,PROJECTA BRUTE FORCE THRESHOLD,2026-08-15T12:36:11.609887+0000,/login?ok=0&sid=478f4db9-b4dd-7459-d783-724f26f3b247
2026081409,82741698-6aae-2ae9-0c49-a7449a702059,9100004,PROJECTA BRUTE FORCE THRESHOLD,2026-08-15T12:36:12.032864+0000,/login?ok=0&sid=82741698-6aae-2ae9-0c49-a7449a702059
2026081409,60fd339f-5016-0bfa-cc27-53dcbefbe1f2,9100003,PROJECTA COMMAND PROBE,2026-08-15T12:36:11.537948+0000,/cmd?x=id&sid=60fd339f-5016-0bfa-cc27-53dcbefbe1f2
2026081409,ef8c7e25-6b5c-0584-96bf-7b7a551aa2f4,9100001,PROJECTA ADMIN SENSITIVE ACCESS,2026-08-15T12:36:12.076534+0000,/admin/secret?sid=ef8c7e25-6b5c-0584-96bf-7b7a551aa2f4
2026081409,f70375e6-fbfc-9873-9d16-02bcd5dc317f,9100004,PROJECTA BRUTE FORCE THRESHOLD,2026-08-15T12:36:11.271756+0000,/login?ok=0&sid=f70375e6-fbfc-9873-9d16-02bcd5dc317f
2026081409,3e2a660c-5f69-f623-7220-de998a9dc242,9100004,PROJECTA BRUTE FORCE THRESHOLD,2026-08-15T12:36:12.215492+0000,/login?ok=0&sid=3e2a660c-5f69-f623-7220-de998a9dc242
2026081409,9e7c10fd-4cbe-b1d1-79a7-f6ba002d11f2,9100004,PROJECTA BRUTE FORCE THRESHOLD,2026-08-15T12:36:12.058412+0000,/login?ok=0&sid=9e7c10fd-4cbe-b1d1-79a7-f6ba002d11f2
2026081409,95357469-7a09-af17-78ed-8a4054c2ac86,9100004,PROJECTA BRUTE FORCE THRESHOLD,2026-08-15T12:36:11.621842+0000,/login?ok=0&sid=95357469-7a09-af17-78ed-8a4054c2ac86
2026081409,5cfa5d78-716b-6385-f4d7-2dee3d9a7964,9100004,PROJECTA BRUTE FORCE THRESHOLD,2026-08-15T12:36:12.229815+0000,/login?ok=0&sid=5cfa5d78-716b-6385-f4d7-2dee3d9a7964
2026081409,78dac4a8-53ac-75f1-445f-fc5b3cb1907e,9100002,PROJECTA PATH TRAVERSAL,2026-08-15T12:36:12.448952+0000,/%2e%2e/%2e%2e/etc/passwd?sid=78dac4a8-53ac-75f1-445f-fc5b3cb1907e
2026081409,ba9d4e38-7ed2-f679-2559-53e289b31b55,9100004,PROJECTA BRUTE FORCE THRESHOLD,2026-08-15T12:36:12.578360+0000,/login?ok=0&sid=ba9d4e38-7ed2-f679-2559-53e289b31b55
2026081409,b2512646-cc1c-8525-2f75-5e23d33cc6ef,9100004,PROJECTA BRUTE FORCE THRESHOLD,2026-08-15T12:36:11.633843+0000,/login?ok=0&sid=b2512646-cc1c-8525-2f75-5e23d33cc6ef
2026081409,35e1d94d-8aad-330c-6776-f8f2e6bb32d1,9100004,PROJECTA BRUTE FORCE THRESHOLD,2026-08-15T12:36:11.968235+0000,/login?ok=0&sid=35e1d94d-8aad-330c-6776-f8f2e6bb32d1
2026081409,d0f91767-cff6-bd74-1924-5a7c89f4a52c,9100002,PROJECTA PATH TRAVERSAL,2026-08-15T12:36:12.547536+0000,/%2e%2e/%2e%2e/etc/passwd?sid=d0f91767-cff6-bd74-1924-5a7c89f4a52c
2026081409,726b0a13-f870-c006-6ff0-6d6ca8e914ee,9100004,PROJECTA BRUTE FORCE THRESHOLD,2026-08-15T12:36:12.693681+0000,/login?ok=0&sid=726b0a13-f870-c006-6ff0-6d6ca8e914ee
2026081409,6687ea49-72e6-1873-2915-a04b70b73cce,9100004,PROJECTA BRUTE FORCE THRESHOLD,2026-08-15T12:36:12.051183+0000,/login?ok=0&sid=6687ea49-72e6-1873-2915-a04b70b73cce
2026081409,9c43304b-1bab-3020-31f3-ee0969a63e51,9100003,PROJECTA COMMAND PROBE,2026-08-15T12:36:12.555755+0000,/cmd?x=id&sid=9c43304b-1bab-3020-31f3-ee0969a63e51
2026081409,835e4780-32ff-7860-8576-ce55b1f4a36b,9100004,PROJECTA BRUTE FORCE THRESHOLD,2026-08-15T12:36:11.705603+0000,/login?ok=0&sid=835e4780-32ff-7860-8576-ce55b1f4a36b
2026081409,77ec289f-f199-ce90-c7a0-3b2d5b7f9b27,9100004,PROJECTA BRUTE FORCE THRESHOLD,2026-08-15T12:36:11.954525+0000,/login?ok=0&sid=77ec289f-f199-ce90-c7a0-3b2d5b7f9b27
2026081409,d0785d64-2352-a16a-ff58-e77a5dde5983,9100004,PROJECTA BRUTE FORCE THRESHOLD,2026-08-15T12:36:11.697059+0000,/login?ok=0&sid=d0785d64-2352-a16a-ff58-e77a5dde5983
2026081409,c5f42a03-3fb8-b484-447e-4b3752ed6f6d,9100004,PROJECTA BRUTE FORCE THRESHOLD,2026-08-15T12:36:12.657675+0000,/login?ok=0&sid=c5f42a03-3fb8-b484-447e-4b3752ed6f6d
2026081409,381a8ba5-dc0e-b849-16fe-b182319c910a,9100002,PROJECTA PATH TRAVERSAL,2026-08-15T12:36:12.142355+0000,/%2e%2e/%2e%2e/etc/passwd?sid=381a8ba5-dc0e-b849-16fe-b182319c910a
2026081409,f82a8a4a-4daa-de0c-4fc1-28354b24b744,9100004,PROJECTA BRUTE FORCE THRESHOLD,2026-08-15T12:36:12.239287+0000,/login?ok=0&sid=f82a8a4a-4daa-de0c-4fc1-28354b24b744
2026081409,81ebdc5c-609a-1c01-65ee-65c922411da4,9100004,PROJECTA BRUTE FORCE THRESHOLD,2026-08-15T12:36:12.643739+0000,/login?ok=0&sid=81ebdc5c-609a-1c01-65ee-65c922411da4
2026081409,f4fccb0b-3c4c-a9fe-3da9-50eada5249c0,9100003,PROJECTA COMMAND PROBE,2026-08-15T12:36:12.783468+0000,/cmd?x=id&sid=f4fccb0b-3c4c-a9fe-3da9-50eada5249c0
2026081409,9ac02a18-f0b2-fe65-21a6-861adad97d50,9100004,PROJECTA BRUTE FORCE THRESHOLD,2026-08-15T12:36:11.961035+0000,/login?ok=0&sid=9ac02a18-f0b2-fe65-21a6-861adad97d50
2026081409,39c17062-3ea8-7b81-49a5-128eb503d1ac,9100004,PROJECTA BRUTE FORCE THRESHOLD,2026-08-15T12:36:11.736615+0000,/login?ok=0&sid=39c17062-3ea8-7b81-49a5-128eb503d1ac
2026081409,9e3cc399-c550-2a1c-42fe-f59e09614849,9100004,PROJECTA BRUTE FORCE THRESHOLD,2026-08-15T12:36:12.680993+0000,/login?ok=0&sid=9e3cc399-c550-2a1c-42fe-f59e09614849
2026081409,d4b57273-8320-8406-acc2-4c2822118e31,9100004,PROJECTA BRUTE FORCE THRESHOLD,2026-08-15T12:36:12.563359+0000,/login?ok=0&sid=d4b57273-8320-8406-acc2-4c2822118e31
2026081409,1f5a2bc3-af11-8ee7-892e-93b53f110959,9100004,PROJECTA BRUTE FORCE THRESHOLD,2026-08-15T12:36:13.051892+0000,/login?ok=0&sid=1f5a2bc3-af11-8ee7-892e-93b53f110959
2026081409,951a0e07-6e99-90bd-4ca1-d1813d4f2fce,9100004,PROJECTA BRUTE FORCE THRESHOLD,2026-08-15T12:36:12.026330+0000,/login?ok=0&sid=951a0e07-6e99-90bd-4ca1-d1813d4f2fce
2026081409,dbd9b47a-5b7e-f544-9a0b-ac38cd097d05,9100004,PROJECTA BRUTE FORCE THRESHOLD,2026-08-15T12:36:11.988312+0000,/login?ok=0&sid=dbd9b47a-5b7e-f544-9a0b-ac38cd097d05
2026081409,422b75df-62d2-efc2-57cf-e509719f4284,9100002,PROJECTA PATH TRAVERSAL,2026-08-15T12:36:12.066328+0000,/%2e%2e/%2e%2e/etc/passwd?sid=422b75df-62d2-efc2-57cf-e509719f4284
2026081409,fd38a081-9379-d2f7-7243-60e7430198b7,9100004,PROJECTA BRUTE FORCE THRESHOLD,2026-08-15T12:36:12.039380+0000,/login?ok=0&sid=fd38a081-9379-d2f7-7243-60e7430198b7
2026081409,aa211975-d802-2fd2-5e40-ad9b12abf77d,9100004,PROJECTA BRUTE FORCE THRESHOLD,2026-08-15T12:36:11.975767+0000,/login?ok=0&sid=aa211975-d802-2fd2-5e40-ad9b12abf77d
2026081409,a6f4025d-2f8b-d7da-ba5e-5a235d83b300,9100004,PROJECTA BRUTE FORCE THRESHOLD,2026-08-15T12:36:12.738712+0000,/login?ok=0&sid=a6f4025d-2f8b-d7da-ba5e-5a235d83b300
2026081409,875164af-eb74-ac06-67fb-4bfa21399060,9100004,PROJECTA BRUTE FORCE THRESHOLD,2026-08-15T12:36:12.749129+0000,/login?ok=0&sid=875164af-eb74-ac06-67fb-4bfa21399060
2026081409,33072906-0ee6-57a4-0c6d-30d2251b5b1e,9100003,PROJECTA COMMAND PROBE,2026-08-15T12:36:12.287053+0000,/cmd?x=id&sid=33072906-0ee6-57a4-0c6d-30d2251b5b1e
2026081409,c264a7d4-ebd0-920d-47ab-6f39fa815e21,9100002,PROJECTA PATH TRAVERSAL,2026-08-15T12:36:12.162966+0000,/%2e%2e/%2e%2e/etc/passwd?sid=c264a7d4-ebd0-920d-47ab-6f39fa815e21
2026081409,a3f67131-3eb2-137b-9fb9-43fb45b2c297,9100004,PROJECTA BRUTE FORCE THRESHOLD,2026-08-15T12:36:12.201448+0000,/login?ok=0&sid=a3f67131-3eb2-137b-9fb9-43fb45b2c297
2026081409,c7b4f319-c31e-acb8-3c58-8d9f80901842,9100004,PROJECTA BRUTE FORCE THRESHOLD,2026-08-15T12:36:12.487449+0000,/login?ok=0&sid=c7b4f319-c31e-acb8-3c58-8d9f80901842
2026081409,88d6945c-9043-d288-78e5-e721790a106b,9100004,PROJECTA BRUTE FORCE THRESHOLD,2026-08-15T12:36:12.769951+0000,/login?ok=0&sid=88d6945c-9043-d288-78e5-e721790a106b
2026081409,01b3a30f-0185-a036-ce2f-0d822631e0a7,9100004,PROJECTA BRUTE FORCE THRESHOLD,2026-08-15T12:36:12.461775+0000,/login?ok=0&sid=01b3a30f-0185-a036-ce2f-0d822631e0a7
2026081409,96f0ee8e-7690-7436-9286-02da7ade2169,9100002,PROJECTA PATH TRAVERSAL,2026-08-15T12:36:13.066549+0000,/%2e%2e/%2e%2e/etc/passwd?sid=96f0ee8e-7690-7436-9286-02da7ade2169
2026081409,d819ac63-b9b4-eb29-385e-cb2c9d30bf3b,9100004,PROJECTA BRUTE FORCE THRESHOLD,2026-08-15T12:36:12.926821+0000,/login?ok=0&sid=d819ac63-b9b4-eb29-385e-cb2c9d30bf3b
2026081409,95db59a3-42d2-9045-2cef-f8e46913432c,9100004,PROJECTA BRUTE FORCE THRESHOLD,2026-08-15T12:36:12.590353+0000,/login?ok=0&sid=95db59a3-42d2-9045-2cef-f8e46913432c
2026081409,5abebc15-631c-26d9-1159-2d4a96a23bc3,9100004,PROJECTA BRUTE FORCE THRESHOLD,2026-08-15T12:36:12.504065+0000,/login?ok=0&sid=5abebc15-631c-26d9-1159-2d4a96a23bc3
2026081409,dad1043e-216f-2013-3337-d0e1aa8dd9e2,9100004,PROJECTA BRUTE FORCE THRESHOLD,2026-08-15T12:36:12.601377+0000,/login?ok=0&sid=dad1043e-216f-2013-3337-d0e1aa8dd9e2
2026081409,920bf810-6ea4-08ba-e430-0bcccca1f725,9100004,PROJECTA BRUTE FORCE THRESHOLD,2026-08-15T12:36:13.178199+0000,/login?ok=0&sid=920bf810-6ea4-08ba-e430-0bcccca1f725
2026081409,d78ebb22-5bdf-7434-fa24-8ce248da6268,9100002,PROJECTA PATH TRAVERSAL,2026-08-15T12:36:12.381018+0000,/%2e%2e/%2e%2e/etc/passwd?sid=d78ebb22-5bdf-7434-fa24-8ce248da6268
2026081409,61364977-05bb-ebd5-11d1-a09e1c624dac,9100004,PROJECTA BRUTE FORCE THRESHOLD,2026-08-15T12:36:12.472108+0000,/login?ok=0&sid=61364977-05bb-ebd5-11d1-a09e1c624dac
2026081409,7b06aab7-3fcf-912f-3b31-e9ef9e927d19,9100004,PROJECTA BRUTE FORCE THRESHOLD,2026-08-15T12:36:13.042245+0000,/login?ok=0&sid=7b06aab7-3fcf-912f-3b31-e9ef9e927d19
2026081409,f8fc778c-5e62-89c3-18b4-f261400f654b,9100004,PROJECTA BRUTE FORCE THRESHOLD,2026-08-15T12:36:12.971967+0000,/login?ok=0&sid=f8fc778c-5e62-89c3-18b4-f261400f654b
2026081409,90601659-44e6-5166-ff10-869aabcee561,9100004,PROJECTA BRUTE FORCE THRESHOLD,2026-08-15T12:36:12.480793+0000,/login?ok=0&sid=90601659-44e6-5166-ff10-869aabcee561
2026081409,e360f723-2f86-47db-2338-64573c7e4945,9100001,PROJECTA ADMIN SENSITIVE ACCESS,2026-08-15T12:36:12.793450+0000,/admin/secret?sid=e360f723-2f86-47db-2338-64573c7e4945
2026081409,68f71cd8-497c-3bf0-c940-417897bcf8fa,9100004,PROJECTA BRUTE FORCE THRESHOLD,2026-08-15T12:36:13.150405+0000,/login?ok=0&sid=68f71cd8-497c-3bf0-c940-417897bcf8fa
2026081409,b66895c2-1c9a-fe53-784c-bbd5c916cf68,9100004,PROJECTA BRUTE FORCE THRESHOLD,2026-08-15T12:36:12.744512+0000,/login?ok=0&sid=b66895c2-1c9a-fe53-784c-bbd5c916cf68
2026081409,4344b3a2-71fd-2784-9a6c-e900cb2d0d12,9100004,PROJECTA BRUTE FORCE THRESHOLD,2026-08-15T12:36:12.608736+0000,/login?ok=0&sid=4344b3a2-71fd-2784-9a6c-e900cb2d0d12
2026081409,7743023e-34e9-ffb3-fb7f-70be9e999bbd,9100001,PROJECTA ADMIN SENSITIVE ACCESS,2026-08-15T12:36:12.992612+0000,/admin/secret?sid=7743023e-34e9-ffb3-fb7f-70be9e999bbd
2026081409,59180d24-9401-f681-ffa1-c12d54989c41,9100004,PROJECTA BRUTE FORCE THRESHOLD,2026-08-15T12:36:12.671687+0000,/login?ok=0&sid=59180d24-9401-f681-ffa1-c12d54989c41
2026081409,c966da85-9c52-d6a0-3976-03336bc5c346,9100004,PROJECTA BRUTE FORCE THRESHOLD,2026-08-15T12:36:13.159129+0000,/login?ok=0&sid=c966da85-9c52-d6a0-3976-03336bc5c346
2026081409,cea24ffc-6145-8313-6c30-eaf236be4568,9100004,PROJECTA BRUTE FORCE THRESHOLD,2026-08-15T12:36:13.183389+0000,/login?ok=0&sid=cea24ffc-6145-8313-6c30-eaf236be4568
2026081409,7c5a3b6b-e21e-fb05-4db9-ac3e98a25865,9100004,PROJECTA BRUTE FORCE THRESHOLD,2026-08-15T12:36:12.958502+0000,/login?ok=0&sid=7c5a3b6b-e21e-fb05-4db9-ac3e98a25865
2026081409,24276a93-105f-fbe2-6d77-bb7d91529c0a,9100004,PROJECTA BRUTE FORCE THRESHOLD,2026-08-15T12:36:12.758748+0000,/login?ok=0&sid=24276a93-105f-fbe2-6d77-bb7d91529c0a
2026081409,33fdc7ef-8ff7-5485-1927-44069ccc5b2c,9100004,PROJECTA BRUTE FORCE THRESHOLD,2026-08-15T12:36:13.037887+0000,/login?ok=0&sid=33fdc7ef-8ff7-5485-1927-44069ccc5b2c
2026081409,ece399af-773a-5a0a-f88d-4f1c7aed398b,9100004,PROJECTA BRUTE FORCE THRESHOLD,2026-08-15T12:36:13.020568+0000,/login?ok=0&sid=ece399af-773a-5a0a-f88d-4f1c7aed398b
2026081409,2a1b21ed-4429-a210-7f59-923777aadcf8,9100004,PROJECTA BRUTE FORCE THRESHOLD,2026-08-15T12:36:12.913523+0000,/login?ok=0&sid=2a1b21ed-4429-a210-7f59-923777aadcf8
2026081409,819bf78c-9b6d-d07c-662e-d6eb947d67f2,9100004,PROJECTA BRUTE FORCE THRESHOLD,2026-08-15T12:36:12.941600+0000,/login?ok=0&sid=819bf78c-9b6d-d07c-662e-d6eb947d67f2
2026081409,3111b064-098b-9208-6540-d5a24ba588c8,9100004,PROJECTA BRUTE FORCE THRESHOLD,2026-08-15T12:36:13.032924+0000,/login?ok=0&sid=3111b064-098b-9208-6540-d5a24ba588c8
2026081409,6cf1198d-dcb5-dbb9-a6aa-3b94c5e3634f,9100004,PROJECTA BRUTE FORCE THRESHOLD,2026-08-15T12:36:13.171533+0000,/login?ok=0&sid=6cf1198d-dcb5-dbb9-a6aa-3b94c5e3634f
2026081410,fc26d2c7-3f9b-a4ec-5c7f-e5c6c96d6322,9100004,PROJECTA BRUTE FORCE THRESHOLD,2026-08-15T12:36:20.814268+0000,/login?ok=0&sid=fc26d2c7-3f9b-a4ec-5c7f-e5c6c96d6322
2026081410,e0cdec14-0be6-dd87-f32d-806fdb03020f,9100004,PROJECTA BRUTE FORCE THRESHOLD,2026-08-15T12:36:20.561735+0000,/login?ok=0&sid=e0cdec14-0be6-dd87-f32d-806fdb03020f
2026081410,f530dc39-3329-443a-a0fe-84d0d1d659fa,9100004,PROJECTA BRUTE FORCE THRESHOLD,2026-08-15T12:36:20.731228+0000,/login?ok=0&sid=f530dc39-3329-443a-a0fe-84d0d1d659fa
2026081410,c54f6d6f-7f34-1fbb-533f-111a5855031d,9100004,PROJECTA BRUTE FORCE THRESHOLD,2026-08-15T12:36:20.595120+0000,/login?ok=0&sid=c54f6d6f-7f34-1fbb-533f-111a5855031d
2026081410,59eaa588-f6da-d256-af51-bd3e6dd37c9f,9100004,PROJECTA BRUTE FORCE THRESHOLD,2026-08-15T12:36:20.721977+0000,/login?ok=0&sid=59eaa588-f6da-d256-af51-bd3e6dd37c9f
2026081410,ab0ab736-9547-0bcd-4b69-ae2509923118,9100001,PROJECTA ADMIN SENSITIVE ACCESS,2026-08-15T12:36:20.753204+0000,/admin/secret?sid=ab0ab736-9547-0bcd-4b69-ae2509923118
2026081410,d1935cd6-d157-f8b7-ec22-b29af9c39373,9100004,PROJECTA BRUTE FORCE THRESHOLD,2026-08-15T12:36:20.853011+0000,/login?ok=0&sid=d1935cd6-d157-f8b7-ec22-b29af9c39373
2026081410,abb59f95-5a0a-c0c3-2cf6-ad39cc94298b,9100002,PROJECTA PATH TRAVERSAL,2026-08-15T12:36:20.609305+0000,/%2e%2e/%2e%2e/etc/passwd?sid=abb59f95-5a0a-c0c3-2cf6-ad39cc94298b
2026081410,77ceb68b-5f86-df2d-3deb-f16d087e9092,9100004,PROJECTA BRUTE FORCE THRESHOLD,2026-08-15T12:36:20.856519+0000,/login?ok=0&sid=77ceb68b-5f86-df2d-3deb-f16d087e9092
2026081410,ffb7ec7c-5184-4c9d-ffc8-bbed497cac49,9100004,PROJECTA BRUTE FORCE THRESHOLD,2026-08-15T12:36:20.640612+0000,/login?ok=0&sid=ffb7ec7c-5184-4c9d-ffc8-bbed497cac49
2026081410,d4543b6e-f7c1-86b3-9360-ee345a42a64b,9100004,PROJECTA BRUTE FORCE THRESHOLD,2026-08-15T12:36:20.801309+0000,/login?ok=0&sid=d4543b6e-f7c1-86b3-9360-ee345a42a64b
2026081410,a228da08-ad4d-f21e-f5b2-5354738669f4,9100004,PROJECTA BRUTE FORCE THRESHOLD,2026-08-15T12:36:20.662826+0000,/login?ok=0&sid=a228da08-ad4d-f21e-f5b2-5354738669f4
2026081410,ccb6089a-2456-0df6-8b6c-287643ba30ec,9100004,PROJECTA BRUTE FORCE THRESHOLD,2026-08-15T12:36:20.630693+0000,/login?ok=0&sid=ccb6089a-2456-0df6-8b6c-287643ba30ec
2026081410,e571e4d3-527c-b26e-fa1a-d4a89f0fd2ea,9100004,PROJECTA BRUTE FORCE THRESHOLD,2026-08-15T12:36:20.574808+0000,/login?ok=0&sid=e571e4d3-527c-b26e-fa1a-d4a89f0fd2ea
2026081410,d04a5812-b056-a868-8ae1-6bd3d07da92e,9100004,PROJECTA BRUTE FORCE THRESHOLD,2026-08-15T12:36:21.057612+0000,/login?ok=0&sid=d04a5812-b056-a868-8ae1-6bd3d07da92e
2026081410,1b8da680-1447-9849-c11c-0c0fabcff623,9100004,PROJECTA BRUTE FORCE THRESHOLD,2026-08-15T12:36:21.146199+0000,/login?ok=0&sid=1b8da680-1447-9849-c11c-0c0fabcff623
2026081410,37d53e10-fc53-2e7c-f9f0-0394336593d8,9100004,PROJECTA BRUTE FORCE THRESHOLD,2026-08-15T12:36:21.369477+0000,/login?ok=0&sid=37d53e10-fc53-2e7c-f9f0-0394336593d8
2026081410,523d4100-1f34-310d-785e-395334f7d241,9100004,PROJECTA BRUTE FORCE THRESHOLD,2026-08-15T12:36:21.087230+0000,/login?ok=0&sid=523d4100-1f34-310d-785e-395334f7d241
2026081410,b4bfc923-a7ab-8e1d-9368-4f38ae3c323a,9100003,PROJECTA COMMAND PROBE,2026-08-15T12:36:20.964373+0000,/cmd?x=id&sid=b4bfc923-a7ab-8e1d-9368-4f38ae3c323a
2026081410,6f868e52-04cc-1c0b-3951-fe3ffe260264,9100003,PROJECTA COMMAND PROBE,2026-08-15T12:36:21.427185+0000,/cmd?x=id&sid=6f868e52-04cc-1c0b-3951-fe3ffe260264
2026081410,b4e75a63-4496-316f-d6e8-72cb9031003b,9100004,PROJECTA BRUTE FORCE THRESHOLD,2026-08-15T12:36:20.864205+0000,/login?ok=0&sid=b4e75a63-4496-316f-d6e8-72cb9031003b
2026081410,3ed9b9d1-a5cf-cdc3-e67f-e1d8d5a6941e,9100004,PROJECTA BRUTE FORCE THRESHOLD,2026-08-15T12:36:20.846240+0000,/login?ok=0&sid=3ed9b9d1-a5cf-cdc3-e67f-e1d8d5a6941e
2026081410,d8880f80-dc9d-a1c7-f042-9d4ac0fad83b,9100004,PROJECTA BRUTE FORCE THRESHOLD,2026-08-15T12:36:20.650671+0000,/login?ok=0&sid=d8880f80-dc9d-a1c7-f042-9d4ac0fad83b
2026081410,9abb7bed-8c32-8a1c-a653-71ecca5d6cb9,9100004,PROJECTA BRUTE FORCE THRESHOLD,2026-08-15T12:36:21.228420+0000,/login?ok=0&sid=9abb7bed-8c32-8a1c-a653-71ecca5d6cb9
2026081410,59c0d189-ab1b-9202-2b37-d17df3c1a202,9100004,PROJECTA BRUTE FORCE THRESHOLD,2026-08-15T12:36:20.690256+0000,/login?ok=0&sid=59c0d189-ab1b-9202-2b37-d17df3c1a202
2026081410,d869b20f-6234-8b06-058f-2beb2aab8c37,9100004,PROJECTA BRUTE FORCE THRESHOLD,2026-08-15T12:36:21.831941+0000,/login?ok=0&sid=d869b20f-6234-8b06-058f-2beb2aab8c37
2026081410,bc466300-e72b-186c-f7d7-0e464fae1ae3,9100004,PROJECTA BRUTE FORCE THRESHOLD,2026-08-15T12:36:20.705141+0000,/login?ok=0&sid=bc466300-e72b-186c-f7d7-0e464fae1ae3
2026081410,cbc6e296-5779-18c8-2cb4-ffaf79aeb27f,9100004,PROJECTA BRUTE FORCE THRESHOLD,2026-08-15T12:36:21.072432+0000,/login?ok=0&sid=cbc6e296-5779-18c8-2cb4-ffaf79aeb27f
2026081410,4342cbe7-96d4-d3ee-3252-628e2bdc1ce6,9100004,PROJECTA BRUTE FORCE THRESHOLD,2026-08-15T12:36:21.048790+0000,/login?ok=0&sid=4342cbe7-96d4-d3ee-3252-628e2bdc1ce6
2026081410,3b3813b8-cbf4-fc8a-876f-338f87d2ac7f,9100004,PROJECTA BRUTE FORCE THRESHOLD,2026-08-15T12:36:20.674928+0000,/login?ok=0&sid=3b3813b8-cbf4-fc8a-876f-338f87d2ac7f
2026081410,3f97708a-9c7d-e06f-e365-edc3b15f66ba,9100004,PROJECTA BRUTE FORCE THRESHOLD,2026-08-15T12:36:20.872633+0000,/login?ok=0&sid=3f97708a-9c7d-e06f-e365-edc3b15f66ba
2026081410,1283af34-184f-1d47-a640-28de52ca1338,9100004,PROJECTA BRUTE FORCE THRESHOLD,2026-08-15T12:36:21.241122+0000,/login?ok=0&sid=1283af34-184f-1d47-a640-28de52ca1338
2026081410,f3a37897-4f86-7259-ea2c-a2cf3b08ac1e,9100004,PROJECTA BRUTE FORCE THRESHOLD,2026-08-15T12:36:21.168960+0000,/login?ok=0&sid=f3a37897-4f86-7259-ea2c-a2cf3b08ac1e
2026081410,c6fda6af-a46b-ad43-1ac3-215b4ffecf81,9100004,PROJECTA BRUTE FORCE THRESHOLD,2026-08-15T12:36:20.822602+0000,/login?ok=0&sid=c6fda6af-a46b-ad43-1ac3-215b4ffecf81
2026081410,08b18d92-ffd0-0059-25a6-c50e2047f9af,9100001,PROJECTA ADMIN SENSITIVE ACCESS,2026-08-15T12:36:21.099218+0000,/admin/secret?sid=08b18d92-ffd0-0059-25a6-c50e2047f9af
2026081410,9bc352d0-ec83-ea90-79fb-da7466aa3004,9100002,PROJECTA PATH TRAVERSAL,2026-08-15T12:36:22.155000+0000,/%2e%2e/%2e%2e/etc/passwd?sid=9bc352d0-ec83-ea90-79fb-da7466aa3004
2026081410,f6c74aa0-ebcc-271b-52c9-fc8702835c25,9100004,PROJECTA BRUTE FORCE THRESHOLD,2026-08-15T12:36:21.044208+0000,/login?ok=0&sid=f6c74aa0-ebcc-271b-52c9-fc8702835c25
2026081410,3c758327-b6e2-d8fc-20ae-05101be835c5,9100004,PROJECTA BRUTE FORCE THRESHOLD,2026-08-15T12:36:21.210814+0000,/login?ok=0&sid=3c758327-b6e2-d8fc-20ae-05101be835c5
2026081410,5dc9aae2-acec-a4c3-7fdf-aa521499e44d,9100004,PROJECTA BRUTE FORCE THRESHOLD,2026-08-15T12:36:21.221432+0000,/login?ok=0&sid=5dc9aae2-acec-a4c3-7fdf-aa521499e44d
2026081410,b0235d79-349b-4b0e-6375-2d4a6112dbf6,9100004,PROJECTA BRUTE FORCE THRESHOLD,2026-08-15T12:36:21.154328+0000,/login?ok=0&sid=b0235d79-349b-4b0e-6375-2d4a6112dbf6
2026081410,4edc0979-ef37-7927-6630-66b96f128520,9100004,PROJECTA BRUTE FORCE THRESHOLD,2026-08-15T12:36:21.181278+0000,/login?ok=0&sid=4edc0979-ef37-7927-6630-66b96f128520
2026081410,a8e6c319-a0e7-7ec4-7487-1f75a8263bbc,9100002,PROJECTA PATH TRAVERSAL,2026-08-15T12:36:21.724536+0000,/%2e%2e/%2e%2e/etc/passwd?sid=a8e6c319-a0e7-7ec4-7487-1f75a8263bbc
2026081410,c77e1cad-d9c5-7020-2bb1-5b0886cfdd82,9100002,PROJECTA PATH TRAVERSAL,2026-08-15T12:36:21.287038+0000,/%2e%2e/%2e%2e/etc/passwd?sid=c77e1cad-d9c5-7020-2bb1-5b0886cfdd82
2026081410,059f0287-2c3f-3bfa-c78c-4a10ad5db9fa,9100004,PROJECTA BRUTE FORCE THRESHOLD,2026-08-15T12:36:21.348083+0000,/login?ok=0&sid=059f0287-2c3f-3bfa-c78c-4a10ad5db9fa
2026081410,c1bad010-25ab-5e49-d9ef-0afd8186c392,9100004,PROJECTA BRUTE FORCE THRESHOLD,2026-08-15T12:36:20.830678+0000,/login?ok=0&sid=c1bad010-25ab-5e49-d9ef-0afd8186c392
2026081410,2164f1b7-b09d-06b7-150e-d13789b22a2d,9100004,PROJECTA BRUTE FORCE THRESHOLD,2026-08-15T12:36:22.204209+0000,/login?ok=0&sid=2164f1b7-b09d-06b7-150e-d13789b22a2d
2026081410,f198b1d7-be8e-1608-bdfc-fafc3c1c1b9b,9100004,PROJECTA BRUTE FORCE THRESHOLD,2026-08-15T12:36:21.163114+0000,/login?ok=0&sid=f198b1d7-be8e-1608-bdfc-fafc3c1c1b9b
2026081410,75b93501-b441-8318-1e6b-eea36d9c60d9,9100004,PROJECTA BRUTE FORCE THRESHOLD,2026-08-15T12:36:21.360952+0000,/login?ok=0&sid=75b93501-b441-8318-1e6b-eea36d9c60d9
2026081410,fb9f9882-a926-9049-b694-c629c95681df,9100004,PROJECTA BRUTE FORCE THRESHOLD,2026-08-15T12:36:21.255334+0000,/login?ok=0&sid=fb9f9882-a926-9049-b694-c629c95681df
2026081410,31a07bf7-9678-4ece-cee4-678592f7892a,9100004,PROJECTA BRUTE FORCE THRESHOLD,2026-08-15T12:36:21.385787+0000,/login?ok=0&sid=31a07bf7-9678-4ece-cee4-678592f7892a
2026081410,f62f028c-7639-09d0-6e64-da5975676279,9100004,PROJECTA BRUTE FORCE THRESHOLD,2026-08-15T12:36:21.854349+0000,/login?ok=0&sid=f62f028c-7639-09d0-6e64-da5975676279
2026081410,d7b43f80-091e-c486-ee9b-82a19c9fe9f7,9100004,PROJECTA BRUTE FORCE THRESHOLD,2026-08-15T12:36:21.879079+0000,/login?ok=0&sid=d7b43f80-091e-c486-ee9b-82a19c9fe9f7
2026081410,fbf884a9-5e06-be26-202e-bb12fe340ff6,9100004,PROJECTA BRUTE FORCE THRESHOLD,2026-08-15T12:36:21.798222+0000,/login?ok=0&sid=fbf884a9-5e06-be26-202e-bb12fe340ff6
2026081410,274b4d50-84e5-c9ad-7aad-c6925a0f4dec,9100004,PROJECTA BRUTE FORCE THRESHOLD,2026-08-15T12:36:21.960762+0000,/login?ok=0&sid=274b4d50-84e5-c9ad-7aad-c6925a0f4dec
2026081410,0c87d118-1525-8c26-1d4f-43454f0b70f6,9100004,PROJECTA BRUTE FORCE THRESHOLD,2026-08-15T12:36:22.009948+0000,/login?ok=0&sid=0c87d118-1525-8c26-1d4f-43454f0b70f6
2026081410,14f3da7f-6cc0-0c16-6477-714caa0f67e2,9100002,PROJECTA PATH TRAVERSAL,2026-08-15T12:36:21.912698+0000,/%2e%2e/%2e%2e/etc/passwd?sid=14f3da7f-6cc0-0c16-6477-714caa0f67e2
2026081410,fad23b02-b363-e52a-aa16-0072addbb735,9100004,PROJECTA BRUTE FORCE THRESHOLD,2026-08-15T12:36:21.824453+0000,/login?ok=0&sid=fad23b02-b363-e52a-aa16-0072addbb735
2026081410,d85d3196-0ec7-cdf9-d320-c33226781ebc,9100004,PROJECTA BRUTE FORCE THRESHOLD,2026-08-15T12:36:21.975894+0000,/login?ok=0&sid=d85d3196-0ec7-cdf9-d320-c33226781ebc
2026081410,5574a368-9237-7dd1-e6ff-cdd474bda2e0,9100004,PROJECTA BRUTE FORCE THRESHOLD,2026-08-15T12:36:21.333528+0000,/login?ok=0&sid=5574a368-9237-7dd1-e6ff-cdd474bda2e0
2026081410,9fbae01c-1412-36a3-5428-c5ce49fab8b8,9100004,PROJECTA BRUTE FORCE THRESHOLD,2026-08-15T12:36:21.869838+0000,/login?ok=0&sid=9fbae01c-1412-36a3-5428-c5ce49fab8b8
2026081410,afd57c41-c4c9-6e8a-9610-c79ea96b734e,9100004,PROJECTA BRUTE FORCE THRESHOLD,2026-08-15T12:36:22.213095+0000,/login?ok=0&sid=afd57c41-c4c9-6e8a-9610-c79ea96b734e
2026081410,06a2b96c-f1b6-4452-f510-8b418737ca4a,9100004,PROJECTA BRUTE FORCE THRESHOLD,2026-08-15T12:36:21.788979+0000,/login?ok=0&sid=06a2b96c-f1b6-4452-f510-8b418737ca4a
2026081410,6a007b41-ff2b-a426-a17e-04ba021e10bf,9100004,PROJECTA BRUTE FORCE THRESHOLD,2026-08-15T12:36:22.387035+0000,/login?ok=0&sid=6a007b41-ff2b-a426-a17e-04ba021e10bf
2026081410,5a797e5f-aad4-e57b-1844-83ba64abaa06,9100004,PROJECTA BRUTE FORCE THRESHOLD,2026-08-15T12:36:21.939715+0000,/login?ok=0&sid=5a797e5f-aad4-e57b-1844-83ba64abaa06
2026081410,ba7ce237-4983-5cbc-ab01-19d839464209,9100004,PROJECTA BRUTE FORCE THRESHOLD,2026-08-15T12:36:21.809520+0000,/login?ok=0&sid=ba7ce237-4983-5cbc-ab01-19d839464209
2026081410,f4b76df3-7a10-d83a-4e00-c05dd630b067,9100004,PROJECTA BRUTE FORCE THRESHOLD,2026-08-15T12:36:22.397427+0000,/login?ok=0&sid=f4b76df3-7a10-d83a-4e00-c05dd630b067
2026081410,33ed8a7e-66f9-8419-08b8-3207d925062d,9100004,PROJECTA BRUTE FORCE THRESHOLD,2026-08-15T12:36:22.020295+0000,/login?ok=0&sid=33ed8a7e-66f9-8419-08b8-3207d925062d
2026081410,3e1c383a-44bc-73ca-26a6-884f66bb4633,9100002,PROJECTA PATH TRAVERSAL,2026-08-15T12:36:22.137009+0000,/%2e%2e/%2e%2e/etc/passwd?sid=3e1c383a-44bc-73ca-26a6-884f66bb4633
2026081410,70557fcc-921f-7a15-8e98-90ef2e7317d4,9100004,PROJECTA BRUTE FORCE THRESHOLD,2026-08-15T12:36:22.401609+0000,/login?ok=0&sid=70557fcc-921f-7a15-8e98-90ef2e7317d4
2026081410,aa13651d-b287-805a-b8f3-a2b2e80c4e3a,9100004,PROJECTA BRUTE FORCE THRESHOLD,2026-08-15T12:36:21.929316+0000,/login?ok=0&sid=aa13651d-b287-805a-b8f3-a2b2e80c4e3a
2026081410,c4e8e1a9-1491-aab5-9805-6a5096501ade,9100004,PROJECTA BRUTE FORCE THRESHOLD,2026-08-15T12:36:21.778662+0000,/login?ok=0&sid=c4e8e1a9-1491-aab5-9805-6a5096501ade
2026081410,fa504dd3-6b12-39c5-3540-14fe851d89a6,9100004,PROJECTA BRUTE FORCE THRESHOLD,2026-08-15T12:36:22.024840+0000,/login?ok=0&sid=fa504dd3-6b12-39c5-3540-14fe851d89a6
2026081410,2843b566-0be4-1a47-6c11-ba4bbbb3d7b4,9100004,PROJECTA BRUTE FORCE THRESHOLD,2026-08-15T12:36:22.833159+0000,/login?ok=0&sid=2843b566-0be4-1a47-6c11-ba4bbbb3d7b4
2026081410,80e947a4-18f4-02ee-2020-e97751c1a7da,9100004,PROJECTA BRUTE FORCE THRESHOLD,2026-08-15T12:36:21.842297+0000,/login?ok=0&sid=80e947a4-18f4-02ee-2020-e97751c1a7da
2026081410,a83bd883-ef30-fa4b-c15d-7c496639c04d,9100004,PROJECTA BRUTE FORCE THRESHOLD,2026-08-15T12:36:21.986888+0000,/login?ok=0&sid=a83bd883-ef30-fa4b-c15d-7c496639c04d
2026081410,aa899d50-2b3c-0d9d-712c-eefcc924b629,9100004,PROJECTA BRUTE FORCE THRESHOLD,2026-08-15T12:36:22.193486+0000,/login?ok=0&sid=aa899d50-2b3c-0d9d-712c-eefcc924b629
2026081410,9bd365c3-506f-90bf-da1b-a815ee9a3b68,9100004,PROJECTA BRUTE FORCE THRESHOLD,2026-08-15T12:36:21.947491+0000,/login?ok=0&sid=9bd365c3-506f-90bf-da1b-a815ee9a3b68
2026081410,61462ae5-f145-eb0c-d4d2-c23b884faf69,9100004,PROJECTA BRUTE FORCE THRESHOLD,2026-08-15T12:36:22.003648+0000,/login?ok=0&sid=61462ae5-f145-eb0c-d4d2-c23b884faf69
2026081410,92ba728f-9654-f1b3-2aee-625cdf277a9e,9100004,PROJECTA BRUTE FORCE THRESHOLD,2026-08-15T12:36:22.239966+0000,/login?ok=0&sid=92ba728f-9654-f1b3-2aee-625cdf277a9e
2026081410,ff91a2cb-8a27-1d85-8c9e-2f18a880080f,9100004,PROJECTA BRUTE FORCE THRESHOLD,2026-08-15T12:36:22.419913+0000,/login?ok=0&sid=ff91a2cb-8a27-1d85-8c9e-2f18a880080f
2026081410,89c3d97e-22d3-738e-c852-6f23e5a3a405,9100002,PROJECTA PATH TRAVERSAL,2026-08-15T12:36:22.708191+0000,/%2e%2e/%2e%2e/etc/passwd?sid=89c3d97e-22d3-738e-c852-6f23e5a3a405
2026081410,8f145fc0-5bca-2c24-380e-b536807706b6,9100004,PROJECTA BRUTE FORCE THRESHOLD,2026-08-15T12:36:23.422188+0000,/login?ok=0&sid=8f145fc0-5bca-2c24-380e-b536807706b6
2026081410,237421c3-1380-ed3f-820c-f54d7a42183c,9100004,PROJECTA BRUTE FORCE THRESHOLD,2026-08-15T12:36:22.228469+0000,/login?ok=0&sid=237421c3-1380-ed3f-820c-f54d7a42183c
2026081410,19a75894-785f-afa8-8772-64efdc5d236d,9100003,PROJECTA COMMAND PROBE,2026-08-15T12:36:22.431791+0000,/cmd?x=id&sid=19a75894-785f-afa8-8772-64efdc5d236d
2026081410,daed2ec2-aee8-1497-f865-7e4e4083f54a,9100001,PROJECTA ADMIN SENSITIVE ACCESS,2026-08-15T12:36:22.340290+0000,/admin/secret?sid=daed2ec2-aee8-1497-f865-7e4e4083f54a
2026081410,efa32728-27a0-fe3f-7ed5-6244d0870349,9100002,PROJECTA PATH TRAVERSAL,2026-08-15T12:36:22.691734+0000,/%2e%2e/%2e%2e/etc/passwd?sid=efa32728-27a0-fe3f-7ed5-6244d0870349
2026081410,0c7f1177-0589-2acc-7d31-26777c4e04a2,9100004,PROJECTA BRUTE FORCE THRESHOLD,2026-08-15T12:36:22.810168+0000,/login?ok=0&sid=0c7f1177-0589-2acc-7d31-26777c4e04a2
2026081410,1bb9b6c6-39e0-c6e8-5911-0300ce5dccdc,9100004,PROJECTA BRUTE FORCE THRESHOLD,2026-08-15T12:36:22.978336+0000,/login?ok=0&sid=1bb9b6c6-39e0-c6e8-5911-0300ce5dccdc
2026081410,a6b9c20a-fdd2-6c75-71ce-c28dcb6d2232,9100002,PROJECTA PATH TRAVERSAL,2026-08-15T12:36:23.282768+0000,/%2e%2e/%2e%2e/etc/passwd?sid=a6b9c20a-fdd2-6c75-71ce-c28dcb6d2232
2026081410,aa1662ad-66d9-2dce-f248-d68da33a3283,9100004,PROJECTA BRUTE FORCE THRESHOLD,2026-08-15T12:36:22.821991+0000,/login?ok=0&sid=aa1662ad-66d9-2dce-f248-d68da33a3283
2026081410,ce0e2f06-3a81-6d91-c2ac-e36da30c1e23,9100004,PROJECTA BRUTE FORCE THRESHOLD,2026-08-15T12:36:22.412696+0000,/login?ok=0&sid=ce0e2f06-3a81-6d91-c2ac-e36da30c1e23
2026081410,af3b3dc5-4cb5-db29-fa20-f73c4733fb19,9100003,PROJECTA COMMAND PROBE,2026-08-15T12:36:22.793191+0000,/cmd?x=id&sid=af3b3dc5-4cb5-db29-fa20-f73c4733fb19
2026081410,d8d9e127-24e2-4ffb-fa45-05a77a53b702,9100004,PROJECTA BRUTE FORCE THRESHOLD,2026-08-15T12:36:22.962465+0000,/login?ok=0&sid=d8d9e127-24e2-4ffb-fa45-05a77a53b702
2026081410,e9ea6d1b-33d7-0976-6986-802ad521b808,9100002,PROJECTA PATH TRAVERSAL,2026-08-15T12:36:23.362136+0000,/%2e%2e/%2e%2e/etc/passwd?sid=e9ea6d1b-33d7-0976-6986-802ad521b808
2026081410,e359651d-8f2b-1399-1e99-811ecfd299ca,9100004,PROJECTA BRUTE FORCE THRESHOLD,2026-08-15T12:36:22.856980+0000,/login?ok=0&sid=e359651d-8f2b-1399-1e99-811ecfd299ca
2026081410,401c8f3e-e568-bfb9-39b7-d3fcacf65785,9100004,PROJECTA BRUTE FORCE THRESHOLD,2026-08-15T12:36:23.408517+0000,/login?ok=0&sid=401c8f3e-e568-bfb9-39b7-d3fcacf65785
2026081410,cf300c1a-7cd6-487f-780f-022d0b1ba6ee,9100004,PROJECTA BRUTE FORCE THRESHOLD,2026-08-15T12:36:22.988870+0000,/login?ok=0&sid=cf300c1a-7cd6-487f-780f-022d0b1ba6ee
2026081410,a1c53532-143e-0cf3-f14e-37174b6cbce4,9100004,PROJECTA BRUTE FORCE THRESHOLD,2026-08-15T12:36:23.723682+0000,/login?ok=0&sid=a1c53532-143e-0cf3-f14e-37174b6cbce4
2026081410,6d54fdb5-f2a8-e118-1342-347b5edc46a1,9100004,PROJECTA BRUTE FORCE THRESHOLD,2026-08-15T12:36:23.452490+0000,/login?ok=0&sid=6d54fdb5-f2a8-e118-1342-347b5edc46a1
2026081410,baee66df-dc16-ff3b-46d2-740337f41eed,9100004,PROJECTA BRUTE FORCE THRESHOLD,2026-08-15T12:36:22.999951+0000,/login?ok=0&sid=baee66df-dc16-ff3b-46d2-740337f41eed
2026081410,c065e5c9-822d-ef38-91e1-fc796f8d82f7,9100004,PROJECTA BRUTE FORCE THRESHOLD,2026-08-15T12:36:23.213259+0000,/login?ok=0&sid=c065e5c9-822d-ef38-91e1-fc796f8d82f7
2026081410,3e2c5912-a98f-3afc-efad-1a179e093d45,9100004,PROJECTA BRUTE FORCE THRESHOLD,2026-08-15T12:36:23.437733+0000,/login?ok=0&sid=3e2c5912-a98f-3afc-efad-1a179e093d45
2026081410,b3b38baf-eb61-a20e-86bc-90252217a831,9100004,PROJECTA BRUTE FORCE THRESHOLD,2026-08-15T12:36:23.187139+0000,/login?ok=0&sid=b3b38baf-eb61-a20e-86bc-90252217a831
2026081410,8874d6bb-a3b3-aea9-8449-890a81118053,9100002,PROJECTA PATH TRAVERSAL,2026-08-15T12:36:23.126027+0000,/%2e%2e/%2e%2e/etc/passwd?sid=8874d6bb-a3b3-aea9-8449-890a81118053
2026081410,d06a0289-49ce-6786-1554-d25feab1168d,9100004,PROJECTA BRUTE FORCE THRESHOLD,2026-08-15T12:36:23.699573+0000,/login?ok=0&sid=d06a0289-49ce-6786-1554-d25feab1168d
2026081410,0b446628-ae30-e5d3-86bb-cf62edca5d88,9100004,PROJECTA BRUTE FORCE THRESHOLD,2026-08-15T12:36:23.579931+0000,/login?ok=0&sid=0b446628-ae30-e5d3-86bb-cf62edca5d88
2026081410,31254722-abca-b7e4-de1a-5b9c8725e9b4,9100004,PROJECTA BRUTE FORCE THRESHOLD,2026-08-15T12:36:22.843368+0000,/login?ok=0&sid=31254722-abca-b7e4-de1a-5b9c8725e9b4
2026081410,2bfe369e-06ac-3e97-abf5-7171f4e844a7,9100004,PROJECTA BRUTE FORCE THRESHOLD,2026-08-15T12:36:23.237253+0000,/login?ok=0&sid=2bfe369e-06ac-3e97-abf5-7171f4e844a7
2026081410,1a2d6728-cbde-f223-e9cf-eb068077c9b5,9100004,PROJECTA BRUTE FORCE THRESHOLD,2026-08-15T12:36:23.469204+0000,/login?ok=0&sid=1a2d6728-cbde-f223-e9cf-eb068077c9b5
2026081410,2057031a-7b40-6576-be3a-87fe7c34bc4f,9100004,PROJECTA BRUTE FORCE THRESHOLD,2026-08-15T12:36:22.992884+0000,/login?ok=0&sid=2057031a-7b40-6576-be3a-87fe7c34bc4f
2026081410,e25cbca9-c21f-ce91-26ee-b8e3725b690a,9100004,PROJECTA BRUTE FORCE THRESHOLD,2026-08-15T12:36:23.532389+0000,/login?ok=0&sid=e25cbca9-c21f-ce91-26ee-b8e3725b690a
2026081410,66565119-7c0b-7fd9-6799-0e4fa56d260d,9100004,PROJECTA BRUTE FORCE THRESHOLD,2026-08-15T12:36:23.203883+0000,/login?ok=0&sid=66565119-7c0b-7fd9-6799-0e4fa56d260d
2026081410,1a64a33a-1134-8f72-2891-35cff268450f,9100004,PROJECTA BRUTE FORCE THRESHOLD,2026-08-15T12:36:23.227223+0000,/login?ok=0&sid=1a64a33a-1134-8f72-2891-35cff268450f
2026081410,329f3eb8-7c51-4c08-3fa1-f79811d9732e,9100004,PROJECTA BRUTE FORCE THRESHOLD,2026-08-15T12:36:23.711015+0000,/login?ok=0&sid=329f3eb8-7c51-4c08-3fa1-f79811d9732e
2026081410,8ce4aaf2-e5d9-2575-624f-84e4680005f7,9100002,PROJECTA PATH TRAVERSAL,2026-08-15T12:36:23.260171+0000,/%2e%2e/%2e%2e/etc/passwd?sid=8ce4aaf2-e5d9-2575-624f-84e4680005f7
2026081410,2d1f2607-fd5f-0193-bab0-aa0e1506b72b,9100004,PROJECTA BRUTE FORCE THRESHOLD,2026-08-15T12:36:23.543422+0000,/login?ok=0&sid=2d1f2607-fd5f-0193-bab0-aa0e1506b72b
2026081410,fc911350-a21d-bbac-fa9e-188754602cfb,9100004,PROJECTA BRUTE FORCE THRESHOLD,2026-08-15T12:36:23.557618+0000,/login?ok=0&sid=fc911350-a21d-bbac-fa9e-188754602cfb
2026081410,d767a532-7e19-0920-fcd3-1d5fe0a7c953,9100004,PROJECTA BRUTE FORCE THRESHOLD,2026-08-15T12:36:23.565076+0000,/login?ok=0&sid=d767a532-7e19-0920-fcd3-1d5fe0a7c953
2026081411,d7545738-afb0-a0a8-893a-29274ffc98e1,9100001,PROJECTA ADMIN SENSITIVE ACCESS,2026-08-15T12:36:31.064462+0000,/admin/secret?sid=d7545738-afb0-a0a8-893a-29274ffc98e1
2026081411,a2c90b48-6241-52f8-7371-077ac1902ec6,9100004,PROJECTA BRUTE FORCE THRESHOLD,2026-08-15T12:36:31.196804+0000,/login?ok=0&sid=a2c90b48-6241-52f8-7371-077ac1902ec6
2026081411,e3525a28-5133-3d5a-9a04-6ad757fea9c2,9100004,PROJECTA BRUTE FORCE THRESHOLD,2026-08-15T12:36:31.186818+0000,/login?ok=0&sid=e3525a28-5133-3d5a-9a04-6ad757fea9c2
2026081411,790e908a-0d06-9b2c-dfba-fcfe6ea83829,9100003,PROJECTA COMMAND PROBE,2026-08-15T12:36:31.627905+0000,/cmd?x=id&sid=790e908a-0d06-9b2c-dfba-fcfe6ea83829
2026081411,9adc81d8-9968-0f1d-8f3c-51bb8d93e963,9100004,PROJECTA BRUTE FORCE THRESHOLD,2026-08-15T12:36:31.209656+0000,/login?ok=0&sid=9adc81d8-9968-0f1d-8f3c-51bb8d93e963
2026081411,167aac90-d75f-0b01-af36-756308085ff3,9100003,PROJECTA COMMAND PROBE,2026-08-15T12:36:31.251752+0000,/cmd?x=id&sid=167aac90-d75f-0b01-af36-756308085ff3
2026081411,6d76b564-ca5c-3979-16c0-81eee919fd01,9100004,PROJECTA BRUTE FORCE THRESHOLD,2026-08-15T12:36:31.111261+0000,/login?ok=0&sid=6d76b564-ca5c-3979-16c0-81eee919fd01
2026081411,6dc750e4-c23d-0d87-aebb-ecf020233a02,9100004,PROJECTA BRUTE FORCE THRESHOLD,2026-08-15T12:36:31.220222+0000,/login?ok=0&sid=6dc750e4-c23d-0d87-aebb-ecf020233a02
2026081411,fc2d650b-a586-b551-7cf6-d01757e88315,9100004,PROJECTA BRUTE FORCE THRESHOLD,2026-08-15T12:36:31.116510+0000,/login?ok=0&sid=fc2d650b-a586-b551-7cf6-d01757e88315
2026081411,08a7dfca-ab6c-678b-158e-deeafba5fcb9,9100004,PROJECTA BRUTE FORCE THRESHOLD,2026-08-15T12:36:31.519155+0000,/login?ok=0&sid=08a7dfca-ab6c-678b-158e-deeafba5fcb9
2026081411,93f23d41-02ee-fc6b-3c23-b4b353d8e198,9100004,PROJECTA BRUTE FORCE THRESHOLD,2026-08-15T12:36:32.130661+0000,/login?ok=0&sid=93f23d41-02ee-fc6b-3c23-b4b353d8e198
2026081411,4188e000-4336-eb8e-f396-9ead7e41f674,9100001,PROJECTA ADMIN SENSITIVE ACCESS,2026-08-15T12:36:31.263657+0000,/admin/secret?sid=4188e000-4336-eb8e-f396-9ead7e41f674
2026081411,2356c84a-c49c-f46a-441a-272c76077f8e,9100001,PROJECTA ADMIN SENSITIVE ACCESS,2026-08-15T12:36:31.456547+0000,/admin/secret?sid=2356c84a-c49c-f46a-441a-272c76077f8e
2026081411,76b8a3f6-4025-d64a-68f8-bf7583a13fde,9100004,PROJECTA BRUTE FORCE THRESHOLD,2026-08-15T12:36:31.535827+0000,/login?ok=0&sid=76b8a3f6-4025-d64a-68f8-bf7583a13fde
2026081411,0d917e6b-5383-945c-d76e-11f645483005,9100001,PROJECTA ADMIN SENSITIVE ACCESS,2026-08-15T12:36:31.419677+0000,/admin/secret?sid=0d917e6b-5383-945c-d76e-11f645483005
2026081411,b4f297b2-9b20-cd47-5e48-44434b330476,9100003,PROJECTA COMMAND PROBE,2026-08-15T12:36:31.374817+0000,/cmd?x=id&sid=b4f297b2-9b20-cd47-5e48-44434b330476
2026081411,31c9fdf5-0a5b-7d33-9106-36d9ff12c731,9100004,PROJECTA BRUTE FORCE THRESHOLD,2026-08-15T12:36:31.545342+0000,/login?ok=0&sid=31c9fdf5-0a5b-7d33-9106-36d9ff12c731
2026081411,d500bff0-829c-f38f-9388-b9f4dce11678,9100004,PROJECTA BRUTE FORCE THRESHOLD,2026-08-15T12:36:32.328151+0000,/login?ok=0&sid=d500bff0-829c-f38f-9388-b9f4dce11678
2026081411,c375991e-c449-3526-48e5-5ef811a7405d,9100004,PROJECTA BRUTE FORCE THRESHOLD,2026-08-15T12:36:31.659573+0000,/login?ok=0&sid=c375991e-c449-3526-48e5-5ef811a7405d
2026081411,1e85e6bf-7334-45ec-e4fb-dd382176cbd0,9100004,PROJECTA BRUTE FORCE THRESHOLD,2026-08-15T12:36:32.053904+0000,/login?ok=0&sid=1e85e6bf-7334-45ec-e4fb-dd382176cbd0
2026081411,d7d51291-e1ae-a0e6-0695-2dfb4c9ab589,9100002,PROJECTA PATH TRAVERSAL,2026-08-15T12:36:31.290850+0000,/%2e%2e/%2e%2e/etc/passwd?sid=d7d51291-e1ae-a0e6-0695-2dfb4c9ab589
2026081411,4024a893-1b64-8247-d423-bdabde684a11,9100004,PROJECTA BRUTE FORCE THRESHOLD,2026-08-15T12:36:31.692303+0000,/login?ok=0&sid=4024a893-1b64-8247-d423-bdabde684a11
2026081411,15bc08c7-e26a-591b-787b-2f32be4c9784,9100004,PROJECTA BRUTE FORCE THRESHOLD,2026-08-15T12:36:32.174429+0000,/login?ok=0&sid=15bc08c7-e26a-591b-787b-2f32be4c9784
2026081411,3d6e6128-ab01-fe41-8824-b7b290bbc4c8,9100004,PROJECTA BRUTE FORCE THRESHOLD,2026-08-15T12:36:31.712258+0000,/login?ok=0&sid=3d6e6128-ab01-fe41-8824-b7b290bbc4c8
2026081411,ac2b760c-4c7d-9923-991a-df49ce2c58bb,9100004,PROJECTA BRUTE FORCE THRESHOLD,2026-08-15T12:36:32.530253+0000,/login?ok=0&sid=ac2b760c-4c7d-9923-991a-df49ce2c58bb
2026081411,ccf00c40-c0ff-33d8-22db-5e6c633dd7c5,9100004,PROJECTA BRUTE FORCE THRESHOLD,2026-08-15T12:36:31.675815+0000,/login?ok=0&sid=ccf00c40-c0ff-33d8-22db-5e6c633dd7c5
2026081411,a8d6361d-4ce3-7939-c9b8-9dc8236e790e,9100004,PROJECTA BRUTE FORCE THRESHOLD,2026-08-15T12:36:32.140086+0000,/login?ok=0&sid=a8d6361d-4ce3-7939-c9b8-9dc8236e790e
2026081411,e13b72d5-07dc-d703-9adc-4212d7a9bf62,9100004,PROJECTA BRUTE FORCE THRESHOLD,2026-08-15T12:36:32.218001+0000,/login?ok=0&sid=e13b72d5-07dc-d703-9adc-4212d7a9bf62
2026081411,57459120-7b3f-360f-fa4b-9e0ca89f3a06,9100002,PROJECTA PATH TRAVERSAL,2026-08-15T12:36:31.613558+0000,/%2e%2e/%2e%2e/etc/passwd?sid=57459120-7b3f-360f-fa4b-9e0ca89f3a06
2026081411,5a711152-297b-205e-c945-480c0d00f44f,9100004,PROJECTA BRUTE FORCE THRESHOLD,2026-08-15T12:36:31.558785+0000,/login?ok=0&sid=5a711152-297b-205e-c945-480c0d00f44f
2026081411,c64a1653-03ea-fa9c-8aa4-c952395b8aec,9100004,PROJECTA BRUTE FORCE THRESHOLD,2026-08-15T12:36:32.313848+0000,/login?ok=0&sid=c64a1653-03ea-fa9c-8aa4-c952395b8aec
2026081411,9d920106-3020-568b-9834-9b9c3e8ad665,9100004,PROJECTA BRUTE FORCE THRESHOLD,2026-08-15T12:36:31.699920+0000,/login?ok=0&sid=9d920106-3020-568b-9834-9b9c3e8ad665
2026081411,185c0901-6d65-8fb0-dd81-08d8d0906d3d,9100001,PROJECTA ADMIN SENSITIVE ACCESS,2026-08-15T12:36:32.577094+0000,/admin/secret?sid=185c0901-6d65-8fb0-dd81-08d8d0906d3d
2026081411,19943212-75a5-0244-6fb9-99ed67ca3296,9100004,PROJECTA BRUTE FORCE THRESHOLD,2026-08-15T12:36:32.398334+0000,/login?ok=0&sid=19943212-75a5-0244-6fb9-99ed67ca3296
2026081411,b01ccb82-4f27-e73b-af43-9647d5dc9a24,9100002,PROJECTA PATH TRAVERSAL,2026-08-15T12:36:31.836242+0000,/%2e%2e/%2e%2e/etc/passwd?sid=b01ccb82-4f27-e73b-af43-9647d5dc9a24
2026081411,910acc39-8cd8-a760-3ee8-0ae2e0c1c10b,9100004,PROJECTA BRUTE FORCE THRESHOLD,2026-08-15T12:36:32.034487+0000,/login?ok=0&sid=910acc39-8cd8-a760-3ee8-0ae2e0c1c10b
2026081411,88b5f058-8e5c-2942-fd7e-ff34a1b56fcc,9100004,PROJECTA BRUTE FORCE THRESHOLD,2026-08-15T12:36:32.418371+0000,/login?ok=0&sid=88b5f058-8e5c-2942-fd7e-ff34a1b56fcc
2026081411,2a06dae1-87aa-4390-51da-7bef2eb21719,9100002,PROJECTA PATH TRAVERSAL,2026-08-15T12:36:31.721763+0000,/%2e%2e/%2e%2e/etc/passwd?sid=2a06dae1-87aa-4390-51da-7bef2eb21719
2026081411,9549237d-8ae7-9346-e0c5-eefb16d0e71b,9100004,PROJECTA BRUTE FORCE THRESHOLD,2026-08-15T12:36:32.511924+0000,/login?ok=0&sid=9549237d-8ae7-9346-e0c5-eefb16d0e71b
2026081411,29a2a0e0-57a1-9a7a-d695-5494757cbce7,9100004,PROJECTA BRUTE FORCE THRESHOLD,2026-08-15T12:36:32.436575+0000,/login?ok=0&sid=29a2a0e0-57a1-9a7a-d695-5494757cbce7
2026081411,e8e88e1e-1141-8dcd-378d-3a493514c33d,9100004,PROJECTA BRUTE FORCE THRESHOLD,2026-08-15T12:36:32.048573+0000,/login?ok=0&sid=e8e88e1e-1141-8dcd-378d-3a493514c33d
2026081411,edf74e6d-8ae7-c06a-b026-d1ee3bcce2d7,9100004,PROJECTA BRUTE FORCE THRESHOLD,2026-08-15T12:36:31.237079+0000,/login?ok=0&sid=edf74e6d-8ae7-c06a-b026-d1ee3bcce2d7
2026081411,d397b771-6d4c-7775-1922-3cd8a5dc13aa,9100004,PROJECTA BRUTE FORCE THRESHOLD,2026-08-15T12:36:32.147860+0000,/login?ok=0&sid=d397b771-6d4c-7775-1922-3cd8a5dc13aa
2026081411,ce3752c7-b7ea-4a50-6af6-c88e976a6b76,9100004,PROJECTA BRUTE FORCE THRESHOLD,2026-08-15T12:36:32.767742+0000,/login?ok=0&sid=ce3752c7-b7ea-4a50-6af6-c88e976a6b76
2026081411,de411f73-3ff2-12a6-3be6-82147ad3ae0f,9100004,PROJECTA BRUTE FORCE THRESHOLD,2026-08-15T12:36:32.115899+0000,/login?ok=0&sid=de411f73-3ff2-12a6-3be6-82147ad3ae0f
2026081411,a7d66a61-143e-dece-4c48-e4160ec78d42,9100001,PROJECTA ADMIN SENSITIVE ACCESS,2026-08-15T12:36:32.375616+0000,/admin/secret?sid=a7d66a61-143e-dece-4c48-e4160ec78d42
2026081411,93c3c720-f0ad-9a9c-91d0-553674049070,9100002,PROJECTA PATH TRAVERSAL,2026-08-15T12:36:31.973319+0000,/%2e%2e/%2e%2e/etc/passwd?sid=93c3c720-f0ad-9a9c-91d0-553674049070
2026081411,d8aa7f07-0fa0-5628-8267-6eb5fbfea100,9100004,PROJECTA BRUTE FORCE THRESHOLD,2026-08-15T12:36:32.430391+0000,/login?ok=0&sid=d8aa7f07-0fa0-5628-8267-6eb5fbfea100
2026081411,e8d013b0-8823-a0de-9746-336fce31f07f,9100004,PROJECTA BRUTE FORCE THRESHOLD,2026-08-15T12:36:32.661597+0000,/login?ok=0&sid=e8d013b0-8823-a0de-9746-336fce31f07f
2026081411,8a8d1d77-67e1-4302-59ea-98f259bb1b0a,9100004,PROJECTA BRUTE FORCE THRESHOLD,2026-08-15T12:36:32.162607+0000,/login?ok=0&sid=8a8d1d77-67e1-4302-59ea-98f259bb1b0a
2026081411,95fcbc61-f30c-a590-6891-66538dadb910,9100004,PROJECTA BRUTE FORCE THRESHOLD,2026-08-15T12:36:32.006811+0000,/login?ok=0&sid=95fcbc61-f30c-a590-6891-66538dadb910
2026081411,1d09e005-a6f4-e1c7-12d6-c1b0593d0cbe,9100004,PROJECTA BRUTE FORCE THRESHOLD,2026-08-15T12:36:32.406882+0000,/login?ok=0&sid=1d09e005-a6f4-e1c7-12d6-c1b0593d0cbe
2026081411,a0251478-983c-97f7-6d8b-848580b48f01,9100004,PROJECTA BRUTE FORCE THRESHOLD,2026-08-15T12:36:32.771981+0000,/login?ok=0&sid=a0251478-983c-97f7-6d8b-848580b48f01
2026081411,c9484d0b-f3cc-1b49-8e22-b3ca5d7b3434,9100004,PROJECTA BRUTE FORCE THRESHOLD,2026-08-15T12:36:32.549680+0000,/login?ok=0&sid=c9484d0b-f3cc-1b49-8e22-b3ca5d7b3434
2026081411,6a34f8d2-48d6-9eeb-f834-c9dda3498b74,9100004,PROJECTA BRUTE FORCE THRESHOLD,2026-08-15T12:36:32.503704+0000,/login?ok=0&sid=6a34f8d2-48d6-9eeb-f834-c9dda3498b74
2026081411,41715d11-946d-bea5-1fed-04de629989ca,9100004,PROJECTA BRUTE FORCE THRESHOLD,2026-08-15T12:36:32.020367+0000,/login?ok=0&sid=41715d11-946d-bea5-1fed-04de629989ca
2026081411,1da3bc17-c7ef-4b1e-35a3-9dec20c47686,9100004,PROJECTA BRUTE FORCE THRESHOLD,2026-08-15T12:36:32.680317+0000,/login?ok=0&sid=1da3bc17-c7ef-4b1e-35a3-9dec20c47686
2026081411,c83f7ff5-8562-3b7c-b309-dfa4cd3a71a4,9100004,PROJECTA BRUTE FORCE THRESHOLD,2026-08-15T12:36:32.787081+0000,/login?ok=0&sid=c83f7ff5-8562-3b7c-b309-dfa4cd3a71a4
2026081411,531fc99b-4026-fbbe-1dc5-4eab262d5079,9100004,PROJECTA BRUTE FORCE THRESHOLD,2026-08-15T12:36:32.459264+0000,/login?ok=0&sid=531fc99b-4026-fbbe-1dc5-4eab262d5079
2026081411,9f07ab3c-4f9e-604c-51e3-b247e830cbfa,9100004,PROJECTA BRUTE FORCE THRESHOLD,2026-08-15T12:36:32.199590+0000,/login?ok=0&sid=9f07ab3c-4f9e-604c-51e3-b247e830cbfa
2026081411,76950bcc-efd1-ab1e-bdb6-30618bdc86ba,9100004,PROJECTA BRUTE FORCE THRESHOLD,2026-08-15T12:36:32.472586+0000,/login?ok=0&sid=76950bcc-efd1-ab1e-bdb6-30618bdc86ba
2026081411,c7e9f61d-c140-5100-d81f-956cb9d316df,9100004,PROJECTA BRUTE FORCE THRESHOLD,2026-08-15T12:36:32.700138+0000,/login?ok=0&sid=c7e9f61d-c140-5100-d81f-956cb9d316df
2026081411,68ebbfb5-c864-317a-e20f-ac27c097bde3,9100004,PROJECTA BRUTE FORCE THRESHOLD,2026-08-15T12:36:33.112641+0000,/login?ok=0&sid=68ebbfb5-c864-317a-e20f-ac27c097bde3
2026081411,36271b59-aabf-cadd-7cee-47c24e515454,9100004,PROJECTA BRUTE FORCE THRESHOLD,2026-08-15T12:36:32.666312+0000,/login?ok=0&sid=36271b59-aabf-cadd-7cee-47c24e515454
2026081411,ffefee82-0c10-10f9-a80f-3abeca99c592,9100004,PROJECTA BRUTE FORCE THRESHOLD,2026-08-15T12:36:32.863309+0000,/login?ok=0&sid=ffefee82-0c10-10f9-a80f-3abeca99c592
2026081411,8d968c85-866e-95f7-74fd-4a013f0415ac,9100004,PROJECTA BRUTE FORCE THRESHOLD,2026-08-15T12:36:32.517583+0000,/login?ok=0&sid=8d968c85-866e-95f7-74fd-4a013f0415ac
2026081411,2edddca6-ec32-35ae-235f-de74379fc7e3,9100004,PROJECTA BRUTE FORCE THRESHOLD,2026-08-15T12:36:32.187779+0000,/login?ok=0&sid=2edddca6-ec32-35ae-235f-de74379fc7e3
2026081411,04514e51-2bcf-35eb-5909-c3f18b2a729d,9100004,PROJECTA BRUTE FORCE THRESHOLD,2026-08-15T12:36:32.208989+0000,/login?ok=0&sid=04514e51-2bcf-35eb-5909-c3f18b2a729d
2026081411,218b3fb7-3de7-f1f1-adcb-81e2d13e4f83,9100004,PROJECTA BRUTE FORCE THRESHOLD,2026-08-15T12:36:32.685034+0000,/login?ok=0&sid=218b3fb7-3de7-f1f1-adcb-81e2d13e4f83
2026081411,7505b45f-3a7f-60d0-d660-9a969c459f00,9100004,PROJECTA BRUTE FORCE THRESHOLD,2026-08-15T12:36:33.523129+0000,/login?ok=0&sid=7505b45f-3a7f-60d0-d660-9a969c459f00
2026081411,9b7ee78f-9316-dfba-9382-32d836091874,9100004,PROJECTA BRUTE FORCE THRESHOLD,2026-08-15T12:36:32.915284+0000,/login?ok=0&sid=9b7ee78f-9316-dfba-9382-32d836091874
2026081411,49aed41f-7c9e-4102-90ce-5006376d787f,9100004,PROJECTA BRUTE FORCE THRESHOLD,2026-08-15T12:36:33.056433+0000,/login?ok=0&sid=49aed41f-7c9e-4102-90ce-5006376d787f
2026081411,2ed3e4b0-d3c0-dea2-02b1-2cc495c208a1,9100004,PROJECTA BRUTE FORCE THRESHOLD,2026-08-15T12:36:32.804059+0000,/login?ok=0&sid=2ed3e4b0-d3c0-dea2-02b1-2cc495c208a1
2026081411,bd3818d7-a52e-1b58-ed45-4a4df8a45b9e,9100004,PROJECTA BRUTE FORCE THRESHOLD,2026-08-15T12:36:32.494679+0000,/login?ok=0&sid=bd3818d7-a52e-1b58-ed45-4a4df8a45b9e
2026081411,948fccea-3044-3d81-c229-95202f02d79c,9100003,PROJECTA COMMAND PROBE,2026-08-15T12:36:32.298647+0000,/cmd?x=id&sid=948fccea-3044-3d81-c229-95202f02d79c
2026081411,3ece98af-3d74-6a20-0ab6-01497e7433f0,9100004,PROJECTA BRUTE FORCE THRESHOLD,2026-08-15T12:36:32.534242+0000,/login?ok=0&sid=3ece98af-3d74-6a20-0ab6-01497e7433f0
2026081411,09edb79c-3333-dfdf-4aa0-498dd508e11e,9100004,PROJECTA BRUTE FORCE THRESHOLD,2026-08-15T12:36:33.161366+0000,/login?ok=0&sid=09edb79c-3333-dfdf-4aa0-498dd508e11e
2026081411,a0f65976-a04b-1317-24e4-613392ad52c9,9100004,PROJECTA BRUTE FORCE THRESHOLD,2026-08-15T12:36:32.791138+0000,/login?ok=0&sid=a0f65976-a04b-1317-24e4-613392ad52c9
2026081411,152aea76-dacc-a89b-361b-1581f8a5c85c,9100003,PROJECTA COMMAND PROBE,2026-08-15T12:36:32.831480+0000,/cmd?x=id&sid=152aea76-dacc-a89b-361b-1581f8a5c85c
2026081411,fee79c43-1a21-395d-2a05-86ba3f6d291e,9100004,PROJECTA BRUTE FORCE THRESHOLD,2026-08-15T12:36:33.239832+0000,/login?ok=0&sid=fee79c43-1a21-395d-2a05-86ba3f6d291e
2026081411,04618756-8b28-a6fb-f64e-4f575848eb4f,9100004,PROJECTA BRUTE FORCE THRESHOLD,2026-08-15T12:36:32.335319+0000,/login?ok=0&sid=04618756-8b28-a6fb-f64e-4f575848eb4f
2026081411,76af9729-2988-6db3-d36f-727b1f01d764,9100004,PROJECTA BRUTE FORCE THRESHOLD,2026-08-15T12:36:33.099446+0000,/login?ok=0&sid=76af9729-2988-6db3-d36f-727b1f01d764
2026081411,2a2f6932-b6b7-88a1-81d8-fd2030d6d5db,9100004,PROJECTA BRUTE FORCE THRESHOLD,2026-08-15T12:36:33.217214+0000,/login?ok=0&sid=2a2f6932-b6b7-88a1-81d8-fd2030d6d5db
2026081411,c6e22967-d860-8dc5-6be5-843cd9c7e2fd,9100004,PROJECTA BRUTE FORCE THRESHOLD,2026-08-15T12:36:32.890567+0000,/login?ok=0&sid=c6e22967-d860-8dc5-6be5-843cd9c7e2fd
2026081411,4852b0e9-24e9-c6f1-75a3-b733cca59560,9100004,PROJECTA BRUTE FORCE THRESHOLD,2026-08-15T12:36:32.347309+0000,/login?ok=0&sid=4852b0e9-24e9-c6f1-75a3-b733cca59560
2026081411,aa87a477-de4f-7223-38c6-253ca12c6e72,9100004,PROJECTA BRUTE FORCE THRESHOLD,2026-08-15T12:36:32.924370+0000,/login?ok=0&sid=aa87a477-de4f-7223-38c6-253ca12c6e72
2026081411,5fb0a1cd-b119-2e81-33f9-da25baca5a2f,9100004,PROJECTA BRUTE FORCE THRESHOLD,2026-08-15T12:36:33.636180+0000,/login?ok=0&sid=5fb0a1cd-b119-2e81-33f9-da25baca5a2f
2026081411,e4461b8e-d8f4-06cd-61c2-795ee31a3521,9100001,PROJECTA ADMIN SENSITIVE ACCESS,2026-08-15T12:36:33.205791+0000,/admin/secret?sid=e4461b8e-d8f4-06cd-61c2-795ee31a3521
2026081411,22c5167e-ceab-614e-dd31-d14e5b19b840,9100004,PROJECTA BRUTE FORCE THRESHOLD,2026-08-15T12:36:32.847252+0000,/login?ok=0&sid=22c5167e-ceab-614e-dd31-d14e5b19b840
2026081411,c8fe1e71-1335-f415-5886-3813a6c69c32,9100004,PROJECTA BRUTE FORCE THRESHOLD,2026-08-15T12:36:33.152571+0000,/login?ok=0&sid=c8fe1e71-1335-f415-5886-3813a6c69c32
2026081411,c38bbf03-28a9-4c69-9a7e-3a026cb771a0,9100004,PROJECTA BRUTE FORCE THRESHOLD,2026-08-15T12:36:32.342472+0000,/login?ok=0&sid=c38bbf03-28a9-4c69-9a7e-3a026cb771a0
2026081411,7086e4f1-af74-062f-b665-fe55e0a41e0d,9100004,PROJECTA BRUTE FORCE THRESHOLD,2026-08-15T12:36:33.183576+0000,/login?ok=0&sid=7086e4f1-af74-062f-b665-fe55e0a41e0d
2026081411,2c0103c3-af02-c150-e15f-f0cd67104ed4,9100004,PROJECTA BRUTE FORCE THRESHOLD,2026-08-15T12:36:32.934335+0000,/login?ok=0&sid=2c0103c3-af02-c150-e15f-f0cd67104ed4
2026081411,4a341a55-c6c8-8587-a3c6-bf1f439c8c47,9100001,PROJECTA ADMIN SENSITIVE ACCESS,2026-08-15T12:36:33.419737+0000,/admin/secret?sid=4a341a55-c6c8-8587-a3c6-bf1f439c8c47
2026081411,5b6d3f05-bfc4-f36a-15c7-0f43939d9bf9,9100004,PROJECTA BRUTE FORCE THRESHOLD,2026-08-15T12:36:33.664344+0000,/login?ok=0&sid=5b6d3f05-bfc4-f36a-15c7-0f43939d9bf9
2026081411,c1414277-a424-a360-e009-b7e8f5ee0f46,9100004,PROJECTA BRUTE FORCE THRESHOLD,2026-08-15T12:36:33.194279+0000,/login?ok=0&sid=c1414277-a424-a360-e009-b7e8f5ee0f46
2026081411,4bb811d6-1f2b-80df-6b90-940b2fd7a0b8,9100004,PROJECTA BRUTE FORCE THRESHOLD,2026-08-15T12:36:33.701844+0000,/login?ok=0&sid=4bb811d6-1f2b-80df-6b90-940b2fd7a0b8
2026081411,52c43832-da23-6d4a-5f02-ec2de0bdfbaa,9100004,PROJECTA BRUTE FORCE THRESHOLD,2026-08-15T12:36:32.482195+0000,/login?ok=0&sid=52c43832-da23-6d4a-5f02-ec2de0bdfbaa
2026081411,ed7cb8fd-ae77-6af3-2a35-1c8852c48070,9100002,PROJECTA PATH TRAVERSAL,2026-08-15T12:36:33.374214+0000,/%2e%2e/%2e%2e/etc/passwd?sid=ed7cb8fd-ae77-6af3-2a35-1c8852c48070
2026081411,1a2fde0c-5533-cd05-eb0d-c42ead8b677a,9100004,PROJECTA BRUTE FORCE THRESHOLD,2026-08-15T12:36:33.591114+0000,/login?ok=0&sid=1a2fde0c-5533-cd05-eb0d-c42ead8b677a
2026081411,c6b15746-8f77-4e85-80f3-6bf6e528625c,9100004,PROJECTA BRUTE FORCE THRESHOLD,2026-08-15T12:36:33.643337+0000,/login?ok=0&sid=c6b15746-8f77-4e85-80f3-6bf6e528625c
2026081411,910bd9d9-a7c1-d17a-c6dd-06018cbaab96,9100004,PROJECTA BRUTE FORCE THRESHOLD,2026-08-15T12:36:32.898656+0000,/login?ok=0&sid=910bd9d9-a7c1-d17a-c6dd-06018cbaab96
2026081411,114c6b9d-5324-36c0-af68-762219975052,9100004,PROJECTA BRUTE FORCE THRESHOLD,2026-08-15T12:36:32.871956+0000,/login?ok=0&sid=114c6b9d-5324-36c0-af68-762219975052
2026081411,2291dc00-45b5-bd57-1030-da33847430df,9100003,PROJECTA COMMAND PROBE,2026-08-15T12:36:32.712083+0000,/cmd?x=id&sid=2291dc00-45b5-bd57-1030-da33847430df
2026081411,34bf7d0e-42a5-f823-7bce-e733a32a22da,9100004,PROJECTA BRUTE FORCE THRESHOLD,2026-08-15T12:36:33.483215+0000,/login?ok=0&sid=34bf7d0e-42a5-f823-7bce-e733a32a22da
2026081411,8c975dd7-8583-d798-4013-edd81c58ff59,9100004,PROJECTA BRUTE FORCE THRESHOLD,2026-08-15T12:36:33.684677+0000,/login?ok=0&sid=8c975dd7-8583-d798-4013-edd81c58ff59
2026081411,262a5105-ce28-4532-5a0a-47564ae7dc9d,9100004,PROJECTA BRUTE FORCE THRESHOLD,2026-08-15T12:36:33.649870+0000,/login?ok=0&sid=262a5105-ce28-4532-5a0a-47564ae7dc9d
2026081411,22152fd2-d858-55a0-4b23-9048f3e52164,9100002,PROJECTA PATH TRAVERSAL,2026-08-15T12:36:32.965082+0000,/%2e%2e/%2e%2e/etc/passwd?sid=22152fd2-d858-55a0-4b23-9048f3e52164
2026081411,3ab56ee8-37a7-dbf4-c553-4b5f850e29eb,9100004,PROJECTA BRUTE FORCE THRESHOLD,2026-08-15T12:36:33.512150+0000,/login?ok=0&sid=3ab56ee8-37a7-dbf4-c553-4b5f850e29eb
2026081411,2d31164e-0a96-4057-d034-1ffc4aace416,9100004,PROJECTA BRUTE FORCE THRESHOLD,2026-08-15T12:36:33.171400+0000,/login?ok=0&sid=2d31164e-0a96-4057-d034-1ffc4aace416
2026081411,a73a1dbb-c31a-13f8-8467-795a92467d51,9100004,PROJECTA BRUTE FORCE THRESHOLD,2026-08-15T12:36:33.844572+0000,/login?ok=0&sid=a73a1dbb-c31a-13f8-8467-795a92467d51
2026081411,25a14183-96ea-e1da-d94f-26c83acbff0a,9100004,PROJECTA BRUTE FORCE THRESHOLD,2026-08-15T12:36:33.709386+0000,/login?ok=0&sid=25a14183-96ea-e1da-d94f-26c83acbff0a
2026081411,6e3f7821-311b-dc0a-ce2c-b7abafc7d40c,9100004,PROJECTA BRUTE FORCE THRESHOLD,2026-08-15T12:36:33.537577+0000,/login?ok=0&sid=6e3f7821-311b-dc0a-ce2c-b7abafc7d40c
2026081411,aefba467-c58e-9ca5-2a00-0f8ac200f8f4,9100004,PROJECTA BRUTE FORCE THRESHOLD,2026-08-15T12:36:32.867647+0000,/login?ok=0&sid=aefba467-c58e-9ca5-2a00-0f8ac200f8f4
2026081411,bd6a6655-853b-0122-08d8-f54364c67c52,9100004,PROJECTA BRUTE FORCE THRESHOLD,2026-08-15T12:36:33.563497+0000,/login?ok=0&sid=bd6a6655-853b-0122-08d8-f54364c67c52
2026081411,cde7a0df-ea7e-8c9c-ef5f-de2209b8b06a,9100004,PROJECTA BRUTE FORCE THRESHOLD,2026-08-15T12:36:33.679504+0000,/login?ok=0&sid=cde7a0df-ea7e-8c9c-ef5f-de2209b8b06a
2026081411,f995b220-d6d8-0562-cf3a-a6fdf17d7dee,9100004,PROJECTA BRUTE FORCE THRESHOLD,2026-08-15T12:36:33.083638+0000,/login?ok=0&sid=f995b220-d6d8-0562-cf3a-a6fdf17d7dee
2026081411,d303c08c-a2aa-25a0-528f-a174a8d8a37e,9100004,PROJECTA BRUTE FORCE THRESHOLD,2026-08-15T12:36:34.000940+0000,/login?ok=0&sid=d303c08c-a2aa-25a0-528f-a174a8d8a37e
2026081411,ee2350ef-4bc6-9c4c-50da-1a5f1ae65efa,9100004,PROJECTA BRUTE FORCE THRESHOLD,2026-08-15T12:36:33.830537+0000,/login?ok=0&sid=ee2350ef-4bc6-9c4c-50da-1a5f1ae65efa
2026081411,acfbde5e-c108-d487-f82f-08659f9abb50,9100004,PROJECTA BRUTE FORCE THRESHOLD,2026-08-15T12:36:33.724694+0000,/login?ok=0&sid=acfbde5e-c108-d487-f82f-08659f9abb50
2026081411,89b2ae03-10bc-1a24-85b6-7a4c20470d78,9100003,PROJECTA COMMAND PROBE,2026-08-15T12:36:33.755565+0000,/cmd?x=id&sid=89b2ae03-10bc-1a24-85b6-7a4c20470d78
2026081411,fcab146c-12e6-b2aa-6012-76a8fc7f948b,9100004,PROJECTA BRUTE FORCE THRESHOLD,2026-08-15T12:36:33.583253+0000,/login?ok=0&sid=fcab146c-12e6-b2aa-6012-76a8fc7f948b
2026081411,d27fd22f-d029-72a2-3689-5db36b371e84,9100004,PROJECTA BRUTE FORCE THRESHOLD,2026-08-15T12:36:33.732622+0000,/login?ok=0&sid=d27fd22f-d029-72a2-3689-5db36b371e84
2026081411,00a09edf-920e-8926-cf43-0174ef85a975,9100004,PROJECTA BRUTE FORCE THRESHOLD,2026-08-15T12:36:33.978082+0000,/login?ok=0&sid=00a09edf-920e-8926-cf43-0174ef85a975
2026081411,6bca604e-8730-5c06-2321-68c6491daa73,9100004,PROJECTA BRUTE FORCE THRESHOLD,2026-08-15T12:36:33.809234+0000,/login?ok=0&sid=6bca604e-8730-5c06-2321-68c6491daa73
2026081411,909e68c3-8f36-48eb-d1ac-612cd2495efb,9100004,PROJECTA BRUTE FORCE THRESHOLD,2026-08-15T12:36:32.883263+0000,/login?ok=0&sid=909e68c3-8f36-48eb-d1ac-612cd2495efb
2026081411,ecdc8351-2947-7043-2dc7-43e3e7fe722a,9100004,PROJECTA BRUTE FORCE THRESHOLD,2026-08-15T12:36:34.223318+0000,/login?ok=0&sid=ecdc8351-2947-7043-2dc7-43e3e7fe722a
2026081411,f4d606c7-de59-bad0-b069-fa7b1337fb54,9100004,PROJECTA BRUTE FORCE THRESHOLD,2026-08-15T12:36:33.072342+0000,/login?ok=0&sid=f4d606c7-de59-bad0-b069-fa7b1337fb54
2026081411,6daf927d-2106-22c2-1524-c5a4fcf029a0,9100001,PROJECTA ADMIN SENSITIVE ACCESS,2026-08-15T12:36:34.113487+0000,/admin/secret?sid=6daf927d-2106-22c2-1524-c5a4fcf029a0
2026081411,21587240-07c0-0cb7-5b47-1eaadc3b1dbb,9100004,PROJECTA BRUTE FORCE THRESHOLD,2026-08-15T12:36:34.047693+0000,/login?ok=0&sid=21587240-07c0-0cb7-5b47-1eaadc3b1dbb
2026081411,e0b43ff2-75b6-8770-b9e3-deda7434842b,9100004,PROJECTA BRUTE FORCE THRESHOLD,2026-08-15T12:36:33.837675+0000,/login?ok=0&sid=e0b43ff2-75b6-8770-b9e3-deda7434842b
2026081411,5e9ccd3c-5645-3c01-5b95-2374a197662e,9100004,PROJECTA BRUTE FORCE THRESHOLD,2026-08-15T12:36:33.567990+0000,/login?ok=0&sid=5e9ccd3c-5645-3c01-5b95-2374a197662e
2026081411,79eceea5-a80e-a9f9-0d2f-0adb1f838fb2,9100004,PROJECTA BRUTE FORCE THRESHOLD,2026-08-15T12:36:33.230425+0000,/login?ok=0&sid=79eceea5-a80e-a9f9-0d2f-0adb1f838fb2
2026081411,102e9991-dbb7-dc76-a8c1-765829c7828f,9100004,PROJECTA BRUTE FORCE THRESHOLD,2026-08-15T12:36:34.080573+0000,/login?ok=0&sid=102e9991-dbb7-dc76-a8c1-765829c7828f
2026081411,5fa811cb-d9f4-38f0-a1c8-b6a128854447,9100004,PROJECTA BRUTE FORCE THRESHOLD,2026-08-15T12:36:34.020883+0000,/login?ok=0&sid=5fa811cb-d9f4-38f0-a1c8-b6a128854447
2026081411,32af7a76-65b5-4677-8a49-5456e8a018f3,9100004,PROJECTA BRUTE FORCE THRESHOLD,2026-08-15T12:36:33.253590+0000,/login?ok=0&sid=32af7a76-65b5-4677-8a49-5456e8a018f3
2026081411,034fbd0f-5e6b-d735-a341-20b1759eb13b,9100004,PROJECTA BRUTE FORCE THRESHOLD,2026-08-15T12:36:33.574825+0000,/login?ok=0&sid=034fbd0f-5e6b-d735-a341-20b1759eb13b
2026081411,5d14e52c-4dd4-0e95-a340-11c3e457d0d0,9100004,PROJECTA BRUTE FORCE THRESHOLD,2026-08-15T12:36:34.067578+0000,/login?ok=0&sid=5d14e52c-4dd4-0e95-a340-11c3e457d0d0
2026081411,6fdd5ce4-06d6-4df0-931b-a5583cc0e1d0,9100004,PROJECTA BRUTE FORCE THRESHOLD,2026-08-15T12:36:33.249152+0000,/login?ok=0&sid=6fdd5ce4-06d6-4df0-931b-a5583cc0e1d0
2026081411,17a8ff2e-455e-1275-1d7b-7262d3a23e85,9100001,PROJECTA ADMIN SENSITIVE ACCESS,2026-08-15T12:36:33.280099+0000,/admin/secret?sid=17a8ff2e-455e-1275-1d7b-7262d3a23e85
2026081411,b7808407-cf90-5918-eb27-6e39c37bdf20,9100004,PROJECTA BRUTE FORCE THRESHOLD,2026-08-15T12:36:34.192138+0000,/login?ok=0&sid=b7808407-cf90-5918-eb27-6e39c37bdf20
2026081411,f5b122c2-c2f4-8e73-605e-850eebfadd6c,9100004,PROJECTA BRUTE FORCE THRESHOLD,2026-08-15T12:36:34.034668+0000,/login?ok=0&sid=f5b122c2-c2f4-8e73-605e-850eebfadd6c
2026081411,0d2a2505-80af-46d7-1cec-b25ead0de879,9100004,PROJECTA BRUTE FORCE THRESHOLD,2026-08-15T12:36:34.179021+0000,/login?ok=0&sid=0d2a2505-80af-46d7-1cec-b25ead0de879
2026081411,79c0418d-6897-07e9-ad37-05f33729ae47,9100004,PROJECTA BRUTE FORCE THRESHOLD,2026-08-15T12:36:33.989117+0000,/login?ok=0&sid=79c0418d-6897-07e9-ad37-05f33729ae47
2026081411,61648ea1-c3a8-34a5-fcde-0c2a0d29fa8e,9100004,PROJECTA BRUTE FORCE THRESHOLD,2026-08-15T12:36:33.495556+0000,/login?ok=0&sid=61648ea1-c3a8-34a5-fcde-0c2a0d29fa8e
2026081411,d332a052-e26d-91c3-819d-2e126d1e3b60,9100004,PROJECTA BRUTE FORCE THRESHOLD,2026-08-15T12:36:33.821976+0000,/login?ok=0&sid=d332a052-e26d-91c3-819d-2e126d1e3b60
2026081411,4b66368d-c3a1-a085-288b-71caefd4f240,9100004,PROJECTA BRUTE FORCE THRESHOLD,2026-08-15T12:36:34.207484+0000,/login?ok=0&sid=4b66368d-c3a1-a085-288b-71caefd4f240
2026081411,3f1f226f-f54a-aa4e-127a-4424fe985cdc,9100004,PROJECTA BRUTE FORCE THRESHOLD,2026-08-15T12:36:34.009222+0000,/login?ok=0&sid=3f1f226f-f54a-aa4e-127a-4424fe985cdc
2026081411,99b1f41f-3ff8-9633-0ac1-63cbba4ac4a1,9100004,PROJECTA BRUTE FORCE THRESHOLD,2026-08-15T12:36:34.052188+0000,/login?ok=0&sid=99b1f41f-3ff8-9633-0ac1-63cbba4ac4a1
2026081412,5a02617b-8f30-1b75-6de0-9fa88908737c,9100004,PROJECTA BRUTE FORCE THRESHOLD,2026-08-15T12:36:41.305017+0000,/login?ok=0&sid=5a02617b-8f30-1b75-6de0-9fa88908737c
2026081412,aa67a4f1-0639-c429-83d0-ad0f62dbbe5e,9100002,PROJECTA PATH TRAVERSAL,2026-08-15T12:36:41.486342+0000,/%2e%2e/%2e%2e/etc/passwd?sid=aa67a4f1-0639-c429-83d0-ad0f62dbbe5e
2026081412,5983f35a-4f5b-155a-ded2-fa8e2c73573e,9100004,PROJECTA BRUTE FORCE THRESHOLD,2026-08-15T12:36:41.686350+0000,/login?ok=0&sid=5983f35a-4f5b-155a-ded2-fa8e2c73573e
2026081412,66adc94f-c251-45f9-d280-4b4d8f4297f3,9100004,PROJECTA BRUTE FORCE THRESHOLD,2026-08-15T12:36:41.577063+0000,/login?ok=0&sid=66adc94f-c251-45f9-d280-4b4d8f4297f3
2026081412,95dab180-bf9c-9a5e-758f-35788ea245f7,9100004,PROJECTA BRUTE FORCE THRESHOLD,2026-08-15T12:36:41.447684+0000,/login?ok=0&sid=95dab180-bf9c-9a5e-758f-35788ea245f7
2026081412,74cd6f1a-1753-1dc9-4c27-c512a486a388,9100004,PROJECTA BRUTE FORCE THRESHOLD,2026-08-15T12:36:41.435527+0000,/login?ok=0&sid=74cd6f1a-1753-1dc9-4c27-c512a486a388
2026081412,74c0e830-372a-9623-bf79-9039136c3158,9100002,PROJECTA PATH TRAVERSAL,2026-08-15T12:36:41.388176+0000,/%2e%2e/%2e%2e/etc/passwd?sid=74c0e830-372a-9623-bf79-9039136c3158
2026081412,ead1d4c2-e5ce-ab4c-5ee2-1d2a68e32916,9100004,PROJECTA BRUTE FORCE THRESHOLD,2026-08-15T12:36:41.592598+0000,/login?ok=0&sid=ead1d4c2-e5ce-ab4c-5ee2-1d2a68e32916
2026081412,50d8f423-e8f6-2b39-35be-a46234d20cd3,9100004,PROJECTA BRUTE FORCE THRESHOLD,2026-08-15T12:36:41.412550+0000,/login?ok=0&sid=50d8f423-e8f6-2b39-35be-a46234d20cd3
2026081412,df61ff84-fd08-4a25-7507-782f2cedccd4,9100004,PROJECTA BRUTE FORCE THRESHOLD,2026-08-15T12:36:41.662187+0000,/login?ok=0&sid=df61ff84-fd08-4a25-7507-782f2cedccd4
2026081412,86440f32-217a-3202-cf40-c836a4fb91b4,9100004,PROJECTA BRUTE FORCE THRESHOLD,2026-08-15T12:36:42.285535+0000,/login?ok=0&sid=86440f32-217a-3202-cf40-c836a4fb91b4
2026081412,d025a44a-048e-f2e8-9fd7-ee92f294ec5e,9100004,PROJECTA BRUTE FORCE THRESHOLD,2026-08-15T12:36:42.130832+0000,/login?ok=0&sid=d025a44a-048e-f2e8-9fd7-ee92f294ec5e
2026081412,dc2eebad-479c-5693-3da0-a238d49f55ef,9100004,PROJECTA BRUTE FORCE THRESHOLD,2026-08-15T12:36:42.410989+0000,/login?ok=0&sid=dc2eebad-479c-5693-3da0-a238d49f55ef
2026081412,300a8c33-e0d4-022e-524a-f9ddeace8368,9100004,PROJECTA BRUTE FORCE THRESHOLD,2026-08-15T12:36:41.838281+0000,/login?ok=0&sid=300a8c33-e0d4-022e-524a-f9ddeace8368
2026081412,57f22ef5-369d-e40a-b33e-26f7b6878624,9100004,PROJECTA BRUTE FORCE THRESHOLD,2026-08-15T12:36:41.670980+0000,/login?ok=0&sid=57f22ef5-369d-e40a-b33e-26f7b6878624
2026081412,42b73f08-6329-f4fb-9de0-2f940d4ea431,9100004,PROJECTA BRUTE FORCE THRESHOLD,2026-08-15T12:36:41.322933+0000,/login?ok=0&sid=42b73f08-6329-f4fb-9de0-2f940d4ea431
2026081412,63d97851-337a-b73e-3ab4-9719ea9683d5,9100004,PROJECTA BRUTE FORCE THRESHOLD,2026-08-15T12:36:41.852019+0000,/login?ok=0&sid=63d97851-337a-b73e-3ab4-9719ea9683d5
2026081412,76230d9a-1674-e7f5-d306-f290ed3e2edd,9100004,PROJECTA BRUTE FORCE THRESHOLD,2026-08-15T12:36:41.541668+0000,/login?ok=0&sid=76230d9a-1674-e7f5-d306-f290ed3e2edd
2026081412,bd39c1b8-884c-1747-2588-ab7f26caf050,9100004,PROJECTA BRUTE FORCE THRESHOLD,2026-08-15T12:36:42.153780+0000,/login?ok=0&sid=bd39c1b8-884c-1747-2588-ab7f26caf050
2026081412,a156a82f-7228-b147-2ae7-b7a56a7ed66d,9100001,PROJECTA ADMIN SENSITIVE ACCESS,2026-08-15T12:36:41.735560+0000,/admin/secret?sid=a156a82f-7228-b147-2ae7-b7a56a7ed66d
2026081412,eb80a8e8-cbfe-cd3e-3b07-c9f3b5953620,9100004,PROJECTA BRUTE FORCE THRESHOLD,2026-08-15T12:36:41.864353+0000,/login?ok=0&sid=eb80a8e8-cbfe-cd3e-3b07-c9f3b5953620
2026081412,f75cb4e3-b6eb-17cc-e47d-95272066d04d,9100004,PROJECTA BRUTE FORCE THRESHOLD,2026-08-15T12:36:41.558098+0000,/login?ok=0&sid=f75cb4e3-b6eb-17cc-e47d-95272066d04d
2026081412,a227b2db-3e3c-7996-6818-3f527c3d1b3e,9100004,PROJECTA BRUTE FORCE THRESHOLD,2026-08-15T12:36:41.564394+0000,/login?ok=0&sid=a227b2db-3e3c-7996-6818-3f527c3d1b3e
2026081412,247c2a48-872a-f773-a068-29577ed24c81,9100004,PROJECTA BRUTE FORCE THRESHOLD,2026-08-15T12:36:41.678658+0000,/login?ok=0&sid=247c2a48-872a-f773-a068-29577ed24c81
2026081412,df84ba28-b894-31ca-5dd9-d4b6d3c5e39f,9100002,PROJECTA PATH TRAVERSAL,2026-08-15T12:36:42.216221+0000,/%2e%2e/%2e%2e/etc/passwd?sid=df84ba28-b894-31ca-5dd9-d4b6d3c5e39f
2026081412,bc63b162-e928-26ef-8230-dd4f822b3454,9100004,PROJECTA BRUTE FORCE THRESHOLD,2026-08-15T12:36:41.427836+0000,/login?ok=0&sid=bc63b162-e928-26ef-8230-dd4f822b3454
2026081412,703d1f4b-8c6f-da90-bc95-611ab7378d27,9100004,PROJECTA BRUTE FORCE THRESHOLD,2026-08-15T12:36:41.809773+0000,/login?ok=0&sid=703d1f4b-8c6f-da90-bc95-611ab7378d27
2026081412,36ea6a33-d543-33f3-4c9c-58167a911f79,9100004,PROJECTA BRUTE FORCE THRESHOLD,2026-08-15T12:36:41.653298+0000,/login?ok=0&sid=36ea6a33-d543-33f3-4c9c-58167a911f79
2026081412,52cffb62-4a2f-462d-2373-02b199cf0526,9100004,PROJECTA BRUTE FORCE THRESHOLD,2026-08-15T12:36:41.823632+0000,/login?ok=0&sid=52cffb62-4a2f-462d-2373-02b199cf0526
2026081412,9ccc0e8c-35dd-5905-6114-62e716dcf83b,9100004,PROJECTA BRUTE FORCE THRESHOLD,2026-08-15T12:36:42.311029+0000,/login?ok=0&sid=9ccc0e8c-35dd-5905-6114-62e716dcf83b
2026081412,c35019ba-fbaa-a13f-37d7-201abe527677,9100004,PROJECTA BRUTE FORCE THRESHOLD,2026-08-15T12:36:42.320134+0000,/login?ok=0&sid=c35019ba-fbaa-a13f-37d7-201abe527677
2026081412,96a55d8e-9610-8813-91ea-12c140faeecf,9100002,PROJECTA PATH TRAVERSAL,2026-08-15T12:36:42.056544+0000,/%2e%2e/%2e%2e/etc/passwd?sid=96a55d8e-9610-8813-91ea-12c140faeecf
2026081412,ba2eda60-8442-ed33-3ab4-7b539601e1fb,9100004,PROJECTA BRUTE FORCE THRESHOLD,2026-08-15T12:36:42.301501+0000,/login?ok=0&sid=ba2eda60-8442-ed33-3ab4-7b539601e1fb
2026081412,847b5ffb-fb2d-8b2a-88b2-817d82fc2c7c,9100004,PROJECTA BRUTE FORCE THRESHOLD,2026-08-15T12:36:42.698775+0000,/login?ok=0&sid=847b5ffb-fb2d-8b2a-88b2-817d82fc2c7c
2026081412,622c3089-90b6-7a04-2c33-1954a3ce0230,9100003,PROJECTA COMMAND PROBE,2026-08-15T12:36:42.075858+0000,/cmd?x=id&sid=622c3089-90b6-7a04-2c33-1954a3ce0230
2026081412,201d47b8-3708-59b3-0bc1-5a8043bcb8b8,9100002,PROJECTA PATH TRAVERSAL,2026-08-15T12:36:42.120474+0000,/%2e%2e/%2e%2e/etc/passwd?sid=201d47b8-3708-59b3-0bc1-5a8043bcb8b8
2026081412,9c4a3694-c20a-9ab2-171b-47589db0316b,9100004,PROJECTA BRUTE FORCE THRESHOLD,2026-08-15T12:36:42.437245+0000,/login?ok=0&sid=9c4a3694-c20a-9ab2-171b-47589db0316b
2026081412,697b087c-75e8-7abb-1245-13a701b2481a,9100004,PROJECTA BRUTE FORCE THRESHOLD,2026-08-15T12:36:42.147163+0000,/login?ok=0&sid=697b087c-75e8-7abb-1245-13a701b2481a
2026081412,54099702-1f7c-d1d9-4adb-8b9cdadc3ab0,9100004,PROJECTA BRUTE FORCE THRESHOLD,2026-08-15T12:36:42.159987+0000,/login?ok=0&sid=54099702-1f7c-d1d9-4adb-8b9cdadc3ab0
2026081412,4007b271-f835-1c05-1f93-84f075d8a6fa,9100004,PROJECTA BRUTE FORCE THRESHOLD,2026-08-15T12:36:42.324507+0000,/login?ok=0&sid=4007b271-f835-1c05-1f93-84f075d8a6fa
2026081412,2ae546e6-62f1-eb88-e7ff-0dfd62314fe7,9100004,PROJECTA BRUTE FORCE THRESHOLD,2026-08-15T12:36:42.443551+0000,/login?ok=0&sid=2ae546e6-62f1-eb88-e7ff-0dfd62314fe7
2026081412,7a0f7426-7cbc-e7c7-d839-bf5606dcde1f,9100004,PROJECTA BRUTE FORCE THRESHOLD,2026-08-15T12:36:42.897612+0000,/login?ok=0&sid=7a0f7426-7cbc-e7c7-d839-bf5606dcde1f
2026081412,285be107-f50e-4561-e6f1-a64042b2ee76,9100004,PROJECTA BRUTE FORCE THRESHOLD,2026-08-15T12:36:42.137663+0000,/login?ok=0&sid=285be107-f50e-4561-e6f1-a64042b2ee76
2026081412,5c63d2ee-998c-9bd6-0ce4-637e4a57deb8,9100004,PROJECTA BRUTE FORCE THRESHOLD,2026-08-15T12:36:42.424723+0000,/login?ok=0&sid=5c63d2ee-998c-9bd6-0ce4-637e4a57deb8
2026081412,a5a2a69e-fe01-88e3-ae52-b5cf911d2cfa,9100004,PROJECTA BRUTE FORCE THRESHOLD,2026-08-15T12:36:42.459679+0000,/login?ok=0&sid=a5a2a69e-fe01-88e3-ae52-b5cf911d2cfa
2026081412,34957420-6ad6-b78e-4666-9a47b4b4380b,9100002,PROJECTA PATH TRAVERSAL,2026-08-15T12:36:43.684439+0000,/%2e%2e/%2e%2e/etc/passwd?sid=34957420-6ad6-b78e-4666-9a47b4b4380b
2026081412,ffa12b44-3c66-855c-44b5-163c2b878b0e,9100003,PROJECTA COMMAND PROBE,2026-08-15T12:36:42.793830+0000,/cmd?x=id&sid=ffa12b44-3c66-855c-44b5-163c2b878b0e
2026081412,e7fa2e4a-74f5-563f-87c1-a7a22d48f9ce,9100004,PROJECTA BRUTE FORCE THRESHOLD,2026-08-15T12:36:43.500012+0000,/login?ok=0&sid=e7fa2e4a-74f5-563f-87c1-a7a22d48f9ce
2026081412,3ef8e948-45cc-b108-fb30-c4d0affb1562,9100004,PROJECTA BRUTE FORCE THRESHOLD,2026-08-15T12:36:43.780982+0000,/login?ok=0&sid=3ef8e948-45cc-b108-fb30-c4d0affb1562
2026081412,ec7bd038-83ee-0b1b-5cb7-a96f486e9cfa,9100004,PROJECTA BRUTE FORCE THRESHOLD,2026-08-15T12:36:42.706335+0000,/login?ok=0&sid=ec7bd038-83ee-0b1b-5cb7-a96f486e9cfa
2026081412,0a26e28d-0e8b-5bc9-b313-d5b0382288a2,9100002,PROJECTA PATH TRAVERSAL,2026-08-15T12:36:42.540818+0000,/%2e%2e/%2e%2e/etc/passwd?sid=0a26e28d-0e8b-5bc9-b313-d5b0382288a2
2026081412,b9dc3a93-2f44-4043-e1ae-145b1174aeea,9100004,PROJECTA BRUTE FORCE THRESHOLD,2026-08-15T12:36:42.716724+0000,/login?ok=0&sid=b9dc3a93-2f44-4043-e1ae-145b1174aeea
2026081412,df4f0e17-d2ae-38fe-94f0-16348fe4ba15,9100004,PROJECTA BRUTE FORCE THRESHOLD,2026-08-15T12:36:42.728959+0000,/login?ok=0&sid=df4f0e17-d2ae-38fe-94f0-16348fe4ba15
2026081412,2dadf866-0273-0d3d-526b-c13fcfe03301,9100004,PROJECTA BRUTE FORCE THRESHOLD,2026-08-15T12:36:42.928998+0000,/login?ok=0&sid=2dadf866-0273-0d3d-526b-c13fcfe03301
2026081412,228e858e-b1eb-c29c-42ad-bd4701d596a3,9100004,PROJECTA BRUTE FORCE THRESHOLD,2026-08-15T12:36:42.914756+0000,/login?ok=0&sid=228e858e-b1eb-c29c-42ad-bd4701d596a3
2026081412,7399d13c-3f9f-fc9e-fed9-48e7f13c51fe,9100004,PROJECTA BRUTE FORCE THRESHOLD,2026-08-15T12:36:43.586812+0000,/login?ok=0&sid=7399d13c-3f9f-fc9e-fed9-48e7f13c51fe
2026081412,dde322f5-ffb0-f842-ea2b-06f8fa1cc9aa,9100004,PROJECTA BRUTE FORCE THRESHOLD,2026-08-15T12:36:42.690344+0000,/login?ok=0&sid=dde322f5-ffb0-f842-ea2b-06f8fa1cc9aa
2026081412,0df08ff3-c658-725a-ad1b-c0b8df1f6144,9100004,PROJECTA BRUTE FORCE THRESHOLD,2026-08-15T12:36:42.937293+0000,/login?ok=0&sid=0df08ff3-c658-725a-ad1b-c0b8df1f6144
2026081412,df632e8f-6569-3f1a-ccc3-41666d526bd4,9100004,PROJECTA BRUTE FORCE THRESHOLD,2026-08-15T12:36:43.002797+0000,/login?ok=0&sid=df632e8f-6569-3f1a-ccc3-41666d526bd4
2026081412,302d7e1e-97c0-b325-5b08-7d79a4dffac2,9100004,PROJECTA BRUTE FORCE THRESHOLD,2026-08-15T12:36:43.130609+0000,/login?ok=0&sid=302d7e1e-97c0-b325-5b08-7d79a4dffac2
2026081412,93dd1642-e7c0-1151-a4da-819ab039b550,9100004,PROJECTA BRUTE FORCE THRESHOLD,2026-08-15T12:36:43.831808+0000,/login?ok=0&sid=93dd1642-e7c0-1151-a4da-819ab039b550
2026081412,0cac18d9-3a62-2b98-1070-e5c27f05d986,9100003,PROJECTA COMMAND PROBE,2026-08-15T12:36:42.754375+0000,/cmd?x=id&sid=0cac18d9-3a62-2b98-1070-e5c27f05d986
2026081412,da2b3f6b-a36b-d4eb-7626-698ad3d2d525,9100004,PROJECTA BRUTE FORCE THRESHOLD,2026-08-15T12:36:43.517771+0000,/login?ok=0&sid=da2b3f6b-a36b-d4eb-7626-698ad3d2d525
2026081412,95b2be80-a6af-e0b8-3c41-cceed43838cb,9100004,PROJECTA BRUTE FORCE THRESHOLD,2026-08-15T12:36:42.902162+0000,/login?ok=0&sid=95b2be80-a6af-e0b8-3c41-cceed43838cb
2026081412,8e91b0c2-4db5-17d7-c034-b25eb45b366e,9100004,PROJECTA BRUTE FORCE THRESHOLD,2026-08-15T12:36:43.843426+0000,/login?ok=0&sid=8e91b0c2-4db5-17d7-c034-b25eb45b366e
2026081412,8fab2e22-7735-3ad4-deff-a0823532b734,9100004,PROJECTA BRUTE FORCE THRESHOLD,2026-08-15T12:36:43.029116+0000,/login?ok=0&sid=8fab2e22-7735-3ad4-deff-a0823532b734
2026081412,61a43f8c-2ba4-87d9-1e7b-11c406d3b215,9100004,PROJECTA BRUTE FORCE THRESHOLD,2026-08-15T12:36:43.541537+0000,/login?ok=0&sid=61a43f8c-2ba4-87d9-1e7b-11c406d3b215
2026081412,588a3d73-b28c-00d9-052c-863a54a4a19d,9100004,PROJECTA BRUTE FORCE THRESHOLD,2026-08-15T12:36:42.995445+0000,/login?ok=0&sid=588a3d73-b28c-00d9-052c-863a54a4a19d
2026081412,4fce7cad-a17d-16d1-f87d-b4f54e5869ae,9100004,PROJECTA BRUTE FORCE THRESHOLD,2026-08-15T12:36:43.109174+0000,/login?ok=0&sid=4fce7cad-a17d-16d1-f87d-b4f54e5869ae
2026081412,f043a539-1669-f514-40c2-d842d15635ed,9100004,PROJECTA BRUTE FORCE THRESHOLD,2026-08-15T12:36:43.017855+0000,/login?ok=0&sid=f043a539-1669-f514-40c2-d842d15635ed
2026081412,8a7619e0-cd25-1d14-a221-dda215d5302a,9100002,PROJECTA PATH TRAVERSAL,2026-08-15T12:36:42.768526+0000,/%2e%2e/%2e%2e/etc/passwd?sid=8a7619e0-cd25-1d14-a221-dda215d5302a
2026081412,a235e204-314e-b197-7a46-ec3bbb564311,9100002,PROJECTA PATH TRAVERSAL,2026-08-15T12:36:43.223778+0000,/%2e%2e/%2e%2e/etc/passwd?sid=a235e204-314e-b197-7a46-ec3bbb564311
2026081412,03d0e782-8d8f-7d09-7954-26705ca80bab,9100003,PROJECTA COMMAND PROBE,2026-08-15T12:36:43.267262+0000,/cmd?x=id&sid=03d0e782-8d8f-7d09-7954-26705ca80bab
2026081412,8be8c4e0-f373-0299-856d-117ed427698d,9100004,PROJECTA BRUTE FORCE THRESHOLD,2026-08-15T12:36:43.119550+0000,/login?ok=0&sid=8be8c4e0-f373-0299-856d-117ed427698d
2026081412,310ba71a-aeb0-182c-6d00-8b24eb2b1b59,9100004,PROJECTA BRUTE FORCE THRESHOLD,2026-08-15T12:36:43.100574+0000,/login?ok=0&sid=310ba71a-aeb0-182c-6d00-8b24eb2b1b59
2026081412,9badff8e-9690-259d-01a6-44dfe67b1f13,9100004,PROJECTA BRUTE FORCE THRESHOLD,2026-08-15T12:36:43.866724+0000,/login?ok=0&sid=9badff8e-9690-259d-01a6-44dfe67b1f13
2026081412,3ac8dbd7-81bd-92dd-ba0b-00516f87d6d8,9100004,PROJECTA BRUTE FORCE THRESHOLD,2026-08-15T12:36:43.579402+0000,/login?ok=0&sid=3ac8dbd7-81bd-92dd-ba0b-00516f87d6d8
2026081412,9582a726-a96d-3556-e1b3-853d745664b5,9100004,PROJECTA BRUTE FORCE THRESHOLD,2026-08-15T12:36:43.418796+0000,/login?ok=0&sid=9582a726-a96d-3556-e1b3-853d745664b5
2026081412,41e2158d-dd7b-c0e8-8953-fbe9bb78d57f,9100004,PROJECTA BRUTE FORCE THRESHOLD,2026-08-15T12:36:43.431232+0000,/login?ok=0&sid=41e2158d-dd7b-c0e8-8953-fbe9bb78d57f
2026081412,a15c78e1-cb49-1396-d851-45c64aabf24b,9100004,PROJECTA BRUTE FORCE THRESHOLD,2026-08-15T12:36:44.048702+0000,/login?ok=0&sid=a15c78e1-cb49-1396-d851-45c64aabf24b
2026081412,be97273f-0427-465f-4401-7ed53d21c124,9100004,PROJECTA BRUTE FORCE THRESHOLD,2026-08-15T12:36:43.448769+0000,/login?ok=0&sid=be97273f-0427-465f-4401-7ed53d21c124
2026081412,a54dee81-9a69-8f21-9874-ea321a5db5ff,9100004,PROJECTA BRUTE FORCE THRESHOLD,2026-08-15T12:36:43.012483+0000,/login?ok=0&sid=a54dee81-9a69-8f21-9874-ea321a5db5ff
2026081412,143e6dca-97da-db4d-6749-a30aee58e1c9,9100004,PROJECTA BRUTE FORCE THRESHOLD,2026-08-15T12:36:44.033556+0000,/login?ok=0&sid=143e6dca-97da-db4d-6749-a30aee58e1c9
2026081412,ed5f1584-678b-1017-e8fe-e58d6291fbeb,9100001,PROJECTA ADMIN SENSITIVE ACCESS,2026-08-15T12:36:43.170335+0000,/admin/secret?sid=ed5f1584-678b-1017-e8fe-e58d6291fbeb
2026081412,123746f9-21ba-9d03-fbd7-2f2c5c39c5ea,9100004,PROJECTA BRUTE FORCE THRESHOLD,2026-08-15T12:36:43.763404+0000,/login?ok=0&sid=123746f9-21ba-9d03-fbd7-2f2c5c39c5ea
2026081412,6039c793-46bb-f52b-e7ef-626fbff96ab6,9100004,PROJECTA BRUTE FORCE THRESHOLD,2026-08-15T12:36:43.521531+0000,/login?ok=0&sid=6039c793-46bb-f52b-e7ef-626fbff96ab6
2026081412,4feb1c5e-8d7d-7c86-92bd-9c2e0a4fea94,9100004,PROJECTA BRUTE FORCE THRESHOLD,2026-08-15T12:36:43.089857+0000,/login?ok=0&sid=4feb1c5e-8d7d-7c86-92bd-9c2e0a4fea94
2026081412,95b52044-acf8-4172-25ad-c19b76b80a9c,9100004,PROJECTA BRUTE FORCE THRESHOLD,2026-08-15T12:36:44.058707+0000,/login?ok=0&sid=95b52044-acf8-4172-25ad-c19b76b80a9c
2026081412,d584339c-9c83-1ca1-baeb-d7269f86171b,9100004,PROJECTA BRUTE FORCE THRESHOLD,2026-08-15T12:36:44.062708+0000,/login?ok=0&sid=d584339c-9c83-1ca1-baeb-d7269f86171b
2026081412,eeeaa46b-5de5-c03b-b36f-5fcd51829ed2,9100004,PROJECTA BRUTE FORCE THRESHOLD,2026-08-15T12:36:43.597467+0000,/login?ok=0&sid=eeeaa46b-5de5-c03b-b36f-5fcd51829ed2
2026081412,5baca5ad-2688-1b83-a99f-3748022dcf36,9100004,PROJECTA BRUTE FORCE THRESHOLD,2026-08-15T12:36:43.566726+0000,/login?ok=0&sid=5baca5ad-2688-1b83-a99f-3748022dcf36
2026081412,fa13fa7c-cba4-1ce4-1b4e-75402fbb3399,9100004,PROJECTA BRUTE FORCE THRESHOLD,2026-08-15T12:36:43.457839+0000,/login?ok=0&sid=fa13fa7c-cba4-1ce4-1b4e-75402fbb3399
2026081412,6291eaf2-1026-25c8-d09c-b00e128b2b6e,9100004,PROJECTA BRUTE FORCE THRESHOLD,2026-08-15T12:36:43.427441+0000,/login?ok=0&sid=6291eaf2-1026-25c8-d09c-b00e128b2b6e
2026081412,ecbf45e2-a2ab-6d40-1e96-5566d2a8b499,9100004,PROJECTA BRUTE FORCE THRESHOLD,2026-08-15T12:36:43.477118+0000,/login?ok=0&sid=ecbf45e2-a2ab-6d40-1e96-5566d2a8b499
2026081412,7546cd6c-3a1b-001e-9b88-7a78773bc4bc,9100004,PROJECTA BRUTE FORCE THRESHOLD,2026-08-15T12:36:43.441756+0000,/login?ok=0&sid=7546cd6c-3a1b-001e-9b88-7a78773bc4bc
2026081412,3ee51afd-1818-ab74-5087-6b7f36228c49,9100004,PROJECTA BRUTE FORCE THRESHOLD,2026-08-15T12:36:43.491810+0000,/login?ok=0&sid=3ee51afd-1818-ab74-5087-6b7f36228c49
2026081412,eeb70353-11f8-a260-7246-d7cd1c519109,9100004,PROJECTA BRUTE FORCE THRESHOLD,2026-08-15T12:36:43.738200+0000,/login?ok=0&sid=eeb70353-11f8-a260-7246-d7cd1c519109
2026081412,c0d46daf-9275-abc9-b0c2-54de76441f1a,9100004,PROJECTA BRUTE FORCE THRESHOLD,2026-08-15T12:36:43.536361+0000,/login?ok=0&sid=c0d46daf-9275-abc9-b0c2-54de76441f1a
2026081412,28d4a516-35e5-cfc4-50e4-4d1737683271,9100004,PROJECTA BRUTE FORCE THRESHOLD,2026-08-15T12:36:43.461890+0000,/login?ok=0&sid=28d4a516-35e5-cfc4-50e4-4d1737683271
2026081412,ee5cea2a-2baf-a180-b084-9a8d8c709d7a,9100004,PROJECTA BRUTE FORCE THRESHOLD,2026-08-15T12:36:43.751589+0000,/login?ok=0&sid=ee5cea2a-2baf-a180-b084-9a8d8c709d7a
2026081412,ae37fda6-4765-b18f-9cde-859156461e78,9100001,PROJECTA ADMIN SENSITIVE ACCESS,2026-08-15T12:36:44.214788+0000,/admin/secret?sid=ae37fda6-4765-b18f-9cde-859156461e78
2026081412,269f3e14-574e-46bf-ba0f-40670105e4c2,9100004,PROJECTA BRUTE FORCE THRESHOLD,2026-08-15T12:36:43.881080+0000,/login?ok=0&sid=269f3e14-574e-46bf-ba0f-40670105e4c2
2026081412,099f88da-29e8-a812-9cbd-1ef15b44a781,9100004,PROJECTA BRUTE FORCE THRESHOLD,2026-08-15T12:36:43.549756+0000,/login?ok=0&sid=099f88da-29e8-a812-9cbd-1ef15b44a781
2026081412,47a08c1f-f9a0-fd56-cf77-3134399febb7,9100004,PROJECTA BRUTE FORCE THRESHOLD,2026-08-15T12:36:43.530845+0000,/login?ok=0&sid=47a08c1f-f9a0-fd56-cf77-3134399febb7
2026081412,51bc1dcf-992d-1225-6cab-3c5a276eb41a,9100004,PROJECTA BRUTE FORCE THRESHOLD,2026-08-15T12:36:43.771763+0000,/login?ok=0&sid=51bc1dcf-992d-1225-6cab-3c5a276eb41a
2026081412,0e23abbf-9427-2171-a473-71714369a2a3,9100002,PROJECTA PATH TRAVERSAL,2026-08-15T12:36:43.723441+0000,/%2e%2e/%2e%2e/etc/passwd?sid=0e23abbf-9427-2171-a473-71714369a2a3
2026081412,4f64b723-59c3-0919-da68-41b96eb19826,9100004,PROJECTA BRUTE FORCE THRESHOLD,2026-08-15T12:36:43.855153+0000,/login?ok=0&sid=4f64b723-59c3-0919-da68-41b96eb19826
2026081412,c1d2bc46-2bf5-fab2-ff26-23eaeafefa18,9100002,PROJECTA PATH TRAVERSAL,2026-08-15T12:36:44.076253+0000,/%2e%2e/%2e%2e/etc/passwd?sid=c1d2bc46-2bf5-fab2-ff26-23eaeafefa18
2026081412,49a9900d-f286-cd5b-ce80-790c062413a2,9100004,PROJECTA BRUTE FORCE THRESHOLD,2026-08-15T12:36:44.018282+0000,/login?ok=0&sid=49a9900d-f286-cd5b-ce80-790c062413a2
2026081412,a39c0903-0771-22d3-ce91-5cea36071d9c,9100003,PROJECTA COMMAND PROBE,2026-08-15T12:36:44.233703+0000,/cmd?x=id&sid=a39c0903-0771-22d3-ce91-5cea36071d9c
2026081413,9d6a2361-fc85-d821-6054-d2299299a404,9100004,PROJECTA BRUTE FORCE THRESHOLD,2026-08-15T12:36:51.528767+0000,/login?ok=0&sid=9d6a2361-fc85-d821-6054-d2299299a404
2026081413,ae322380-1d9f-332a-bca3-b386c538a365,9100004,PROJECTA BRUTE FORCE THRESHOLD,2026-08-15T12:36:51.512671+0000,/login?ok=0&sid=ae322380-1d9f-332a-bca3-b386c538a365
2026081413,488981aa-72c9-ed77-6764-bf1b62b4b94e,9100004,PROJECTA BRUTE FORCE THRESHOLD,2026-08-15T12:36:51.396152+0000,/login?ok=0&sid=488981aa-72c9-ed77-6764-bf1b62b4b94e
2026081413,c51f5eb7-d2ad-dfe6-76e0-31882c2317a8,9100004,PROJECTA BRUTE FORCE THRESHOLD,2026-08-15T12:36:51.440419+0000,/login?ok=0&sid=c51f5eb7-d2ad-dfe6-76e0-31882c2317a8
2026081413,5c767d02-56b8-442d-58e0-5d11f38da7c9,9100004,PROJECTA BRUTE FORCE THRESHOLD,2026-08-15T12:36:51.711833+0000,/login?ok=0&sid=5c767d02-56b8-442d-58e0-5d11f38da7c9
2026081413,5e999f08-2a0e-ddae-ca3d-5db9e575f1cc,9100004,PROJECTA BRUTE FORCE THRESHOLD,2026-08-15T12:36:51.969686+0000,/login?ok=0&sid=5e999f08-2a0e-ddae-ca3d-5db9e575f1cc
2026081413,b19c4419-3c20-7dda-d079-7d3885964a84,9100004,PROJECTA BRUTE FORCE THRESHOLD,2026-08-15T12:36:51.657751+0000,/login?ok=0&sid=b19c4419-3c20-7dda-d079-7d3885964a84
2026081413,c6a9b2b2-cf95-7d7d-4be2-f2280abc8934,9100004,PROJECTA BRUTE FORCE THRESHOLD,2026-08-15T12:36:51.521649+0000,/login?ok=0&sid=c6a9b2b2-cf95-7d7d-4be2-f2280abc8934
2026081413,0b187686-b038-6e3d-5a89-3a00f34bacc4,9100004,PROJECTA BRUTE FORCE THRESHOLD,2026-08-15T12:36:51.986306+0000,/login?ok=0&sid=0b187686-b038-6e3d-5a89-3a00f34bacc4
2026081413,51f4f1b6-c2bf-b892-bb55-9050c4930216,9100004,PROJECTA BRUTE FORCE THRESHOLD,2026-08-15T12:36:51.704184+0000,/login?ok=0&sid=51f4f1b6-c2bf-b892-bb55-9050c4930216
2026081413,94090646-739c-6cd8-6482-35af35fd3518,9100004,PROJECTA BRUTE FORCE THRESHOLD,2026-08-15T12:36:51.886061+0000,/login?ok=0&sid=94090646-739c-6cd8-6482-35af35fd3518
2026081413,e9a648bc-6dab-c208-38fd-167885f72ff8,9100004,PROJECTA BRUTE FORCE THRESHOLD,2026-08-15T12:36:51.500381+0000,/login?ok=0&sid=e9a648bc-6dab-c208-38fd-167885f72ff8
2026081413,f4244ded-f335-e4a8-2495-9e46c01e49ae,9100004,PROJECTA BRUTE FORCE THRESHOLD,2026-08-15T12:36:52.277435+0000,/login?ok=0&sid=f4244ded-f335-e4a8-2495-9e46c01e49ae
2026081413,7afe2770-52c8-bb68-85bb-6b47844b4f20,9100004,PROJECTA BRUTE FORCE THRESHOLD,2026-08-15T12:36:52.018547+0000,/login?ok=0&sid=7afe2770-52c8-bb68-85bb-6b47844b4f20
2026081413,8df499db-cbcc-1720-29be-98f8ddc37bcd,9100004,PROJECTA BRUTE FORCE THRESHOLD,2026-08-15T12:36:52.305727+0000,/login?ok=0&sid=8df499db-cbcc-1720-29be-98f8ddc37bcd
2026081413,767ca174-0666-fdbc-642c-8c12611a05af,9100004,PROJECTA BRUTE FORCE THRESHOLD,2026-08-15T12:36:51.998304+0000,/login?ok=0&sid=767ca174-0666-fdbc-642c-8c12611a05af
2026081413,f8a54adc-01bf-87dc-a62a-bf0217fa95e2,9100004,PROJECTA BRUTE FORCE THRESHOLD,2026-08-15T12:36:51.841464+0000,/login?ok=0&sid=f8a54adc-01bf-87dc-a62a-bf0217fa95e2
2026081413,4c5f0d63-1137-da40-5e4c-8b7c930e3138,9100004,PROJECTA BRUTE FORCE THRESHOLD,2026-08-15T12:36:51.628741+0000,/login?ok=0&sid=4c5f0d63-1137-da40-5e4c-8b7c930e3138
2026081413,1c78b817-8a3c-61b6-ea04-ee869c95f564,9100004,PROJECTA BRUTE FORCE THRESHOLD,2026-08-15T12:36:52.041910+0000,/login?ok=0&sid=1c78b817-8a3c-61b6-ea04-ee869c95f564
2026081413,f216b4f2-6bad-096f-1a7f-3c2401a1f206,9100004,PROJECTA BRUTE FORCE THRESHOLD,2026-08-15T12:36:51.652030+0000,/login?ok=0&sid=f216b4f2-6bad-096f-1a7f-3c2401a1f206
2026081413,c5538483-7134-08f1-decf-f61a50dbff32,9100004,PROJECTA BRUTE FORCE THRESHOLD,2026-08-15T12:36:52.003300+0000,/login?ok=0&sid=c5538483-7134-08f1-decf-f61a50dbff32
2026081413,d1f7b245-6720-7448-37f4-ffb8e1d1eb15,9100003,PROJECTA COMMAND PROBE,2026-08-15T12:36:52.528232+0000,/cmd?x=id&sid=d1f7b245-6720-7448-37f4-ffb8e1d1eb15
2026081413,a5f845eb-119f-4982-b327-a8e2075b9fb6,9100004,PROJECTA BRUTE FORCE THRESHOLD,2026-08-15T12:36:52.061613+0000,/login?ok=0&sid=a5f845eb-119f-4982-b327-a8e2075b9fb6
2026081413,f628a3e6-a173-0a39-eb80-2594b1ebe76b,9100004,PROJECTA BRUTE FORCE THRESHOLD,2026-08-15T12:36:51.854909+0000,/login?ok=0&sid=f628a3e6-a173-0a39-eb80-2594b1ebe76b
2026081413,e4d5e779-eedb-49b0-bbc1-a45a8bee49e4,9100004,PROJECTA BRUTE FORCE THRESHOLD,2026-08-15T12:36:51.637086+0000,/login?ok=0&sid=e4d5e779-eedb-49b0-bbc1-a45a8bee49e4
2026081413,c67b5135-d625-cdda-ad48-12bef454f9a2,9100004,PROJECTA BRUTE FORCE THRESHOLD,2026-08-15T12:36:52.739239+0000,/login?ok=0&sid=c67b5135-d625-cdda-ad48-12bef454f9a2
2026081413,d31958c1-f71b-295b-e9e4-145ad7452289,9100004,PROJECTA BRUTE FORCE THRESHOLD,2026-08-15T12:36:51.683517+0000,/login?ok=0&sid=d31958c1-f71b-295b-e9e4-145ad7452289
2026081413,4748bc52-9ae1-ade7-e2a6-a093f1d90980,9100004,PROJECTA BRUTE FORCE THRESHOLD,2026-08-15T12:36:51.621627+0000,/login?ok=0&sid=4748bc52-9ae1-ade7-e2a6-a093f1d90980
2026081413,065dd49d-4e80-e367-14f9-a0200aff2438,9100004,PROJECTA BRUTE FORCE THRESHOLD,2026-08-15T12:36:51.699688+0000,/login?ok=0&sid=065dd49d-4e80-e367-14f9-a0200aff2438
2026081413,f0ad5556-50e1-4195-e39c-3ee8445d7360,9100004,PROJECTA BRUTE FORCE THRESHOLD,2026-08-15T12:36:52.032220+0000,/login?ok=0&sid=f0ad5556-50e1-4195-e39c-3ee8445d7360
2026081413,b0851250-c74c-f858-518d-e5b803e8850a,9100001,PROJECTA ADMIN SENSITIVE ACCESS,2026-08-15T12:36:52.840198+0000,/admin/secret?sid=b0851250-c74c-f858-518d-e5b803e8850a
2026081413,084f423c-79d6-76c7-49bd-7ba551d13a58,9100004,PROJECTA BRUTE FORCE THRESHOLD,2026-08-15T12:36:51.864877+0000,/login?ok=0&sid=084f423c-79d6-76c7-49bd-7ba551d13a58
2026081413,c6cac524-9559-6faf-129c-e338f34b4e17,9100004,PROJECTA BRUTE FORCE THRESHOLD,2026-08-15T12:36:52.881893+0000,/login?ok=0&sid=c6cac524-9559-6faf-129c-e338f34b4e17
2026081413,d68c7b23-68a6-cf77-19f1-aee4aac0ea9d,9100004,PROJECTA BRUTE FORCE THRESHOLD,2026-08-15T12:36:52.049590+0000,/login?ok=0&sid=d68c7b23-68a6-cf77-19f1-aee4aac0ea9d
2026081413,e58e1081-a1d2-2ccc-cdf2-faf140f48623,9100004,PROJECTA BRUTE FORCE THRESHOLD,2026-08-15T12:36:51.869468+0000,/login?ok=0&sid=e58e1081-a1d2-2ccc-cdf2-faf140f48623
2026081413,8cd491ee-5e15-da8a-3722-01172aeb37b3,9100002,PROJECTA PATH TRAVERSAL,2026-08-15T12:36:52.334773+0000,/%2e%2e/%2e%2e/etc/passwd?sid=8cd491ee-5e15-da8a-3722-01172aeb37b3
2026081413,799d2d9f-0fd5-b292-34af-d64ad62451a0,9100004,PROJECTA BRUTE FORCE THRESHOLD,2026-08-15T12:36:52.383368+0000,/login?ok=0&sid=799d2d9f-0fd5-b292-34af-d64ad62451a0
2026081413,a1fd117d-ccde-060e-c1b6-ce06fd9d6550,9100001,PROJECTA ADMIN SENSITIVE ACCESS,2026-08-15T12:36:53.140280+0000,/admin/secret?sid=a1fd117d-ccde-060e-c1b6-ce06fd9d6550
2026081413,d4b4d29e-f8e5-b575-8d67-ec26d76cb522,9100004,PROJECTA BRUTE FORCE THRESHOLD,2026-08-15T12:36:52.262783+0000,/login?ok=0&sid=d4b4d29e-f8e5-b575-8d67-ec26d76cb522
2026081413,5d4d9983-a202-8453-e0b5-138a0ce1d390,9100004,PROJECTA BRUTE FORCE THRESHOLD,2026-08-15T12:36:51.978228+0000,/login?ok=0&sid=5d4d9983-a202-8453-e0b5-138a0ce1d390
2026081413,b327561a-9c69-d896-8e4e-46b9037f10fe,9100004,PROJECTA BRUTE FORCE THRESHOLD,2026-08-15T12:36:52.402344+0000,/login?ok=0&sid=b327561a-9c69-d896-8e4e-46b9037f10fe
2026081413,45801d0a-beae-ed3a-2fb8-b0d9aac29c3c,9100004,PROJECTA BRUTE FORCE THRESHOLD,2026-08-15T12:36:52.362438+0000,/login?ok=0&sid=45801d0a-beae-ed3a-2fb8-b0d9aac29c3c
2026081413,d19eef2b-3b6c-94c4-20c1-acf041c21a7c,9100004,PROJECTA BRUTE FORCE THRESHOLD,2026-08-15T12:36:52.892941+0000,/login?ok=0&sid=d19eef2b-3b6c-94c4-20c1-acf041c21a7c
2026081413,d2b5681d-8ce7-1791-52be-328a9f543ddd,9100004,PROJECTA BRUTE FORCE THRESHOLD,2026-08-15T12:36:52.379005+0000,/login?ok=0&sid=d2b5681d-8ce7-1791-52be-328a9f543ddd
2026081413,de799d2f-d564-b78d-e462-98538f7186a2,9100004,PROJECTA BRUTE FORCE THRESHOLD,2026-08-15T12:36:52.392545+0000,/login?ok=0&sid=de799d2f-d564-b78d-e462-98538f7186a2
2026081413,1ffc3166-cc0c-b444-ba9f-b654be6b3fcd,9100004,PROJECTA BRUTE FORCE THRESHOLD,2026-08-15T12:36:52.902893+0000,/login?ok=0&sid=1ffc3166-cc0c-b444-ba9f-b654be6b3fcd
2026081413,630dc6e0-4abb-1a3e-2b47-96d028553074,9100004,PROJECTA BRUTE FORCE THRESHOLD,2026-08-15T12:36:52.292922+0000,/login?ok=0&sid=630dc6e0-4abb-1a3e-2b47-96d028553074
2026081413,a6577a17-4b53-d0ff-d35f-cbec12bf4d21,9100004,PROJECTA BRUTE FORCE THRESHOLD,2026-08-15T12:36:51.723278+0000,/login?ok=0&sid=a6577a17-4b53-d0ff-d35f-cbec12bf4d21
2026081413,e4a78d97-b6a9-3719-9ceb-f8b8dd3da533,9100004,PROJECTA BRUTE FORCE THRESHOLD,2026-08-15T12:36:52.273040+0000,/login?ok=0&sid=e4a78d97-b6a9-3719-9ceb-f8b8dd3da533
2026081413,54e448af-e0fa-d0a7-2475-d02c98c448ad,9100004,PROJECTA BRUTE FORCE THRESHOLD,2026-08-15T12:36:53.283475+0000,/login?ok=0&sid=54e448af-e0fa-d0a7-2475-d02c98c448ad
2026081413,b3b495d6-5c42-34da-ca9f-6c2d515f5eab,9100004,PROJECTA BRUTE FORCE THRESHOLD,2026-08-15T12:36:52.750839+0000,/login?ok=0&sid=b3b495d6-5c42-34da-ca9f-6c2d515f5eab
2026081413,40d92a34-78e4-8fe2-584f-d312ba2ac06c,9100001,PROJECTA ADMIN SENSITIVE ACCESS,2026-08-15T12:36:52.593203+0000,/admin/secret?sid=40d92a34-78e4-8fe2-584f-d312ba2ac06c
2026081413,ece225c6-dd66-5b8e-866a-bf1a86dd9ff8,9100003,PROJECTA COMMAND PROBE,2026-08-15T12:36:52.599866+0000,/cmd?x=id&sid=ece225c6-dd66-5b8e-866a-bf1a86dd9ff8
2026081413,a6d8cbd0-c402-77a3-9178-24f90f80487a,9100004,PROJECTA BRUTE FORCE THRESHOLD,2026-08-15T12:36:53.305928+0000,/login?ok=0&sid=a6d8cbd0-c402-77a3-9178-24f90f80487a
2026081413,93b4e334-1eec-cdb5-b8ee-b81e5aaaa2c8,9100004,PROJECTA BRUTE FORCE THRESHOLD,2026-08-15T12:36:52.763185+0000,/login?ok=0&sid=93b4e334-1eec-cdb5-b8ee-b81e5aaaa2c8
2026081413,4948e232-1335-18b1-11d8-8bfadb2a747c,9100004,PROJECTA BRUTE FORCE THRESHOLD,2026-08-15T12:36:53.738126+0000,/login?ok=0&sid=4948e232-1335-18b1-11d8-8bfadb2a747c
2026081413,ad40e6b7-d71f-7211-2907-48bb4a3f688b,9100003,PROJECTA COMMAND PROBE,2026-08-15T12:36:53.936721+0000,/cmd?x=id&sid=ad40e6b7-d71f-7211-2907-48bb4a3f688b
2026081413,ffe851d0-0c26-38b4-5538-4f2aaf9a8252,9100004,PROJECTA BRUTE FORCE THRESHOLD,2026-08-15T12:36:52.718490+0000,/login?ok=0&sid=ffe851d0-0c26-38b4-5538-4f2aaf9a8252
2026081413,5bb6dcf8-ac6d-6e4c-5f0e-70ded977b7d7,9100002,PROJECTA PATH TRAVERSAL,2026-08-15T12:36:52.845802+0000,/%2e%2e/%2e%2e/etc/passwd?sid=5bb6dcf8-ac6d-6e4c-5f0e-70ded977b7d7
2026081413,7d285627-bbe9-e0fa-fe9c-875722e80db1,9100004,PROJECTA BRUTE FORCE THRESHOLD,2026-08-15T12:36:53.511796+0000,/login?ok=0&sid=7d285627-bbe9-e0fa-fe9c-875722e80db1
2026081413,21c40602-66dd-019b-04e5-16cd7a377f1d,9100004,PROJECTA BRUTE FORCE THRESHOLD,2026-08-15T12:36:52.896707+0000,/login?ok=0&sid=21c40602-66dd-019b-04e5-16cd7a377f1d
2026081413,882f988f-a08e-fad6-01f5-b72fc0e878be,9100004,PROJECTA BRUTE FORCE THRESHOLD,2026-08-15T12:36:53.364437+0000,/login?ok=0&sid=882f988f-a08e-fad6-01f5-b72fc0e878be
2026081413,74eb3e2a-d8fc-ffa4-cdbd-775cae677547,9100004,PROJECTA BRUTE FORCE THRESHOLD,2026-08-15T12:36:54.279502+0000,/login?ok=0&sid=74eb3e2a-d8fc-ffa4-cdbd-775cae677547
2026081413,79f553e5-ac36-385c-2e76-ccf529549afb,9100004,PROJECTA BRUTE FORCE THRESHOLD,2026-08-15T12:36:53.389066+0000,/login?ok=0&sid=79f553e5-ac36-385c-2e76-ccf529549afb
2026081413,4dae3f11-afb2-0ffc-cc6c-cefb1e26a914,9100004,PROJECTA BRUTE FORCE THRESHOLD,2026-08-15T12:36:53.601893+0000,/login?ok=0&sid=4dae3f11-afb2-0ffc-cc6c-cefb1e26a914
2026081413,f7874a8f-f14e-0de5-7179-7006344a26c8,9100004,PROJECTA BRUTE FORCE THRESHOLD,2026-08-15T12:36:53.489100+0000,/login?ok=0&sid=f7874a8f-f14e-0de5-7179-7006344a26c8
2026081413,4bc8c07a-a146-2381-5634-c384c53440ed,9100004,PROJECTA BRUTE FORCE THRESHOLD,2026-08-15T12:36:53.633413+0000,/login?ok=0&sid=4bc8c07a-a146-2381-5634-c384c53440ed
2026081413,e6443af6-4bb0-437d-1ed0-1c6a494ce428,9100004,PROJECTA BRUTE FORCE THRESHOLD,2026-08-15T12:36:53.483741+0000,/login?ok=0&sid=e6443af6-4bb0-437d-1ed0-1c6a494ce428
2026081413,0227c61e-8214-0522-6650-eba848f61d97,9100004,PROJECTA BRUTE FORCE THRESHOLD,2026-08-15T12:36:53.819456+0000,/login?ok=0&sid=0227c61e-8214-0522-6650-eba848f61d97
2026081413,362de517-6295-eaea-fc2e-f30769fbe7d2,9100001,PROJECTA ADMIN SENSITIVE ACCESS,2026-08-15T12:36:53.660094+0000,/admin/secret?sid=362de517-6295-eaea-fc2e-f30769fbe7d2
2026081413,95028fd4-524c-edbb-d006-606fc47e2524,9100001,PROJECTA ADMIN SENSITIVE ACCESS,2026-08-15T12:36:53.193973+0000,/admin/secret?sid=95028fd4-524c-edbb-d006-606fc47e2524
2026081413,95c79688-9ef2-4e4e-d67b-b8e8fd2d1840,9100004,PROJECTA BRUTE FORCE THRESHOLD,2026-08-15T12:36:53.614456+0000,/login?ok=0&sid=95c79688-9ef2-4e4e-d67b-b8e8fd2d1840
2026081413,6b8e70c9-f060-c82f-f0f5-22d8819eee46,9100004,PROJECTA BRUTE FORCE THRESHOLD,2026-08-15T12:36:53.322091+0000,/login?ok=0&sid=6b8e70c9-f060-c82f-f0f5-22d8819eee46
2026081413,900e66d3-1a22-20db-3333-f92ec91358e8,9100004,PROJECTA BRUTE FORCE THRESHOLD,2026-08-15T12:36:53.501124+0000,/login?ok=0&sid=900e66d3-1a22-20db-3333-f92ec91358e8
2026081413,7b466aa9-56e6-bd2d-11b5-3cb37a6dfa1c,9100004,PROJECTA BRUTE FORCE THRESHOLD,2026-08-15T12:36:53.585933+0000,/login?ok=0&sid=7b466aa9-56e6-bd2d-11b5-3cb37a6dfa1c
2026081413,c44f0a76-0532-a9a7-62a6-fe137c0fb2db,9100004,PROJECTA BRUTE FORCE THRESHOLD,2026-08-15T12:36:53.710136+0000,/login?ok=0&sid=c44f0a76-0532-a9a7-62a6-fe137c0fb2db
2026081413,5df9f176-7e1e-2b34-1bd1-3c912a9d91a0,9100004,PROJECTA BRUTE FORCE THRESHOLD,2026-08-15T12:36:53.830171+0000,/login?ok=0&sid=5df9f176-7e1e-2b34-1bd1-3c912a9d91a0
2026081413,93c008a4-f82b-8d2e-9748-2c9886413874,9100004,PROJECTA BRUTE FORCE THRESHOLD,2026-08-15T12:36:53.804744+0000,/login?ok=0&sid=93c008a4-f82b-8d2e-9748-2c9886413874
2026081413,b579047a-4515-a2e9-acd8-df02c4778718,9100004,PROJECTA BRUTE FORCE THRESHOLD,2026-08-15T12:36:53.846113+0000,/login?ok=0&sid=b579047a-4515-a2e9-acd8-df02c4778718
2026081413,cea5d320-e4d3-775a-e3b8-2b0d15536865,9100004,PROJECTA BRUTE FORCE THRESHOLD,2026-08-15T12:36:53.622075+0000,/login?ok=0&sid=cea5d320-e4d3-775a-e3b8-2b0d15536865
2026081413,0c2db2c4-20e9-d3fe-a4bb-09d5eb4109cd,9100004,PROJECTA BRUTE FORCE THRESHOLD,2026-08-15T12:36:52.734665+0000,/login?ok=0&sid=0c2db2c4-20e9-d3fe-a4bb-09d5eb4109cd
2026081413,745b3c6f-d593-efc3-cbb6-3342709a8a40,9100004,PROJECTA BRUTE FORCE THRESHOLD,2026-08-15T12:36:53.700208+0000,/login?ok=0&sid=745b3c6f-d593-efc3-cbb6-3342709a8a40
2026081413,33eb51ff-9233-1e38-2755-b02fd7b23775,9100004,PROJECTA BRUTE FORCE THRESHOLD,2026-08-15T12:36:52.873852+0000,/login?ok=0&sid=33eb51ff-9233-1e38-2755-b02fd7b23775
2026081413,4f88b427-a95b-da3c-fef9-2569c247912a,9100004,PROJECTA BRUTE FORCE THRESHOLD,2026-08-15T12:36:54.289342+0000,/login?ok=0&sid=4f88b427-a95b-da3c-fef9-2569c247912a
2026081413,ff2d18f6-9e26-a713-8039-13c43cf1d0ee,9100004,PROJECTA BRUTE FORCE THRESHOLD,2026-08-15T12:36:53.379047+0000,/login?ok=0&sid=ff2d18f6-9e26-a713-8039-13c43cf1d0ee
2026081413,ab45ae48-a89c-31d0-9576-85c5c16bed56,9100003,PROJECTA COMMAND PROBE,2026-08-15T12:36:54.093577+0000,/cmd?x=id&sid=ab45ae48-a89c-31d0-9576-85c5c16bed56
2026081413,01458711-9352-847c-7d3b-71a1eeb7559e,9100003,PROJECTA COMMAND PROBE,2026-08-15T12:36:54.235147+0000,/cmd?x=id&sid=01458711-9352-847c-7d3b-71a1eeb7559e
2026081413,e361182c-27b7-fe32-1a6a-7d19b761dfad,9100004,PROJECTA BRUTE FORCE THRESHOLD,2026-08-15T12:36:53.293253+0000,/login?ok=0&sid=e361182c-27b7-fe32-1a6a-7d19b761dfad
2026081413,cb980ed2-be51-476d-1492-8e6edde5134c,9100002,PROJECTA PATH TRAVERSAL,2026-08-15T12:36:54.392159+0000,/%2e%2e/%2e%2e/etc/passwd?sid=cb980ed2-be51-476d-1492-8e6edde5134c
2026081413,397c7aaa-79a1-5697-df1d-54d2d0b2a853,9100004,PROJECTA BRUTE FORCE THRESHOLD,2026-08-15T12:36:54.299583+0000,/login?ok=0&sid=397c7aaa-79a1-5697-df1d-54d2d0b2a853
2026081413,b6582b4e-89b3-00f5-24e2-6684365cf969,9100004,PROJECTA BRUTE FORCE THRESHOLD,2026-08-15T12:36:53.691004+0000,/login?ok=0&sid=b6582b4e-89b3-00f5-24e2-6684365cf969
2026081413,434617ac-463c-86ea-4cac-6a293ccdfe88,9100004,PROJECTA BRUTE FORCE THRESHOLD,2026-08-15T12:36:53.723927+0000,/login?ok=0&sid=434617ac-463c-86ea-4cac-6a293ccdfe88
2026081413,ca4604a6-9a19-be00-1c2d-624a94df8a6e,9100004,PROJECTA BRUTE FORCE THRESHOLD,2026-08-15T12:36:53.326447+0000,/login?ok=0&sid=ca4604a6-9a19-be00-1c2d-624a94df8a6e
2026081413,0ebc4f34-192a-02ec-7be4-a90fc2e6f51f,9100004,PROJECTA BRUTE FORCE THRESHOLD,2026-08-15T12:36:53.393210+0000,/login?ok=0&sid=0ebc4f34-192a-02ec-7be4-a90fc2e6f51f
2026081413,c066f21b-d13a-73f4-a96e-3ca1e989cd28,9100002,PROJECTA PATH TRAVERSAL,2026-08-15T12:36:54.006222+0000,/%2e%2e/%2e%2e/etc/passwd?sid=c066f21b-d13a-73f4-a96e-3ca1e989cd28
2026081413,5693fb81-23e8-df60-7a77-ef4d86d447e6,9100004,PROJECTA BRUTE FORCE THRESHOLD,2026-08-15T12:36:53.399461+0000,/login?ok=0&sid=5693fb81-23e8-df60-7a77-ef4d86d447e6
2026081413,b4f1fe61-2757-ab2b-e29b-b11b700c2df9,9100004,PROJECTA BRUTE FORCE THRESHOLD,2026-08-15T12:36:54.314820+0000,/login?ok=0&sid=b4f1fe61-2757-ab2b-e29b-b11b700c2df9
2026081413,13bc45ee-eaf1-ca18-3223-c25e42e56c40,9100004,PROJECTA BRUTE FORCE THRESHOLD,2026-08-15T12:36:53.519409+0000,/login?ok=0&sid=13bc45ee-eaf1-ca18-3223-c25e42e56c40
2026081413,fe9f0909-4763-0d14-7e6a-1935dddf3b05,9100004,PROJECTA BRUTE FORCE THRESHOLD,2026-08-15T12:36:53.841032+0000,/login?ok=0&sid=fe9f0909-4763-0d14-7e6a-1935dddf3b05
2026081413,8d5caed2-b649-6f5b-0265-4882f8dd9cac,9100004,PROJECTA BRUTE FORCE THRESHOLD,2026-08-15T12:36:54.320724+0000,/login?ok=0&sid=8d5caed2-b649-6f5b-0265-4882f8dd9cac
2026081414,5bbe0c7e-1319-78d9-b7a1-87aeedb3d871,9100003,PROJECTA COMMAND PROBE,2026-08-15T12:37:01.861991+0000,/cmd?x=id&sid=5bbe0c7e-1319-78d9-b7a1-87aeedb3d871
2026081414,afd3d4a1-5e0e-c4a2-c86c-5360cdeaea85,9100002,PROJECTA PATH TRAVERSAL,2026-08-15T12:37:01.780788+0000,/%2e%2e/%2e%2e/etc/passwd?sid=afd3d4a1-5e0e-c4a2-c86c-5360cdeaea85
2026081414,e6a99eb2-aee7-ec37-8560-4288ddf6a63d,9100004,PROJECTA BRUTE FORCE THRESHOLD,2026-08-15T12:37:01.963907+0000,/login?ok=0&sid=e6a99eb2-aee7-ec37-8560-4288ddf6a63d
2026081414,2e130847-2c1d-7a39-8601-d292e3a08803,9100004,PROJECTA BRUTE FORCE THRESHOLD,2026-08-15T12:37:01.714371+0000,/login?ok=0&sid=2e130847-2c1d-7a39-8601-d292e3a08803
2026081414,74fff799-550b-c4e6-dd5d-09b721acb68e,9100004,PROJECTA BRUTE FORCE THRESHOLD,2026-08-15T12:37:02.321558+0000,/login?ok=0&sid=74fff799-550b-c4e6-dd5d-09b721acb68e
2026081414,e559cfd7-c210-8259-b691-d8bd3c41d3bf,9100004,PROJECTA BRUTE FORCE THRESHOLD,2026-08-15T12:37:02.808045+0000,/login?ok=0&sid=e559cfd7-c210-8259-b691-d8bd3c41d3bf
2026081414,50fcecc9-78e2-6c15-595b-f001d9a93a45,9100004,PROJECTA BRUTE FORCE THRESHOLD,2026-08-15T12:37:02.001252+0000,/login?ok=0&sid=50fcecc9-78e2-6c15-595b-f001d9a93a45
2026081414,49d306b9-c3e6-e589-a76e-33d676c1ca17,9100004,PROJECTA BRUTE FORCE THRESHOLD,2026-08-15T12:37:02.010635+0000,/login?ok=0&sid=49d306b9-c3e6-e589-a76e-33d676c1ca17
2026081414,9999be0f-10e2-ec41-0f7c-adc4cf0f4c0c,9100004,PROJECTA BRUTE FORCE THRESHOLD,2026-08-15T12:37:02.596459+0000,/login?ok=0&sid=9999be0f-10e2-ec41-0f7c-adc4cf0f4c0c
2026081414,797cc19d-b064-1277-0be5-ad786f80aa1a,9100004,PROJECTA BRUTE FORCE THRESHOLD,2026-08-15T12:37:01.988276+0000,/login?ok=0&sid=797cc19d-b064-1277-0be5-ad786f80aa1a
2026081414,f2b88186-b040-f978-de8f-9188cd1e2c73,9100003,PROJECTA COMMAND PROBE,2026-08-15T12:37:02.174241+0000,/cmd?x=id&sid=f2b88186-b040-f978-de8f-9188cd1e2c73
2026081414,e2a05de0-0ce3-9359-7da8-d97375897981,9100001,PROJECTA ADMIN SENSITIVE ACCESS,2026-08-15T12:37:02.630628+0000,/admin/secret?sid=e2a05de0-0ce3-9359-7da8-d97375897981
2026081414,e48270fc-c053-01ee-8ca3-9ac072608224,9100004,PROJECTA BRUTE FORCE THRESHOLD,2026-08-15T12:37:01.977307+0000,/login?ok=0&sid=e48270fc-c053-01ee-8ca3-9ac072608224
2026081414,8a510aa6-947a-0d61-e4c2-71a03aeb8086,9100004,PROJECTA BRUTE FORCE THRESHOLD,2026-08-15T12:37:02.458334+0000,/login?ok=0&sid=8a510aa6-947a-0d61-e4c2-71a03aeb8086
2026081414,de697ebb-65d3-b6a9-43f3-d8bbb808f0f1,9100004,PROJECTA BRUTE FORCE THRESHOLD,2026-08-15T12:37:02.996992+0000,/login?ok=0&sid=de697ebb-65d3-b6a9-43f3-d8bbb808f0f1
2026081414,ff5b87f2-53d2-ded9-817f-b64902de9ced,9100003,PROJECTA COMMAND PROBE,2026-08-15T12:37:02.105156+0000,/cmd?x=id&sid=ff5b87f2-53d2-ded9-817f-b64902de9ced
2026081414,1425a286-0e75-b192-ce47-a8c40841d638,9100004,PROJECTA BRUTE FORCE THRESHOLD,2026-08-15T12:37:02.345192+0000,/login?ok=0&sid=1425a286-0e75-b192-ce47-a8c40841d638
2026081414,c492c31f-0cd6-c66d-4186-a4c8ed2d665d,9100004,PROJECTA BRUTE FORCE THRESHOLD,2026-08-15T12:37:02.560717+0000,/login?ok=0&sid=c492c31f-0cd6-c66d-4186-a4c8ed2d665d
2026081414,40574fc9-192f-4311-79bc-862f27fc4c57,9100001,PROJECTA ADMIN SENSITIVE ACCESS,2026-08-15T12:37:03.011888+0000,/admin/secret?sid=40574fc9-192f-4311-79bc-862f27fc4c57
2026081414,b995e7e7-1f7a-80f3-d025-28fdded4f19c,9100004,PROJECTA BRUTE FORCE THRESHOLD,2026-08-15T12:37:02.330320+0000,/login?ok=0&sid=b995e7e7-1f7a-80f3-d025-28fdded4f19c
2026081414,2f2afb4f-9361-817a-75a7-2befe291ee73,9100004,PROJECTA BRUTE FORCE THRESHOLD,2026-08-15T12:37:02.241012+0000,/login?ok=0&sid=2f2afb4f-9361-817a-75a7-2befe291ee73
2026081414,3746f75d-9799-ac53-58e5-38bf484f7931,9100004,PROJECTA BRUTE FORCE THRESHOLD,2026-08-15T12:37:02.200146+0000,/login?ok=0&sid=3746f75d-9799-ac53-58e5-38bf484f7931
2026081414,2c52b875-f32e-be08-677a-486a1a03746c,9100004,PROJECTA BRUTE FORCE THRESHOLD,2026-08-15T12:37:02.390734+0000,/login?ok=0&sid=2c52b875-f32e-be08-677a-486a1a03746c
2026081414,d1adbd4c-7b6a-fb9c-0e3e-0b8c69bee344,9100004,PROJECTA BRUTE FORCE THRESHOLD,2026-08-15T12:37:02.368392+0000,/login?ok=0&sid=d1adbd4c-7b6a-fb9c-0e3e-0b8c69bee344
2026081414,b1791987-fb73-c0ce-ca9b-b83673d6758b,9100004,PROJECTA BRUTE FORCE THRESHOLD,2026-08-15T12:37:03.079798+0000,/login?ok=0&sid=b1791987-fb73-c0ce-ca9b-b83673d6758b
2026081414,07d5df70-6be8-868a-d738-89a17cc4a4f8,9100004,PROJECTA BRUTE FORCE THRESHOLD,2026-08-15T12:37:02.374717+0000,/login?ok=0&sid=07d5df70-6be8-868a-d738-89a17cc4a4f8
2026081414,7ef873ac-8df2-5b5f-6f86-9c92e5026069,9100003,PROJECTA COMMAND PROBE,2026-08-15T12:37:02.665637+0000,/cmd?x=id&sid=7ef873ac-8df2-5b5f-6f86-9c92e5026069
2026081414,f8c1a6ca-b989-b473-9ddf-42671a94dec0,9100004,PROJECTA BRUTE FORCE THRESHOLD,2026-08-15T12:37:02.298518+0000,/login?ok=0&sid=f8c1a6ca-b989-b473-9ddf-42671a94dec0
2026081414,52689390-3c07-0587-f74f-5c37c89a3a93,9100004,PROJECTA BRUTE FORCE THRESHOLD,2026-08-15T12:37:03.057855+0000,/login?ok=0&sid=52689390-3c07-0587-f74f-5c37c89a3a93
2026081414,b9ab542b-ae1d-d7bc-8295-0aa3e7625025,9100004,PROJECTA BRUTE FORCE THRESHOLD,2026-08-15T12:37:02.257858+0000,/login?ok=0&sid=b9ab542b-ae1d-d7bc-8295-0aa3e7625025
2026081414,90b94483-3282-d2ae-9486-82ea72d21ea4,9100004,PROJECTA BRUTE FORCE THRESHOLD,2026-08-15T12:37:02.423862+0000,/login?ok=0&sid=90b94483-3282-d2ae-9486-82ea72d21ea4
2026081414,44dc5d39-97b2-35a1-b3cf-59faaa58dae2,9100004,PROJECTA BRUTE FORCE THRESHOLD,2026-08-15T12:37:02.837346+0000,/login?ok=0&sid=44dc5d39-97b2-35a1-b3cf-59faaa58dae2
2026081414,72eda9c1-c316-e782-55e8-26381baa0797,9100004,PROJECTA BRUTE FORCE THRESHOLD,2026-08-15T12:37:02.413437+0000,/login?ok=0&sid=72eda9c1-c316-e782-55e8-26381baa0797
2026081414,22e46752-0473-ca59-d0b1-3522ee1092bf,9100004,PROJECTA BRUTE FORCE THRESHOLD,2026-08-15T12:37:02.797651+0000,/login?ok=0&sid=22e46752-0473-ca59-d0b1-3522ee1092bf
2026081414,a7bbd297-f93d-dd87-ad3f-98d754b0f1b1,9100004,PROJECTA BRUTE FORCE THRESHOLD,2026-08-15T12:37:02.610491+0000,/login?ok=0&sid=a7bbd297-f93d-dd87-ad3f-98d754b0f1b1
2026081414,30653c2b-4bc5-49ce-8c13-0098ef6ecd6e,9100004,PROJECTA BRUTE FORCE THRESHOLD,2026-08-15T12:37:02.581744+0000,/login?ok=0&sid=30653c2b-4bc5-49ce-8c13-0098ef6ecd6e
2026081414,9930a94d-1a96-b7f4-04b9-614ab63d6ec1,9100004,PROJECTA BRUTE FORCE THRESHOLD,2026-08-15T12:37:02.210742+0000,/login?ok=0&sid=9930a94d-1a96-b7f4-04b9-614ab63d6ec1
2026081414,2b11cf9e-5541-8aa5-2208-7675ddea0e6b,9100004,PROJECTA BRUTE FORCE THRESHOLD,2026-08-15T12:37:03.488161+0000,/login?ok=0&sid=2b11cf9e-5541-8aa5-2208-7675ddea0e6b
2026081414,3583c0b5-03cb-6696-772b-362f07d0f45d,9100004,PROJECTA BRUTE FORCE THRESHOLD,2026-08-15T12:37:02.440022+0000,/login?ok=0&sid=3583c0b5-03cb-6696-772b-362f07d0f45d
2026081414,c2b15d9a-f651-29bc-52a5-32a3fa3637fa,9100004,PROJECTA BRUTE FORCE THRESHOLD,2026-08-15T12:37:02.862554+0000,/login?ok=0&sid=c2b15d9a-f651-29bc-52a5-32a3fa3637fa
2026081414,a2263c84-5d6d-6b0b-b49f-d9938d9e1d18,9100004,PROJECTA BRUTE FORCE THRESHOLD,2026-08-15T12:37:02.306277+0000,/login?ok=0&sid=a2263c84-5d6d-6b0b-b49f-d9938d9e1d18
2026081414,e5c5b7c5-f0c8-5240-aca1-dada3d121d4c,9100004,PROJECTA BRUTE FORCE THRESHOLD,2026-08-15T12:37:02.878666+0000,/login?ok=0&sid=e5c5b7c5-f0c8-5240-aca1-dada3d121d4c
2026081414,c69dfa9f-f08d-ef40-cbdb-d9a61968d361,9100004,PROJECTA BRUTE FORCE THRESHOLD,2026-08-15T12:37:03.643793+0000,/login?ok=0&sid=c69dfa9f-f08d-ef40-cbdb-d9a61968d361
2026081414,c44f363f-7ffd-7708-8d89-4427e3095861,9100004,PROJECTA BRUTE FORCE THRESHOLD,2026-08-15T12:37:02.383327+0000,/login?ok=0&sid=c44f363f-7ffd-7708-8d89-4427e3095861
2026081414,64d17a7e-01ad-fa7c-7671-8e8d4180ca39,9100004,PROJECTA BRUTE FORCE THRESHOLD,2026-08-15T12:37:02.224938+0000,/login?ok=0&sid=64d17a7e-01ad-fa7c-7671-8e8d4180ca39
2026081414,5426ffff-f4c0-507b-98f1-16cb0d9ca6c3,9100004,PROJECTA BRUTE FORCE THRESHOLD,2026-08-15T12:37:02.573964+0000,/login?ok=0&sid=5426ffff-f4c0-507b-98f1-16cb0d9ca6c3
2026081414,ccd80a5e-6445-41b1-bf5f-21d21d823ab8,9100004,PROJECTA BRUTE FORCE THRESHOLD,2026-08-15T12:37:03.083762+0000,/login?ok=0&sid=ccd80a5e-6445-41b1-bf5f-21d21d823ab8
2026081414,8c8da7f6-ba52-49fa-6326-59cba6cf6ced,9100004,PROJECTA BRUTE FORCE THRESHOLD,2026-08-15T12:37:02.407228+0000,/login?ok=0&sid=8c8da7f6-ba52-49fa-6326-59cba6cf6ced
2026081414,b7965c89-6b6e-d880-3a3a-3012bb0504a3,9100004,PROJECTA BRUTE FORCE THRESHOLD,2026-08-15T12:37:03.731212+0000,/login?ok=0&sid=b7965c89-6b6e-d880-3a3a-3012bb0504a3
2026081414,fa5031da-5833-631b-042e-a610000a07fd,9100004,PROJECTA BRUTE FORCE THRESHOLD,2026-08-15T12:37:02.889081+0000,/login?ok=0&sid=fa5031da-5833-631b-042e-a610000a07fd
2026081414,d2200d6d-c68d-dbf0-9991-c5f1b89cb89e,9100004,PROJECTA BRUTE FORCE THRESHOLD,2026-08-15T12:37:02.815834+0000,/login?ok=0&sid=d2200d6d-c68d-dbf0-9991-c5f1b89cb89e
2026081414,10971c58-14ff-46f0-09f5-f8d8f843b783,9100004,PROJECTA BRUTE FORCE THRESHOLD,2026-08-15T12:37:02.829496+0000,/login?ok=0&sid=10971c58-14ff-46f0-09f5-f8d8f843b783
2026081414,b6fa4aae-103d-9c34-a61a-781995dbc8e5,9100004,PROJECTA BRUTE FORCE THRESHOLD,2026-08-15T12:37:03.471690+0000,/login?ok=0&sid=b6fa4aae-103d-9c34-a61a-781995dbc8e5
2026081414,47e90309-ff5b-ae80-40a9-c5abb368c5b4,9100004,PROJECTA BRUTE FORCE THRESHOLD,2026-08-15T12:37:02.454338+0000,/login?ok=0&sid=47e90309-ff5b-ae80-40a9-c5abb368c5b4
2026081414,0ad2986a-dd6c-5c06-afa7-e5b090abc43d,9100004,PROJECTA BRUTE FORCE THRESHOLD,2026-08-15T12:37:02.844710+0000,/login?ok=0&sid=0ad2986a-dd6c-5c06-afa7-e5b090abc43d
2026081414,9ee94481-289c-12ee-07dc-fe5d3c98f266,9100004,PROJECTA BRUTE FORCE THRESHOLD,2026-08-15T12:37:02.956900+0000,/login?ok=0&sid=9ee94481-289c-12ee-07dc-fe5d3c98f266
2026081414,36ff3a9a-11b2-4a26-ec94-15afad926143,9100004,PROJECTA BRUTE FORCE THRESHOLD,2026-08-15T12:37:02.851577+0000,/login?ok=0&sid=36ff3a9a-11b2-4a26-ec94-15afad926143
2026081414,34775181-b8ac-fa26-6273-f5c4ea198c89,9100004,PROJECTA BRUTE FORCE THRESHOLD,2026-08-15T12:37:03.891110+0000,/login?ok=0&sid=34775181-b8ac-fa26-6273-f5c4ea198c89
2026081414,95a01c86-3921-89ac-7e0f-0e7723e6e4db,9100004,PROJECTA BRUTE FORCE THRESHOLD,2026-08-15T12:37:03.465122+0000,/login?ok=0&sid=95a01c86-3921-89ac-7e0f-0e7723e6e4db
2026081414,8a06fb75-5b22-a327-69b0-6ba4ecf03d0a,9100004,PROJECTA BRUTE FORCE THRESHOLD,2026-08-15T12:37:03.756328+0000,/login?ok=0&sid=8a06fb75-5b22-a327-69b0-6ba4ecf03d0a
2026081414,1f00f656-96f8-8847-ff5d-abad645d7108,9100004,PROJECTA BRUTE FORCE THRESHOLD,2026-08-15T12:37:02.989444+0000,/login?ok=0&sid=1f00f656-96f8-8847-ff5d-abad645d7108
2026081414,dae2e238-4c13-43dd-f1f9-c31dc9cc8882,9100004,PROJECTA BRUTE FORCE THRESHOLD,2026-08-15T12:37:02.978179+0000,/login?ok=0&sid=dae2e238-4c13-43dd-f1f9-c31dc9cc8882
2026081414,c82be6f0-a76f-f5ed-8ceb-190ee45260ac,9100004,PROJECTA BRUTE FORCE THRESHOLD,2026-08-15T12:37:02.967102+0000,/login?ok=0&sid=c82be6f0-a76f-f5ed-8ceb-190ee45260ac
2026081414,932a63c2-83a4-6d0e-95ac-79641a95ecb7,9100004,PROJECTA BRUTE FORCE THRESHOLD,2026-08-15T12:37:03.049161+0000,/login?ok=0&sid=932a63c2-83a4-6d0e-95ac-79641a95ecb7
2026081414,8c95c3c7-a6c9-5d45-706a-b44a8660432b,9100004,PROJECTA BRUTE FORCE THRESHOLD,2026-08-15T12:37:04.075457+0000,/login?ok=0&sid=8c95c3c7-a6c9-5d45-706a-b44a8660432b
2026081414,56375b55-b7da-41d4-af44-1de858bb2dcd,9100004,PROJECTA BRUTE FORCE THRESHOLD,2026-08-15T12:37:03.064001+0000,/login?ok=0&sid=56375b55-b7da-41d4-af44-1de858bb2dcd
2026081414,c1d7fb41-23de-08d7-9d32-e802d7bd6260,9100004,PROJECTA BRUTE FORCE THRESHOLD,2026-08-15T12:37:04.065203+0000,/login?ok=0&sid=c1d7fb41-23de-08d7-9d32-e802d7bd6260
2026081414,e544d5d8-4ff2-b4d7-c7ad-080afff711d6,9100001,PROJECTA ADMIN SENSITIVE ACCESS,2026-08-15T12:37:03.783371+0000,/admin/secret?sid=e544d5d8-4ff2-b4d7-c7ad-080afff711d6
2026081414,7713b0f1-bbbe-59d9-c14e-566d293064af,9100003,PROJECTA COMMAND PROBE,2026-08-15T12:37:03.703023+0000,/cmd?x=id&sid=7713b0f1-bbbe-59d9-c14e-566d293064af
2026081414,1dc8a205-3418-46e9-2d56-150d1a55455c,9100004,PROJECTA BRUTE FORCE THRESHOLD,2026-08-15T12:37:04.382441+0000,/login?ok=0&sid=1dc8a205-3418-46e9-2d56-150d1a55455c
2026081414,a294857e-e451-d4db-6196-6f55d306a090,9100004,PROJECTA BRUTE FORCE THRESHOLD,2026-08-15T12:37:03.657996+0000,/login?ok=0&sid=a294857e-e451-d4db-6196-6f55d306a090
2026081414,0200e932-a51f-25ef-d83c-75a99e4be651,9100004,PROJECTA BRUTE FORCE THRESHOLD,2026-08-15T12:37:03.769733+0000,/login?ok=0&sid=0200e932-a51f-25ef-d83c-75a99e4be651
2026081414,8e7b11d2-ef5b-ec61-3c28-1fdaaaae3ce9,9100004,PROJECTA BRUTE FORCE THRESHOLD,2026-08-15T12:37:03.453074+0000,/login?ok=0&sid=8e7b11d2-ef5b-ec61-3c28-1fdaaaae3ce9
2026081414,0c8df10f-af93-6872-e259-6ec3899fd70c,9100004,PROJECTA BRUTE FORCE THRESHOLD,2026-08-15T12:37:04.210182+0000,/login?ok=0&sid=0c8df10f-af93-6872-e259-6ec3899fd70c
2026081414,69884598-b146-1c51-ce5b-9af9e487cd18,9100004,PROJECTA BRUTE FORCE THRESHOLD,2026-08-15T12:37:03.908472+0000,/login?ok=0&sid=69884598-b146-1c51-ce5b-9af9e487cd18
2026081414,d05585b6-4f42-9099-5e48-96045a7ba93d,9100004,PROJECTA BRUTE FORCE THRESHOLD,2026-08-15T12:37:03.735027+0000,/login?ok=0&sid=d05585b6-4f42-9099-5e48-96045a7ba93d
2026081414,9538412a-9979-8130-ec2e-17f03deeecef,9100004,PROJECTA BRUTE FORCE THRESHOLD,2026-08-15T12:37:03.895039+0000,/login?ok=0&sid=9538412a-9979-8130-ec2e-17f03deeecef
2026081414,faf233c6-d80a-ec43-3fa1-8a69b6abee27,9100004,PROJECTA BRUTE FORCE THRESHOLD,2026-08-15T12:37:04.040854+0000,/login?ok=0&sid=faf233c6-d80a-ec43-3fa1-8a69b6abee27
2026081414,44bfab07-041b-540e-dbef-3fc60c560427,9100004,PROJECTA BRUTE FORCE THRESHOLD,2026-08-15T12:37:03.475962+0000,/login?ok=0&sid=44bfab07-041b-540e-dbef-3fc60c560427
2026081414,2c6af794-9a3b-1e66-8a83-0066bcbb6a0d,9100003,PROJECTA COMMAND PROBE,2026-08-15T12:37:03.430455+0000,/cmd?x=id&sid=2c6af794-9a3b-1e66-8a83-0066bcbb6a0d
2026081414,7e6548bb-eaed-58b6-dfb0-a875b0aa89bd,9100004,PROJECTA BRUTE FORCE THRESHOLD,2026-08-15T12:37:04.266357+0000,/login?ok=0&sid=7e6548bb-eaed-58b6-dfb0-a875b0aa89bd
2026081414,783a693b-1e90-4b08-72a1-3057ed73b787,9100004,PROJECTA BRUTE FORCE THRESHOLD,2026-08-15T12:37:04.444984+0000,/login?ok=0&sid=783a693b-1e90-4b08-72a1-3057ed73b787
2026081414,0ad81068-9443-3845-f8a3-334ca7e44556,9100001,PROJECTA ADMIN SENSITIVE ACCESS,2026-08-15T12:37:03.183638+0000,/admin/secret?sid=0ad81068-9443-3845-f8a3-334ca7e44556
2026081414,d99956a6-5a1b-4785-e94e-27ab9c88b96f,9100001,PROJECTA ADMIN SENSITIVE ACCESS,2026-08-15T12:37:04.108010+0000,/admin/secret?sid=d99956a6-5a1b-4785-e94e-27ab9c88b96f
2026081414,78047c34-8fd5-3279-9d02-fde56a31f6a6,9100003,PROJECTA COMMAND PROBE,2026-08-15T12:37:04.616048+0000,/cmd?x=id&sid=78047c34-8fd5-3279-9d02-fde56a31f6a6
2026081414,5a503fe7-e8a6-1edc-4c93-f120f4cd8b20,9100002,PROJECTA PATH TRAVERSAL,2026-08-15T12:37:03.512957+0000,/%2e%2e/%2e%2e/etc/passwd?sid=5a503fe7-e8a6-1edc-4c93-f120f4cd8b20
2026081414,0e792aac-75e5-e08b-d299-5ddf3acd64e8,9100004,PROJECTA BRUTE FORCE THRESHOLD,2026-08-15T12:37:04.765629+0000,/login?ok=0&sid=0e792aac-75e5-e08b-d299-5ddf3acd64e8
2026081414,b842cf99-7254-ecd8-84fa-a40b3be1fab4,9100004,PROJECTA BRUTE FORCE THRESHOLD,2026-08-15T12:37:04.433250+0000,/login?ok=0&sid=b842cf99-7254-ecd8-84fa-a40b3be1fab4
2026081414,5ee1135f-3063-89c1-8043-b7ba8f2cd5ea,9100004,PROJECTA BRUTE FORCE THRESHOLD,2026-08-15T12:37:04.226968+0000,/login?ok=0&sid=5ee1135f-3063-89c1-8043-b7ba8f2cd5ea
2026081414,a6dcff8c-886d-e22f-2ce8-5430f210159e,9100004,PROJECTA BRUTE FORCE THRESHOLD,2026-08-15T12:37:03.622401+0000,/login?ok=0&sid=a6dcff8c-886d-e22f-2ce8-5430f210159e
2026081414,ab8b4ae8-5b13-fd37-35f7-0681e836e84c,9100004,PROJECTA BRUTE FORCE THRESHOLD,2026-08-15T12:37:04.251320+0000,/login?ok=0&sid=ab8b4ae8-5b13-fd37-35f7-0681e836e84c
2026081414,27f77e94-c7ea-b5d5-c1b5-7af111092443,9100004,PROJECTA BRUTE FORCE THRESHOLD,2026-08-15T12:37:04.704095+0000,/login?ok=0&sid=27f77e94-c7ea-b5d5-c1b5-7af111092443
2026081414,cc2b0e09-f7da-0d3e-d60b-426c9b48e516,9100004,PROJECTA BRUTE FORCE THRESHOLD,2026-08-15T12:37:04.411040+0000,/login?ok=0&sid=cc2b0e09-f7da-0d3e-d60b-426c9b48e516
2026081414,23df40da-87d7-88a1-9fb5-0aad36187712,9100002,PROJECTA PATH TRAVERSAL,2026-08-15T12:37:04.314127+0000,/%2e%2e/%2e%2e/etc/passwd?sid=23df40da-87d7-88a1-9fb5-0aad36187712
2026081414,1ca29e8b-f494-9a0c-bb92-12f45aff6a7d,9100004,PROJECTA BRUTE FORCE THRESHOLD,2026-08-15T12:37:03.638031+0000,/login?ok=0&sid=1ca29e8b-f494-9a0c-bb92-12f45aff6a7d
2026081414,bef405a5-25d3-c1ca-2efe-19058e8cdc90,9100004,PROJECTA BRUTE FORCE THRESHOLD,2026-08-15T12:37:04.654104+0000,/login?ok=0&sid=bef405a5-25d3-c1ca-2efe-19058e8cdc90
2026081414,8123bb95-6fd1-71b9-8694-45dc08f20296,9100004,PROJECTA BRUTE FORCE THRESHOLD,2026-08-15T12:37:04.749506+0000,/login?ok=0&sid=8123bb95-6fd1-71b9-8694-45dc08f20296
2026081414,c83b6c27-e8fa-a888-ea64-61d886b2e605,9100004,PROJECTA BRUTE FORCE THRESHOLD,2026-08-15T12:37:04.367102+0000,/login?ok=0&sid=c83b6c27-e8fa-a888-ea64-61d886b2e605
2026081414,4c9aa875-005c-ae62-482f-c23a7451dc8b,9100004,PROJECTA BRUTE FORCE THRESHOLD,2026-08-15T12:37:03.900106+0000,/login?ok=0&sid=4c9aa875-005c-ae62-482f-c23a7451dc8b
2026081414,872f041f-d6f6-a83b-1b40-d182b801a9d5,9100004,PROJECTA BRUTE FORCE THRESHOLD,2026-08-15T12:37:04.429099+0000,/login?ok=0&sid=872f041f-d6f6-a83b-1b40-d182b801a9d5
2026081414,a7e8c722-c408-662f-7a99-23757914674e,9100002,PROJECTA PATH TRAVERSAL,2026-08-15T12:37:04.847880+0000,/%2e%2e/%2e%2e/etc/passwd?sid=a7e8c722-c408-662f-7a99-23757914674e
2026081414,3d0a53de-c52d-5b30-3b44-0744abeaeb0c,9100004,PROJECTA BRUTE FORCE THRESHOLD,2026-08-15T12:37:03.665553+0000,/login?ok=0&sid=3d0a53de-c52d-5b30-3b44-0744abeaeb0c
2026081414,1c7ad19c-ad4b-a17e-5754-4b193e0f32db,9100004,PROJECTA BRUTE FORCE THRESHOLD,2026-08-15T12:37:04.243589+0000,/login?ok=0&sid=1c7ad19c-ad4b-a17e-5754-4b193e0f32db
2026081414,9cb48f60-fe33-1509-a54d-be75998b3d37,9100002,PROJECTA PATH TRAVERSAL,2026-08-15T12:37:04.605727+0000,/%2e%2e/%2e%2e/etc/passwd?sid=9cb48f60-fe33-1509-a54d-be75998b3d37
2026081414,bc349c71-6af3-e70f-7919-033b09035f1c,9100004,PROJECTA BRUTE FORCE THRESHOLD,2026-08-15T12:37:04.351399+0000,/login?ok=0&sid=bc349c71-6af3-e70f-7919-033b09035f1c
2026081414,c546b4b6-db09-7746-6562-ed1d7841f9ee,9100004,PROJECTA BRUTE FORCE THRESHOLD,2026-08-15T12:37:04.740027+0000,/login?ok=0&sid=c546b4b6-db09-7746-6562-ed1d7841f9ee
2026081414,140e039f-fbcc-2ac8-8742-05771213f6e1,9100004,PROJECTA BRUTE FORCE THRESHOLD,2026-08-15T12:37:04.025690+0000,/login?ok=0&sid=140e039f-fbcc-2ac8-8742-05771213f6e1
2026081414,894c6d8c-833f-f3f5-0b77-dbbfffc026f6,9100004,PROJECTA BRUTE FORCE THRESHOLD,2026-08-15T12:37:04.361492+0000,/login?ok=0&sid=894c6d8c-833f-f3f5-0b77-dbbfffc026f6
2026081414,18d7349c-888e-7eff-1802-9aba995fd52a,9100004,PROJECTA BRUTE FORCE THRESHOLD,2026-08-15T12:37:04.683019+0000,/login?ok=0&sid=18d7349c-888e-7eff-1802-9aba995fd52a
2026081414,2892a493-4965-3e41-b21d-205583deeb30,9100004,PROJECTA BRUTE FORCE THRESHOLD,2026-08-15T12:37:03.741204+0000,/login?ok=0&sid=2892a493-4965-3e41-b21d-205583deeb30
2026081414,d691dd76-c697-a391-f914-3284e59090b2,9100004,PROJECTA BRUTE FORCE THRESHOLD,2026-08-15T12:37:04.398517+0000,/login?ok=0&sid=d691dd76-c697-a391-f914-3284e59090b2
2026081414,e613720c-ea47-f29c-e3ce-8c8715edd3f0,9100001,PROJECTA ADMIN SENSITIVE ACCESS,2026-08-15T12:37:04.297501+0000,/admin/secret?sid=e613720c-ea47-f29c-e3ce-8c8715edd3f0
2026081414,b98e7acd-610c-0ef8-9380-409d7544b8ec,9100004,PROJECTA BRUTE FORCE THRESHOLD,2026-08-15T12:37:04.420369+0000,/login?ok=0&sid=b98e7acd-610c-0ef8-9380-409d7544b8ec
2026081414,b031aac6-1633-4898-9dc2-3dfea4e9072e,9100004,PROJECTA BRUTE FORCE THRESHOLD,2026-08-15T12:37:04.694365+0000,/login?ok=0&sid=b031aac6-1633-4898-9dc2-3dfea4e9072e
2026081414,1e2ee760-61ca-918f-447f-f00c215014b1,9100003,PROJECTA COMMAND PROBE,2026-08-15T12:37:04.863977+0000,/cmd?x=id&sid=1e2ee760-61ca-918f-447f-f00c215014b1
2026081414,345e08d7-9dc2-7562-ac54-550c98a3788a,9100003,PROJECTA COMMAND PROBE,2026-08-15T12:37:04.729159+0000,/cmd?x=id&sid=345e08d7-9dc2-7562-ac54-550c98a3788a
2026081414,05cee204-58e1-f53b-0657-c48ee1803bba,9100004,PROJECTA BRUTE FORCE THRESHOLD,2026-08-15T12:37:03.922464+0000,/login?ok=0&sid=05cee204-58e1-f53b-0657-c48ee1803bba
2026081414,d00f9c15-8bac-2378-f8e8-3d2f814a11cb,9100004,PROJECTA BRUTE FORCE THRESHOLD,2026-08-15T12:37:04.775381+0000,/login?ok=0&sid=d00f9c15-8bac-2378-f8e8-3d2f814a11cb
2026081414,f9d1becb-3eba-830c-5e67-365cf8a78150,9100004,PROJECTA BRUTE FORCE THRESHOLD,2026-08-15T12:37:04.780411+0000,/login?ok=0&sid=f9d1becb-3eba-830c-5e67-365cf8a78150
2026081414,86e2749b-cd55-0eb9-f347-1f15e4e84cf6,9100004,PROJECTA BRUTE FORCE THRESHOLD,2026-08-15T12:37:04.051177+0000,/login?ok=0&sid=86e2749b-cd55-0eb9-f347-1f15e4e84cf6
2026081414,f61f3c0f-7d94-08e4-4091-fd8c3c3b0270,9100004,PROJECTA BRUTE FORCE THRESHOLD,2026-08-15T12:37:04.668641+0000,/login?ok=0&sid=f61f3c0f-7d94-08e4-4091-fd8c3c3b0270
2026081415,c52e6ca1-fec9-add0-9d3a-f752ec43c641,9100004,PROJECTA BRUTE FORCE THRESHOLD,2026-08-15T12:37:12.184627+0000,/login?ok=0&sid=c52e6ca1-fec9-add0-9d3a-f752ec43c641
2026081415,6a45c65f-0a0f-3c08-d660-b5da7a4781ff,9100004,PROJECTA BRUTE FORCE THRESHOLD,2026-08-15T12:37:12.780554+0000,/login?ok=0&sid=6a45c65f-0a0f-3c08-d660-b5da7a4781ff
2026081415,9232405f-5c4a-9fcd-4b2b-258d88176188,9100002,PROJECTA PATH TRAVERSAL,2026-08-15T12:37:12.505139+0000,/%2e%2e/%2e%2e/etc/passwd?sid=9232405f-5c4a-9fcd-4b2b-258d88176188
2026081415,92179b0c-8248-bd28-716b-ea035e3fa981,9100004,PROJECTA BRUTE FORCE THRESHOLD,2026-08-15T12:37:12.484096+0000,/login?ok=0&sid=92179b0c-8248-bd28-716b-ea035e3fa981
2026081415,31aa0d46-532f-2efe-adaa-3f77c3a55a93,9100004,PROJECTA BRUTE FORCE THRESHOLD,2026-08-15T12:37:12.114000+0000,/login?ok=0&sid=31aa0d46-532f-2efe-adaa-3f77c3a55a93
2026081415,0cf2ef59-3305-18a4-0ea7-9e967f6c414c,9100004,PROJECTA BRUTE FORCE THRESHOLD,2026-08-15T12:37:12.165994+0000,/login?ok=0&sid=0cf2ef59-3305-18a4-0ea7-9e967f6c414c
2026081415,c70295a7-6a84-cc3e-10e8-0c3354137ff1,9100004,PROJECTA BRUTE FORCE THRESHOLD,2026-08-15T12:37:12.136095+0000,/login?ok=0&sid=c70295a7-6a84-cc3e-10e8-0c3354137ff1
2026081415,defeab90-5805-d4a3-e89e-097f41fe5829,9100004,PROJECTA BRUTE FORCE THRESHOLD,2026-08-15T12:37:12.461766+0000,/login?ok=0&sid=defeab90-5805-d4a3-e89e-097f41fe5829
2026081415,bcd45876-8b34-3389-4959-da0fe83d832a,9100004,PROJECTA BRUTE FORCE THRESHOLD,2026-08-15T12:37:12.192715+0000,/login?ok=0&sid=bcd45876-8b34-3389-4959-da0fe83d832a
2026081415,6b53252f-8940-0c01-0325-c691bd10d484,9100004,PROJECTA BRUTE FORCE THRESHOLD,2026-08-15T12:37:12.130175+0000,/login?ok=0&sid=6b53252f-8940-0c01-0325-c691bd10d484
2026081415,217f11a0-076b-5d38-b25c-73b3cc4bff10,9100004,PROJECTA BRUTE FORCE THRESHOLD,2026-08-15T12:37:13.064822+0000,/login?ok=0&sid=217f11a0-076b-5d38-b25c-73b3cc4bff10
2026081415,cd410727-1ee3-32fa-83a9-3ef30b0d05bd,9100004,PROJECTA BRUTE FORCE THRESHOLD,2026-08-15T12:37:12.471267+0000,/login?ok=0&sid=cd410727-1ee3-32fa-83a9-3ef30b0d05bd
2026081415,7f0cc14e-4d46-8a35-79c5-6508fd8c7dc5,9100004,PROJECTA BRUTE FORCE THRESHOLD,2026-08-15T12:37:13.081544+0000,/login?ok=0&sid=7f0cc14e-4d46-8a35-79c5-6508fd8c7dc5
2026081415,0331419a-fe34-89dd-1463-250c3faac52f,9100004,PROJECTA BRUTE FORCE THRESHOLD,2026-08-15T12:37:11.966502+0000,/login?ok=0&sid=0331419a-fe34-89dd-1463-250c3faac52f
2026081415,c19f4327-eb10-761f-2f72-4f74330dd8d4,9100004,PROJECTA BRUTE FORCE THRESHOLD,2026-08-15T12:37:12.488670+0000,/login?ok=0&sid=c19f4327-eb10-761f-2f72-4f74330dd8d4
2026081415,96ea8735-e8d5-ae3d-032d-61aca87f9f6c,9100004,PROJECTA BRUTE FORCE THRESHOLD,2026-08-15T12:37:13.069325+0000,/login?ok=0&sid=96ea8735-e8d5-ae3d-032d-61aca87f9f6c
2026081415,84394ae2-f1a8-94ff-8580-9770f7d0e7bf,9100004,PROJECTA BRUTE FORCE THRESHOLD,2026-08-15T12:37:12.179390+0000,/login?ok=0&sid=84394ae2-f1a8-94ff-8580-9770f7d0e7bf
2026081415,fcafed19-d705-2f59-92f9-569edff32036,9100004,PROJECTA BRUTE FORCE THRESHOLD,2026-08-15T12:37:12.818377+0000,/login?ok=0&sid=fcafed19-d705-2f59-92f9-569edff32036
2026081415,06ea82c4-3cc8-3131-acc4-43acf74fe781,9100004,PROJECTA BRUTE FORCE THRESHOLD,2026-08-15T12:37:12.145689+0000,/login?ok=0&sid=06ea82c4-3cc8-3131-acc4-43acf74fe781
2026081415,0d153213-5ae9-e0c0-ddea-07772c8a49d3,9100004,PROJECTA BRUTE FORCE THRESHOLD,2026-08-15T12:37:12.154658+0000,/login?ok=0&sid=0d153213-5ae9-e0c0-ddea-07772c8a49d3
2026081415,322f328c-43a3-070b-6c9f-855d5b0971e1,9100004,PROJECTA BRUTE FORCE THRESHOLD,2026-08-15T12:37:12.833905+0000,/login?ok=0&sid=322f328c-43a3-070b-6c9f-855d5b0971e1
2026081415,1b16484d-ec5a-56c9-43c9-0cf2c5530158,9100004,PROJECTA BRUTE FORCE THRESHOLD,2026-08-15T12:37:13.224729+0000,/login?ok=0&sid=1b16484d-ec5a-56c9-43c9-0cf2c5530158
2026081415,55b55659-7440-bd5e-5d2e-ea4c33061642,9100001,PROJECTA ADMIN SENSITIVE ACCESS,2026-08-15T12:37:12.757038+0000,/admin/secret?sid=55b55659-7440-bd5e-5d2e-ea4c33061642
2026081415,688a25fe-7e9e-a934-ab0e-b263efa2292b,9100004,PROJECTA BRUTE FORCE THRESHOLD,2026-08-15T12:37:13.203549+0000,/login?ok=0&sid=688a25fe-7e9e-a934-ab0e-b263efa2292b
2026081415,a8d3969b-a347-8420-9463-7db501535f02,9100001,PROJECTA ADMIN SENSITIVE ACCESS,2026-08-15T12:37:12.440000+0000,/admin/secret?sid=a8d3969b-a347-8420-9463-7db501535f02
2026081415,00eeb895-55ce-e243-775d-2f97f5b046cd,9100004,PROJECTA BRUTE FORCE THRESHOLD,2026-08-15T12:37:13.360446+0000,/login?ok=0&sid=00eeb895-55ce-e243-775d-2f97f5b046cd
2026081415,5570cd81-9100-3c34-c40f-129b68aa7450,9100003,PROJECTA COMMAND PROBE,2026-08-15T12:37:12.707384+0000,/cmd?x=id&sid=5570cd81-9100-3c34-c40f-129b68aa7450
2026081415,d542001f-f044-1638-f64f-a0215175253e,9100004,PROJECTA BRUTE FORCE THRESHOLD,2026-08-15T12:37:13.484329+0000,/login?ok=0&sid=d542001f-f044-1638-f64f-a0215175253e
2026081415,f1ef1d90-8c44-2ad6-2376-0e487c774381,9100004,PROJECTA BRUTE FORCE THRESHOLD,2026-08-15T12:37:12.121006+0000,/login?ok=0&sid=f1ef1d90-8c44-2ad6-2376-0e487c774381
2026081415,58683ea6-18a8-d02d-b89d-0d2acf67954d,9100004,PROJECTA BRUTE FORCE THRESHOLD,2026-08-15T12:37:13.715257+0000,/login?ok=0&sid=58683ea6-18a8-d02d-b89d-0d2acf67954d
2026081415,4a21569a-d5c1-2098-1620-bfbd6655d6e2,9100002,PROJECTA PATH TRAVERSAL,2026-08-15T12:37:12.448116+0000,/%2e%2e/%2e%2e/etc/passwd?sid=4a21569a-d5c1-2098-1620-bfbd6655d6e2
2026081415,7994fe42-1a77-731e-ada5-4e8929c8e62d,9100004,PROJECTA BRUTE FORCE THRESHOLD,2026-08-15T12:37:12.466907+0000,/login?ok=0&sid=7994fe42-1a77-731e-ada5-4e8929c8e62d
2026081415,de26fd21-1b7f-e8d8-7d8b-2801d30df350,9100004,PROJECTA BRUTE FORCE THRESHOLD,2026-08-15T12:37:12.641289+0000,/login?ok=0&sid=de26fd21-1b7f-e8d8-7d8b-2801d30df350
2026081415,d42fff51-6ab2-277f-f4c0-5bebf920defa,9100004,PROJECTA BRUTE FORCE THRESHOLD,2026-08-15T12:37:13.238132+0000,/login?ok=0&sid=d42fff51-6ab2-277f-f4c0-5bebf920defa
2026081415,7176d828-93df-4746-84d1-bd0f8432648e,9100004,PROJECTA BRUTE FORCE THRESHOLD,2026-08-15T12:37:13.092890+0000,/login?ok=0&sid=7176d828-93df-4746-84d1-bd0f8432648e
2026081415,f73a128b-9a8e-5dc8-d258-994fc8e54668,9100004,PROJECTA BRUTE FORCE THRESHOLD,2026-08-15T12:37:13.479968+0000,/login?ok=0&sid=f73a128b-9a8e-5dc8-d258-994fc8e54668
2026081415,4c5d3263-5455-ea0d-a5c9-a4527c0a7316,9100004,PROJECTA BRUTE FORCE THRESHOLD,2026-08-15T12:37:13.107772+0000,/login?ok=0&sid=4c5d3263-5455-ea0d-a5c9-a4527c0a7316
2026081415,3028d40d-84a2-5dd9-9eeb-f71e23b13f57,9100004,PROJECTA BRUTE FORCE THRESHOLD,2026-08-15T12:37:12.675604+0000,/login?ok=0&sid=3028d40d-84a2-5dd9-9eeb-f71e23b13f57
2026081415,21fbdefe-dbe8-2898-dfb7-7adfa714f8ce,9100004,PROJECTA BRUTE FORCE THRESHOLD,2026-08-15T12:37:12.791849+0000,/login?ok=0&sid=21fbdefe-dbe8-2898-dfb7-7adfa714f8ce
2026081415,e420723f-d4d5-031c-c907-487cfcf0961a,9100004,PROJECTA BRUTE FORCE THRESHOLD,2026-08-15T12:37:13.355536+0000,/login?ok=0&sid=e420723f-d4d5-031c-c907-487cfcf0961a
2026081415,d532c352-d766-c932-c093-ac3ff1803527,9100003,PROJECTA COMMAND PROBE,2026-08-15T12:37:13.273881+0000,/cmd?x=id&sid=d532c352-d766-c932-c093-ac3ff1803527
2026081415,922b941d-09a4-d734-5715-e312fc63ff6f,9100004,PROJECTA BRUTE FORCE THRESHOLD,2026-08-15T12:37:13.341360+0000,/login?ok=0&sid=922b941d-09a4-d734-5715-e312fc63ff6f
2026081415,cad2e90f-bf35-17d5-94d3-427fe4fa6b86,9100004,PROJECTA BRUTE FORCE THRESHOLD,2026-08-15T12:37:12.807718+0000,/login?ok=0&sid=cad2e90f-bf35-17d5-94d3-427fe4fa6b86
2026081415,ccd8d7e2-dabf-118e-595b-8355a95b1ff9,9100004,PROJECTA BRUTE FORCE THRESHOLD,2026-08-15T12:37:13.558905+0000,/login?ok=0&sid=ccd8d7e2-dabf-118e-595b-8355a95b1ff9
2026081415,ac63d400-7fc4-c16e-2acd-bc43c7f5ed0f,9100004,PROJECTA BRUTE FORCE THRESHOLD,2026-08-15T12:37:13.498647+0000,/login?ok=0&sid=ac63d400-7fc4-c16e-2acd-bc43c7f5ed0f
2026081415,de8af92c-7e05-4d50-82cd-d080372f0905,9100002,PROJECTA PATH TRAVERSAL,2026-08-15T12:37:13.586680+0000,/%2e%2e/%2e%2e/etc/passwd?sid=de8af92c-7e05-4d50-82cd-d080372f0905
2026081415,3ab66c1b-1658-1a52-754e-aabf17a7796e,9100001,PROJECTA ADMIN SENSITIVE ACCESS,2026-08-15T12:37:13.394818+0000,/admin/secret?sid=3ab66c1b-1658-1a52-754e-aabf17a7796e
2026081415,c5575259-6937-3ae1-5b04-42bba041822c,9100004,PROJECTA BRUTE FORCE THRESHOLD,2026-08-15T12:37:12.624348+0000,/login?ok=0&sid=c5575259-6937-3ae1-5b04-42bba041822c
2026081415,51a8a877-d7b4-9f54-fd77-90889b26afaf,9100004,PROJECTA BRUTE FORCE THRESHOLD,2026-08-15T12:37:13.534266+0000,/login?ok=0&sid=51a8a877-d7b4-9f54-fd77-90889b26afaf
2026081415,655a5f9b-6f60-75c3-5fee-c6194e9eb0d2,9100004,PROJECTA BRUTE FORCE THRESHOLD,2026-08-15T12:37:12.661383+0000,/login?ok=0&sid=655a5f9b-6f60-75c3-5fee-c6194e9eb0d2
2026081415,86b4889f-3abc-e5ce-6cac-dd4a2d327d5a,9100004,PROJECTA BRUTE FORCE THRESHOLD,2026-08-15T12:37:13.550963+0000,/login?ok=0&sid=86b4889f-3abc-e5ce-6cac-dd4a2d327d5a
2026081415,4c02efa3-4187-fd32-ec21-70d16ed7cc69,9100004,PROJECTA BRUTE FORCE THRESHOLD,2026-08-15T12:37:13.567945+0000,/login?ok=0&sid=4c02efa3-4187-fd32-ec21-70d16ed7cc69
2026081415,95131c28-8113-0dde-fcd0-58bee7d785fa,9100004,PROJECTA BRUTE FORCE THRESHOLD,2026-08-15T12:37:13.213739+0000,/login?ok=0&sid=95131c28-8113-0dde-fcd0-58bee7d785fa
2026081415,40b1313e-d391-e2ef-8ecf-0708f3e91786,9100004,PROJECTA BRUTE FORCE THRESHOLD,2026-08-15T12:37:13.563237+0000,/login?ok=0&sid=40b1313e-d391-e2ef-8ecf-0708f3e91786
2026081415,06324466-2812-1fd0-288e-4a2a1bba0c03,9100001,PROJECTA ADMIN SENSITIVE ACCESS,2026-08-15T12:37:13.635392+0000,/admin/secret?sid=06324466-2812-1fd0-288e-4a2a1bba0c03
2026081415,560d7814-3cc8-fd36-69c2-d388378ea8d5,9100003,PROJECTA COMMAND PROBE,2026-08-15T12:37:13.619814+0000,/cmd?x=id&sid=560d7814-3cc8-fd36-69c2-d388378ea8d5
2026081415,81ccc8a7-5a85-f7be-41ad-70656f55e182,9100004,PROJECTA BRUTE FORCE THRESHOLD,2026-08-15T12:37:13.742964+0000,/login?ok=0&sid=81ccc8a7-5a85-f7be-41ad-70656f55e182
2026081415,698e1488-bed4-2c0b-ec74-20c8f68ebaff,9100004,PROJECTA BRUTE FORCE THRESHOLD,2026-08-15T12:37:14.075435+0000,/login?ok=0&sid=698e1488-bed4-2c0b-ec74-20c8f68ebaff
2026081415,946f3422-d425-8ba8-7c64-9fc1f193fea3,9100002,PROJECTA PATH TRAVERSAL,2026-08-15T12:37:13.686228+0000,/%2e%2e/%2e%2e/etc/passwd?sid=946f3422-d425-8ba8-7c64-9fc1f193fea3
2026081415,ba1413ca-bb2e-df87-88d1-2c077680b6ae,9100001,PROJECTA ADMIN SENSITIVE ACCESS,2026-08-15T12:37:13.896500+0000,/admin/secret?sid=ba1413ca-bb2e-df87-88d1-2c077680b6ae
2026081415,08cc9841-a9b3-eb25-d4d3-bcb83c6f9708,9100004,PROJECTA BRUTE FORCE THRESHOLD,2026-08-15T12:37:13.729593+0000,/login?ok=0&sid=08cc9841-a9b3-eb25-d4d3-bcb83c6f9708
2026081415,b72e90cd-9473-2392-ae84-3526da5a720f,9100004,PROJECTA BRUTE FORCE THRESHOLD,2026-08-15T12:37:13.320926+0000,/login?ok=0&sid=b72e90cd-9473-2392-ae84-3526da5a720f
2026081415,ccb60737-6d52-62ac-181b-e26efe0cf157,9100003,PROJECTA COMMAND PROBE,2026-08-15T12:37:14.170754+0000,/cmd?x=id&sid=ccb60737-6d52-62ac-181b-e26efe0cf157
2026081415,d3c92439-dee1-28ba-1a06-4aba35ed5f47,9100004,PROJECTA BRUTE FORCE THRESHOLD,2026-08-15T12:37:12.646770+0000,/login?ok=0&sid=d3c92439-dee1-28ba-1a06-4aba35ed5f47
2026081415,a0545a19-905b-8b85-994e-7e80bbca9302,9100004,PROJECTA BRUTE FORCE THRESHOLD,2026-08-15T12:37:13.465152+0000,/login?ok=0&sid=a0545a19-905b-8b85-994e-7e80bbca9302
2026081415,22ff504f-3277-7405-3506-a80122ea29f2,9100002,PROJECTA PATH TRAVERSAL,2026-08-15T12:37:13.830363+0000,/%2e%2e/%2e%2e/etc/passwd?sid=22ff504f-3277-7405-3506-a80122ea29f2
2026081415,40cdf53a-5d75-b323-df81-951c1f44c2ea,9100004,PROJECTA BRUTE FORCE THRESHOLD,2026-08-15T12:37:13.325969+0000,/login?ok=0&sid=40cdf53a-5d75-b323-df81-951c1f44c2ea
2026081415,77146e79-4094-1edb-9d90-66ce9a50798b,9100004,PROJECTA BRUTE FORCE THRESHOLD,2026-08-15T12:37:14.065166+0000,/login?ok=0&sid=77146e79-4094-1edb-9d90-66ce9a50798b
2026081415,b9a371ca-1da5-ed19-16a4-9d7685717c57,9100002,PROJECTA PATH TRAVERSAL,2026-08-15T12:37:13.023937+0000,/%2e%2e/%2e%2e/etc/passwd?sid=b9a371ca-1da5-ed19-16a4-9d7685717c57
2026081415,83af5897-e72a-961f-f76b-7f9c2850582c,9100003,PROJECTA COMMAND PROBE,2026-08-15T12:37:13.980974+0000,/cmd?x=id&sid=83af5897-e72a-961f-f76b-7f9c2850582c
2026081415,3ee9b58e-5f70-0a86-20d2-716aa22ccaf9,9100004,PROJECTA BRUTE FORCE THRESHOLD,2026-08-15T12:37:13.640731+0000,/login?ok=0&sid=3ee9b58e-5f70-0a86-20d2-716aa22ccaf9
2026081415,63ce89b2-e9b9-bbd4-e0cc-c9e58481d28d,9100004,PROJECTA BRUTE FORCE THRESHOLD,2026-08-15T12:37:14.389245+0000,/login?ok=0&sid=63ce89b2-e9b9-bbd4-e0cc-c9e58481d28d
2026081415,a816769c-b0ac-08a5-c7ed-4ec418c7718d,9100004,PROJECTA BRUTE FORCE THRESHOLD,2026-08-15T12:37:13.679521+0000,/login?ok=0&sid=a816769c-b0ac-08a5-c7ed-4ec418c7718d
2026081415,59c3241c-5273-3990-aa6c-a19c306ba87d,9100004,PROJECTA BRUTE FORCE THRESHOLD,2026-08-15T12:37:13.710122+0000,/login?ok=0&sid=59c3241c-5273-3990-aa6c-a19c306ba87d
2026081415,2fb77366-484b-cf15-b90b-ac6cb8f6a5c8,9100004,PROJECTA BRUTE FORCE THRESHOLD,2026-08-15T12:37:14.240002+0000,/login?ok=0&sid=2fb77366-484b-cf15-b90b-ac6cb8f6a5c8
2026081415,da3199c2-71d5-56dc-3f87-7d078678db1f,9100004,PROJECTA BRUTE FORCE THRESHOLD,2026-08-15T12:37:13.515869+0000,/login?ok=0&sid=da3199c2-71d5-56dc-3f87-7d078678db1f
2026081415,73c0e177-eed2-29c0-6f13-830de4ab395a,9100004,PROJECTA BRUTE FORCE THRESHOLD,2026-08-15T12:37:13.656057+0000,/login?ok=0&sid=73c0e177-eed2-29c0-6f13-830de4ab395a
2026081415,15fb86aa-27b6-0ce6-5c29-86971f22dc14,9100003,PROJECTA COMMAND PROBE,2026-08-15T12:37:13.181374+0000,/cmd?x=id&sid=15fb86aa-27b6-0ce6-5c29-86971f22dc14
2026081415,cae5243e-70aa-3890-d204-65a84605fe67,9100004,PROJECTA BRUTE FORCE THRESHOLD,2026-08-15T12:37:14.844742+0000,/login?ok=0&sid=cae5243e-70aa-3890-d204-65a84605fe67
2026081415,66413a03-d83f-10b9-8a91-94c1472875b3,9100004,PROJECTA BRUTE FORCE THRESHOLD,2026-08-15T12:37:14.253638+0000,/login?ok=0&sid=66413a03-d83f-10b9-8a91-94c1472875b3
2026081415,c13d618f-daf2-3e37-fbf7-03fcdbd3fad9,9100004,PROJECTA BRUTE FORCE THRESHOLD,2026-08-15T12:37:13.664852+0000,/login?ok=0&sid=c13d618f-daf2-3e37-fbf7-03fcdbd3fad9
2026081415,4e8a94f8-75f2-2384-6521-a5d4d5e4ef3b,9100004,PROJECTA BRUTE FORCE THRESHOLD,2026-08-15T12:37:14.625217+0000,/login?ok=0&sid=4e8a94f8-75f2-2384-6521-a5d4d5e4ef3b
2026081415,2efe6817-f391-451b-0a08-e0b808e8c24d,9100004,PROJECTA BRUTE FORCE THRESHOLD,2026-08-15T12:37:14.283488+0000,/login?ok=0&sid=2efe6817-f391-451b-0a08-e0b808e8c24d
2026081415,328f4179-6893-5517-28f2-a786bb05c48a,9100004,PROJECTA BRUTE FORCE THRESHOLD,2026-08-15T12:37:13.191291+0000,/login?ok=0&sid=328f4179-6893-5517-28f2-a786bb05c48a
2026081415,eb970a0a-6dcf-15fc-be40-9756f48de0c9,9100004,PROJECTA BRUTE FORCE THRESHOLD,2026-08-15T12:37:14.383923+0000,/login?ok=0&sid=eb970a0a-6dcf-15fc-be40-9756f48de0c9
2026081415,9d30df62-bda4-6e0a-a3d6-18240b66b552,9100004,PROJECTA BRUTE FORCE THRESHOLD,2026-08-15T12:37:13.668630+0000,/login?ok=0&sid=9d30df62-bda4-6e0a-a3d6-18240b66b552
2026081415,503a50ba-4dd1-9215-f991-e1af806d7a78,9100001,PROJECTA ADMIN SENSITIVE ACCESS,2026-08-15T12:37:14.894884+0000,/admin/secret?sid=503a50ba-4dd1-9215-f991-e1af806d7a78
2026081415,f0f038b7-f677-aa96-0702-fd3bb5e95c2c,9100004,PROJECTA BRUTE FORCE THRESHOLD,2026-08-15T12:37:14.405657+0000,/login?ok=0&sid=f0f038b7-f677-aa96-0702-fd3bb5e95c2c
2026081415,93879e77-5c17-f56a-9a76-30592eb147af,9100004,PROJECTA BRUTE FORCE THRESHOLD,2026-08-15T12:37:14.311686+0000,/login?ok=0&sid=93879e77-5c17-f56a-9a76-30592eb147af
2026081415,4a5f77e1-a709-4258-6466-ee43605ff7dc,9100001,PROJECTA ADMIN SENSITIVE ACCESS,2026-08-15T12:37:13.260970+0000,/admin/secret?sid=4a5f77e1-a709-4258-6466-ee43605ff7dc
2026081415,11ddd189-2cfc-777d-f84d-258a1ddad94c,9100004,PROJECTA BRUTE FORCE THRESHOLD,2026-08-15T12:37:14.109690+0000,/login?ok=0&sid=11ddd189-2cfc-777d-f84d-258a1ddad94c
2026081415,d80f9c98-56ba-9033-e9d0-5388fb13abcc,9100004,PROJECTA BRUTE FORCE THRESHOLD,2026-08-15T12:37:14.665098+0000,/login?ok=0&sid=d80f9c98-56ba-9033-e9d0-5388fb13abcc
2026081415,ba3c2c38-d9bc-616d-f362-8e5d9df2185f,9100004,PROJECTA BRUTE FORCE THRESHOLD,2026-08-15T12:37:14.880512+0000,/login?ok=0&sid=ba3c2c38-d9bc-616d-f362-8e5d9df2185f
2026081415,fb7594fc-a961-e523-a4df-7356c8970198,9100004,PROJECTA BRUTE FORCE THRESHOLD,2026-08-15T12:37:14.040009+0000,/login?ok=0&sid=fb7594fc-a961-e523-a4df-7356c8970198
2026081415,54c042a2-a964-6c60-fabe-269d3b587797,9100004,PROJECTA BRUTE FORCE THRESHOLD,2026-08-15T12:37:14.028823+0000,/login?ok=0&sid=54c042a2-a964-6c60-fabe-269d3b587797
2026081415,61300d1c-18af-bfb1-81db-a4579b6d5751,9100001,PROJECTA ADMIN SENSITIVE ACCESS,2026-08-15T12:37:13.387747+0000,/admin/secret?sid=61300d1c-18af-bfb1-81db-a4579b6d5751
2026081415,a5da49af-08b7-a23c-1745-3678946e9d76,9100003,PROJECTA COMMAND PROBE,2026-08-15T12:37:14.898914+0000,/cmd?x=id&sid=a5da49af-08b7-a23c-1745-3678946e9d76
2026081415,3be66f6a-d3b8-5f47-2425-918323d27410,9100002,PROJECTA PATH TRAVERSAL,2026-08-15T12:37:14.021849+0000,/%2e%2e/%2e%2e/etc/passwd?sid=3be66f6a-d3b8-5f47-2425-918323d27410
2026081415,fbccb6a0-b2cb-1443-b848-acb2b50dd63d,9100004,PROJECTA BRUTE FORCE THRESHOLD,2026-08-15T12:37:14.298690+0000,/login?ok=0&sid=fbccb6a0-b2cb-1443-b848-acb2b50dd63d
2026081415,5bf3dfe8-4f39-2f84-6337-7093ed2dc858,9100003,PROJECTA COMMAND PROBE,2026-08-15T12:37:14.554126+0000,/cmd?x=id&sid=5bf3dfe8-4f39-2f84-6337-7093ed2dc858
2026081415,368d3491-210e-7d65-27c5-f0983a338811,9100004,PROJECTA BRUTE FORCE THRESHOLD,2026-08-15T12:37:14.270318+0000,/login?ok=0&sid=368d3491-210e-7d65-27c5-f0983a338811
2026081415,bd717916-0989-2231-0b2f-cf019322d907,9100004,PROJECTA BRUTE FORCE THRESHOLD,2026-08-15T12:37:13.733591+0000,/login?ok=0&sid=bd717916-0989-2231-0b2f-cf019322d907
2026081415,7cc6f339-5c80-91a8-0670-7caa15bdf15c,9100004,PROJECTA BRUTE FORCE THRESHOLD,2026-08-15T12:37:14.400514+0000,/login?ok=0&sid=7cc6f339-5c80-91a8-0670-7caa15bdf15c
2026081415,7fab52ee-0a77-4b2a-8443-d0b95e8cbc9c,9100004,PROJECTA BRUTE FORCE THRESHOLD,2026-08-15T12:37:14.413427+0000,/login?ok=0&sid=7fab52ee-0a77-4b2a-8443-d0b95e8cbc9c
2026081415,fdd20001-4d7d-59e9-37b6-c990e8228551,9100004,PROJECTA BRUTE FORCE THRESHOLD,2026-08-15T12:37:14.056002+0000,/login?ok=0&sid=fdd20001-4d7d-59e9-37b6-c990e8228551
2026081415,887d1d50-0999-bf0a-e23a-51c1b5ae461c,9100004,PROJECTA BRUTE FORCE THRESHOLD,2026-08-15T12:37:14.102053+0000,/login?ok=0&sid=887d1d50-0999-bf0a-e23a-51c1b5ae461c
2026081415,aa904d70-f0c3-9a55-5a70-50ce84089a09,9100004,PROJECTA BRUTE FORCE THRESHOLD,2026-08-15T12:37:14.317417+0000,/login?ok=0&sid=aa904d70-f0c3-9a55-5a70-50ce84089a09
2026081415,666ed383-e6e2-d5d1-b627-5dbe810ece40,9100004,PROJECTA BRUTE FORCE THRESHOLD,2026-08-15T12:37:14.348375+0000,/login?ok=0&sid=666ed383-e6e2-d5d1-b627-5dbe810ece40
2026081415,b4ea9ac8-dacd-4713-2921-0a8fb6fd83e1,9100004,PROJECTA BRUTE FORCE THRESHOLD,2026-08-15T12:37:14.122205+0000,/login?ok=0&sid=b4ea9ac8-dacd-4713-2921-0a8fb6fd83e1
2026081415,79b9484f-64ab-d0c2-144f-961057690110,9100004,PROJECTA BRUTE FORCE THRESHOLD,2026-08-15T12:37:14.872980+0000,/login?ok=0&sid=79b9484f-64ab-d0c2-144f-961057690110
2026081415,102433ad-b18f-c860-38aa-3cf7957d39c7,9100004,PROJECTA BRUTE FORCE THRESHOLD,2026-08-15T12:37:14.641496+0000,/login?ok=0&sid=102433ad-b18f-c860-38aa-3cf7957d39c7
2026081415,c8d26d78-4159-a3f0-8052-8387a5e074c4,9100004,PROJECTA BRUTE FORCE THRESHOLD,2026-08-15T12:37:14.452881+0000,/login?ok=0&sid=c8d26d78-4159-a3f0-8052-8387a5e074c4
2026081415,88b8925d-58b1-1b45-3b72-c8b7562ed943,9100004,PROJECTA BRUTE FORCE THRESHOLD,2026-08-15T12:37:14.429721+0000,/login?ok=0&sid=88b8925d-58b1-1b45-3b72-c8b7562ed943
2026081415,c3f52b8b-ab3c-3975-fa2c-3261db596cb9,9100004,PROJECTA BRUTE FORCE THRESHOLD,2026-08-15T12:37:14.141129+0000,/login?ok=0&sid=c3f52b8b-ab3c-3975-fa2c-3261db596cb9
2026081415,3b21c680-2c33-e9da-fac9-0ffec6e85dd6,9100004,PROJECTA BRUTE FORCE THRESHOLD,2026-08-15T12:37:14.439134+0000,/login?ok=0&sid=3b21c680-2c33-e9da-fac9-0ffec6e85dd6
2026081415,74623823-c552-23b4-2eb8-aaacdaaaef07,9100004,PROJECTA BRUTE FORCE THRESHOLD,2026-08-15T12:37:14.646185+0000,/login?ok=0&sid=74623823-c552-23b4-2eb8-aaacdaaaef07
2026081415,c0e86e39-93c8-5bdd-541d-3ba421502fd0,9100004,PROJECTA BRUTE FORCE THRESHOLD,2026-08-15T12:37:14.151148+0000,/login?ok=0&sid=c0e86e39-93c8-5bdd-541d-3ba421502fd0
2026081415,01e7fa5f-617d-937b-3382-f18e24f4d6eb,9100001,PROJECTA ADMIN SENSITIVE ACCESS,2026-08-15T12:37:14.804603+0000,/admin/secret?sid=01e7fa5f-617d-937b-3382-f18e24f4d6eb
2026081415,dedda383-503f-eb3b-435a-4d4b8f353753,9100004,PROJECTA BRUTE FORCE THRESHOLD,2026-08-15T12:37:14.485514+0000,/login?ok=0&sid=dedda383-503f-eb3b-435a-4d4b8f353753
2026081415,56202b84-9749-2b5b-5235-9c06e58c9485,9100004,PROJECTA BRUTE FORCE THRESHOLD,2026-08-15T12:37:14.650528+0000,/login?ok=0&sid=56202b84-9749-2b5b-5235-9c06e58c9485
2026081415,64911ae0-ecea-f50c-e56a-0324a4640a5b,9100004,PROJECTA BRUTE FORCE THRESHOLD,2026-08-15T12:37:14.258302+0000,/login?ok=0&sid=64911ae0-ecea-f50c-e56a-0324a4640a5b
2026081415,f72d82fa-ba5a-13b6-f0c7-8ca2cc39d7c2,9100003,PROJECTA COMMAND PROBE,2026-08-15T12:37:14.740395+0000,/cmd?x=id&sid=f72d82fa-ba5a-13b6-f0c7-8ca2cc39d7c2
2026081415,dbb500e6-bc0c-5a55-40ef-88e47ef66729,9100004,PROJECTA BRUTE FORCE THRESHOLD,2026-08-15T12:37:14.333744+0000,/login?ok=0&sid=dbb500e6-bc0c-5a55-40ef-88e47ef66729
2026081415,29723173-352e-394a-e350-1f3fc30b7813,9100004,PROJECTA BRUTE FORCE THRESHOLD,2026-08-15T12:37:14.833640+0000,/login?ok=0&sid=29723173-352e-394a-e350-1f3fc30b7813
2026081415,6654ace4-95fb-2b0c-8598-bf25f5398fba,9100003,PROJECTA COMMAND PROBE,2026-08-15T12:37:14.924144+0000,/cmd?x=id&sid=6654ace4-95fb-2b0c-8598-bf25f5398fba
2026081415,f9a78ec4-709f-d703-4c08-09e953647782,9100004,PROJECTA BRUTE FORCE THRESHOLD,2026-08-15T12:37:14.465247+0000,/login?ok=0&sid=f9a78ec4-709f-d703-4c08-09e953647782
2026081415,ec8f253b-c3e1-afe4-30e2-646a28e3c2f6,9100004,PROJECTA BRUTE FORCE THRESHOLD,2026-08-15T12:37:14.859381+0000,/login?ok=0&sid=ec8f253b-c3e1-afe4-30e2-646a28e3c2f6
2026081415,9c8311ad-c08d-8d7d-492d-9b6ac67ce5b7,9100002,PROJECTA PATH TRAVERSAL,2026-08-15T12:37:14.933497+0000,/%2e%2e/%2e%2e/etc/passwd?sid=9c8311ad-c08d-8d7d-492d-9b6ac67ce5b7
2026081416,586c65f3-6082-8d9d-2859-d6af1fbfc121,9100002,PROJECTA PATH TRAVERSAL,2026-08-15T12:37:22.636813+0000,/%2e%2e/%2e%2e/etc/passwd?sid=586c65f3-6082-8d9d-2859-d6af1fbfc121
2026081416,230238ec-ce7a-f689-a014-ad84c1b22e8c,9100004,PROJECTA BRUTE FORCE THRESHOLD,2026-08-15T12:37:22.819974+0000,/login?ok=0&sid=230238ec-ce7a-f689-a014-ad84c1b22e8c
2026081416,03bd32c0-323f-0775-ecc9-b125a2710334,9100004,PROJECTA BRUTE FORCE THRESHOLD,2026-08-15T12:37:22.671752+0000,/login?ok=0&sid=03bd32c0-323f-0775-ecc9-b125a2710334
2026081416,faedd233-acec-7479-854c-a56a6ff37742,9100004,PROJECTA BRUTE FORCE THRESHOLD,2026-08-15T12:37:22.557877+0000,/login?ok=0&sid=faedd233-acec-7479-854c-a56a6ff37742
2026081416,ad26613e-36a0-dbb8-8754-538f947db22e,9100001,PROJECTA ADMIN SENSITIVE ACCESS,2026-08-15T12:37:22.453341+0000,/admin/secret?sid=ad26613e-36a0-dbb8-8754-538f947db22e
2026081416,3eb6a99d-5e86-1d2c-5bfa-b55e4677aa68,9100004,PROJECTA BRUTE FORCE THRESHOLD,2026-08-15T12:37:23.297349+0000,/login?ok=0&sid=3eb6a99d-5e86-1d2c-5bfa-b55e4677aa68
2026081416,3987272f-0c7b-6242-fb83-9fd75f2aacee,9100003,PROJECTA COMMAND PROBE,2026-08-15T12:37:22.621321+0000,/cmd?x=id&sid=3987272f-0c7b-6242-fb83-9fd75f2aacee
2026081416,e9c65aaa-cfdc-d883-df15-f028c358a82f,9100004,PROJECTA BRUTE FORCE THRESHOLD,2026-08-15T12:37:22.486859+0000,/login?ok=0&sid=e9c65aaa-cfdc-d883-df15-f028c358a82f
2026081416,6641fe45-a393-670b-af14-bbef7f962d4d,9100004,PROJECTA BRUTE FORCE THRESHOLD,2026-08-15T12:37:22.764131+0000,/login?ok=0&sid=6641fe45-a393-670b-af14-bbef7f962d4d
2026081416,9a8cfcfd-4938-ecf0-86be-db68b3cc46a0,9100004,PROJECTA BRUTE FORCE THRESHOLD,2026-08-15T12:37:22.801399+0000,/login?ok=0&sid=9a8cfcfd-4938-ecf0-86be-db68b3cc46a0
2026081416,0cb92424-678b-a362-1561-5313a2657491,9100004,PROJECTA BRUTE FORCE THRESHOLD,2026-08-15T12:37:22.730874+0000,/login?ok=0&sid=0cb92424-678b-a362-1561-5313a2657491
2026081416,5ef5259b-1e04-864f-0c9b-c07ff37d150b,9100004,PROJECTA BRUTE FORCE THRESHOLD,2026-08-15T12:37:22.587980+0000,/login?ok=0&sid=5ef5259b-1e04-864f-0c9b-c07ff37d150b
2026081416,8692898c-f2f3-b457-afd2-4ce6a19193de,9100004,PROJECTA BRUTE FORCE THRESHOLD,2026-08-15T12:37:23.086328+0000,/login?ok=0&sid=8692898c-f2f3-b457-afd2-4ce6a19193de
2026081416,454605c4-2a90-3f53-79f1-c07eab1496fc,9100004,PROJECTA BRUTE FORCE THRESHOLD,2026-08-15T12:37:22.666787+0000,/login?ok=0&sid=454605c4-2a90-3f53-79f1-c07eab1496fc
2026081416,4b7a5a47-def0-de3e-2967-db6dae1131db,9100004,PROJECTA BRUTE FORCE THRESHOLD,2026-08-15T12:37:23.114600+0000,/login?ok=0&sid=4b7a5a47-def0-de3e-2967-db6dae1131db
2026081416,873845fd-af4a-544c-55c5-bab13a588ae6,9100004,PROJECTA BRUTE FORCE THRESHOLD,2026-08-15T12:37:22.492876+0000,/login?ok=0&sid=873845fd-af4a-544c-55c5-bab13a588ae6
2026081416,79810056-ed49-49ec-973a-719a45273e09,9100004,PROJECTA BRUTE FORCE THRESHOLD,2026-08-15T12:37:22.738275+0000,/login?ok=0&sid=79810056-ed49-49ec-973a-719a45273e09
2026081416,34d70858-eb55-b77b-f86c-35ed70b7122d,9100004,PROJECTA BRUTE FORCE THRESHOLD,2026-08-15T12:37:22.780565+0000,/login?ok=0&sid=34d70858-eb55-b77b-f86c-35ed70b7122d
2026081416,bd06e88c-4c8d-bde3-68f4-c23c63e64c4b,9100004,PROJECTA BRUTE FORCE THRESHOLD,2026-08-15T12:37:22.927183+0000,/login?ok=0&sid=bd06e88c-4c8d-bde3-68f4-c23c63e64c4b
2026081416,6a5cd010-d73f-a08f-0f00-b8c8972affeb,9100004,PROJECTA BRUTE FORCE THRESHOLD,2026-08-15T12:37:22.678409+0000,/login?ok=0&sid=6a5cd010-d73f-a08f-0f00-b8c8972affeb
2026081416,8c0870ce-2d4b-fce8-9eaf-6467b488e8f3,9100004,PROJECTA BRUTE FORCE THRESHOLD,2026-08-15T12:37:22.972040+0000,/login?ok=0&sid=8c0870ce-2d4b-fce8-9eaf-6467b488e8f3
2026081416,7e5c6aaf-ef45-12ee-fad9-bd7ee2e28b9d,9100004,PROJECTA BRUTE FORCE THRESHOLD,2026-08-15T12:37:22.934091+0000,/login?ok=0&sid=7e5c6aaf-ef45-12ee-fad9-bd7ee2e28b9d
2026081416,c5a5ad86-3eb6-bb26-7d64-1bc25584f4d7,9100004,PROJECTA BRUTE FORCE THRESHOLD,2026-08-15T12:37:23.130770+0000,/login?ok=0&sid=c5a5ad86-3eb6-bb26-7d64-1bc25584f4d7
2026081416,097f595e-6ea1-16df-c5dc-f4949ac79c31,9100004,PROJECTA BRUTE FORCE THRESHOLD,2026-08-15T12:37:22.748221+0000,/login?ok=0&sid=097f595e-6ea1-16df-c5dc-f4949ac79c31
2026081416,a23c682f-cb2c-a21e-2617-91682183979a,9100004,PROJECTA BRUTE FORCE THRESHOLD,2026-08-15T12:37:22.946881+0000,/login?ok=0&sid=a23c682f-cb2c-a21e-2617-91682183979a
2026081416,bf8d0a22-3b87-cc30-e5c5-6afb2db5d160,9100004,PROJECTA BRUTE FORCE THRESHOLD,2026-08-15T12:37:22.811891+0000,/login?ok=0&sid=bf8d0a22-3b87-cc30-e5c5-6afb2db5d160
2026081416,0ef369ff-307d-9cc3-0082-2bb83acdb0a4,9100001,PROJECTA ADMIN SENSITIVE ACCESS,2026-08-15T12:37:22.617235+0000,/admin/secret?sid=0ef369ff-307d-9cc3-0082-2bb83acdb0a4
2026081416,f263f79c-3d6b-d5e5-19d1-4f36a99169b0,9100004,PROJECTA BRUTE FORCE THRESHOLD,2026-08-15T12:37:23.469848+0000,/login?ok=0&sid=f263f79c-3d6b-d5e5-19d1-4f36a99169b0
2026081416,98a5991b-1a52-5cb9-e757-c628566d456a,9100001,PROJECTA ADMIN SENSITIVE ACCESS,2026-08-15T12:37:23.187111+0000,/admin/secret?sid=98a5991b-1a52-5cb9-e757-c628566d456a
2026081416,f5e0cb4d-145c-d1e2-ef3f-d369e4d71a47,9100002,PROJECTA PATH TRAVERSAL,2026-08-15T12:37:23.021214+0000,/%2e%2e/%2e%2e/etc/passwd?sid=f5e0cb4d-145c-d1e2-ef3f-d369e4d71a47
2026081416,955e2efd-d188-337b-9874-fb46f0cfa137,9100004,PROJECTA BRUTE FORCE THRESHOLD,2026-08-15T12:37:22.708501+0000,/login?ok=0&sid=955e2efd-d188-337b-9874-fb46f0cfa137
2026081416,de7fef17-10c3-37b6-0c5f-d6eee156b26e,9100002,PROJECTA PATH TRAVERSAL,2026-08-15T12:37:22.642299+0000,/%2e%2e/%2e%2e/etc/passwd?sid=de7fef17-10c3-37b6-0c5f-d6eee156b26e
2026081416,9dada174-1c71-f3d3-fdcb-84219e09744a,9100004,PROJECTA BRUTE FORCE THRESHOLD,2026-08-15T12:37:23.481202+0000,/login?ok=0&sid=9dada174-1c71-f3d3-fdcb-84219e09744a
2026081416,f954594e-ee54-1681-923e-f6d473fca5d9,9100004,PROJECTA BRUTE FORCE THRESHOLD,2026-08-15T12:37:23.077804+0000,/login?ok=0&sid=f954594e-ee54-1681-923e-f6d473fca5d9
2026081416,c3d53a7a-4b5e-152d-f42e-f3433197acd0,9100002,PROJECTA PATH TRAVERSAL,2026-08-15T12:37:23.413880+0000,/%2e%2e/%2e%2e/etc/passwd?sid=c3d53a7a-4b5e-152d-f42e-f3433197acd0
2026081416,e5830d52-ecb4-a4d5-982d-976b90ff8ab2,9100004,PROJECTA BRUTE FORCE THRESHOLD,2026-08-15T12:37:23.788229+0000,/login?ok=0&sid=e5830d52-ecb4-a4d5-982d-976b90ff8ab2
2026081416,539760b3-b42a-d96d-884b-2ed236de3826,9100004,PROJECTA BRUTE FORCE THRESHOLD,2026-08-15T12:37:22.760339+0000,/login?ok=0&sid=539760b3-b42a-d96d-884b-2ed236de3826
2026081416,557aaac7-80b1-49ca-2530-22f619fb5c52,9100004,PROJECTA BRUTE FORCE THRESHOLD,2026-08-15T12:37:22.784698+0000,/login?ok=0&sid=557aaac7-80b1-49ca-2530-22f619fb5c52
2026081416,46d0b430-db27-7d29-aa27-ca42f2f57687,9100004,PROJECTA BRUTE FORCE THRESHOLD,2026-08-15T12:37:23.307459+0000,/login?ok=0&sid=46d0b430-db27-7d29-aa27-ca42f2f57687
2026081416,e4f9ebd0-03df-405b-a5ed-9b40eaa0b047,9100004,PROJECTA BRUTE FORCE THRESHOLD,2026-08-15T12:37:22.959248+0000,/login?ok=0&sid=e4f9ebd0-03df-405b-a5ed-9b40eaa0b047
2026081416,5c3e9e40-d36c-7734-0991-f71d1292d1c5,9100004,PROJECTA BRUTE FORCE THRESHOLD,2026-08-15T12:37:23.136581+0000,/login?ok=0&sid=5c3e9e40-d36c-7734-0991-f71d1292d1c5
2026081416,f21827a8-cdef-1f2e-2f50-e53978eda900,9100004,PROJECTA BRUTE FORCE THRESHOLD,2026-08-15T12:37:23.497065+0000,/login?ok=0&sid=f21827a8-cdef-1f2e-2f50-e53978eda900
2026081416,d1ed55d6-07ec-0c60-ce05-b8e9af08e727,9100004,PROJECTA BRUTE FORCE THRESHOLD,2026-08-15T12:37:22.505889+0000,/login?ok=0&sid=d1ed55d6-07ec-0c60-ce05-b8e9af08e727
2026081416,0b56616b-dba3-0f42-08e1-46eea2524488,9100003,PROJECTA COMMAND PROBE,2026-08-15T12:37:23.046740+0000,/cmd?x=id&sid=0b56616b-dba3-0f42-08e1-46eea2524488
2026081416,cb8aab27-e885-3ca1-cc5e-c78f3d50613e,9100004,PROJECTA BRUTE FORCE THRESHOLD,2026-08-15T12:37:24.232557+0000,/login?ok=0&sid=cb8aab27-e885-3ca1-cc5e-c78f3d50613e
2026081416,37fe37ca-0d4d-6e27-e1c4-84f8d55f6567,9100004,PROJECTA BRUTE FORCE THRESHOLD,2026-08-15T12:37:23.095068+0000,/login?ok=0&sid=37fe37ca-0d4d-6e27-e1c4-84f8d55f6567
2026081416,6325789a-7e16-ab1a-e439-4dc9a7260c67,9100004,PROJECTA BRUTE FORCE THRESHOLD,2026-08-15T12:37:22.572158+0000,/login?ok=0&sid=6325789a-7e16-ab1a-e439-4dc9a7260c67
2026081416,839b2dce-f6da-34d0-bcef-c885f0a78057,9100004,PROJECTA BRUTE FORCE THRESHOLD,2026-08-15T12:37:23.742739+0000,/login?ok=0&sid=839b2dce-f6da-34d0-bcef-c885f0a78057
2026081416,0466afb4-1114-737d-c635-4b8661e347bc,9100004,PROJECTA BRUTE FORCE THRESHOLD,2026-08-15T12:37:23.803808+0000,/login?ok=0&sid=0466afb4-1114-737d-c635-4b8661e347bc
2026081416,ce25c5e5-56cf-c80a-170b-8cb1ca157db1,9100004,PROJECTA BRUTE FORCE THRESHOLD,2026-08-15T12:37:23.148015+0000,/login?ok=0&sid=ce25c5e5-56cf-c80a-170b-8cb1ca157db1
2026081416,7804b845-64d3-7a40-0512-197ad3eb2db5,9100004,PROJECTA BRUTE FORCE THRESHOLD,2026-08-15T12:37:23.442854+0000,/login?ok=0&sid=7804b845-64d3-7a40-0512-197ad3eb2db5
2026081416,c60d105d-1a28-171e-c04d-78b31d207bf8,9100004,PROJECTA BRUTE FORCE THRESHOLD,2026-08-15T12:37:23.568412+0000,/login?ok=0&sid=c60d105d-1a28-171e-c04d-78b31d207bf8
2026081416,cb453738-c0da-0f6a-b694-4f3e4a757f69,9100003,PROJECTA COMMAND PROBE,2026-08-15T12:37:23.349722+0000,/cmd?x=id&sid=cb453738-c0da-0f6a-b694-4f3e4a757f69
2026081416,265f5349-10cf-fafb-781c-11b79ea7f454,9100004,PROJECTA BRUTE FORCE THRESHOLD,2026-08-15T12:37:23.322713+0000,/login?ok=0&sid=265f5349-10cf-fafb-781c-11b79ea7f454
2026081416,c15f2362-c308-7c42-3f7c-97dc059ec1ae,9100004,PROJECTA BRUTE FORCE THRESHOLD,2026-08-15T12:37:24.576126+0000,/login?ok=0&sid=c15f2362-c308-7c42-3f7c-97dc059ec1ae
2026081416,d2dd770b-4987-89a9-010a-0ee70fe0b270,9100004,PROJECTA BRUTE FORCE THRESHOLD,2026-08-15T12:37:22.693459+0000,/login?ok=0&sid=d2dd770b-4987-89a9-010a-0ee70fe0b270
2026081416,cf3a4395-d21f-bc5c-0bc7-7afdfb0ea213,9100004,PROJECTA BRUTE FORCE THRESHOLD,2026-08-15T12:37:23.163373+0000,/login?ok=0&sid=cf3a4395-d21f-bc5c-0bc7-7afdfb0ea213
2026081416,95d9eedf-609a-2c29-88da-f46285aa1061,9100003,PROJECTA COMMAND PROBE,2026-08-15T12:37:24.113595+0000,/cmd?x=id&sid=95d9eedf-609a-2c29-88da-f46285aa1061
2026081416,f65e9f5e-4905-a046-c71a-33334a1636b1,9100004,PROJECTA BRUTE FORCE THRESHOLD,2026-08-15T12:37:23.822648+0000,/login?ok=0&sid=f65e9f5e-4905-a046-c71a-33334a1636b1
2026081416,15aae1a5-2103-e212-71ea-0d494a13b4c0,9100004,PROJECTA BRUTE FORCE THRESHOLD,2026-08-15T12:37:24.657293+0000,/login?ok=0&sid=15aae1a5-2103-e212-71ea-0d494a13b4c0
2026081416,04c62c42-15c9-0985-f5a7-0161c7f21798,9100004,PROJECTA BRUTE FORCE THRESHOLD,2026-08-15T12:37:23.340192+0000,/login?ok=0&sid=04c62c42-15c9-0985-f5a7-0161c7f21798
2026081416,e25f3893-a6fa-6459-a47c-01007ca4f024,9100004,PROJECTA BRUTE FORCE THRESHOLD,2026-08-15T12:37:23.827618+0000,/login?ok=0&sid=e25f3893-a6fa-6459-a47c-01007ca4f024
2026081416,f2295b26-6746-7bf3-0e2c-41f4485a3c82,9100001,PROJECTA ADMIN SENSITIVE ACCESS,2026-08-15T12:37:23.394312+0000,/admin/secret?sid=f2295b26-6746-7bf3-0e2c-41f4485a3c82
2026081416,4130aeb6-e50d-d4a9-4c32-39ee11a2d258,9100004,PROJECTA BRUTE FORCE THRESHOLD,2026-08-15T12:37:23.692495+0000,/login?ok=0&sid=4130aeb6-e50d-d4a9-4c32-39ee11a2d258
2026081416,be47b0d9-7b03-2165-1cdf-08e1f466ec99,9100001,PROJECTA ADMIN SENSITIVE ACCESS,2026-08-15T12:37:23.072863+0000,/admin/secret?sid=be47b0d9-7b03-2165-1cdf-08e1f466ec99
2026081416,8e856beb-7fcd-0b2b-8def-563a3fbab5ee,9100004,PROJECTA BRUTE FORCE THRESHOLD,2026-08-15T12:37:23.729247+0000,/login?ok=0&sid=8e856beb-7fcd-0b2b-8def-563a3fbab5ee
2026081416,2360c60d-6483-4ca7-0252-2a75fadf06c7,9100004,PROJECTA BRUTE FORCE THRESHOLD,2026-08-15T12:37:23.543576+0000,/login?ok=0&sid=2360c60d-6483-4ca7-0252-2a75fadf06c7
2026081416,e054e24d-c9e4-4f08-fcfb-f6980b71bb28,9100004,PROJECTA BRUTE FORCE THRESHOLD,2026-08-15T12:37:24.218811+0000,/login?ok=0&sid=e054e24d-c9e4-4f08-fcfb-f6980b71bb28
2026081416,054459ee-a21d-9cfc-a60f-8befa855223b,9100004,PROJECTA BRUTE FORCE THRESHOLD,2026-08-15T12:37:23.335534+0000,/login?ok=0&sid=054459ee-a21d-9cfc-a60f-8befa855223b
2026081416,56f478da-012a-9c65-8078-aafc28e9f4fa,9100004,PROJECTA BRUTE FORCE THRESHOLD,2026-08-15T12:37:23.922501+0000,/login?ok=0&sid=56f478da-012a-9c65-8078-aafc28e9f4fa
2026081416,6eee2eb4-28fc-d41e-8cba-78477e561f1f,9100004,PROJECTA BRUTE FORCE THRESHOLD,2026-08-15T12:37:24.867816+0000,/login?ok=0&sid=6eee2eb4-28fc-d41e-8cba-78477e561f1f
2026081416,32b659d5-0ce1-32ee-3e61-f5883ebfef04,9100004,PROJECTA BRUTE FORCE THRESHOLD,2026-08-15T12:37:23.455454+0000,/login?ok=0&sid=32b659d5-0ce1-32ee-3e61-f5883ebfef04
2026081416,e367df5d-33b7-2a74-992a-90543deef1e1,9100004,PROJECTA BRUTE FORCE THRESHOLD,2026-08-15T12:37:23.702234+0000,/login?ok=0&sid=e367df5d-33b7-2a74-992a-90543deef1e1
2026081416,72583711-1697-fbb5-a2a4-396d177f7ec7,9100004,PROJECTA BRUTE FORCE THRESHOLD,2026-08-15T12:37:23.957593+0000,/login?ok=0&sid=72583711-1697-fbb5-a2a4-396d177f7ec7
2026081416,a10e0ef0-4c19-a4c6-87d2-74636e6e80e4,9100004,PROJECTA BRUTE FORCE THRESHOLD,2026-08-15T12:37:24.523446+0000,/login?ok=0&sid=a10e0ef0-4c19-a4c6-87d2-74636e6e80e4
2026081416,40e9301b-b3e0-d559-c8d2-108f2ad857c7,9100004,PROJECTA BRUTE FORCE THRESHOLD,2026-08-15T12:37:23.554018+0000,/login?ok=0&sid=40e9301b-b3e0-d559-c8d2-108f2ad857c7
2026081416,dbac5bb7-cc72-116b-c33a-a09a8a0e79f1,9100004,PROJECTA BRUTE FORCE THRESHOLD,2026-08-15T12:37:23.106392+0000,/login?ok=0&sid=dbac5bb7-cc72-116b-c33a-a09a8a0e79f1
2026081416,d520e0e2-daee-0411-c021-e583a9385379,9100004,PROJECTA BRUTE FORCE THRESHOLD,2026-08-15T12:37:23.527448+0000,/login?ok=0&sid=d520e0e2-daee-0411-c021-e583a9385379
2026081416,55aedf4f-68c0-48c2-8a8d-678282219864,9100004,PROJECTA BRUTE FORCE THRESHOLD,2026-08-15T12:37:23.941769+0000,/login?ok=0&sid=55aedf4f-68c0-48c2-8a8d-678282219864
2026081416,1b96a425-ec72-4172-fb26-cd905901d4b9,9100004,PROJECTA BRUTE FORCE THRESHOLD,2026-08-15T12:37:24.547198+0000,/login?ok=0&sid=1b96a425-ec72-4172-fb26-cd905901d4b9
2026081416,3f2d9ba4-0b6e-31c5-1310-e9fe433922c2,9100004,PROJECTA BRUTE FORCE THRESHOLD,2026-08-15T12:37:23.714191+0000,/login?ok=0&sid=3f2d9ba4-0b6e-31c5-1310-e9fe433922c2
2026081416,c8a10788-a010-cc1b-6801-b35eb24a3322,9100004,PROJECTA BRUTE FORCE THRESHOLD,2026-08-15T12:37:23.174994+0000,/login?ok=0&sid=c8a10788-a010-cc1b-6801-b35eb24a3322
2026081416,820a4689-a8c1-461e-94ce-33ce1a00c654,9100004,PROJECTA BRUTE FORCE THRESHOLD,2026-08-15T12:37:23.814198+0000,/login?ok=0&sid=820a4689-a8c1-461e-94ce-33ce1a00c654
2026081416,30296e0a-4645-edf5-a07c-d803092073fd,9100004,PROJECTA BRUTE FORCE THRESHOLD,2026-08-15T12:37:24.563678+0000,/login?ok=0&sid=30296e0a-4645-edf5-a07c-d803092073fd
2026081416,f22844ea-072f-b164-f905-416105ace80a,9100004,PROJECTA BRUTE FORCE THRESHOLD,2026-08-15T12:37:24.392920+0000,/login?ok=0&sid=f22844ea-072f-b164-f905-416105ace80a
2026081416,271d5e4e-9a44-4edd-9331-d09a7481197c,9100003,PROJECTA COMMAND PROBE,2026-08-15T12:37:23.232056+0000,/cmd?x=id&sid=271d5e4e-9a44-4edd-9331-d09a7481197c
2026081416,c005d414-4bdf-f829-97ba-76d84ef9568a,9100004,PROJECTA BRUTE FORCE THRESHOLD,2026-08-15T12:37:24.622015+0000,/login?ok=0&sid=c005d414-4bdf-f829-97ba-76d84ef9568a
2026081416,1c7b6bb3-8a4b-c730-36ff-bcbd82d83bc6,9100004,PROJECTA BRUTE FORCE THRESHOLD,2026-08-15T12:37:23.915809+0000,/login?ok=0&sid=1c7b6bb3-8a4b-c730-36ff-bcbd82d83bc6
2026081416,9f55e071-7dec-a32e-c932-7db434388de3,9100004,PROJECTA BRUTE FORCE THRESHOLD,2026-08-15T12:37:23.547369+0000,/login?ok=0&sid=9f55e071-7dec-a32e-c932-7db434388de3
2026081416,140ec517-7e2e-cb51-6dfc-b66c6c482f14,9100004,PROJECTA BRUTE FORCE THRESHOLD,2026-08-15T12:37:24.670106+0000,/login?ok=0&sid=140ec517-7e2e-cb51-6dfc-b66c6c482f14
2026081416,877ec441-fb88-6b8e-39fa-621be0f9d11d,9100002,PROJECTA PATH TRAVERSAL,2026-08-15T12:37:23.664296+0000,/%2e%2e/%2e%2e/etc/passwd?sid=877ec441-fb88-6b8e-39fa-621be0f9d11d
2026081416,b9c615af-7251-15f8-fddb-7deaa637cbef,9100003,PROJECTA COMMAND PROBE,2026-08-15T12:37:24.041649+0000,/cmd?x=id&sid=b9c615af-7251-15f8-fddb-7deaa637cbef
2026081416,88a124b5-d40a-749f-fe40-6505ac045226,9100004,PROJECTA BRUTE FORCE THRESHOLD,2026-08-15T12:37:24.698680+0000,/login?ok=0&sid=88a124b5-d40a-749f-fe40-6505ac045226
2026081416,335ea5f2-b91a-99e3-a9b1-338b1562e51c,9100004,PROJECTA BRUTE FORCE THRESHOLD,2026-08-15T12:37:25.390269+0000,/login?ok=0&sid=335ea5f2-b91a-99e3-a9b1-338b1562e51c
2026081416,84f8fe37-fa03-1386-7352-b7e99641a84f,9100002,PROJECTA PATH TRAVERSAL,2026-08-15T12:37:24.342136+0000,/%2e%2e/%2e%2e/etc/passwd?sid=84f8fe37-fa03-1386-7352-b7e99641a84f
2026081416,d943f919-a79e-671c-7eae-e34b105859fd,9100004,PROJECTA BRUTE FORCE THRESHOLD,2026-08-15T12:37:25.399943+0000,/login?ok=0&sid=d943f919-a79e-671c-7eae-e34b105859fd
2026081416,9757bd04-91aa-64d9-69e1-1d2e419f5296,9100003,PROJECTA COMMAND PROBE,2026-08-15T12:37:24.326949+0000,/cmd?x=id&sid=9757bd04-91aa-64d9-69e1-1d2e419f5296
2026081416,cb5a4eaa-9b82-4752-6fd0-ec275af1e480,9100004,PROJECTA BRUTE FORCE THRESHOLD,2026-08-15T12:37:24.204301+0000,/login?ok=0&sid=cb5a4eaa-9b82-4752-6fd0-ec275af1e480
2026081416,2e5b4903-38d4-05b8-249d-e6a1d9b45ed6,9100004,PROJECTA BRUTE FORCE THRESHOLD,2026-08-15T12:37:24.198578+0000,/login?ok=0&sid=2e5b4903-38d4-05b8-249d-e6a1d9b45ed6
2026081416,576c7a8d-d781-5608-bc4b-d9728d9e3580,9100004,PROJECTA BRUTE FORCE THRESHOLD,2026-08-15T12:37:24.824797+0000,/login?ok=0&sid=576c7a8d-d781-5608-bc4b-d9728d9e3580
2026081416,0a87087f-683d-dc62-bf85-a794441c3f46,9100004,PROJECTA BRUTE FORCE THRESHOLD,2026-08-15T12:37:23.932333+0000,/login?ok=0&sid=0a87087f-683d-dc62-bf85-a794441c3f46
2026081416,704468a6-7a48-cb26-fd82-59994b8a4a8e,9100003,PROJECTA COMMAND PROBE,2026-08-15T12:37:24.272542+0000,/cmd?x=id&sid=704468a6-7a48-cb26-fd82-59994b8a4a8e
2026081416,bac3d593-3c00-0f0a-a1f9-ace76907aa28,9100001,PROJECTA ADMIN SENSITIVE ACCESS,2026-08-15T12:37:24.147244+0000,/admin/secret?sid=bac3d593-3c00-0f0a-a1f9-ace76907aa28
2026081416,220ab531-efef-3e7c-a21c-dcc90f55864e,9100004,PROJECTA BRUTE FORCE THRESHOLD,2026-08-15T12:37:24.383757+0000,/login?ok=0&sid=220ab531-efef-3e7c-a21c-dcc90f55864e
2026081416,27fb537d-e84f-448d-bd03-885acd8073eb,9100004,PROJECTA BRUTE FORCE THRESHOLD,2026-08-15T12:37:24.407679+0000,/login?ok=0&sid=27fb537d-e84f-448d-bd03-885acd8073eb
2026081416,1b130749-f79d-a88d-0f0a-3b17776d1e00,9100004,PROJECTA BRUTE FORCE THRESHOLD,2026-08-15T12:37:24.246700+0000,/login?ok=0&sid=1b130749-f79d-a88d-0f0a-3b17776d1e00
2026081416,6cf3ab73-5b82-b35a-04b5-49b433f1e2e9,9100004,PROJECTA BRUTE FORCE THRESHOLD,2026-08-15T12:37:24.863256+0000,/login?ok=0&sid=6cf3ab73-5b82-b35a-04b5-49b433f1e2e9
2026081416,8f69746e-0123-99da-b37d-20eddf7d3bc1,9100004,PROJECTA BRUTE FORCE THRESHOLD,2026-08-15T12:37:24.365342+0000,/login?ok=0&sid=8f69746e-0123-99da-b37d-20eddf7d3bc1
2026081416,e68b51f1-efa0-8ad3-a635-acecb0b81a4b,9100004,PROJECTA BRUTE FORCE THRESHOLD,2026-08-15T12:37:24.712625+0000,/login?ok=0&sid=e68b51f1-efa0-8ad3-a635-acecb0b81a4b
2026081416,d25a0cf3-2f87-96eb-8288-b7a7c47bc8af,9100004,PROJECTA BRUTE FORCE THRESHOLD,2026-08-15T12:37:25.294755+0000,/login?ok=0&sid=d25a0cf3-2f87-96eb-8288-b7a7c47bc8af
2026081416,1bb9ba77-639e-e0ff-2e9c-ca17935c15c8,9100004,PROJECTA BRUTE FORCE THRESHOLD,2026-08-15T12:37:24.599782+0000,/login?ok=0&sid=1bb9ba77-639e-e0ff-2e9c-ca17935c15c8
2026081416,528ef296-4d81-c8f1-5d2e-569e9405cca3,9100004,PROJECTA BRUTE FORCE THRESHOLD,2026-08-15T12:37:25.309729+0000,/login?ok=0&sid=528ef296-4d81-c8f1-5d2e-569e9405cca3
2026081416,09a43b4f-03a8-2d06-3949-1ea5efbea545,9100004,PROJECTA BRUTE FORCE THRESHOLD,2026-08-15T12:37:24.613285+0000,/login?ok=0&sid=09a43b4f-03a8-2d06-3949-1ea5efbea545
2026081416,98c2b9b3-492a-6280-2d18-9e06ce828a4b,9100004,PROJECTA BRUTE FORCE THRESHOLD,2026-08-15T12:37:25.279428+0000,/login?ok=0&sid=98c2b9b3-492a-6280-2d18-9e06ce828a4b
2026081416,5d56e2de-58fa-f35c-ccbe-f67bbdd0ce8a,9100003,PROJECTA COMMAND PROBE,2026-08-15T12:37:24.423393+0000,/cmd?x=id&sid=5d56e2de-58fa-f35c-ccbe-f67bbdd0ce8a
2026081416,2a9c45bb-e4e5-6197-8213-7ab92589df0f,9100004,PROJECTA BRUTE FORCE THRESHOLD,2026-08-15T12:37:25.059905+0000,/login?ok=0&sid=2a9c45bb-e4e5-6197-8213-7ab92589df0f
2026081416,5a6bccdc-2f2d-93f5-dca3-11cc4223d5b3,9100004,PROJECTA BRUTE FORCE THRESHOLD,2026-08-15T12:37:24.831771+0000,/login?ok=0&sid=5a6bccdc-2f2d-93f5-dca3-11cc4223d5b3
2026081416,f582487e-fc94-2e45-c0d0-9aad561fc74d,9100001,PROJECTA ADMIN SENSITIVE ACCESS,2026-08-15T12:37:25.333507+0000,/admin/secret?sid=f582487e-fc94-2e45-c0d0-9aad561fc74d
2026081416,acfcd2b2-b934-177f-d695-197deda5c1e8,9100004,PROJECTA BRUTE FORCE THRESHOLD,2026-08-15T12:37:24.371094+0000,/login?ok=0&sid=acfcd2b2-b934-177f-d695-197deda5c1e8
2026081416,7da57ada-aa3a-6946-473a-65c18bd51a4d,9100004,PROJECTA BRUTE FORCE THRESHOLD,2026-08-15T12:37:24.606499+0000,/login?ok=0&sid=7da57ada-aa3a-6946-473a-65c18bd51a4d
2026081416,b0aee240-3ba2-4230-e2f2-0bb2b6dcdabd,9100004,PROJECTA BRUTE FORCE THRESHOLD,2026-08-15T12:37:24.743115+0000,/login?ok=0&sid=b0aee240-3ba2-4230-e2f2-0bb2b6dcdabd
2026081416,ab565d09-7e35-a8e6-0aeb-7d23bc070d4c,9100004,PROJECTA BRUTE FORCE THRESHOLD,2026-08-15T12:37:24.682643+0000,/login?ok=0&sid=ab565d09-7e35-a8e6-0aeb-7d23bc070d4c
2026081416,954ce696-5443-a94d-1288-72c125d30720,9100004,PROJECTA BRUTE FORCE THRESHOLD,2026-08-15T12:37:24.847122+0000,/login?ok=0&sid=954ce696-5443-a94d-1288-72c125d30720
2026081416,e66661df-b6d7-c238-a4d7-d527df4b2e6b,9100004,PROJECTA BRUTE FORCE THRESHOLD,2026-08-15T12:37:25.593128+0000,/login?ok=0&sid=e66661df-b6d7-c238-a4d7-d527df4b2e6b
2026081416,7953ef7e-ad36-5127-a15a-69e5388b892e,9100001,PROJECTA ADMIN SENSITIVE ACCESS,2026-08-15T12:37:24.468609+0000,/admin/secret?sid=7953ef7e-ad36-5127-a15a-69e5388b892e
2026081416,4e0240b3-088f-8051-7db9-64734765e49e,9100004,PROJECTA BRUTE FORCE THRESHOLD,2026-08-15T12:37:25.409008+0000,/login?ok=0&sid=4e0240b3-088f-8051-7db9-64734765e49e
2026081416,64671c29-3c10-706e-bdd5-7038b06e429e,9100004,PROJECTA BRUTE FORCE THRESHOLD,2026-08-15T12:37:24.748796+0000,/login?ok=0&sid=64671c29-3c10-706e-bdd5-7038b06e429e
2026081416,097e0d7d-9721-b9a8-2c95-f4ba24a2aecc,9100004,PROJECTA BRUTE FORCE THRESHOLD,2026-08-15T12:37:24.539660+0000,/login?ok=0&sid=097e0d7d-9721-b9a8-2c95-f4ba24a2aecc
2026081416,68bca159-acd9-de76-81bc-8346c1bb8f04,9100004,PROJECTA BRUTE FORCE THRESHOLD,2026-08-15T12:37:24.727412+0000,/login?ok=0&sid=68bca159-acd9-de76-81bc-8346c1bb8f04
2026081416,23080019-75cf-e161-2e25-21cfa243747e,9100004,PROJECTA BRUTE FORCE THRESHOLD,2026-08-15T12:37:24.586594+0000,/login?ok=0&sid=23080019-75cf-e161-2e25-21cfa243747e
2026081416,fd0c5525-41ef-2675-d5f5-9db9d3fc86e6,9100004,PROJECTA BRUTE FORCE THRESHOLD,2026-08-15T12:37:25.527885+0000,/login?ok=0&sid=fd0c5525-41ef-2675-d5f5-9db9d3fc86e6
2026081416,e2db657f-e81e-6ce4-d0cb-ef3323cca9d0,9100004,PROJECTA BRUTE FORCE THRESHOLD,2026-08-15T12:37:25.087684+0000,/login?ok=0&sid=e2db657f-e81e-6ce4-d0cb-ef3323cca9d0
2026081416,8f59106d-f58d-54c9-09af-8cb675b70969,9100004,PROJECTA BRUTE FORCE THRESHOLD,2026-08-15T12:37:24.755112+0000,/login?ok=0&sid=8f59106d-f58d-54c9-09af-8cb675b70969
2026081416,2ca47c15-a9ae-310b-09b2-9b03f4176b38,9100001,PROJECTA ADMIN SENSITIVE ACCESS,2026-08-15T12:37:24.978294+0000,/admin/secret?sid=2ca47c15-a9ae-310b-09b2-9b03f4176b38
2026081416,44137513-225c-bf48-5055-983d6b7c9e6f,9100004,PROJECTA BRUTE FORCE THRESHOLD,2026-08-15T12:37:25.077801+0000,/login?ok=0&sid=44137513-225c-bf48-5055-983d6b7c9e6f
2026081416,90c13db9-0fe0-0d9b-1943-50097f14517d,9100004,PROJECTA BRUTE FORCE THRESHOLD,2026-08-15T12:37:25.073062+0000,/login?ok=0&sid=90c13db9-0fe0-0d9b-1943-50097f14517d
2026081416,78834a0e-b116-8476-1610-9a8c4d9102ad,9100004,PROJECTA BRUTE FORCE THRESHOLD,2026-08-15T12:37:25.305667+0000,/login?ok=0&sid=78834a0e-b116-8476-1610-9a8c4d9102ad
2026081416,1eea180c-f975-1ca7-0140-2266b203d0f9,9100004,PROJECTA BRUTE FORCE THRESHOLD,2026-08-15T12:37:25.099994+0000,/login?ok=0&sid=1eea180c-f975-1ca7-0140-2266b203d0f9
2026081416,1d22133e-3641-1d0f-5924-2057ff69d6f1,9100002,PROJECTA PATH TRAVERSAL,2026-08-15T12:37:25.260998+0000,/%2e%2e/%2e%2e/etc/passwd?sid=1d22133e-3641-1d0f-5924-2057ff69d6f1
2026081416,8c45f57c-8b87-9cca-74fd-60c060095ed1,9100004,PROJECTA BRUTE FORCE THRESHOLD,2026-08-15T12:37:25.165124+0000,/login?ok=0&sid=8c45f57c-8b87-9cca-74fd-60c060095ed1
2026081416,49d4234b-c0b5-f146-dc1b-33e8a53043d4,9100004,PROJECTA BRUTE FORCE THRESHOLD,2026-08-15T12:37:25.314715+0000,/login?ok=0&sid=49d4234b-c0b5-f146-dc1b-33e8a53043d4
2026081416,8684bece-36a9-859f-04f4-949bdea5c4f8,9100004,PROJECTA BRUTE FORCE THRESHOLD,2026-08-15T12:37:25.170641+0000,/login?ok=0&sid=8684bece-36a9-859f-04f4-949bdea5c4f8
2026081416,cff6c949-4f07-0fd9-68a2-f81cb5b406d5,9100004,PROJECTA BRUTE FORCE THRESHOLD,2026-08-15T12:37:24.675919+0000,/login?ok=0&sid=cff6c949-4f07-0fd9-68a2-f81cb5b406d5
2026081416,23e1d99c-b3ee-5cd5-c878-b1478591606c,9100004,PROJECTA BRUTE FORCE THRESHOLD,2026-08-15T12:37:25.370675+0000,/login?ok=0&sid=23e1d99c-b3ee-5cd5-c878-b1478591606c
2026081416,d0f07941-a485-30ff-ca61-a478a1f8ed4b,9100004,PROJECTA BRUTE FORCE THRESHOLD,2026-08-15T12:37:25.150116+0000,/login?ok=0&sid=d0f07941-a485-30ff-ca61-a478a1f8ed4b
2026081416,ac858f70-4d43-7f59-4c35-1752e9715d07,9100004,PROJECTA BRUTE FORCE THRESHOLD,2026-08-15T12:37:25.507688+0000,/login?ok=0&sid=ac858f70-4d43-7f59-4c35-1752e9715d07
2026081416,407eb6e2-cc5e-240e-ce47-034c494e2526,9100004,PROJECTA BRUTE FORCE THRESHOLD,2026-08-15T12:37:25.136591+0000,/login?ok=0&sid=407eb6e2-cc5e-240e-ce47-034c494e2526
2026081416,0ec0fe0a-3086-4019-1e21-5b43b01b1c46,9100004,PROJECTA BRUTE FORCE THRESHOLD,2026-08-15T12:37:25.378612+0000,/login?ok=0&sid=0ec0fe0a-3086-4019-1e21-5b43b01b1c46
2026081416,ae878c3d-227b-158b-0317-107086378d99,9100001,PROJECTA ADMIN SENSITIVE ACCESS,2026-08-15T12:37:25.419766+0000,/admin/secret?sid=ae878c3d-227b-158b-0317-107086378d99
2026081416,5e2ebae4-88fd-4d9a-45fb-8c419030519a,9100004,PROJECTA BRUTE FORCE THRESHOLD,2026-08-15T12:37:25.175797+0000,/login?ok=0&sid=5e2ebae4-88fd-4d9a-45fb-8c419030519a
2026081416,cc2247ad-dd3e-4d46-c44e-006706ef755e,9100004,PROJECTA BRUTE FORCE THRESHOLD,2026-08-15T12:37:25.516213+0000,/login?ok=0&sid=cc2247ad-dd3e-4d46-c44e-006706ef755e
2026081416,9ea36eb6-ee4f-bfd9-9c35-57b056389ee9,9100004,PROJECTA BRUTE FORCE THRESHOLD,2026-08-15T12:37:25.487194+0000,/login?ok=0&sid=9ea36eb6-ee4f-bfd9-9c35-57b056389ee9
2026081416,3fb62230-9c9e-0980-d45d-9126eae77e91,9100004,PROJECTA BRUTE FORCE THRESHOLD,2026-08-15T12:37:25.498659+0000,/login?ok=0&sid=3fb62230-9c9e-0980-d45d-9126eae77e91
2026081417,f811209a-d9ea-5adf-243d-a830e1ca8e81,9100004,PROJECTA BRUTE FORCE THRESHOLD,2026-08-15T12:37:32.616734+0000,/login?ok=0&sid=f811209a-d9ea-5adf-243d-a830e1ca8e81
2026081417,22d099fd-5335-9ce1-aef6-8cc4a2b12a20,9100004,PROJECTA BRUTE FORCE THRESHOLD,2026-08-15T12:37:32.742060+0000,/login?ok=0&sid=22d099fd-5335-9ce1-aef6-8cc4a2b12a20
2026081417,bb0f9cb9-b834-844e-6c52-10059f4849c7,9100004,PROJECTA BRUTE FORCE THRESHOLD,2026-08-15T12:37:32.859256+0000,/login?ok=0&sid=bb0f9cb9-b834-844e-6c52-10059f4849c7
2026081417,53284e61-a393-61f6-5ff6-a57a81f711b4,9100004,PROJECTA BRUTE FORCE THRESHOLD,2026-08-15T12:37:32.655295+0000,/login?ok=0&sid=53284e61-a393-61f6-5ff6-a57a81f711b4
2026081417,95765408-44bd-fd4b-59fc-1e9365a6ca55,9100004,PROJECTA BRUTE FORCE THRESHOLD,2026-08-15T12:37:32.721184+0000,/login?ok=0&sid=95765408-44bd-fd4b-59fc-1e9365a6ca55
2026081417,4c42cf96-1cc0-d554-e764-38ed10680c69,9100004,PROJECTA BRUTE FORCE THRESHOLD,2026-08-15T12:37:32.691247+0000,/login?ok=0&sid=4c42cf96-1cc0-d554-e764-38ed10680c69
2026081417,bbec7a10-70ed-900c-9151-6d444e7a5373,9100004,PROJECTA BRUTE FORCE THRESHOLD,2026-08-15T12:37:32.848637+0000,/login?ok=0&sid=bbec7a10-70ed-900c-9151-6d444e7a5373
2026081417,5bc43ea5-1d33-4550-2b74-a984adbf8294,9100004,PROJECTA BRUTE FORCE THRESHOLD,2026-08-15T12:37:32.817894+0000,/login?ok=0&sid=5bc43ea5-1d33-4550-2b74-a984adbf8294
2026081417,39d2425e-4de5-d88c-5720-3b654d5874e8,9100004,PROJECTA BRUTE FORCE THRESHOLD,2026-08-15T12:37:33.004315+0000,/login?ok=0&sid=39d2425e-4de5-d88c-5720-3b654d5874e8
2026081417,134210c8-8688-2a90-9809-9ffdf89c4cfd,9100004,PROJECTA BRUTE FORCE THRESHOLD,2026-08-15T12:37:32.778403+0000,/login?ok=0&sid=134210c8-8688-2a90-9809-9ffdf89c4cfd
2026081417,a0a8dcc2-dce4-a8e0-eceb-ccec40329832,9100004,PROJECTA BRUTE FORCE THRESHOLD,2026-08-15T12:37:32.706620+0000,/login?ok=0&sid=a0a8dcc2-dce4-a8e0-eceb-ccec40329832
2026081417,235a5769-9ba5-51f7-ca6d-0ed519e87c9e,9100004,PROJECTA BRUTE FORCE THRESHOLD,2026-08-15T12:37:32.732685+0000,/login?ok=0&sid=235a5769-9ba5-51f7-ca6d-0ed519e87c9e
2026081417,66c64c8f-478e-cd43-b106-fb6713b548f0,9100004,PROJECTA BRUTE FORCE THRESHOLD,2026-08-15T12:37:33.083440+0000,/login?ok=0&sid=66c64c8f-478e-cd43-b106-fb6713b548f0
2026081417,903fee9a-eb07-3135-2878-77972b67c4d9,9100004,PROJECTA BRUTE FORCE THRESHOLD,2026-08-15T12:37:32.839596+0000,/login?ok=0&sid=903fee9a-eb07-3135-2878-77972b67c4d9
2026081417,c31ee8df-9ca3-7408-14e8-f5aa65674655,9100004,PROJECTA BRUTE FORCE THRESHOLD,2026-08-15T12:37:32.830772+0000,/login?ok=0&sid=c31ee8df-9ca3-7408-14e8-f5aa65674655
2026081417,059d6c35-342a-934f-4847-019d5da8ee78,9100004,PROJECTA BRUTE FORCE THRESHOLD,2026-08-15T12:37:33.106866+0000,/login?ok=0&sid=059d6c35-342a-934f-4847-019d5da8ee78
2026081417,0bcd4ca3-dcca-585d-97f3-16e41a70d554,9100004,PROJECTA BRUTE FORCE THRESHOLD,2026-08-15T12:37:32.728640+0000,/login?ok=0&sid=0bcd4ca3-dcca-585d-97f3-16e41a70d554
2026081417,1d318eb5-e173-956d-dad9-d283a80be2cd,9100004,PROJECTA BRUTE FORCE THRESHOLD,2026-08-15T12:37:33.069773+0000,/login?ok=0&sid=1d318eb5-e173-956d-dad9-d283a80be2cd
2026081417,fede2784-dd51-7008-756e-234a8c872958,9100004,PROJECTA BRUTE FORCE THRESHOLD,2026-08-15T12:37:32.753218+0000,/login?ok=0&sid=fede2784-dd51-7008-756e-234a8c872958
2026081417,4e163608-d154-e7a1-9930-ea3ccf35e52a,9100004,PROJECTA BRUTE FORCE THRESHOLD,2026-08-15T12:37:32.919986+0000,/login?ok=0&sid=4e163608-d154-e7a1-9930-ea3ccf35e52a
2026081417,2faad6a5-2de3-93fe-6569-5428da5abd51,9100004,PROJECTA BRUTE FORCE THRESHOLD,2026-08-15T12:37:33.099117+0000,/login?ok=0&sid=2faad6a5-2de3-93fe-6569-5428da5abd51
2026081417,bd7e3ee2-1815-3eae-d550-0b7857e80a99,9100004,PROJECTA BRUTE FORCE THRESHOLD,2026-08-15T12:37:33.576171+0000,/login?ok=0&sid=bd7e3ee2-1815-3eae-d550-0b7857e80a99
2026081417,7cf81a75-5aa5-6a57-196f-a7cf1c3757cb,9100004,PROJECTA BRUTE FORCE THRESHOLD,2026-08-15T12:37:32.915153+0000,/login?ok=0&sid=7cf81a75-5aa5-6a57-196f-a7cf1c3757cb
2026081417,2d30ac55-9fde-0e1f-6b6e-6492633ffe35,9100004,PROJECTA BRUTE FORCE THRESHOLD,2026-08-15T12:37:32.931762+0000,/login?ok=0&sid=2d30ac55-9fde-0e1f-6b6e-6492633ffe35
2026081417,fb2e3aca-33f7-ca7d-c93f-e3bf9188e06c,9100004,PROJECTA BRUTE FORCE THRESHOLD,2026-08-15T12:37:32.924492+0000,/login?ok=0&sid=fb2e3aca-33f7-ca7d-c93f-e3bf9188e06c
2026081417,81c87b74-1f99-6cdd-c894-43fa94fa5d34,9100004,PROJECTA BRUTE FORCE THRESHOLD,2026-08-15T12:37:32.974100+0000,/login?ok=0&sid=81c87b74-1f99-6cdd-c894-43fa94fa5d34
2026081417,705388e1-15a0-55aa-09a0-e7bb9f5ce939,9100004,PROJECTA BRUTE FORCE THRESHOLD,2026-08-15T12:37:32.989117+0000,/login?ok=0&sid=705388e1-15a0-55aa-09a0-e7bb9f5ce939
2026081417,33be6154-c884-5b86-412c-c7e0aa9b36cf,9100004,PROJECTA BRUTE FORCE THRESHOLD,2026-08-15T12:37:32.939289+0000,/login?ok=0&sid=33be6154-c884-5b86-412c-c7e0aa9b36cf
2026081417,e1794e61-9a92-0445-d8a1-c14dd5831094,9100004,PROJECTA BRUTE FORCE THRESHOLD,2026-08-15T12:37:32.761081+0000,/login?ok=0&sid=e1794e61-9a92-0445-d8a1-c14dd5831094
2026081417,0e520c26-e55f-0f75-54f4-2b97f30861bc,9100004,PROJECTA BRUTE FORCE THRESHOLD,2026-08-15T12:37:33.337355+0000,/login?ok=0&sid=0e520c26-e55f-0f75-54f4-2b97f30861bc
2026081417,cd350262-989e-3b26-163a-4e6169a4c86f,9100004,PROJECTA BRUTE FORCE THRESHOLD,2026-08-15T12:37:33.602243+0000,/login?ok=0&sid=cd350262-989e-3b26-163a-4e6169a4c86f
2026081417,23cc7d3d-655b-77cf-d4cf-13ff070d751b,9100004,PROJECTA BRUTE FORCE THRESHOLD,2026-08-15T12:37:33.357806+0000,/login?ok=0&sid=23cc7d3d-655b-77cf-d4cf-13ff070d751b
2026081417,9f56674d-59ca-52f0-353b-f3fb03179c45,9100004,PROJECTA BRUTE FORCE THRESHOLD,2026-08-15T12:37:33.677514+0000,/login?ok=0&sid=9f56674d-59ca-52f0-353b-f3fb03179c45
2026081417,098560db-c2be-4e82-bb1c-4535e5aaccc4,9100004,PROJECTA BRUTE FORCE THRESHOLD,2026-08-15T12:37:33.696548+0000,/login?ok=0&sid=098560db-c2be-4e82-bb1c-4535e5aaccc4
2026081417,8888d634-dff6-8243-c2c3-ce16e1a5d24e,9100004,PROJECTA BRUTE FORCE THRESHOLD,2026-08-15T12:37:33.771580+0000,/login?ok=0&sid=8888d634-dff6-8243-c2c3-ce16e1a5d24e
2026081417,def292e4-22a8-7ff4-8554-680abec4df98,9100004,PROJECTA BRUTE FORCE THRESHOLD,2026-08-15T12:37:33.088850+0000,/login?ok=0&sid=def292e4-22a8-7ff4-8554-680abec4df98
2026081417,f55701fa-6055-a943-10cb-e481df60f094,9100004,PROJECTA BRUTE FORCE THRESHOLD,2026-08-15T12:37:33.032792+0000,/login?ok=0&sid=f55701fa-6055-a943-10cb-e481df60f094
2026081417,2ef45ac9-0e6b-c8a0-3ed5-cb744f719da8,9100004,PROJECTA BRUTE FORCE THRESHOLD,2026-08-15T12:37:33.019136+0000,/login?ok=0&sid=2ef45ac9-0e6b-c8a0-3ed5-cb744f719da8
2026081417,9a9e1d80-1387-675a-5d48-5d78eaabf06b,9100004,PROJECTA BRUTE FORCE THRESHOLD,2026-08-15T12:37:33.711109+0000,/login?ok=0&sid=9a9e1d80-1387-675a-5d48-5d78eaabf06b
2026081417,79fea4cf-5d1b-b86d-aeaa-45d2e24b5fd9,9100004,PROJECTA BRUTE FORCE THRESHOLD,2026-08-15T12:37:33.351134+0000,/login?ok=0&sid=79fea4cf-5d1b-b86d-aeaa-45d2e24b5fd9
2026081417,00a6e108-d8bc-51b9-0f9c-e117e63acfe4,9100004,PROJECTA BRUTE FORCE THRESHOLD,2026-08-15T12:37:33.584902+0000,/login?ok=0&sid=00a6e108-d8bc-51b9-0f9c-e117e63acfe4
2026081417,0105b755-a4c1-c890-72c9-04848345ebc7,9100004,PROJECTA BRUTE FORCE THRESHOLD,2026-08-15T12:37:34.043410+0000,/login?ok=0&sid=0105b755-a4c1-c890-72c9-04848345ebc7
2026081417,75b1ca2f-3614-fe96-39c2-572887f1e7b8,9100004,PROJECTA BRUTE FORCE THRESHOLD,2026-08-15T12:37:33.811054+0000,/login?ok=0&sid=75b1ca2f-3614-fe96-39c2-572887f1e7b8
2026081417,69b3e1fe-e830-7e08-f879-1a0d49f348a0,9100004,PROJECTA BRUTE FORCE THRESHOLD,2026-08-15T12:37:34.396790+0000,/login?ok=0&sid=69b3e1fe-e830-7e08-f879-1a0d49f348a0
2026081417,5a983aa9-e079-f2b9-a9e2-ae51521703a8,9100004,PROJECTA BRUTE FORCE THRESHOLD,2026-08-15T12:37:34.084185+0000,/login?ok=0&sid=5a983aa9-e079-f2b9-a9e2-ae51521703a8
2026081417,e96d7a9c-fa01-c11c-8ce8-91aaefb0122a,9100004,PROJECTA BRUTE FORCE THRESHOLD,2026-08-15T12:37:34.129586+0000,/login?ok=0&sid=e96d7a9c-fa01-c11c-8ce8-91aaefb0122a
2026081417,c604c221-1ec7-3b43-95be-3c52177c3147,9100002,PROJECTA PATH TRAVERSAL,2026-08-15T12:37:34.135206+0000,/%2e%2e/%2e%2e/etc/passwd?sid=c604c221-1ec7-3b43-95be-3c52177c3147
2026081417,ea39e4b8-f692-4868-453f-cdbc5f1b73f4,9100004,PROJECTA BRUTE FORCE THRESHOLD,2026-08-15T12:37:33.371574+0000,/login?ok=0&sid=ea39e4b8-f692-4868-453f-cdbc5f1b73f4
2026081417,a4abf510-f1ff-1105-aa89-cebffd9fb366,9100004,PROJECTA BRUTE FORCE THRESHOLD,2026-08-15T12:37:33.345053+0000,/login?ok=0&sid=a4abf510-f1ff-1105-aa89-cebffd9fb366
2026081417,ca83542e-7702-4bf6-aa1c-f10a60fcd56d,9100004,PROJECTA BRUTE FORCE THRESHOLD,2026-08-15T12:37:34.001125+0000,/login?ok=0&sid=ca83542e-7702-4bf6-aa1c-f10a60fcd56d
2026081417,56df1eba-b2cc-8346-5dd2-670e63edf02f,9100004,PROJECTA BRUTE FORCE THRESHOLD,2026-08-15T12:37:34.896040+0000,/login?ok=0&sid=56df1eba-b2cc-8346-5dd2-670e63edf02f
2026081417,c50f576e-43d5-10c3-22b7-5590fd75c2ba,9100004,PROJECTA BRUTE FORCE THRESHOLD,2026-08-15T12:37:34.034380+0000,/login?ok=0&sid=c50f576e-43d5-10c3-22b7-5590fd75c2ba
2026081417,8365c1f0-1af8-8c0b-c351-efcf948e36ec,9100001,PROJECTA ADMIN SENSITIVE ACCESS,2026-08-15T12:37:33.962613+0000,/admin/secret?sid=8365c1f0-1af8-8c0b-c351-efcf948e36ec
2026081417,5ffb4ce9-d9cd-719e-9d3e-3c6b422eeb84,9100004,PROJECTA BRUTE FORCE THRESHOLD,2026-08-15T12:37:33.782002+0000,/login?ok=0&sid=5ffb4ce9-d9cd-719e-9d3e-3c6b422eeb84
2026081417,62782f5d-40ea-651e-f178-a7902eb587bc,9100004,PROJECTA BRUTE FORCE THRESHOLD,2026-08-15T12:37:33.568752+0000,/login?ok=0&sid=62782f5d-40ea-651e-f178-a7902eb587bc
2026081417,10aafbdd-bd55-cbee-d3e9-3e65e7836c12,9100004,PROJECTA BRUTE FORCE THRESHOLD,2026-08-15T12:37:34.407923+0000,/login?ok=0&sid=10aafbdd-bd55-cbee-d3e9-3e65e7836c12
2026081417,7818d641-5d94-2f30-888f-1ba717642616,9100004,PROJECTA BRUTE FORCE THRESHOLD,2026-08-15T12:37:35.019538+0000,/login?ok=0&sid=7818d641-5d94-2f30-888f-1ba717642616
2026081417,5751c95c-64a8-b1e2-c920-0bc6235725f0,9100004,PROJECTA BRUTE FORCE THRESHOLD,2026-08-15T12:37:34.635821+0000,/login?ok=0&sid=5751c95c-64a8-b1e2-c920-0bc6235725f0
2026081417,e7c959aa-87da-89c2-1e3b-c8d01a9c5f76,9100004,PROJECTA BRUTE FORCE THRESHOLD,2026-08-15T12:37:33.589090+0000,/login?ok=0&sid=e7c959aa-87da-89c2-1e3b-c8d01a9c5f76
2026081417,54ca8597-a28b-1840-188b-55116a5c9bca,9100004,PROJECTA BRUTE FORCE THRESHOLD,2026-08-15T12:37:34.071411+0000,/login?ok=0&sid=54ca8597-a28b-1840-188b-55116a5c9bca
2026081417,d84dae19-6828-c25b-a047-c373edb9ff90,9100004,PROJECTA BRUTE FORCE THRESHOLD,2026-08-15T12:37:34.622829+0000,/login?ok=0&sid=d84dae19-6828-c25b-a047-c373edb9ff90
2026081417,9f3be07b-3fb9-5907-ad95-450fb882630c,9100004,PROJECTA BRUTE FORCE THRESHOLD,2026-08-15T12:37:34.099781+0000,/login?ok=0&sid=9f3be07b-3fb9-5907-ad95-450fb882630c
2026081417,898703b9-b59c-979c-d9dd-2908ebd0e48e,9100004,PROJECTA BRUTE FORCE THRESHOLD,2026-08-15T12:37:33.682333+0000,/login?ok=0&sid=898703b9-b59c-979c-d9dd-2908ebd0e48e
2026081417,fe2557d2-7f80-3e7f-3cbe-1def5723f11f,9100004,PROJECTA BRUTE FORCE THRESHOLD,2026-08-15T12:37:34.652130+0000,/login?ok=0&sid=fe2557d2-7f80-3e7f-3cbe-1def5723f11f
2026081417,3c11c30b-1fee-fb8e-de1a-02fd93f7fc71,9100002,PROJECTA PATH TRAVERSAL,2026-08-15T12:37:34.340947+0000,/%2e%2e/%2e%2e/etc/passwd?sid=3c11c30b-1fee-fb8e-de1a-02fd93f7fc71
2026081417,73265df3-a73f-0a73-6c74-dba4bf4a3240,9100004,PROJECTA BRUTE FORCE THRESHOLD,2026-08-15T12:37:33.788700+0000,/login?ok=0&sid=73265df3-a73f-0a73-6c74-dba4bf4a3240
2026081417,e0c7be87-7d03-938f-88fb-c1950822e97c,9100004,PROJECTA BRUTE FORCE THRESHOLD,2026-08-15T12:37:34.512347+0000,/login?ok=0&sid=e0c7be87-7d03-938f-88fb-c1950822e97c
2026081417,12fed7ef-04d8-a104-244f-d01a261b41fb,9100004,PROJECTA BRUTE FORCE THRESHOLD,2026-08-15T12:37:34.388139+0000,/login?ok=0&sid=12fed7ef-04d8-a104-244f-d01a261b41fb
2026081417,5d1a14aa-8121-ddb4-8afe-e10ed5af4856,9100004,PROJECTA BRUTE FORCE THRESHOLD,2026-08-15T12:37:33.799100+0000,/login?ok=0&sid=5d1a14aa-8121-ddb4-8afe-e10ed5af4856
2026081417,b2118ab3-9818-2556-a6ec-0e506ce6f5a1,9100004,PROJECTA BRUTE FORCE THRESHOLD,2026-08-15T12:37:34.384235+0000,/login?ok=0&sid=b2118ab3-9818-2556-a6ec-0e506ce6f5a1
2026081417,c2e571a0-6861-00f0-2a77-c5b3a34efe15,9100004,PROJECTA BRUTE FORCE THRESHOLD,2026-08-15T12:37:33.663635+0000,/login?ok=0&sid=c2e571a0-6861-00f0-2a77-c5b3a34efe15
2026081417,5a604e36-1573-d441-7a42-7899369ca6ac,9100004,PROJECTA BRUTE FORCE THRESHOLD,2026-08-15T12:37:34.889955+0000,/login?ok=0&sid=5a604e36-1573-d441-7a42-7899369ca6ac
2026081417,a368718c-6a41-7b03-a8ce-29b1c6793008,9100004,PROJECTA BRUTE FORCE THRESHOLD,2026-08-15T12:37:35.388891+0000,/login?ok=0&sid=a368718c-6a41-7b03-a8ce-29b1c6793008
2026081417,497422e0-03eb-0824-cd00-18449afafa77,9100004,PROJECTA BRUTE FORCE THRESHOLD,2026-08-15T12:37:34.640092+0000,/login?ok=0&sid=497422e0-03eb-0824-cd00-18449afafa77
2026081417,3cd1e272-22c5-c73a-2f12-c6938fdec348,9100004,PROJECTA BRUTE FORCE THRESHOLD,2026-08-15T12:37:34.615872+0000,/login?ok=0&sid=3cd1e272-22c5-c73a-2f12-c6938fdec348
2026081417,664e4997-6baf-a88e-937a-f1b6320e79e3,9100004,PROJECTA BRUTE FORCE THRESHOLD,2026-08-15T12:37:33.994619+0000,/login?ok=0&sid=664e4997-6baf-a88e-937a-f1b6320e79e3
2026081417,b0bf2202-9e0b-26a2-a872-f997acd8b505,9100004,PROJECTA BRUTE FORCE THRESHOLD,2026-08-15T12:37:34.549988+0000,/login?ok=0&sid=b0bf2202-9e0b-26a2-a872-f997acd8b505
2026081417,ae143998-5f53-d5c8-b823-1fca9b14b741,9100004,PROJECTA BRUTE FORCE THRESHOLD,2026-08-15T12:37:34.491635+0000,/login?ok=0&sid=ae143998-5f53-d5c8-b823-1fca9b14b741
2026081417,17c7d627-b656-3902-9d4c-e2d61b9a10a5,9100004,PROJECTA BRUTE FORCE THRESHOLD,2026-08-15T12:37:34.581129+0000,/login?ok=0&sid=17c7d627-b656-3902-9d4c-e2d61b9a10a5
2026081417,7b05c997-6fb4-9e42-b1ea-e60e5a0929d9,9100004,PROJECTA BRUTE FORCE THRESHOLD,2026-08-15T12:37:35.357134+0000,/login?ok=0&sid=7b05c997-6fb4-9e42-b1ea-e60e5a0929d9
2026081417,ca5c0cea-3950-0d74-660d-ae972224ae6c,9100004,PROJECTA BRUTE FORCE THRESHOLD,2026-08-15T12:37:34.540833+0000,/login?ok=0&sid=ca5c0cea-3950-0d74-660d-ae972224ae6c
2026081417,8bfafbb5-1077-46bd-7344-42457a07f865,9100004,PROJECTA BRUTE FORCE THRESHOLD,2026-08-15T12:37:34.911231+0000,/login?ok=0&sid=8bfafbb5-1077-46bd-7344-42457a07f865
2026081417,bfd89351-57a6-165d-3d19-caf41ed6bf1e,9100001,PROJECTA ADMIN SENSITIVE ACCESS,2026-08-15T12:37:34.320022+0000,/admin/secret?sid=bfd89351-57a6-165d-3d19-caf41ed6bf1e
2026081417,d105ef5a-f8de-15b2-2da3-a5e2754c452d,9100004,PROJECTA BRUTE FORCE THRESHOLD,2026-08-15T12:37:34.564211+0000,/login?ok=0&sid=d105ef5a-f8de-15b2-2da3-a5e2754c452d
2026081417,2938dd09-e50c-ca11-7b11-bf0facd2ef8a,9100004,PROJECTA BRUTE FORCE THRESHOLD,2026-08-15T12:37:34.588265+0000,/login?ok=0&sid=2938dd09-e50c-ca11-7b11-bf0facd2ef8a
2026081417,768fde70-2c65-3fd7-b760-da1927ab5967,9100004,PROJECTA BRUTE FORCE THRESHOLD,2026-08-15T12:37:34.019334+0000,/login?ok=0&sid=768fde70-2c65-3fd7-b760-da1927ab5967
2026081417,ef65c233-7132-0fcd-8d6c-570d82e49833,9100004,PROJECTA BRUTE FORCE THRESHOLD,2026-08-15T12:37:35.351566+0000,/login?ok=0&sid=ef65c233-7132-0fcd-8d6c-570d82e49833
2026081417,444668fd-15cf-38a4-aafd-1558ef07b180,9100004,PROJECTA BRUTE FORCE THRESHOLD,2026-08-15T12:37:34.116470+0000,/login?ok=0&sid=444668fd-15cf-38a4-aafd-1558ef07b180
2026081417,67802c0d-8ed0-70f1-8868-d7328418e6ad,9100001,PROJECTA ADMIN SENSITIVE ACCESS,2026-08-15T12:37:34.922858+0000,/admin/secret?sid=67802c0d-8ed0-70f1-8868-d7328418e6ad
2026081417,4dcb9a96-1b6e-6354-b00c-29bb31f0fa8f,9100004,PROJECTA BRUTE FORCE THRESHOLD,2026-08-15T12:37:34.496883+0000,/login?ok=0&sid=4dcb9a96-1b6e-6354-b00c-29bb31f0fa8f
2026081417,d6587bff-d97c-dac6-1168-e6b95511ad6c,9100004,PROJECTA BRUTE FORCE THRESHOLD,2026-08-15T12:37:35.182432+0000,/login?ok=0&sid=d6587bff-d97c-dac6-1168-e6b95511ad6c
2026081417,e71c797b-8198-350d-1799-ac180c976cc1,9100003,PROJECTA COMMAND PROBE,2026-08-15T12:37:35.150450+0000,/cmd?x=id&sid=e71c797b-8198-350d-1799-ac180c976cc1
2026081417,d7cb1502-b060-070a-9b75-52e602e63472,9100004,PROJECTA BRUTE FORCE THRESHOLD,2026-08-15T12:37:34.906074+0000,/login?ok=0&sid=d7cb1502-b060-070a-9b75-52e602e63472
2026081417,37bc0921-18a6-9fef-98c9-858e71f25151,9100004,PROJECTA BRUTE FORCE THRESHOLD,2026-08-15T12:37:35.637811+0000,/login?ok=0&sid=37bc0921-18a6-9fef-98c9-858e71f25151
2026081417,d061d0fd-1c9c-12c0-2e2f-698ddc068f6f,9100003,PROJECTA COMMAND PROBE,2026-08-15T12:37:35.512433+0000,/cmd?x=id&sid=d061d0fd-1c9c-12c0-2e2f-698ddc068f6f
2026081417,e8670be8-eaf5-633f-07cd-f4ac34ddf56c,9100003,PROJECTA COMMAND PROBE,2026-08-15T12:37:34.751348+0000,/cmd?x=id&sid=e8670be8-eaf5-633f-07cd-f4ac34ddf56c
2026081417,a47f95c4-a73e-96e2-2918-24eaf05a9c61,9100004,PROJECTA BRUTE FORCE THRESHOLD,2026-08-15T12:37:35.216196+0000,/login?ok=0&sid=a47f95c4-a73e-96e2-2918-24eaf05a9c61
2026081417,0807b883-a135-0bd2-5700-88ba58c0f224,9100004,PROJECTA BRUTE FORCE THRESHOLD,2026-08-15T12:37:34.988843+0000,/login?ok=0&sid=0807b883-a135-0bd2-5700-88ba58c0f224
2026081417,9fdd0b02-0ca3-b855-818f-0efa3c365a1e,9100004,PROJECTA BRUTE FORCE THRESHOLD,2026-08-15T12:37:34.378819+0000,/login?ok=0&sid=9fdd0b02-0ca3-b855-818f-0efa3c365a1e
2026081417,641f8d24-9002-c6f5-e8d1-c86c5aecf6dc,9100004,PROJECTA BRUTE FORCE THRESHOLD,2026-08-15T12:37:34.505697+0000,/login?ok=0&sid=641f8d24-9002-c6f5-e8d1-c86c5aecf6dc
2026081417,64816361-375d-861b-21ce-5027d836b3c9,9100004,PROJECTA BRUTE FORCE THRESHOLD,2026-08-15T12:37:35.560547+0000,/login?ok=0&sid=64816361-375d-861b-21ce-5027d836b3c9
2026081417,9605e877-498a-d219-ea64-c1e4530581a7,9100004,PROJECTA BRUTE FORCE THRESHOLD,2026-08-15T12:37:35.207335+0000,/login?ok=0&sid=9605e877-498a-d219-ea64-c1e4530581a7
2026081417,7d4ab186-a938-e2cd-d4a7-2087da243f68,9100004,PROJECTA BRUTE FORCE THRESHOLD,2026-08-15T12:37:35.379435+0000,/login?ok=0&sid=7d4ab186-a938-e2cd-d4a7-2087da243f68
2026081417,e61c4351-5147-db85-4a29-941aecc98b74,9100004,PROJECTA BRUTE FORCE THRESHOLD,2026-08-15T12:37:34.978647+0000,/login?ok=0&sid=e61c4351-5147-db85-4a29-941aecc98b74
2026081417,ac4e1b56-41b4-cb56-c7f4-9a531bf0aec3,9100002,PROJECTA PATH TRAVERSAL,2026-08-15T12:37:34.423748+0000,/%2e%2e/%2e%2e/etc/passwd?sid=ac4e1b56-41b4-cb56-c7f4-9a531bf0aec3
2026081417,41233a4a-fa8d-52c2-bb66-7ddab30c96d9,9100004,PROJECTA BRUTE FORCE THRESHOLD,2026-08-15T12:37:34.918669+0000,/login?ok=0&sid=41233a4a-fa8d-52c2-bb66-7ddab30c96d9
2026081417,4c2d2973-e1d4-4131-0da5-2b81e4152f28,9100004,PROJECTA BRUTE FORCE THRESHOLD,2026-08-15T12:37:35.371156+0000,/login?ok=0&sid=4c2d2973-e1d4-4131-0da5-2b81e4152f28
2026081417,fc797e3b-0545-b270-16ad-71003c358ee0,9100004,PROJECTA BRUTE FORCE THRESHOLD,2026-08-15T12:37:34.488125+0000,/login?ok=0&sid=fc797e3b-0545-b270-16ad-71003c358ee0
2026081417,b0f7c395-7d8f-8f96-983d-1cc7a196aa58,9100004,PROJECTA BRUTE FORCE THRESHOLD,2026-08-15T12:37:35.594045+0000,/login?ok=0&sid=b0f7c395-7d8f-8f96-983d-1cc7a196aa58
2026081417,bbea5d33-2f71-3b90-126d-3d0a680a6114,9100004,PROJECTA BRUTE FORCE THRESHOLD,2026-08-15T12:37:35.170831+0000,/login?ok=0&sid=bbea5d33-2f71-3b90-126d-3d0a680a6114
2026081417,e90d01fc-bf5c-d4ea-edeb-69248d0b614c,9100002,PROJECTA PATH TRAVERSAL,2026-08-15T12:37:34.875052+0000,/%2e%2e/%2e%2e/etc/passwd?sid=e90d01fc-bf5c-d4ea-edeb-69248d0b614c
2026081417,10743390-103a-5c3e-bec8-f298cf26bd3f,9100004,PROJECTA BRUTE FORCE THRESHOLD,2026-08-15T12:37:35.009564+0000,/login?ok=0&sid=10743390-103a-5c3e-bec8-f298cf26bd3f
2026081417,c6b6a8f7-dc47-ded2-aff5-3d7f8cc8fa27,9100004,PROJECTA BRUTE FORCE THRESHOLD,2026-08-15T12:37:35.567788+0000,/login?ok=0&sid=c6b6a8f7-dc47-ded2-aff5-3d7f8cc8fa27
2026081417,eddc7c17-b83a-659e-35a5-58bec27bd3fa,9100001,PROJECTA ADMIN SENSITIVE ACCESS,2026-08-15T12:37:35.342939+0000,/admin/secret?sid=eddc7c17-b83a-659e-35a5-58bec27bd3fa
2026081417,c070ea75-0644-6a4c-8727-2977f24da5a1,9100004,PROJECTA BRUTE FORCE THRESHOLD,2026-08-15T12:37:35.545986+0000,/login?ok=0&sid=c070ea75-0644-6a4c-8727-2977f24da5a1
2026081417,c77c7f92-79aa-09fc-059f-79c62ad8b2e2,9100004,PROJECTA BRUTE FORCE THRESHOLD,2026-08-15T12:37:35.626486+0000,/login?ok=0&sid=c77c7f92-79aa-09fc-059f-79c62ad8b2e2
2026081417,7e7a57ce-5f5b-2b6e-f1ba-7361fd509fe2,9100004,PROJECTA BRUTE FORCE THRESHOLD,2026-08-15T12:37:34.999413+0000,/login?ok=0&sid=7e7a57ce-5f5b-2b6e-f1ba-7361fd509fe2
2026081417,513a4694-c73e-3ccc-494f-c7eef0d2065e,9100002,PROJECTA PATH TRAVERSAL,2026-08-15T12:37:34.668102+0000,/%2e%2e/%2e%2e/etc/passwd?sid=513a4694-c73e-3ccc-494f-c7eef0d2065e
2026081417,7d3eb54b-6ac2-6b94-9474-21e18a4aa9e0,9100004,PROJECTA BRUTE FORCE THRESHOLD,2026-08-15T12:37:35.191320+0000,/login?ok=0&sid=7d3eb54b-6ac2-6b94-9474-21e18a4aa9e0
2026081417,80727446-7b3a-fd99-fe6a-caeed0850ce7,9100003,PROJECTA COMMAND PROBE,2026-08-15T12:37:35.248993+0000,/cmd?x=id&sid=80727446-7b3a-fd99-fe6a-caeed0850ce7
2026081417,60f57562-464e-585f-715b-77d30538c3ec,9100004,PROJECTA BRUTE FORCE THRESHOLD,2026-08-15T12:37:35.578167+0000,/login?ok=0&sid=60f57562-464e-585f-715b-77d30538c3ec
2026081417,e24a97ba-7601-7a1a-88e1-687a5f491983,9100004,PROJECTA BRUTE FORCE THRESHOLD,2026-08-15T12:37:35.537433+0000,/login?ok=0&sid=e24a97ba-7601-7a1a-88e1-687a5f491983
2026081417,e20b9755-fae7-ec42-deaa-759c742c930c,9100004,PROJECTA BRUTE FORCE THRESHOLD,2026-08-15T12:37:35.613454+0000,/login?ok=0&sid=e20b9755-fae7-ec42-deaa-759c742c930c
2026081417,bda71b40-9b80-18bb-c940-b5c9eb16937f,9100004,PROJECTA BRUTE FORCE THRESHOLD,2026-08-15T12:37:35.599143+0000,/login?ok=0&sid=bda71b40-9b80-18bb-c940-b5c9eb16937f
2026081418,c79ca260-069d-d1b9-1010-a0b64e26ca76,9100004,PROJECTA BRUTE FORCE THRESHOLD,2026-08-15T12:37:42.811727+0000,/login?ok=0&sid=c79ca260-069d-d1b9-1010-a0b64e26ca76
2026081418,8774195d-11af-9d7e-1318-b04d96e7319d,9100004,PROJECTA BRUTE FORCE THRESHOLD,2026-08-15T12:37:43.111427+0000,/login?ok=0&sid=8774195d-11af-9d7e-1318-b04d96e7319d
2026081418,39a46e15-04ea-f192-4901-433c56d39fb6,9100004,PROJECTA BRUTE FORCE THRESHOLD,2026-08-15T12:37:43.086994+0000,/login?ok=0&sid=39a46e15-04ea-f192-4901-433c56d39fb6
2026081418,a2c3e73f-cf95-af89-cff5-55ad3444d06a,9100002,PROJECTA PATH TRAVERSAL,2026-08-15T12:37:42.767030+0000,/%2e%2e/%2e%2e/etc/passwd?sid=a2c3e73f-cf95-af89-cff5-55ad3444d06a
2026081418,f4ad0885-51bf-2587-7684-823ae18b8e68,9100004,PROJECTA BRUTE FORCE THRESHOLD,2026-08-15T12:37:43.264728+0000,/login?ok=0&sid=f4ad0885-51bf-2587-7684-823ae18b8e68
2026081418,0e11a7c7-3094-0455-24d4-ba28b9f5c43b,9100004,PROJECTA BRUTE FORCE THRESHOLD,2026-08-15T12:37:43.042262+0000,/login?ok=0&sid=0e11a7c7-3094-0455-24d4-ba28b9f5c43b
2026081418,3fba6bbc-4ae1-932e-e656-bb276acca150,9100004,PROJECTA BRUTE FORCE THRESHOLD,2026-08-15T12:37:43.276704+0000,/login?ok=0&sid=3fba6bbc-4ae1-932e-e656-bb276acca150
2026081418,2631c65d-9bab-df97-65ea-bb85b76235e4,9100004,PROJECTA BRUTE FORCE THRESHOLD,2026-08-15T12:37:43.004530+0000,/login?ok=0&sid=2631c65d-9bab-df97-65ea-bb85b76235e4
2026081418,91cb37ff-a421-9826-adff-618c8ea8c609,9100004,PROJECTA BRUTE FORCE THRESHOLD,2026-08-15T12:37:43.095508+0000,/login?ok=0&sid=91cb37ff-a421-9826-adff-618c8ea8c609
2026081418,133c281d-fd72-728c-78df-5a7ed4e13ee9,9100004,PROJECTA BRUTE FORCE THRESHOLD,2026-08-15T12:37:43.423624+0000,/login?ok=0&sid=133c281d-fd72-728c-78df-5a7ed4e13ee9
2026081418,5df66afb-f654-70fd-aee7-f0db30801a68,9100001,PROJECTA ADMIN SENSITIVE ACCESS,2026-08-15T12:37:43.317623+0000,/admin/secret?sid=5df66afb-f654-70fd-aee7-f0db30801a68
2026081418,bdcae30b-ec89-ea1f-6f2c-4c40e8677fbf,9100004,PROJECTA BRUTE FORCE THRESHOLD,2026-08-15T12:37:43.243796+0000,/login?ok=0&sid=bdcae30b-ec89-ea1f-6f2c-4c40e8677fbf
2026081418,b7775f56-b797-883d-9cf6-65f36679cc5e,9100004,PROJECTA BRUTE FORCE THRESHOLD,2026-08-15T12:37:42.785894+0000,/login?ok=0&sid=b7775f56-b797-883d-9cf6-65f36679cc5e
2026081418,9afe736d-3c2b-c696-17fe-3838dc3c8a93,9100004,PROJECTA BRUTE FORCE THRESHOLD,2026-08-15T12:37:43.729769+0000,/login?ok=0&sid=9afe736d-3c2b-c696-17fe-3838dc3c8a93
2026081418,2b64d89a-e32d-1dd8-de8c-4db15528b9db,9100004,PROJECTA BRUTE FORCE THRESHOLD,2026-08-15T12:37:43.415425+0000,/login?ok=0&sid=2b64d89a-e32d-1dd8-de8c-4db15528b9db
2026081418,5dd2cc6a-809d-cabb-6753-1a80ba410f62,9100004,PROJECTA BRUTE FORCE THRESHOLD,2026-08-15T12:37:43.257822+0000,/login?ok=0&sid=5dd2cc6a-809d-cabb-6753-1a80ba410f62
2026081418,b6283a95-d4cb-7003-bc4f-5d4d4b38d0b4,9100004,PROJECTA BRUTE FORCE THRESHOLD,2026-08-15T12:37:43.104678+0000,/login?ok=0&sid=b6283a95-d4cb-7003-bc4f-5d4d4b38d0b4
2026081418,37623eb0-f491-1d5e-88fd-805dec82ada9,9100004,PROJECTA BRUTE FORCE THRESHOLD,2026-08-15T12:37:43.282601+0000,/login?ok=0&sid=37623eb0-f491-1d5e-88fd-805dec82ada9
2026081418,99d1cfa0-dda8-4f02-0ba7-cfd92a0868bd,9100002,PROJECTA PATH TRAVERSAL,2026-08-15T12:37:43.847332+0000,/%2e%2e/%2e%2e/etc/passwd?sid=99d1cfa0-dda8-4f02-0ba7-cfd92a0868bd
2026081418,e7425284-fcfe-0e9d-5dba-68980798c0b4,9100004,PROJECTA BRUTE FORCE THRESHOLD,2026-08-15T12:37:43.588599+0000,/login?ok=0&sid=e7425284-fcfe-0e9d-5dba-68980798c0b4
2026081418,5062978a-b435-ce58-ec5e-61d2c4c5e812,9100004,PROJECTA BRUTE FORCE THRESHOLD,2026-08-15T12:37:43.018582+0000,/login?ok=0&sid=5062978a-b435-ce58-ec5e-61d2c4c5e812
2026081418,ccd6d261-f621-227d-6d4a-ca8d5561d72d,9100004,PROJECTA BRUTE FORCE THRESHOLD,2026-08-15T12:37:43.034139+0000,/login?ok=0&sid=ccd6d261-f621-227d-6d4a-ca8d5561d72d
2026081418,216e4cb6-56a9-4131-c6d1-048eaffff39e,9100004,PROJECTA BRUTE FORCE THRESHOLD,2026-08-15T12:37:43.720160+0000,/login?ok=0&sid=216e4cb6-56a9-4131-c6d1-048eaffff39e
2026081418,88a7f290-68e2-7c85-3ab3-b772df2b807f,9100004,PROJECTA BRUTE FORCE THRESHOLD,2026-08-15T12:37:43.438200+0000,/login?ok=0&sid=88a7f290-68e2-7c85-3ab3-b772df2b807f
2026081418,4fe884e7-b1e9-4ca6-5c1a-8903b087b35d,9100004,PROJECTA BRUTE FORCE THRESHOLD,2026-08-15T12:37:43.534675+0000,/login?ok=0&sid=4fe884e7-b1e9-4ca6-5c1a-8903b087b35d
2026081418,0fd9fed0-37a4-b84e-8acb-4024c1ed2810,9100004,PROJECTA BRUTE FORCE THRESHOLD,2026-08-15T12:37:43.555649+0000,/login?ok=0&sid=0fd9fed0-37a4-b84e-8acb-4024c1ed2810
2026081418,dd77e76c-f036-cde7-48ef-e239c04ad046,9100004,PROJECTA BRUTE FORCE THRESHOLD,2026-08-15T12:37:43.078953+0000,/login?ok=0&sid=dd77e76c-f036-cde7-48ef-e239c04ad046
2026081418,1faa4b3d-6deb-3249-2105-71c21f95feec,9100004,PROJECTA BRUTE FORCE THRESHOLD,2026-08-15T12:37:43.450027+0000,/login?ok=0&sid=1faa4b3d-6deb-3249-2105-71c21f95feec
2026081418,196d59a3-d332-5e18-b8b3-dd8d7ae6dbd6,9100004,PROJECTA BRUTE FORCE THRESHOLD,2026-08-15T12:37:43.699531+0000,/login?ok=0&sid=196d59a3-d332-5e18-b8b3-dd8d7ae6dbd6
2026081418,eb1f5494-3af2-a9b3-334f-f90b580bd4b1,9100004,PROJECTA BRUTE FORCE THRESHOLD,2026-08-15T12:37:43.547022+0000,/login?ok=0&sid=eb1f5494-3af2-a9b3-334f-f90b580bd4b1
2026081418,9197458b-2bc7-ad83-5d62-497fc4a8a553,9100004,PROJECTA BRUTE FORCE THRESHOLD,2026-08-15T12:37:44.035331+0000,/login?ok=0&sid=9197458b-2bc7-ad83-5d62-497fc4a8a553
2026081418,fe7b41a2-4127-519d-ed30-9bffa319cefe,9100004,PROJECTA BRUTE FORCE THRESHOLD,2026-08-15T12:37:44.092504+0000,/login?ok=0&sid=fe7b41a2-4127-519d-ed30-9bffa319cefe
2026081418,56ea7b86-ebbb-7e81-2be5-1edb3308b0f9,9100004,PROJECTA BRUTE FORCE THRESHOLD,2026-08-15T12:37:43.562568+0000,/login?ok=0&sid=56ea7b86-ebbb-7e81-2be5-1edb3308b0f9
2026081418,729c3a2a-777c-79f5-b14e-fbe62d8ef50a,9100004,PROJECTA BRUTE FORCE THRESHOLD,2026-08-15T12:37:44.108085+0000,/login?ok=0&sid=729c3a2a-777c-79f5-b14e-fbe62d8ef50a
2026081418,3027b814-bda4-c504-94c1-f875bf218599,9100004,PROJECTA BRUTE FORCE THRESHOLD,2026-08-15T12:37:43.459510+0000,/login?ok=0&sid=3027b814-bda4-c504-94c1-f875bf218599
2026081418,3e23a8cf-4e98-7670-ddba-85805584f9c0,9100003,PROJECTA COMMAND PROBE,2026-08-15T12:37:44.000744+0000,/cmd?x=id&sid=3e23a8cf-4e98-7670-ddba-85805584f9c0
2026081418,86c5b430-31af-d764-b640-10cba94b3acb,9100004,PROJECTA BRUTE FORCE THRESHOLD,2026-08-15T12:37:43.634244+0000,/login?ok=0&sid=86c5b430-31af-d764-b640-10cba94b3acb
2026081418,742afad9-6b0a-2cdb-18a2-291ccc7a50eb,9100004,PROJECTA BRUTE FORCE THRESHOLD,2026-08-15T12:37:43.575848+0000,/login?ok=0&sid=742afad9-6b0a-2cdb-18a2-291ccc7a50eb
2026081418,f889eadc-4aee-b3da-3351-a3277fc43c92,9100004,PROJECTA BRUTE FORCE THRESHOLD,2026-08-15T12:37:44.144533+0000,/login?ok=0&sid=f889eadc-4aee-b3da-3351-a3277fc43c92
2026081418,71e8f3a9-abb0-5e9f-2082-bd5c32b1f507,9100004,PROJECTA BRUTE FORCE THRESHOLD,2026-08-15T12:37:44.099825+0000,/login?ok=0&sid=71e8f3a9-abb0-5e9f-2082-bd5c32b1f507
2026081418,f68c42a8-9f67-f571-6d4e-49b4b615e4bc,9100004,PROJECTA BRUTE FORCE THRESHOLD,2026-08-15T12:37:44.511433+0000,/login?ok=0&sid=f68c42a8-9f67-f571-6d4e-49b4b615e4bc
2026081418,066d4252-115c-2586-b702-8db08e6e4e3d,9100004,PROJECTA BRUTE FORCE THRESHOLD,2026-08-15T12:37:43.603160+0000,/login?ok=0&sid=066d4252-115c-2586-b702-8db08e6e4e3d
2026081418,3eb35ed2-e354-bca1-1f32-12a875300d9d,9100004,PROJECTA BRUTE FORCE THRESHOLD,2026-08-15T12:37:44.077149+0000,/login?ok=0&sid=3eb35ed2-e354-bca1-1f32-12a875300d9d
2026081418,a52dbe03-7b41-faa4-b028-27dc7a5fe02c,9100004,PROJECTA BRUTE FORCE THRESHOLD,2026-08-15T12:37:44.482565+0000,/login?ok=0&sid=a52dbe03-7b41-faa4-b028-27dc7a5fe02c
2026081418,7641e92f-6272-85bc-9339-4bb462132922,9100004,PROJECTA BRUTE FORCE THRESHOLD,2026-08-15T12:37:43.617537+0000,/login?ok=0&sid=7641e92f-6272-85bc-9339-4bb462132922
2026081418,628f4b50-a44b-bd97-95b2-c13bb9b6fba7,9100004,PROJECTA BRUTE FORCE THRESHOLD,2026-08-15T12:37:44.129771+0000,/login?ok=0&sid=628f4b50-a44b-bd97-95b2-c13bb9b6fba7
2026081418,d1cf94c4-a057-b000-8732-56c2a790dca3,9100004,PROJECTA BRUTE FORCE THRESHOLD,2026-08-15T12:37:44.528022+0000,/login?ok=0&sid=d1cf94c4-a057-b000-8732-56c2a790dca3
2026081418,956d9e49-b0e6-92c1-a38f-ad7902544876,9100004,PROJECTA BRUTE FORCE THRESHOLD,2026-08-15T12:37:44.175758+0000,/login?ok=0&sid=956d9e49-b0e6-92c1-a38f-ad7902544876
2026081418,33ed48d8-02ef-c9d1-266b-1127df602d97,9100004,PROJECTA BRUTE FORCE THRESHOLD,2026-08-15T12:37:43.627664+0000,/login?ok=0&sid=33ed48d8-02ef-c9d1-266b-1127df602d97
2026081418,b88cdc3e-4f51-93b6-a015-7a68857791d6,9100004,PROJECTA BRUTE FORCE THRESHOLD,2026-08-15T12:37:44.543197+0000,/login?ok=0&sid=b88cdc3e-4f51-93b6-a015-7a68857791d6
2026081418,a74f202c-d55a-d3f2-810b-392aa9889187,9100003,PROJECTA COMMAND PROBE,2026-08-15T12:37:44.329660+0000,/cmd?x=id&sid=a74f202c-d55a-d3f2-810b-392aa9889187
2026081418,ab159adf-8284-d895-f163-36001b27a627,9100004,PROJECTA BRUTE FORCE THRESHOLD,2026-08-15T12:37:44.401439+0000,/login?ok=0&sid=ab159adf-8284-d895-f163-36001b27a627
2026081418,db55e2bd-7553-6b47-9d41-c4cc2e33ecb6,9100004,PROJECTA BRUTE FORCE THRESHOLD,2026-08-15T12:37:43.710785+0000,/login?ok=0&sid=db55e2bd-7553-6b47-9d41-c4cc2e33ecb6
2026081418,2d29dceb-7e30-09f2-f842-ec9227685ee6,9100004,PROJECTA BRUTE FORCE THRESHOLD,2026-08-15T12:37:44.431564+0000,/login?ok=0&sid=2d29dceb-7e30-09f2-f842-ec9227685ee6
2026081418,cd833eeb-0261-093b-c6d9-2d8675907b58,9100004,PROJECTA BRUTE FORCE THRESHOLD,2026-08-15T12:37:43.688792+0000,/login?ok=0&sid=cd833eeb-0261-093b-c6d9-2d8675907b58
2026081418,a2cddc5e-69aa-e78b-3eaa-2e072c65048f,9100004,PROJECTA BRUTE FORCE THRESHOLD,2026-08-15T12:37:44.391841+0000,/login?ok=0&sid=a2cddc5e-69aa-e78b-3eaa-2e072c65048f
2026081418,fc79f17b-cbc9-2bdf-054f-dd88ae98df2d,9100003,PROJECTA COMMAND PROBE,2026-08-15T12:37:45.209620+0000,/cmd?x=id&sid=fc79f17b-cbc9-2bdf-054f-dd88ae98df2d
2026081418,b97d8ba4-07c2-ed03-6107-2e8bcfca67e7,9100004,PROJECTA BRUTE FORCE THRESHOLD,2026-08-15T12:37:44.043422+0000,/login?ok=0&sid=b97d8ba4-07c2-ed03-6107-2e8bcfca67e7
2026081418,4b1c6a9c-5356-58a9-0572-12a700aec402,9100004,PROJECTA BRUTE FORCE THRESHOLD,2026-08-15T12:37:44.562462+0000,/login?ok=0&sid=4b1c6a9c-5356-58a9-0572-12a700aec402
2026081418,6b58e6c6-05d6-1b03-d11d-56c011c44fa2,9100004,PROJECTA BRUTE FORCE THRESHOLD,2026-08-15T12:37:45.133325+0000,/login?ok=0&sid=6b58e6c6-05d6-1b03-d11d-56c011c44fa2
2026081418,9349a18b-164c-3a33-4984-9845cdea204e,9100004,PROJECTA BRUTE FORCE THRESHOLD,2026-08-15T12:37:44.459874+0000,/login?ok=0&sid=9349a18b-164c-3a33-4984-9845cdea204e
2026081418,5b815a1d-de90-38c9-7ca6-63f95e1b1036,9100004,PROJECTA BRUTE FORCE THRESHOLD,2026-08-15T12:37:44.028591+0000,/login?ok=0&sid=5b815a1d-de90-38c9-7ca6-63f95e1b1036
2026081418,2f57997a-4e71-8da0-928c-7c676f7adda6,9100004,PROJECTA BRUTE FORCE THRESHOLD,2026-08-15T12:37:44.351243+0000,/login?ok=0&sid=2f57997a-4e71-8da0-928c-7c676f7adda6
2026081418,3c1ae1e9-76ee-d2bf-57db-5c7d80c536bc,9100004,PROJECTA BRUTE FORCE THRESHOLD,2026-08-15T12:37:45.163328+0000,/login?ok=0&sid=3c1ae1e9-76ee-d2bf-57db-5c7d80c536bc
2026081418,31fd68a5-f9d8-dad7-5e3d-0d0bb5580ea9,9100004,PROJECTA BRUTE FORCE THRESHOLD,2026-08-15T12:37:44.167867+0000,/login?ok=0&sid=31fd68a5-f9d8-dad7-5e3d-0d0bb5580ea9
2026081418,53f0607d-e34f-38f9-e8c8-96126c302028,9100004,PROJECTA BRUTE FORCE THRESHOLD,2026-08-15T12:37:44.058831+0000,/login?ok=0&sid=53f0607d-e34f-38f9-e8c8-96126c302028
2026081418,57f1cb33-0a4f-2a88-a7a8-f9ba94caa408,9100004,PROJECTA BRUTE FORCE THRESHOLD,2026-08-15T12:37:44.013392+0000,/login?ok=0&sid=57f1cb33-0a4f-2a88-a7a8-f9ba94caa408
2026081418,b8ff6b56-0cf2-0f80-14b7-601ca239d866,9100004,PROJECTA BRUTE FORCE THRESHOLD,2026-08-15T12:37:44.365259+0000,/login?ok=0&sid=b8ff6b56-0cf2-0f80-14b7-601ca239d866
2026081418,37a1e3da-8daf-597a-fb7a-206d36a93c9d,9100004,PROJECTA BRUTE FORCE THRESHOLD,2026-08-15T12:37:44.554218+0000,/login?ok=0&sid=37a1e3da-8daf-597a-fb7a-206d36a93c9d
2026081418,f478ab4d-a046-0e1e-eb9f-36b0515296ac,9100004,PROJECTA BRUTE FORCE THRESHOLD,2026-08-15T12:37:44.475380+0000,/login?ok=0&sid=f478ab4d-a046-0e1e-eb9f-36b0515296ac
2026081418,fb665f5d-9be7-bba4-4b9a-3bef637a622c,9100004,PROJECTA BRUTE FORCE THRESHOLD,2026-08-15T12:37:44.063297+0000,/login?ok=0&sid=fb665f5d-9be7-bba4-4b9a-3bef637a622c
2026081418,1fc746cd-3599-1cdf-5fa2-127d93d80c35,9100004,PROJECTA BRUTE FORCE THRESHOLD,2026-08-15T12:37:45.155590+0000,/login?ok=0&sid=1fc746cd-3599-1cdf-5fa2-127d93d80c35
2026081418,46b76bf9-5b96-f5f3-e3a6-b15670620824,9100003,PROJECTA COMMAND PROBE,2026-08-15T12:37:44.868142+0000,/cmd?x=id&sid=46b76bf9-5b96-f5f3-e3a6-b15670620824
2026081418,9a4b35a6-6714-61f3-fd41-de71d0ef9337,9100004,PROJECTA BRUTE FORCE THRESHOLD,2026-08-15T12:37:45.620348+0000,/login?ok=0&sid=9a4b35a6-6714-61f3-fd41-de71d0ef9337
2026081418,60516bbc-63c7-9a15-da6f-1d8b0657355e,9100004,PROJECTA BRUTE FORCE THRESHOLD,2026-08-15T12:37:44.380451+0000,/login?ok=0&sid=60516bbc-63c7-9a15-da6f-1d8b0657355e
2026081418,c2da1aaf-8d51-3016-372d-648461492288,9100004,PROJECTA BRUTE FORCE THRESHOLD,2026-08-15T12:37:45.468749+0000,/login?ok=0&sid=c2da1aaf-8d51-3016-372d-648461492288
2026081418,eb636edf-8923-dea5-776f-10bb193669bc,9100002,PROJECTA PATH TRAVERSAL,2026-08-15T12:37:44.989755+0000,/%2e%2e/%2e%2e/etc/passwd?sid=eb636edf-8923-dea5-776f-10bb193669bc
2026081418,acf5ffdb-ffcf-fea1-ee39-f46a860ce0ac,9100002,PROJECTA PATH TRAVERSAL,2026-08-15T12:37:44.961066+0000,/%2e%2e/%2e%2e/etc/passwd?sid=acf5ffdb-ffcf-fea1-ee39-f46a860ce0ac
2026081418,c488ea76-974d-55ed-7ea0-61c1700e0b3d,9100004,PROJECTA BRUTE FORCE THRESHOLD,2026-08-15T12:37:44.151442+0000,/login?ok=0&sid=c488ea76-974d-55ed-7ea0-61c1700e0b3d
2026081418,5dddefc2-2797-a5b6-5e73-1972e98a5239,9100004,PROJECTA BRUTE FORCE THRESHOLD,2026-08-15T12:37:44.447075+0000,/login?ok=0&sid=5dddefc2-2797-a5b6-5e73-1972e98a5239
2026081418,bc2ad901-fd16-3584-bbe6-6f0a1d1ebcc4,9100004,PROJECTA BRUTE FORCE THRESHOLD,2026-08-15T12:37:45.127558+0000,/login?ok=0&sid=bc2ad901-fd16-3584-bbe6-6f0a1d1ebcc4
2026081418,276be6d2-9cf8-a7ca-87e3-44e6965af254,9100002,PROJECTA PATH TRAVERSAL,2026-08-15T12:37:45.352254+0000,/%2e%2e/%2e%2e/etc/passwd?sid=276be6d2-9cf8-a7ca-87e3-44e6965af254
2026081418,b9f2384f-fc29-1e1c-aca7-1d276305013b,9100004,PROJECTA BRUTE FORCE THRESHOLD,2026-08-15T12:37:45.446636+0000,/login?ok=0&sid=b9f2384f-fc29-1e1c-aca7-1d276305013b
2026081418,aa3e4ffc-9358-4c92-816b-c8e3c566ab9d,9100004,PROJECTA BRUTE FORCE THRESHOLD,2026-08-15T12:37:45.595302+0000,/login?ok=0&sid=aa3e4ffc-9358-4c92-816b-c8e3c566ab9d
2026081418,918077c1-11ce-5ea8-e4fc-a7725c616896,9100004,PROJECTA BRUTE FORCE THRESHOLD,2026-08-15T12:37:45.455639+0000,/login?ok=0&sid=918077c1-11ce-5ea8-e4fc-a7725c616896
2026081418,a46e8549-e896-e31f-f211-fd884d920664,9100004,PROJECTA BRUTE FORCE THRESHOLD,2026-08-15T12:37:45.579269+0000,/login?ok=0&sid=a46e8549-e896-e31f-f211-fd884d920664
2026081418,069af5f1-fdf8-eba7-2213-435ad282f201,9100004,PROJECTA BRUTE FORCE THRESHOLD,2026-08-15T12:37:45.589390+0000,/login?ok=0&sid=069af5f1-fdf8-eba7-2213-435ad282f201
2026081418,3381af9b-26de-135c-b63e-70ea16253a7a,9100004,PROJECTA BRUTE FORCE THRESHOLD,2026-08-15T12:37:45.475774+0000,/login?ok=0&sid=3381af9b-26de-135c-b63e-70ea16253a7a
2026081418,1ff43cd5-03f1-cbeb-2643-69ff36dc33e3,9100004,PROJECTA BRUTE FORCE THRESHOLD,2026-08-15T12:37:45.605619+0000,/login?ok=0&sid=1ff43cd5-03f1-cbeb-2643-69ff36dc33e3
2026081418,76473dce-0765-b987-1066-587816321127,9100004,PROJECTA BRUTE FORCE THRESHOLD,2026-08-15T12:37:45.139707+0000,/login?ok=0&sid=76473dce-0765-b987-1066-587816321127
2026081418,583b70f1-8bfa-9a88-0d2b-440ec8935c42,9100001,PROJECTA ADMIN SENSITIVE ACCESS,2026-08-15T12:37:45.735091+0000,/admin/secret?sid=583b70f1-8bfa-9a88-0d2b-440ec8935c42
2026081418,26eb2ed2-f222-4ff0-8dcb-fc01a60880df,9100004,PROJECTA BRUTE FORCE THRESHOLD,2026-08-15T12:37:45.489493+0000,/login?ok=0&sid=26eb2ed2-f222-4ff0-8dcb-fc01a60880df
2026081418,4f4a9ed5-d23a-e203-a0be-7dcb535f2d7a,9100003,PROJECTA COMMAND PROBE,2026-08-15T12:37:45.680707+0000,/cmd?x=id&sid=4f4a9ed5-d23a-e203-a0be-7dcb535f2d7a
2026081419,4697ab45-07d0-160e-cd0f-a9c4fd25c5c9,9100001,PROJECTA ADMIN SENSITIVE ACCESS,2026-08-15T12:37:53.317185+0000,/admin/secret?sid=4697ab45-07d0-160e-cd0f-a9c4fd25c5c9
2026081419,6b2dce62-b8cb-2cfd-e4a1-fd1a106e8c9f,9100004,PROJECTA BRUTE FORCE THRESHOLD,2026-08-15T12:37:53.578449+0000,/login?ok=0&sid=6b2dce62-b8cb-2cfd-e4a1-fd1a106e8c9f
2026081419,d464f9d6-17b2-009c-5d28-7af5099e9961,9100004,PROJECTA BRUTE FORCE THRESHOLD,2026-08-15T12:37:53.680722+0000,/login?ok=0&sid=d464f9d6-17b2-009c-5d28-7af5099e9961
2026081419,fa4ffad2-a1c7-0eeb-50a4-1643df1ecfec,9100004,PROJECTA BRUTE FORCE THRESHOLD,2026-08-15T12:37:53.444962+0000,/login?ok=0&sid=fa4ffad2-a1c7-0eeb-50a4-1643df1ecfec
2026081419,31b7644d-2d30-a791-10e9-a343a2500fcc,9100004,PROJECTA BRUTE FORCE THRESHOLD,2026-08-15T12:37:53.563172+0000,/login?ok=0&sid=31b7644d-2d30-a791-10e9-a343a2500fcc
2026081419,9b17ad09-bbb2-6020-8d71-30494bd34a8f,9100001,PROJECTA ADMIN SENSITIVE ACCESS,2026-08-15T12:37:53.411737+0000,/admin/secret?sid=9b17ad09-bbb2-6020-8d71-30494bd34a8f
2026081419,5f9e675d-817c-0206-efe7-634941f727f4,9100004,PROJECTA BRUTE FORCE THRESHOLD,2026-08-15T12:37:53.461487+0000,/login?ok=0&sid=5f9e675d-817c-0206-efe7-634941f727f4
2026081419,a9ddfa17-b6c9-1bd8-7834-fb40775a1071,9100003,PROJECTA COMMAND PROBE,2026-08-15T12:37:53.396172+0000,/cmd?x=id&sid=a9ddfa17-b6c9-1bd8-7834-fb40775a1071
2026081419,d7178531-7046-a0b1-86d8-809b04fac8ff,9100004,PROJECTA BRUTE FORCE THRESHOLD,2026-08-15T12:37:53.706244+0000,/login?ok=0&sid=d7178531-7046-a0b1-86d8-809b04fac8ff
2026081419,4c4747ce-5cf9-3c93-6d70-2e3220cddf30,9100004,PROJECTA BRUTE FORCE THRESHOLD,2026-08-15T12:37:53.483216+0000,/login?ok=0&sid=4c4747ce-5cf9-3c93-6d70-2e3220cddf30
2026081419,39a6c137-a3d5-491f-ff16-a91ef40bc44b,9100004,PROJECTA BRUTE FORCE THRESHOLD,2026-08-15T12:37:53.476048+0000,/login?ok=0&sid=39a6c137-a3d5-491f-ff16-a91ef40bc44b
2026081419,e24a5f9a-d3b0-6771-50b3-a6ac39d2a384,9100004,PROJECTA BRUTE FORCE THRESHOLD,2026-08-15T12:37:53.691884+0000,/login?ok=0&sid=e24a5f9a-d3b0-6771-50b3-a6ac39d2a384
2026081419,33a51f2c-f14b-5de1-7129-44e90efb7d64,9100004,PROJECTA BRUTE FORCE THRESHOLD,2026-08-15T12:37:53.825058+0000,/login?ok=0&sid=33a51f2c-f14b-5de1-7129-44e90efb7d64
2026081419,8d25981d-b4cd-19c2-9a4e-b018ff36ff10,9100004,PROJECTA BRUTE FORCE THRESHOLD,2026-08-15T12:37:53.548889+0000,/login?ok=0&sid=8d25981d-b4cd-19c2-9a4e-b018ff36ff10
2026081419,15c22bb6-d1cd-276d-91ca-25333593446c,9100004,PROJECTA BRUTE FORCE THRESHOLD,2026-08-15T12:37:53.221668+0000,/login?ok=0&sid=15c22bb6-d1cd-276d-91ca-25333593446c
2026081419,20536e9a-4270-cbad-9136-0b48eadd6180,9100004,PROJECTA BRUTE FORCE THRESHOLD,2026-08-15T12:37:53.517150+0000,/login?ok=0&sid=20536e9a-4270-cbad-9136-0b48eadd6180
2026081419,51fd0e3b-81e8-defc-975b-a3c34f87c243,9100004,PROJECTA BRUTE FORCE THRESHOLD,2026-08-15T12:37:53.811544+0000,/login?ok=0&sid=51fd0e3b-81e8-defc-975b-a3c34f87c243
2026081419,012b2b8e-0fd8-95bb-d8e9-853ec9e62c38,9100004,PROJECTA BRUTE FORCE THRESHOLD,2026-08-15T12:37:53.782210+0000,/login?ok=0&sid=012b2b8e-0fd8-95bb-d8e9-853ec9e62c38
2026081419,08f8620f-708f-fdf9-3c58-0879cf1c3462,9100004,PROJECTA BRUTE FORCE THRESHOLD,2026-08-15T12:37:53.773351+0000,/login?ok=0&sid=08f8620f-708f-fdf9-3c58-0879cf1c3462
2026081419,8b2821e2-9cfb-fc46-3d3d-ac53509a7b0d,9100004,PROJECTA BRUTE FORCE THRESHOLD,2026-08-15T12:37:53.841733+0000,/login?ok=0&sid=8b2821e2-9cfb-fc46-3d3d-ac53509a7b0d
2026081419,7a6d10c4-f527-d9cc-f613-500313347ab9,9100004,PROJECTA BRUTE FORCE THRESHOLD,2026-08-15T12:37:54.115696+0000,/login?ok=0&sid=7a6d10c4-f527-d9cc-f613-500313347ab9
2026081419,d4316549-b9e5-00c1-24c9-e4c52d4865b4,9100004,PROJECTA BRUTE FORCE THRESHOLD,2026-08-15T12:37:53.762104+0000,/login?ok=0&sid=d4316549-b9e5-00c1-24c9-e4c52d4865b4
2026081419,e14d361f-a1aa-6c10-bc4f-2d097f31929e,9100004,PROJECTA BRUTE FORCE THRESHOLD,2026-08-15T12:37:53.674783+0000,/login?ok=0&sid=e14d361f-a1aa-6c10-bc4f-2d097f31929e
2026081419,2bf75d42-dd90-222c-95a8-dd83cbb9471a,9100004,PROJECTA BRUTE FORCE THRESHOLD,2026-08-15T12:37:54.042094+0000,/login?ok=0&sid=2bf75d42-dd90-222c-95a8-dd83cbb9471a
2026081419,4f3c4c0f-192d-1dec-41c6-6e4d5c1a0882,9100004,PROJECTA BRUTE FORCE THRESHOLD,2026-08-15T12:37:53.945230+0000,/login?ok=0&sid=4f3c4c0f-192d-1dec-41c6-6e4d5c1a0882
2026081419,cf9546ab-4ed5-0619-481f-565c54069c50,9100004,PROJECTA BRUTE FORCE THRESHOLD,2026-08-15T12:37:54.466826+0000,/login?ok=0&sid=cf9546ab-4ed5-0619-481f-565c54069c50
2026081419,5b3ebc8c-d7e6-a4d5-cc42-4a43dd94ff78,9100004,PROJECTA BRUTE FORCE THRESHOLD,2026-08-15T12:37:54.124148+0000,/login?ok=0&sid=5b3ebc8c-d7e6-a4d5-cc42-4a43dd94ff78
2026081419,e97a1044-1f81-6a6d-68e1-00efa7800120,9100004,PROJECTA BRUTE FORCE THRESHOLD,2026-08-15T12:37:53.712428+0000,/login?ok=0&sid=e97a1044-1f81-6a6d-68e1-00efa7800120
2026081419,c60af7b7-5a5a-c2bc-d188-e9a3d4fa084e,9100004,PROJECTA BRUTE FORCE THRESHOLD,2026-08-15T12:37:53.238123+0000,/login?ok=0&sid=c60af7b7-5a5a-c2bc-d188-e9a3d4fa084e
2026081419,b2dbebe6-c009-4220-8a12-383455e6dfda,9100004,PROJECTA BRUTE FORCE THRESHOLD,2026-08-15T12:37:54.155466+0000,/login?ok=0&sid=b2dbebe6-c009-4220-8a12-383455e6dfda
2026081419,13f9b1b3-77ed-f889-ca19-3d55849c0052,9100004,PROJECTA BRUTE FORCE THRESHOLD,2026-08-15T12:37:54.341584+0000,/login?ok=0&sid=13f9b1b3-77ed-f889-ca19-3d55849c0052
2026081419,74ad6b48-e875-1c38-bef0-0765d0e940dc,9100004,PROJECTA BRUTE FORCE THRESHOLD,2026-08-15T12:37:53.254970+0000,/login?ok=0&sid=74ad6b48-e875-1c38-bef0-0765d0e940dc
2026081419,cf34745b-1737-53f6-09e3-4f57cb982194,9100004,PROJECTA BRUTE FORCE THRESHOLD,2026-08-15T12:37:53.836008+0000,/login?ok=0&sid=cf34745b-1737-53f6-09e3-4f57cb982194
2026081419,24d5fa7a-b688-7e06-0e7c-54e978440a17,9100003,PROJECTA COMMAND PROBE,2026-08-15T12:37:54.056814+0000,/cmd?x=id&sid=24d5fa7a-b688-7e06-0e7c-54e978440a17
2026081419,800bfb94-6feb-a36f-5f19-81e44e6da45c,9100004,PROJECTA BRUTE FORCE THRESHOLD,2026-08-15T12:37:53.849591+0000,/login?ok=0&sid=800bfb94-6feb-a36f-5f19-81e44e6da45c
2026081419,8055364a-2203-fd18-b5b6-fbc0a9b2f1c6,9100004,PROJECTA BRUTE FORCE THRESHOLD,2026-08-15T12:37:55.030141+0000,/login?ok=0&sid=8055364a-2203-fd18-b5b6-fbc0a9b2f1c6
2026081419,3cd6e879-1d9b-c259-07c0-ee37b77e3e61,9100001,PROJECTA ADMIN SENSITIVE ACCESS,2026-08-15T12:37:53.856160+0000,/admin/secret?sid=3cd6e879-1d9b-c259-07c0-ee37b77e3e61
2026081419,e71a04e9-e894-8075-fb75-16f7a06087cb,9100003,PROJECTA COMMAND PROBE,2026-08-15T12:37:54.198529+0000,/cmd?x=id&sid=e71a04e9-e894-8075-fb75-16f7a06087cb
2026081419,21dd2afd-6306-afa3-1373-b9e1124a031b,9100004,PROJECTA BRUTE FORCE THRESHOLD,2026-08-15T12:37:54.050556+0000,/login?ok=0&sid=21dd2afd-6306-afa3-1373-b9e1124a031b
2026081419,28d1bc4a-b4af-436a-7952-448eeb442728,9100004,PROJECTA BRUTE FORCE THRESHOLD,2026-08-15T12:37:54.833535+0000,/login?ok=0&sid=28d1bc4a-b4af-436a-7952-448eeb442728
2026081419,16dd6e64-bcb5-379c-326e-b16324a9bf33,9100004,PROJECTA BRUTE FORCE THRESHOLD,2026-08-15T12:37:53.902004+0000,/login?ok=0&sid=16dd6e64-bcb5-379c-326e-b16324a9bf33
2026081419,7dc5e414-b792-2b76-054b-e0bb0341190c,9100001,PROJECTA ADMIN SENSITIVE ACCESS,2026-08-15T12:37:53.664144+0000,/admin/secret?sid=7dc5e414-b792-2b76-054b-e0bb0341190c
2026081419,bc3fe6f2-c175-830d-6167-d2e3c61c9fed,9100004,PROJECTA BRUTE FORCE THRESHOLD,2026-08-15T12:37:54.983053+0000,/login?ok=0&sid=bc3fe6f2-c175-830d-6167-d2e3c61c9fed
2026081419,e4ebbbe3-9494-0321-09fe-73543ecd773e,9100004,PROJECTA BRUTE FORCE THRESHOLD,2026-08-15T12:37:55.140754+0000,/login?ok=0&sid=e4ebbbe3-9494-0321-09fe-73543ecd773e
2026081419,6bbe8578-612b-1808-b77e-534741f4e6c7,9100004,PROJECTA BRUTE FORCE THRESHOLD,2026-08-15T12:37:54.001086+0000,/login?ok=0&sid=6bbe8578-612b-1808-b77e-534741f4e6c7
2026081419,4692c895-3112-db8e-21d0-773b38556e92,9100004,PROJECTA BRUTE FORCE THRESHOLD,2026-08-15T12:37:53.913919+0000,/login?ok=0&sid=4692c895-3112-db8e-21d0-773b38556e92
2026081419,47a366cb-8a5d-cf2a-46f9-0c3a68569076,9100004,PROJECTA BRUTE FORCE THRESHOLD,2026-08-15T12:37:54.368981+0000,/login?ok=0&sid=47a366cb-8a5d-cf2a-46f9-0c3a68569076
2026081419,152b83a1-58a7-c40e-c640-6c5810ecebd9,9100004,PROJECTA BRUTE FORCE THRESHOLD,2026-08-15T12:37:54.456059+0000,/login?ok=0&sid=152b83a1-58a7-c40e-c640-6c5810ecebd9
2026081419,0a68c74d-b4c9-8a4b-2e56-a7e1df489082,9100004,PROJECTA BRUTE FORCE THRESHOLD,2026-08-15T12:37:53.930083+0000,/login?ok=0&sid=0a68c74d-b4c9-8a4b-2e56-a7e1df489082
2026081419,abb9c7e4-da01-493b-9a16-a903ff6449dd,9100002,PROJECTA PATH TRAVERSAL,2026-08-15T12:37:54.780892+0000,/%2e%2e/%2e%2e/etc/passwd?sid=abb9c7e4-da01-493b-9a16-a903ff6449dd
2026081419,57cb4dbe-60c4-af1e-e6a1-27d4a6064985,9100004,PROJECTA BRUTE FORCE THRESHOLD,2026-08-15T12:37:53.745927+0000,/login?ok=0&sid=57cb4dbe-60c4-af1e-e6a1-27d4a6064985
2026081419,7df56e7b-b10c-f484-3b68-cfa0b4e24cb5,9100003,PROJECTA COMMAND PROBE,2026-08-15T12:37:54.098883+0000,/cmd?x=id&sid=7df56e7b-b10c-f484-3b68-cfa0b4e24cb5
2026081419,e2a01b03-cf3f-dc6b-f348-ff7a20321fbe,9100004,PROJECTA BRUTE FORCE THRESHOLD,2026-08-15T12:37:53.952080+0000,/login?ok=0&sid=e2a01b03-cf3f-dc6b-f348-ff7a20321fbe
2026081419,0cbc63fc-76fc-4a91-a725-79284c062f7f,9100004,PROJECTA BRUTE FORCE THRESHOLD,2026-08-15T12:37:53.777841+0000,/login?ok=0&sid=0cbc63fc-76fc-4a91-a725-79284c062f7f
2026081419,31b1e03e-db61-b6ee-3e77-ddd92f1e1a79,9100004,PROJECTA BRUTE FORCE THRESHOLD,2026-08-15T12:37:54.817582+0000,/login?ok=0&sid=31b1e03e-db61-b6ee-3e77-ddd92f1e1a79
2026081419,bb2d640f-89d3-ab04-bbee-fdbe7e3286dc,9100004,PROJECTA BRUTE FORCE THRESHOLD,2026-08-15T12:37:55.063055+0000,/login?ok=0&sid=bb2d640f-89d3-ab04-bbee-fdbe7e3286dc
2026081419,566a00a4-cd7f-4c7f-aa13-a9faed93a2b5,9100004,PROJECTA BRUTE FORCE THRESHOLD,2026-08-15T12:37:55.270874+0000,/login?ok=0&sid=566a00a4-cd7f-4c7f-aa13-a9faed93a2b5
2026081419,a1c7208e-c75b-19e3-2c4f-0bab1f1e1069,9100004,PROJECTA BRUTE FORCE THRESHOLD,2026-08-15T12:37:54.017879+0000,/login?ok=0&sid=a1c7208e-c75b-19e3-2c4f-0bab1f1e1069
2026081419,bc71afa2-effb-17c2-b6e3-8418d947bdbc,9100004,PROJECTA BRUTE FORCE THRESHOLD,2026-08-15T12:37:54.025988+0000,/login?ok=0&sid=bc71afa2-effb-17c2-b6e3-8418d947bdbc
2026081419,d2dc5604-dad0-504b-0dbd-bda371213b87,9100004,PROJECTA BRUTE FORCE THRESHOLD,2026-08-15T12:37:54.112189+0000,/login?ok=0&sid=d2dc5604-dad0-504b-0dbd-bda371213b87
2026081419,df4d1266-34f0-3cdf-e6e1-93088a198eb6,9100002,PROJECTA PATH TRAVERSAL,2026-08-15T12:37:54.414981+0000,/%2e%2e/%2e%2e/etc/passwd?sid=df4d1266-34f0-3cdf-e6e1-93088a198eb6
2026081419,cf86c292-51cb-e760-d9f8-cbcbd621e585,9100004,PROJECTA BRUTE FORCE THRESHOLD,2026-08-15T12:37:54.141215+0000,/login?ok=0&sid=cf86c292-51cb-e760-d9f8-cbcbd621e585
2026081419,401f292a-786f-6f81-caf0-7b8722dde748,9100001,PROJECTA ADMIN SENSITIVE ACCESS,2026-08-15T12:37:54.225326+0000,/admin/secret?sid=401f292a-786f-6f81-caf0-7b8722dde748
2026081419,583b67fc-03d5-4df1-9e06-a96c42c8a873,9100004,PROJECTA BRUTE FORCE THRESHOLD,2026-08-15T12:37:54.790245+0000,/login?ok=0&sid=583b67fc-03d5-4df1-9e06-a96c42c8a873
2026081419,1ebcdeb5-5bf8-6eb0-cd0f-a3363b1a6da7,9100004,PROJECTA BRUTE FORCE THRESHOLD,2026-08-15T12:37:54.330817+0000,/login?ok=0&sid=1ebcdeb5-5bf8-6eb0-cd0f-a3363b1a6da7
2026081419,d834efd0-cf82-b785-9581-66df438c6cdc,9100004,PROJECTA BRUTE FORCE THRESHOLD,2026-08-15T12:37:54.477597+0000,/login?ok=0&sid=d834efd0-cf82-b785-9581-66df438c6cdc
2026081419,4b02caa5-a41a-88bf-6f31-795707b926ae,9100004,PROJECTA BRUTE FORCE THRESHOLD,2026-08-15T12:37:55.549137+0000,/login?ok=0&sid=4b02caa5-a41a-88bf-6f31-795707b926ae
2026081419,0307b207-fefc-5c3e-a536-911a5944a29a,9100004,PROJECTA BRUTE FORCE THRESHOLD,2026-08-15T12:37:54.740341+0000,/login?ok=0&sid=0307b207-fefc-5c3e-a536-911a5944a29a
2026081419,519a927f-b7fe-59f1-3a44-4d606b9771a2,9100004,PROJECTA BRUTE FORCE THRESHOLD,2026-08-15T12:37:54.378155+0000,/login?ok=0&sid=519a927f-b7fe-59f1-3a44-4d606b9771a2
2026081419,2a48fdf2-0ea9-1e63-4658-389a4df58cc9,9100004,PROJECTA BRUTE FORCE THRESHOLD,2026-08-15T12:37:55.146291+0000,/login?ok=0&sid=2a48fdf2-0ea9-1e63-4658-389a4df58cc9
2026081419,361e8424-395f-16bf-45fa-8b538f2a555e,9100004,PROJECTA BRUTE FORCE THRESHOLD,2026-08-15T12:37:55.637253+0000,/login?ok=0&sid=361e8424-395f-16bf-45fa-8b538f2a555e
2026081419,c624dd3c-cdec-7628-c180-db2178701928,9100004,PROJECTA BRUTE FORCE THRESHOLD,2026-08-15T12:37:54.767402+0000,/login?ok=0&sid=c624dd3c-cdec-7628-c180-db2178701928
2026081419,cf10250f-9747-09a8-82c4-47e77d89086d,9100004,PROJECTA BRUTE FORCE THRESHOLD,2026-08-15T12:37:54.357491+0000,/login?ok=0&sid=cf10250f-9747-09a8-82c4-47e77d89086d
2026081419,f9d5a735-d9dc-8c01-6730-de1df6fd0b68,9100004,PROJECTA BRUTE FORCE THRESHOLD,2026-08-15T12:37:54.958231+0000,/login?ok=0&sid=f9d5a735-d9dc-8c01-6730-de1df6fd0b68
2026081419,55bc5e43-df68-ba6a-dfea-08ac79f33b63,9100004,PROJECTA BRUTE FORCE THRESHOLD,2026-08-15T12:37:55.404048+0000,/login?ok=0&sid=55bc5e43-df68-ba6a-dfea-08ac79f33b63
2026081419,ada70788-5c35-c1ba-e984-f2c25fba1d14,9100004,PROJECTA BRUTE FORCE THRESHOLD,2026-08-15T12:37:55.644299+0000,/login?ok=0&sid=ada70788-5c35-c1ba-e984-f2c25fba1d14
2026081419,ef84a26f-2041-101e-05eb-06a3e3fb1dd2,9100004,PROJECTA BRUTE FORCE THRESHOLD,2026-08-15T12:37:55.035005+0000,/login?ok=0&sid=ef84a26f-2041-101e-05eb-06a3e3fb1dd2
2026081419,fb5fc0e5-b346-bf15-25df-0401e6d356c6,9100004,PROJECTA BRUTE FORCE THRESHOLD,2026-08-15T12:37:55.544222+0000,/login?ok=0&sid=fb5fc0e5-b346-bf15-25df-0401e6d356c6
2026081419,c8e093d3-c5dc-60c3-c957-1420d6b635e3,9100004,PROJECTA BRUTE FORCE THRESHOLD,2026-08-15T12:37:54.774630+0000,/login?ok=0&sid=c8e093d3-c5dc-60c3-c957-1420d6b635e3
2026081419,986a7903-d78e-cd7c-2b42-db1e1a642ee4,9100004,PROJECTA BRUTE FORCE THRESHOLD,2026-08-15T12:37:54.489193+0000,/login?ok=0&sid=986a7903-d78e-cd7c-2b42-db1e1a642ee4
2026081419,b9391564-cf56-51d7-55a4-0a64622f1b44,9100004,PROJECTA BRUTE FORCE THRESHOLD,2026-08-15T12:37:54.753731+0000,/login?ok=0&sid=b9391564-cf56-51d7-55a4-0a64622f1b44
2026081419,d0c81880-689c-275f-4be2-29299ee39b3e,9100004,PROJECTA BRUTE FORCE THRESHOLD,2026-08-15T12:37:55.260714+0000,/login?ok=0&sid=d0c81880-689c-275f-4be2-29299ee39b3e
2026081419,d19c0277-aecc-a1e5-af4e-2691bfb7207e,9100004,PROJECTA BRUTE FORCE THRESHOLD,2026-08-15T12:37:55.628072+0000,/login?ok=0&sid=d19c0277-aecc-a1e5-af4e-2691bfb7207e
2026081419,f4a55887-938c-0520-b291-636ca1750d3b,9100004,PROJECTA BRUTE FORCE THRESHOLD,2026-08-15T12:37:54.452118+0000,/login?ok=0&sid=f4a55887-938c-0520-b291-636ca1750d3b
2026081419,ab14b37a-a50f-9b43-ddf6-98dd9d0bf902,9100004,PROJECTA BRUTE FORCE THRESHOLD,2026-08-15T12:37:56.255045+0000,/login?ok=0&sid=ab14b37a-a50f-9b43-ddf6-98dd9d0bf902
2026081419,4ed9d6bc-a2cb-f36c-be88-edb7cba130b1,9100004,PROJECTA BRUTE FORCE THRESHOLD,2026-08-15T12:37:54.806090+0000,/login?ok=0&sid=4ed9d6bc-a2cb-f36c-be88-edb7cba130b1
2026081419,3fe8f34a-42e0-e432-8c57-51bc13a63143,9100004,PROJECTA BRUTE FORCE THRESHOLD,2026-08-15T12:37:55.786031+0000,/login?ok=0&sid=3fe8f34a-42e0-e432-8c57-51bc13a63143
2026081419,c6e0d36c-bd95-9c31-5886-2ca19560ba02,9100004,PROJECTA BRUTE FORCE THRESHOLD,2026-08-15T12:37:54.972870+0000,/login?ok=0&sid=c6e0d36c-bd95-9c31-5886-2ca19560ba02
2026081419,c0ab3234-e8d8-9728-4dc0-14398bce3f1c,9100004,PROJECTA BRUTE FORCE THRESHOLD,2026-08-15T12:37:55.396911+0000,/login?ok=0&sid=c0ab3234-e8d8-9728-4dc0-14398bce3f1c
2026081419,12fa4d19-05ac-2ea7-34ae-49c5c42821d1,9100001,PROJECTA ADMIN SENSITIVE ACCESS,2026-08-15T12:37:54.568985+0000,/admin/secret?sid=12fa4d19-05ac-2ea7-34ae-49c5c42821d1
2026081419,22f40a1c-5f07-60f4-7723-00231b712c67,9100002,PROJECTA PATH TRAVERSAL,2026-08-15T12:37:54.584966+0000,/%2e%2e/%2e%2e/etc/passwd?sid=22f40a1c-5f07-60f4-7723-00231b712c67
2026081419,921fc15f-9185-ed70-e420-a3f493d1f0a5,9100004,PROJECTA BRUTE FORCE THRESHOLD,2026-08-15T12:37:55.771950+0000,/login?ok=0&sid=921fc15f-9185-ed70-e420-a3f493d1f0a5
2026081419,28bef4a4-3f21-25db-0655-127822c1ee52,9100004,PROJECTA BRUTE FORCE THRESHOLD,2026-08-15T12:37:55.098073+0000,/login?ok=0&sid=28bef4a4-3f21-25db-0655-127822c1ee52
2026081419,8b6ac861-06d5-b731-828b-b43b8f8fd4c7,9100004,PROJECTA BRUTE FORCE THRESHOLD,2026-08-15T12:37:55.845464+0000,/login?ok=0&sid=8b6ac861-06d5-b731-828b-b43b8f8fd4c7
2026081419,e1872453-2b27-fc93-d6f9-c433fff55781,9100004,PROJECTA BRUTE FORCE THRESHOLD,2026-08-15T12:37:55.633283+0000,/login?ok=0&sid=e1872453-2b27-fc93-d6f9-c433fff55781
2026081419,d9e0a51e-dd56-0b67-0dd3-c0c2ae69da83,9100002,PROJECTA PATH TRAVERSAL,2026-08-15T12:37:54.656590+0000,/%2e%2e/%2e%2e/etc/passwd?sid=d9e0a51e-dd56-0b67-0dd3-c0c2ae69da83
2026081419,fd86b24a-5671-595d-1ec2-126061c6aa80,9100004,PROJECTA BRUTE FORCE THRESHOLD,2026-08-15T12:37:55.510776+0000,/login?ok=0&sid=fd86b24a-5671-595d-1ec2-126061c6aa80
2026081419,572acd4f-6a75-4e7c-87fc-975ae9eb4e2a,9100004,PROJECTA BRUTE FORCE THRESHOLD,2026-08-15T12:37:55.055902+0000,/login?ok=0&sid=572acd4f-6a75-4e7c-87fc-975ae9eb4e2a
2026081419,6483861e-6ab8-23f0-4ad2-9017e9d66f46,9100004,PROJECTA BRUTE FORCE THRESHOLD,2026-08-15T12:37:54.746464+0000,/login?ok=0&sid=6483861e-6ab8-23f0-4ad2-9017e9d66f46
2026081419,e6ad378f-29a8-bac9-6e98-ad5dcff81d07,9100004,PROJECTA BRUTE FORCE THRESHOLD,2026-08-15T12:37:55.658085+0000,/login?ok=0&sid=e6ad378f-29a8-bac9-6e98-ad5dcff81d07
2026081419,b88331ba-cd3a-6832-7146-5259e45c8d49,9100004,PROJECTA BRUTE FORCE THRESHOLD,2026-08-15T12:37:55.125881+0000,/login?ok=0&sid=b88331ba-cd3a-6832-7146-5259e45c8d49
2026081419,7f7cad0c-fad1-8b11-3129-05b694d1fd44,9100004,PROJECTA BRUTE FORCE THRESHOLD,2026-08-15T12:37:54.965096+0000,/login?ok=0&sid=7f7cad0c-fad1-8b11-3129-05b694d1fd44
2026081419,09da1b14-c3b6-bf36-6eec-4a281938e7c9,9100004,PROJECTA BRUTE FORCE THRESHOLD,2026-08-15T12:37:55.679595+0000,/login?ok=0&sid=09da1b14-c3b6-bf36-6eec-4a281938e7c9
2026081419,212375a2-87a3-b1a4-847c-2465298875f7,9100004,PROJECTA BRUTE FORCE THRESHOLD,2026-08-15T12:37:55.872028+0000,/login?ok=0&sid=212375a2-87a3-b1a4-847c-2465298875f7
2026081419,85e2b754-4068-6dbb-db9d-c8f42d94a28f,9100004,PROJECTA BRUTE FORCE THRESHOLD,2026-08-15T12:37:55.114291+0000,/login?ok=0&sid=85e2b754-4068-6dbb-db9d-c8f42d94a28f
2026081419,120dd542-071e-62f9-e840-e4d27abf1797,9100004,PROJECTA BRUTE FORCE THRESHOLD,2026-08-15T12:37:55.767340+0000,/login?ok=0&sid=120dd542-071e-62f9-e840-e4d27abf1797
2026081419,44ca41a7-cfb4-8c09-43a5-c22ffa8147d2,9100004,PROJECTA BRUTE FORCE THRESHOLD,2026-08-15T12:37:55.370878+0000,/login?ok=0&sid=44ca41a7-cfb4-8c09-43a5-c22ffa8147d2
2026081419,652b3a8a-66bf-489d-d980-4488f72a515a,9100004,PROJECTA BRUTE FORCE THRESHOLD,2026-08-15T12:37:56.027662+0000,/login?ok=0&sid=652b3a8a-66bf-489d-d980-4488f72a515a
2026081419,2313beca-e6c3-77da-7405-d04acf9a6a4e,9100004,PROJECTA BRUTE FORCE THRESHOLD,2026-08-15T12:37:54.848976+0000,/login?ok=0&sid=2313beca-e6c3-77da-7405-d04acf9a6a4e
2026081419,af78e458-2559-0d99-c27b-41a50904c37b,9100004,PROJECTA BRUTE FORCE THRESHOLD,2026-08-15T12:37:55.713699+0000,/login?ok=0&sid=af78e458-2559-0d99-c27b-41a50904c37b
2026081419,531ccea4-8aee-9b6a-e62d-605e66429670,9100004,PROJECTA BRUTE FORCE THRESHOLD,2026-08-15T12:37:54.987186+0000,/login?ok=0&sid=531ccea4-8aee-9b6a-e62d-605e66429670
2026081419,e7d1b6ee-7557-4124-224e-71bb1bf1d7bc,9100002,PROJECTA PATH TRAVERSAL,2026-08-15T12:37:55.936870+0000,/%2e%2e/%2e%2e/etc/passwd?sid=e7d1b6ee-7557-4124-224e-71bb1bf1d7bc
2026081419,2bf328cc-e684-9382-c1fe-c14a9bf556c2,9100004,PROJECTA BRUTE FORCE THRESHOLD,2026-08-15T12:37:55.243052+0000,/login?ok=0&sid=2bf328cc-e684-9382-c1fe-c14a9bf556c2
2026081419,c33e4e5b-c805-fec4-e797-6188982428d4,9100004,PROJECTA BRUTE FORCE THRESHOLD,2026-08-15T12:37:55.750795+0000,/login?ok=0&sid=c33e4e5b-c805-fec4-e797-6188982428d4
2026081419,e0263159-5e2c-5914-3024-8b022c14e61c,9100004,PROJECTA BRUTE FORCE THRESHOLD,2026-08-15T12:37:55.385937+0000,/login?ok=0&sid=e0263159-5e2c-5914-3024-8b022c14e61c
2026081419,e64937e0-3f6f-99d6-54ed-f3eb33282438,9100002,PROJECTA PATH TRAVERSAL,2026-08-15T12:37:54.926067+0000,/%2e%2e/%2e%2e/etc/passwd?sid=e64937e0-3f6f-99d6-54ed-f3eb33282438
2026081419,24c10676-2487-083b-2d1b-09508b251cfb,9100003,PROJECTA COMMAND PROBE,2026-08-15T12:37:55.670050+0000,/cmd?x=id&sid=24c10676-2487-083b-2d1b-09508b251cfb
2026081419,8ce17608-5526-86a3-0438-ce5414cb8d88,9100004,PROJECTA BRUTE FORCE THRESHOLD,2026-08-15T12:37:56.001539+0000,/login?ok=0&sid=8ce17608-5526-86a3-0438-ce5414cb8d88
2026081419,1b92234e-ced1-c206-a689-9559617801ff,9100004,PROJECTA BRUTE FORCE THRESHOLD,2026-08-15T12:37:55.255777+0000,/login?ok=0&sid=1b92234e-ced1-c206-a689-9559617801ff
2026081419,13e4f9fa-75e0-3cb8-b1aa-b07a32308599,9100004,PROJECTA BRUTE FORCE THRESHOLD,2026-08-15T12:37:55.695799+0000,/login?ok=0&sid=13e4f9fa-75e0-3cb8-b1aa-b07a32308599
2026081419,46d316e6-d94b-6fe1-6378-bd5af6e1a542,9100004,PROJECTA BRUTE FORCE THRESHOLD,2026-08-15T12:37:55.045814+0000,/login?ok=0&sid=46d316e6-d94b-6fe1-6378-bd5af6e1a542
2026081419,d702ad2d-fbe2-69c9-0a05-245d5e6dde4a,9100004,PROJECTA BRUTE FORCE THRESHOLD,2026-08-15T12:37:55.857102+0000,/login?ok=0&sid=d702ad2d-fbe2-69c9-0a05-245d5e6dde4a
2026081419,c8de4573-a87e-3703-322a-3e13fe78f376,9100004,PROJECTA BRUTE FORCE THRESHOLD,2026-08-15T12:37:56.016556+0000,/login?ok=0&sid=c8de4573-a87e-3703-322a-3e13fe78f376
2026081419,2e5850f4-84e8-97a2-13ac-53e81da3c8e6,9100004,PROJECTA BRUTE FORCE THRESHOLD,2026-08-15T12:37:56.243583+0000,/login?ok=0&sid=2e5850f4-84e8-97a2-13ac-53e81da3c8e6
2026081419,09f4a3a5-e8fd-e74a-d849-2ecad03a28be,9100004,PROJECTA BRUTE FORCE THRESHOLD,2026-08-15T12:37:56.038076+0000,/login?ok=0&sid=09f4a3a5-e8fd-e74a-d849-2ecad03a28be
2026081419,25463ce1-fa23-fffe-53df-8697961e94b1,9100004,PROJECTA BRUTE FORCE THRESHOLD,2026-08-15T12:37:55.703461+0000,/login?ok=0&sid=25463ce1-fa23-fffe-53df-8697961e94b1
2026081419,fd3ab47b-0925-dc36-ac0c-02b85b5c05f8,9100003,PROJECTA COMMAND PROBE,2026-08-15T12:37:55.314544+0000,/cmd?x=id&sid=fd3ab47b-0925-dc36-ac0c-02b85b5c05f8
2026081419,dfc2febc-3cd0-f269-f8a0-93c261440d18,9100001,PROJECTA ADMIN SENSITIVE ACCESS,2026-08-15T12:37:56.315117+0000,/admin/secret?sid=dfc2febc-3cd0-f269-f8a0-93c261440d18
2026081419,653dd67f-185b-a3a1-5587-60f24a474bb0,9100002,PROJECTA PATH TRAVERSAL,2026-08-15T12:37:55.356345+0000,/%2e%2e/%2e%2e/etc/passwd?sid=653dd67f-185b-a3a1-5587-60f24a474bb0
2026081419,ad2ecfd1-bdf8-b5fe-f4da-a5890af947f1,9100004,PROJECTA BRUTE FORCE THRESHOLD,2026-08-15T12:37:55.237408+0000,/login?ok=0&sid=ad2ecfd1-bdf8-b5fe-f4da-a5890af947f1
2026081419,06c75fe0-2424-043e-8cfe-448606c27063,9100004,PROJECTA BRUTE FORCE THRESHOLD,2026-08-15T12:37:55.887419+0000,/login?ok=0&sid=06c75fe0-2424-043e-8cfe-448606c27063
2026081419,a160914d-fe9f-f534-8ef6-50727368f8be,9100004,PROJECTA BRUTE FORCE THRESHOLD,2026-08-15T12:37:55.779431+0000,/login?ok=0&sid=a160914d-fe9f-f534-8ef6-50727368f8be
2026081419,0c077ff3-04a3-6cde-bcbe-f8faf113cf8a,9100004,PROJECTA BRUTE FORCE THRESHOLD,2026-08-15T12:37:55.416573+0000,/login?ok=0&sid=0c077ff3-04a3-6cde-bcbe-f8faf113cf8a
2026081419,9d04b6a7-cb8e-0a79-54d1-20ea3d7868b3,9100004,PROJECTA BRUTE FORCE THRESHOLD,2026-08-15T12:37:56.226257+0000,/login?ok=0&sid=9d04b6a7-cb8e-0a79-54d1-20ea3d7868b3
2026081419,48b2f253-0718-1196-a208-1edec2044653,9100004,PROJECTA BRUTE FORCE THRESHOLD,2026-08-15T12:37:55.520999+0000,/login?ok=0&sid=48b2f253-0718-1196-a208-1edec2044653
2026081419,6217e478-6309-92cd-8ea0-d59dd127b684,9100004,PROJECTA BRUTE FORCE THRESHOLD,2026-08-15T12:37:55.536070+0000,/login?ok=0&sid=6217e478-6309-92cd-8ea0-d59dd127b684
2026081419,90d9980c-5226-226b-dc9c-12b3e190be0d,9100001,PROJECTA ADMIN SENSITIVE ACCESS,2026-08-15T12:37:55.580176+0000,/admin/secret?sid=90d9980c-5226-226b-dc9c-12b3e190be0d
2026081419,9b870ec9-e6f4-29d6-2436-9b20524ef6ee,9100004,PROJECTA BRUTE FORCE THRESHOLD,2026-08-15T12:37:55.720007+0000,/login?ok=0&sid=9b870ec9-e6f4-29d6-2436-9b20524ef6ee
2026081419,7a21ee62-0d61-717b-7f00-2e47f33c2af9,9100004,PROJECTA BRUTE FORCE THRESHOLD,2026-08-15T12:37:55.902170+0000,/login?ok=0&sid=7a21ee62-0d61-717b-7f00-2e47f33c2af9
2026081419,60ba820c-be0e-aab4-b110-2fee92496da7,9100004,PROJECTA BRUTE FORCE THRESHOLD,2026-08-15T12:37:55.994020+0000,/login?ok=0&sid=60ba820c-be0e-aab4-b110-2fee92496da7
2026081419,4034e420-e4ff-89ac-3cd3-cb59aa15a2a9,9100004,PROJECTA BRUTE FORCE THRESHOLD,2026-08-15T12:37:56.215599+0000,/login?ok=0&sid=4034e420-e4ff-89ac-3cd3-cb59aa15a2a9
2026081419,5e533a49-873e-f56e-f568-2a3a1213694e,9100004,PROJECTA BRUTE FORCE THRESHOLD,2026-08-15T12:37:56.238741+0000,/login?ok=0&sid=5e533a49-873e-f56e-f568-2a3a1213694e
2026081420,6ba1fe1d-7c4d-66e1-0489-ccdfaf7cd682,9100002,PROJECTA PATH TRAVERSAL,2026-08-15T12:38:03.517522+0000,/%2e%2e/%2e%2e/etc/passwd?sid=6ba1fe1d-7c4d-66e1-0489-ccdfaf7cd682
2026081420,97f54af9-ea9e-7f90-0e07-0a8ca7367a3d,9100004,PROJECTA BRUTE FORCE THRESHOLD,2026-08-15T12:38:04.173696+0000,/login?ok=0&sid=97f54af9-ea9e-7f90-0e07-0a8ca7367a3d
2026081420,54a26654-83a5-754b-0c42-e40b975f76e6,9100004,PROJECTA BRUTE FORCE THRESHOLD,2026-08-15T12:38:03.990797+0000,/login?ok=0&sid=54a26654-83a5-754b-0c42-e40b975f76e6
2026081420,be16c308-9de5-afea-213e-c0fcd1246175,9100004,PROJECTA BRUTE FORCE THRESHOLD,2026-08-15T12:38:03.488008+0000,/login?ok=0&sid=be16c308-9de5-afea-213e-c0fcd1246175
2026081420,7f5de237-0418-efdf-3f32-1dacb1e84e9f,9100004,PROJECTA BRUTE FORCE THRESHOLD,2026-08-15T12:38:03.705365+0000,/login?ok=0&sid=7f5de237-0418-efdf-3f32-1dacb1e84e9f
2026081420,d74a72c9-6dc9-1d9e-52b1-f4fd1d437299,9100004,PROJECTA BRUTE FORCE THRESHOLD,2026-08-15T12:38:03.924227+0000,/login?ok=0&sid=d74a72c9-6dc9-1d9e-52b1-f4fd1d437299
2026081420,bcab506d-9e52-9c7a-b091-315357421d0a,9100004,PROJECTA BRUTE FORCE THRESHOLD,2026-08-15T12:38:03.713925+0000,/login?ok=0&sid=bcab506d-9e52-9c7a-b091-315357421d0a
2026081420,888510c4-7afd-cb0d-178f-93e7be5ba090,9100004,PROJECTA BRUTE FORCE THRESHOLD,2026-08-15T12:38:03.622619+0000,/login?ok=0&sid=888510c4-7afd-cb0d-178f-93e7be5ba090
2026081420,9aa40516-2c4c-56f4-d4e2-0198d44186fe,9100004,PROJECTA BRUTE FORCE THRESHOLD,2026-08-15T12:38:03.700615+0000,/login?ok=0&sid=9aa40516-2c4c-56f4-d4e2-0198d44186fe
2026081420,49019cc7-0b2d-50ea-e73a-d1925d6a7296,9100004,PROJECTA BRUTE FORCE THRESHOLD,2026-08-15T12:38:03.589285+0000,/login?ok=0&sid=49019cc7-0b2d-50ea-e73a-d1925d6a7296
2026081420,c55636de-2f7c-3285-8b40-c49ff7ef2773,9100004,PROJECTA BRUTE FORCE THRESHOLD,2026-08-15T12:38:04.071955+0000,/login?ok=0&sid=c55636de-2f7c-3285-8b40-c49ff7ef2773
2026081420,f1cbe5c0-89ea-f292-5eae-b3272db9cdc8,9100004,PROJECTA BRUTE FORCE THRESHOLD,2026-08-15T12:38:03.719394+0000,/login?ok=0&sid=f1cbe5c0-89ea-f292-5eae-b3272db9cdc8
2026081420,09215c33-8091-8934-6bc3-20f7429a342c,9100002,PROJECTA PATH TRAVERSAL,2026-08-15T12:38:03.848632+0000,/%2e%2e/%2e%2e/etc/passwd?sid=09215c33-8091-8934-6bc3-20f7429a342c
2026081420,6249f503-5b0f-b4ab-80fa-87c55124c911,9100004,PROJECTA BRUTE FORCE THRESHOLD,2026-08-15T12:38:03.580807+0000,/login?ok=0&sid=6249f503-5b0f-b4ab-80fa-87c55124c911
2026081420,f9854c35-28a2-fac4-9d92-75be0466691e,9100004,PROJECTA BRUTE FORCE THRESHOLD,2026-08-15T12:38:03.734568+0000,/login?ok=0&sid=f9854c35-28a2-fac4-9d92-75be0466691e
2026081420,f30a6231-905f-8b19-235f-b4226a02a3e8,9100004,PROJECTA BRUTE FORCE THRESHOLD,2026-08-15T12:38:03.605237+0000,/login?ok=0&sid=f30a6231-905f-8b19-235f-b4226a02a3e8
2026081420,7a2cff4c-f0fc-4feb-c3c3-78ecaa660e1a,9100004,PROJECTA BRUTE FORCE THRESHOLD,2026-08-15T12:38:04.378583+0000,/login?ok=0&sid=7a2cff4c-f0fc-4feb-c3c3-78ecaa660e1a
2026081420,9aa5f52b-e6bb-ac6b-bfc1-a6e150372e92,9100004,PROJECTA BRUTE FORCE THRESHOLD,2026-08-15T12:38:03.899351+0000,/login?ok=0&sid=9aa5f52b-e6bb-ac6b-bfc1-a6e150372e92
2026081420,51a68eac-e63b-693a-a38d-73ab3c2f0a78,9100002,PROJECTA PATH TRAVERSAL,2026-08-15T12:38:03.684436+0000,/%2e%2e/%2e%2e/etc/passwd?sid=51a68eac-e63b-693a-a38d-73ab3c2f0a78
2026081420,c3bc3702-9670-8e64-9c3e-1e96a3d4353e,9100004,PROJECTA BRUTE FORCE THRESHOLD,2026-08-15T12:38:04.103099+0000,/login?ok=0&sid=c3bc3702-9670-8e64-9c3e-1e96a3d4353e
2026081420,d9a2e7b3-62b8-e56c-dd19-cec37bd1fa8a,9100004,PROJECTA BRUTE FORCE THRESHOLD,2026-08-15T12:38:03.911289+0000,/login?ok=0&sid=d9a2e7b3-62b8-e56c-dd19-cec37bd1fa8a
2026081420,c6109cf0-802f-af8a-67f0-a1de1c8b88c9,9100004,PROJECTA BRUTE FORCE THRESHOLD,2026-08-15T12:38:03.883003+0000,/login?ok=0&sid=c6109cf0-802f-af8a-67f0-a1de1c8b88c9
2026081420,570be62b-c4e6-1a12-ab1d-f81ac8eac3e0,9100004,PROJECTA BRUTE FORCE THRESHOLD,2026-08-15T12:38:03.931744+0000,/login?ok=0&sid=570be62b-c4e6-1a12-ab1d-f81ac8eac3e0
2026081420,64276ac3-84fc-1f5f-a525-37c1a790d6bd,9100004,PROJECTA BRUTE FORCE THRESHOLD,2026-08-15T12:38:03.611468+0000,/login?ok=0&sid=64276ac3-84fc-1f5f-a525-37c1a790d6bd
2026081420,5cb7ac25-958d-4fff-1492-e74f934b9c5a,9100004,PROJECTA BRUTE FORCE THRESHOLD,2026-08-15T12:38:04.537253+0000,/login?ok=0&sid=5cb7ac25-958d-4fff-1492-e74f934b9c5a
2026081420,99a28c94-da98-595e-57b7-5ac12fce8034,9100004,PROJECTA BRUTE FORCE THRESHOLD,2026-08-15T12:38:04.090909+0000,/login?ok=0&sid=99a28c94-da98-595e-57b7-5ac12fce8034
2026081420,2c7ea805-ef52-0acb-2419-3e35d33ff774,9100004,PROJECTA BRUTE FORCE THRESHOLD,2026-08-15T12:38:04.146717+0000,/login?ok=0&sid=2c7ea805-ef52-0acb-2419-3e35d33ff774
2026081420,95c69fbf-9b51-59be-019f-37ea941e7015,9100004,PROJECTA BRUTE FORCE THRESHOLD,2026-08-15T12:38:04.684834+0000,/login?ok=0&sid=95c69fbf-9b51-59be-019f-37ea941e7015
2026081420,673e2929-c256-cf33-0956-83a622e9106c,9100002,PROJECTA PATH TRAVERSAL,2026-08-15T12:38:04.674784+0000,/%2e%2e/%2e%2e/etc/passwd?sid=673e2929-c256-cf33-0956-83a622e9106c
2026081420,b4c6d6ca-6719-6912-89b5-d7ed3bc16d54,9100004,PROJECTA BRUTE FORCE THRESHOLD,2026-08-15T12:38:04.182542+0000,/login?ok=0&sid=b4c6d6ca-6719-6912-89b5-d7ed3bc16d54
2026081420,f9920d86-7ae1-7c37-8f94-5c0b550704e9,9100004,PROJECTA BRUTE FORCE THRESHOLD,2026-08-15T12:38:05.238549+0000,/login?ok=0&sid=f9920d86-7ae1-7c37-8f94-5c0b550704e9
2026081420,e87b4d0a-8c78-b5a4-4576-bbbd26a0849e,9100004,PROJECTA BRUTE FORCE THRESHOLD,2026-08-15T12:38:04.761405+0000,/login?ok=0&sid=e87b4d0a-8c78-b5a4-4576-bbbd26a0849e
2026081420,be664c74-a607-f7c7-5a9d-9638c65d9f13,9100004,PROJECTA BRUTE FORCE THRESHOLD,2026-08-15T12:38:05.071545+0000,/login?ok=0&sid=be664c74-a607-f7c7-5a9d-9638c65d9f13
2026081420,b0767b1e-e6e0-fc2a-c442-e00f3b80e2ea,9100004,PROJECTA BRUTE FORCE THRESHOLD,2026-08-15T12:38:04.132343+0000,/login?ok=0&sid=b0767b1e-e6e0-fc2a-c442-e00f3b80e2ea
2026081420,2dc6b454-feb9-d906-5eb1-b7ea1a5acf51,9100004,PROJECTA BRUTE FORCE THRESHOLD,2026-08-15T12:38:05.300871+0000,/login?ok=0&sid=2dc6b454-feb9-d906-5eb1-b7ea1a5acf51
2026081420,5e04f298-f979-1837-106f-494241bba47b,9100001,PROJECTA ADMIN SENSITIVE ACCESS,2026-08-15T12:38:04.443695+0000,/admin/secret?sid=5e04f298-f979-1837-106f-494241bba47b
2026081420,aadd3367-28f0-2836-4cb7-94db3e8036f3,9100004,PROJECTA BRUTE FORCE THRESHOLD,2026-08-15T12:38:04.344553+0000,/login?ok=0&sid=aadd3367-28f0-2836-4cb7-94db3e8036f3
2026081420,4935766e-6485-4e56-d641-6fc2b931832c,9100002,PROJECTA PATH TRAVERSAL,2026-08-15T12:38:05.047093+0000,/%2e%2e/%2e%2e/etc/passwd?sid=4935766e-6485-4e56-d641-6fc2b931832c
2026081420,55e32723-f071-3d0b-83f9-5241aa74ada9,9100004,PROJECTA BRUTE FORCE THRESHOLD,2026-08-15T12:38:04.522621+0000,/login?ok=0&sid=55e32723-f071-3d0b-83f9-5241aa74ada9
2026081420,993c17f6-e833-9d6a-9f5a-7295ce26390b,9100004,PROJECTA BRUTE FORCE THRESHOLD,2026-08-15T12:38:04.613435+0000,/login?ok=0&sid=993c17f6-e833-9d6a-9f5a-7295ce26390b
2026081420,8f69c9ee-bb47-1b90-4a74-5c18180141f5,9100004,PROJECTA BRUTE FORCE THRESHOLD,2026-08-15T12:38:04.365941+0000,/login?ok=0&sid=8f69c9ee-bb47-1b90-4a74-5c18180141f5
2026081420,5be6fe48-0a33-30ae-e2b2-238b7a6f232b,9100004,PROJECTA BRUTE FORCE THRESHOLD,2026-08-15T12:38:04.625377+0000,/login?ok=0&sid=5be6fe48-0a33-30ae-e2b2-238b7a6f232b
2026081420,b7e4b7c7-d865-689b-209b-48433c616d02,9100004,PROJECTA BRUTE FORCE THRESHOLD,2026-08-15T12:38:03.965241+0000,/login?ok=0&sid=b7e4b7c7-d865-689b-209b-48433c616d02
2026081420,36991411-b025-21cc-a6f2-58958a8d3743,9100004,PROJECTA BRUTE FORCE THRESHOLD,2026-08-15T12:38:04.780830+0000,/login?ok=0&sid=36991411-b025-21cc-a6f2-58958a8d3743
2026081420,503cb572-c442-9b87-cca3-786267bfc850,9100004,PROJECTA BRUTE FORCE THRESHOLD,2026-08-15T12:38:04.492869+0000,/login?ok=0&sid=503cb572-c442-9b87-cca3-786267bfc850
2026081420,5c87ee2a-f993-f1d0-a03b-aee5eb721f66,9100004,PROJECTA BRUTE FORCE THRESHOLD,2026-08-15T12:38:04.605535+0000,/login?ok=0&sid=5c87ee2a-f993-f1d0-a03b-aee5eb721f66
2026081420,dae37bcc-a645-c5fb-783d-2497caac7f00,9100004,PROJECTA BRUTE FORCE THRESHOLD,2026-08-15T12:38:05.409822+0000,/login?ok=0&sid=dae37bcc-a645-c5fb-783d-2497caac7f00
2026081420,7db42a7d-064f-e2ac-5010-5bd38ef0d148,9100004,PROJECTA BRUTE FORCE THRESHOLD,2026-08-15T12:38:04.597850+0000,/login?ok=0&sid=7db42a7d-064f-e2ac-5010-5bd38ef0d148
2026081420,dc8e5fd3-f95d-afd7-4686-2fb6facf726c,9100004,PROJECTA BRUTE FORCE THRESHOLD,2026-08-15T12:38:05.771859+0000,/login?ok=0&sid=dc8e5fd3-f95d-afd7-4686-2fb6facf726c
2026081420,93de1023-6432-08bc-0c4c-9a9c0044314e,9100004,PROJECTA BRUTE FORCE THRESHOLD,2026-08-15T12:38:04.709445+0000,/login?ok=0&sid=93de1023-6432-08bc-0c4c-9a9c0044314e
2026081420,e1e93c8c-6360-80a5-0789-c5624ecd27c0,9100004,PROJECTA BRUTE FORCE THRESHOLD,2026-08-15T12:38:04.507892+0000,/login?ok=0&sid=e1e93c8c-6360-80a5-0789-c5624ecd27c0
2026081420,7ffeb8f9-5be6-aca2-590d-ea41c0a3069d,9100004,PROJECTA BRUTE FORCE THRESHOLD,2026-08-15T12:38:04.502249+0000,/login?ok=0&sid=7ffeb8f9-5be6-aca2-590d-ea41c0a3069d
2026081420,3640e1fb-0ac4-d70e-3261-d9c7181d0b6c,9100004,PROJECTA BRUTE FORCE THRESHOLD,2026-08-15T12:38:04.987813+0000,/login?ok=0&sid=3640e1fb-0ac4-d70e-3261-d9c7181d0b6c
2026081420,6d3c6c81-5bf0-11b2-aa50-6b75bca15eae,9100004,PROJECTA BRUTE FORCE THRESHOLD,2026-08-15T12:38:04.718023+0000,/login?ok=0&sid=6d3c6c81-5bf0-11b2-aa50-6b75bca15eae
2026081420,5783b1d5-145f-dc2b-7bb2-46e9c1f4b2c5,9100004,PROJECTA BRUTE FORCE THRESHOLD,2026-08-15T12:38:03.979024+0000,/login?ok=0&sid=5783b1d5-145f-dc2b-7bb2-46e9c1f4b2c5
2026081420,14959c1f-f50a-8f11-0194-2830feb0939e,9100004,PROJECTA BRUTE FORCE THRESHOLD,2026-08-15T12:38:04.693066+0000,/login?ok=0&sid=14959c1f-f50a-8f11-0194-2830feb0939e
2026081420,58df3232-d017-8147-8d35-5bcd143c95f1,9100004,PROJECTA BRUTE FORCE THRESHOLD,2026-08-15T12:38:04.635303+0000,/login?ok=0&sid=58df3232-d017-8147-8d35-5bcd143c95f1
2026081420,8a672eab-0076-2f5b-d646-a40e0de1e02c,9100004,PROJECTA BRUTE FORCE THRESHOLD,2026-08-15T12:38:04.787928+0000,/login?ok=0&sid=8a672eab-0076-2f5b-d646-a40e0de1e02c
2026081420,7998ddd6-0e25-a5da-83b6-e866590f671f,9100004,PROJECTA BRUTE FORCE THRESHOLD,2026-08-15T12:38:04.949079+0000,/login?ok=0&sid=7998ddd6-0e25-a5da-83b6-e866590f671f
2026081420,5e5b4791-172f-4f72-237c-6bea4f0539ff,9100004,PROJECTA BRUTE FORCE THRESHOLD,2026-08-15T12:38:04.799268+0000,/login?ok=0&sid=5e5b4791-172f-4f72-237c-6bea4f0539ff
2026081420,d75021aa-d630-c41e-14ed-d554ac41a999,9100004,PROJECTA BRUTE FORCE THRESHOLD,2026-08-15T12:38:04.769481+0000,/login?ok=0&sid=d75021aa-d630-c41e-14ed-d554ac41a999
2026081420,140d5db9-cda8-38c6-2cbd-d375b9fd76e5,9100004,PROJECTA BRUTE FORCE THRESHOLD,2026-08-15T12:38:05.024306+0000,/login?ok=0&sid=140d5db9-cda8-38c6-2cbd-d375b9fd76e5
2026081420,52a12b35-8496-e23f-cff1-14ac431af4e0,9100004,PROJECTA BRUTE FORCE THRESHOLD,2026-08-15T12:38:04.006452+0000,/login?ok=0&sid=52a12b35-8496-e23f-cff1-14ac431af4e0
2026081420,daaf1624-8d9f-8a6c-c197-2f1c35741f41,9100004,PROJECTA BRUTE FORCE THRESHOLD,2026-08-15T12:38:04.732588+0000,/login?ok=0&sid=daaf1624-8d9f-8a6c-c197-2f1c35741f41
2026081420,3af40d79-21d2-d9f8-003b-b1363456257e,9100004,PROJECTA BRUTE FORCE THRESHOLD,2026-08-15T12:38:04.018767+0000,/login?ok=0&sid=3af40d79-21d2-d9f8-003b-b1363456257e
2026081420,5311b21a-d276-6776-36d4-8bd0257c6cc6,9100001,PROJECTA ADMIN SENSITIVE ACCESS,2026-08-15T12:38:04.588944+0000,/admin/secret?sid=5311b21a-d276-6776-36d4-8bd0257c6cc6
2026081420,196f1c6f-fa3e-e299-4d87-66a7d0dfaf33,9100004,PROJECTA BRUTE FORCE THRESHOLD,2026-08-15T12:38:05.488355+0000,/login?ok=0&sid=196f1c6f-fa3e-e299-4d87-66a7d0dfaf33
2026081420,5940a83b-ccb4-a6f1-b4db-1156d69bf337,9100004,PROJECTA BRUTE FORCE THRESHOLD,2026-08-15T12:38:05.091340+0000,/login?ok=0&sid=5940a83b-ccb4-a6f1-b4db-1156d69bf337
2026081420,2705d444-ec03-e8c3-1da1-be97cbd2f8be,9100004,PROJECTA BRUTE FORCE THRESHOLD,2026-08-15T12:38:05.426459+0000,/login?ok=0&sid=2705d444-ec03-e8c3-1da1-be97cbd2f8be
2026081420,48c02eac-e5b7-3f7a-ec65-e7b66b7d7e4c,9100004,PROJECTA BRUTE FORCE THRESHOLD,2026-08-15T12:38:04.961682+0000,/login?ok=0&sid=48c02eac-e5b7-3f7a-ec65-e7b66b7d7e4c
2026081420,f6d58e50-ab76-2843-3847-6f1e80734721,9100004,PROJECTA BRUTE FORCE THRESHOLD,2026-08-15T12:38:06.126730+0000,/login?ok=0&sid=f6d58e50-ab76-2843-3847-6f1e80734721
2026081420,1bce08de-292a-7309-4581-1d597f467cb2,9100004,PROJECTA BRUTE FORCE THRESHOLD,2026-08-15T12:38:05.255444+0000,/login?ok=0&sid=1bce08de-292a-7309-4581-1d597f467cb2
2026081420,3d41cbcf-83e6-99cf-25dc-b486898f3d49,9100002,PROJECTA PATH TRAVERSAL,2026-08-15T12:38:05.557034+0000,/%2e%2e/%2e%2e/etc/passwd?sid=3d41cbcf-83e6-99cf-25dc-b486898f3d49
2026081420,c959d798-ba37-8a64-f915-3d331edace94,9100004,PROJECTA BRUTE FORCE THRESHOLD,2026-08-15T12:38:05.197846+0000,/login?ok=0&sid=c959d798-ba37-8a64-f915-3d331edace94
2026081420,7903d8fc-ee01-9fad-d62e-2372d279da1b,9100004,PROJECTA BRUTE FORCE THRESHOLD,2026-08-15T12:38:05.917603+0000,/login?ok=0&sid=7903d8fc-ee01-9fad-d62e-2372d279da1b
2026081420,abd04113-c8fc-62ae-4d89-e06580a409c4,9100004,PROJECTA BRUTE FORCE THRESHOLD,2026-08-15T12:38:04.972760+0000,/login?ok=0&sid=abd04113-c8fc-62ae-4d89-e06580a409c4
2026081420,4a1774ab-b5ab-fedb-bdb8-f7ec09298685,9100004,PROJECTA BRUTE FORCE THRESHOLD,2026-08-15T12:38:04.079206+0000,/login?ok=0&sid=4a1774ab-b5ab-fedb-bdb8-f7ec09298685
2026081420,5ea6259b-c3a0-12ca-3549-2ceb2f8a389c,9100004,PROJECTA BRUTE FORCE THRESHOLD,2026-08-15T12:38:05.430760+0000,/login?ok=0&sid=5ea6259b-c3a0-12ca-3549-2ceb2f8a389c
2026081420,f755fba8-f2b0-0334-e83f-cc934110eaba,9100004,PROJECTA BRUTE FORCE THRESHOLD,2026-08-15T12:38:05.280238+0000,/login?ok=0&sid=f755fba8-f2b0-0334-e83f-cc934110eaba
2026081420,e8fbbe77-47d7-2685-de39-e86c3c9190c1,9100004,PROJECTA BRUTE FORCE THRESHOLD,2026-08-15T12:38:04.998141+0000,/login?ok=0&sid=e8fbbe77-47d7-2685-de39-e86c3c9190c1
2026081420,edd2809f-f730-e0ae-e561-47b230759a64,9100004,PROJECTA BRUTE FORCE THRESHOLD,2026-08-15T12:38:05.505119+0000,/login?ok=0&sid=edd2809f-f730-e0ae-e561-47b230759a64
2026081420,5b409485-823e-46ea-cd0e-ba65a3ab571e,9100002,PROJECTA PATH TRAVERSAL,2026-08-15T12:38:05.636631+0000,/%2e%2e/%2e%2e/etc/passwd?sid=5b409485-823e-46ea-cd0e-ba65a3ab571e
2026081420,0229053d-4413-0ab6-aaec-83a79b10785a,9100004,PROJECTA BRUTE FORCE THRESHOLD,2026-08-15T12:38:05.105443+0000,/login?ok=0&sid=0229053d-4413-0ab6-aaec-83a79b10785a
2026081420,4d7a588d-2581-4e1a-619d-e56912e696ff,9100004,PROJECTA BRUTE FORCE THRESHOLD,2026-08-15T12:38:04.109682+0000,/login?ok=0&sid=4d7a588d-2581-4e1a-619d-e56912e696ff
2026081420,823edd62-1271-f7f6-b49e-d7a70abf67cc,9100004,PROJECTA BRUTE FORCE THRESHOLD,2026-08-15T12:38:06.021540+0000,/login?ok=0&sid=823edd62-1271-f7f6-b49e-d7a70abf67cc
2026081420,46a75dc2-757e-c43f-7b4a-20a40dcb5920,9100003,PROJECTA COMMAND PROBE,2026-08-15T12:38:05.568486+0000,/cmd?x=id&sid=46a75dc2-757e-c43f-7b4a-20a40dcb5920
2026081420,bef2e24d-9148-39a8-4719-c4bce3525472,9100004,PROJECTA BRUTE FORCE THRESHOLD,2026-08-15T12:38:06.233440+0000,/login?ok=0&sid=bef2e24d-9148-39a8-4719-c4bce3525472
2026081420,a87fce71-8a28-66b8-4ea4-a0b6841bbf61,9100004,PROJECTA BRUTE FORCE THRESHOLD,2026-08-15T12:38:05.039246+0000,/login?ok=0&sid=a87fce71-8a28-66b8-4ea4-a0b6841bbf61
2026081420,9d755af1-041f-d74c-85ce-0c289c914098,9100004,PROJECTA BRUTE FORCE THRESHOLD,2026-08-15T12:38:05.521199+0000,/login?ok=0&sid=9d755af1-041f-d74c-85ce-0c289c914098
2026081420,9f0a7757-7c83-1241-29ad-e0d5ca29411b,9100001,PROJECTA ADMIN SENSITIVE ACCESS,2026-08-15T12:38:05.270457+0000,/admin/secret?sid=9f0a7757-7c83-1241-29ad-e0d5ca29411b
2026081420,2a319a2a-6568-16f8-00c8-fce813819f0b,9100004,PROJECTA BRUTE FORCE THRESHOLD,2026-08-15T12:38:05.212683+0000,/login?ok=0&sid=2a319a2a-6568-16f8-00c8-fce813819f0b
2026081420,883f93d7-2e50-518f-5796-dc5e7d1a83d4,9100004,PROJECTA BRUTE FORCE THRESHOLD,2026-08-15T12:38:04.163761+0000,/login?ok=0&sid=883f93d7-2e50-518f-5796-dc5e7d1a83d4
2026081420,b4291a62-797f-4756-2468-feb17773b292,9100004,PROJECTA BRUTE FORCE THRESHOLD,2026-08-15T12:38:05.288315+0000,/login?ok=0&sid=b4291a62-797f-4756-2468-feb17773b292
2026081420,294e8d3f-bae3-3253-6c4a-880ca817a6bd,9100004,PROJECTA BRUTE FORCE THRESHOLD,2026-08-15T12:38:05.927898+0000,/login?ok=0&sid=294e8d3f-bae3-3253-6c4a-880ca817a6bd
2026081420,38150a3e-a278-4735-4ed2-e92c4e9c088f,9100004,PROJECTA BRUTE FORCE THRESHOLD,2026-08-15T12:38:05.762345+0000,/login?ok=0&sid=38150a3e-a278-4735-4ed2-e92c4e9c088f
2026081420,3a647504-e99e-16f9-ec08-dbe0bceeeea2,9100004,PROJECTA BRUTE FORCE THRESHOLD,2026-08-15T12:38:05.084542+0000,/login?ok=0&sid=3a647504-e99e-16f9-ec08-dbe0bceeeea2
2026081420,fc1b7940-c3e4-f0f4-899b-16ceca1d639e,9100004,PROJECTA BRUTE FORCE THRESHOLD,2026-08-15T12:38:06.029060+0000,/login?ok=0&sid=fc1b7940-c3e4-f0f4-899b-16ceca1d639e
2026081420,e8d9ede3-a740-fa63-6833-afac2f889b77,9100004,PROJECTA BRUTE FORCE THRESHOLD,2026-08-15T12:38:05.596317+0000,/login?ok=0&sid=e8d9ede3-a740-fa63-6833-afac2f889b77
2026081420,2776f3c7-e020-1298-a349-9a84ee52957b,9100004,PROJECTA BRUTE FORCE THRESHOLD,2026-08-15T12:38:04.355627+0000,/login?ok=0&sid=2776f3c7-e020-1298-a349-9a84ee52957b
2026081420,362ac7e5-f88b-119d-525e-57af67a9eb42,9100004,PROJECTA BRUTE FORCE THRESHOLD,2026-08-15T12:38:05.221115+0000,/login?ok=0&sid=362ac7e5-f88b-119d-525e-57af67a9eb42
2026081420,2cad2cd6-3740-587c-d526-abcee1e1dade,9100004,PROJECTA BRUTE FORCE THRESHOLD,2026-08-15T12:38:05.394117+0000,/login?ok=0&sid=2cad2cd6-3740-587c-d526-abcee1e1dade
2026081420,f1f6cf6b-78d2-60b3-4c11-94bc8911db06,9100004,PROJECTA BRUTE FORCE THRESHOLD,2026-08-15T12:38:05.114210+0000,/login?ok=0&sid=f1f6cf6b-78d2-60b3-4c11-94bc8911db06
2026081420,e44f83c4-ece2-1bf1-2c38-3cf0c05273ea,9100002,PROJECTA PATH TRAVERSAL,2026-08-15T12:38:05.331039+0000,/%2e%2e/%2e%2e/etc/passwd?sid=e44f83c4-ece2-1bf1-2c38-3cf0c05273ea
2026081420,08b2ae7f-971d-12b9-7eae-9159044f701d,9100004,PROJECTA BRUTE FORCE THRESHOLD,2026-08-15T12:38:06.054016+0000,/login?ok=0&sid=08b2ae7f-971d-12b9-7eae-9159044f701d
2026081420,af4ae411-2bfe-5238-9fa1-1295d53396e3,9100004,PROJECTA BRUTE FORCE THRESHOLD,2026-08-15T12:38:05.447387+0000,/login?ok=0&sid=af4ae411-2bfe-5238-9fa1-1295d53396e3
2026081420,dcd36b5f-0956-65d9-c6bf-eeaca892d202,9100004,PROJECTA BRUTE FORCE THRESHOLD,2026-08-15T12:38:05.312702+0000,/login?ok=0&sid=dcd36b5f-0956-65d9-c6bf-eeaca892d202
2026081420,cde4140b-0b67-65a9-2d35-37c11cb72dcb,9100004,PROJECTA BRUTE FORCE THRESHOLD,2026-08-15T12:38:05.615251+0000,/login?ok=0&sid=cde4140b-0b67-65a9-2d35-37c11cb72dcb
2026081420,bc8d8f3d-0313-2b0e-9404-9ac1a9b2fda5,9100004,PROJECTA BRUTE FORCE THRESHOLD,2026-08-15T12:38:04.391480+0000,/login?ok=0&sid=bc8d8f3d-0313-2b0e-9404-9ac1a9b2fda5
2026081420,a313a46c-b8d7-f77f-859b-5f04ec6a90d7,9100004,PROJECTA BRUTE FORCE THRESHOLD,2026-08-15T12:38:05.940022+0000,/login?ok=0&sid=a313a46c-b8d7-f77f-859b-5f04ec6a90d7
2026081420,105aede9-bf54-0127-24d7-bec93a9b86cd,9100004,PROJECTA BRUTE FORCE THRESHOLD,2026-08-15T12:38:05.591950+0000,/login?ok=0&sid=105aede9-bf54-0127-24d7-bec93a9b86cd
2026081420,0b728a0b-8130-cd94-09ec-7b93f031acb0,9100004,PROJECTA BRUTE FORCE THRESHOLD,2026-08-15T12:38:06.397523+0000,/login?ok=0&sid=0b728a0b-8130-cd94-09ec-7b93f031acb0
2026081420,7b204cb6-1150-bf1f-136d-db00366871a6,9100004,PROJECTA BRUTE FORCE THRESHOLD,2026-08-15T12:38:06.417744+0000,/login?ok=0&sid=7b204cb6-1150-bf1f-136d-db00366871a6
2026081420,a85b6990-f908-85e7-d60f-90357014aa7e,9100001,PROJECTA ADMIN SENSITIVE ACCESS,2026-08-15T12:38:06.188230+0000,/admin/secret?sid=a85b6990-f908-85e7-d60f-90357014aa7e
2026081420,54fa4c1d-2b35-e73b-9af1-eb051b927400,9100004,PROJECTA BRUTE FORCE THRESHOLD,2026-08-15T12:38:06.423017+0000,/login?ok=0&sid=54fa4c1d-2b35-e73b-9af1-eb051b927400
2026081420,9c2a6fe6-fd90-f82a-f61b-803bdaa7a461,9100004,PROJECTA BRUTE FORCE THRESHOLD,2026-08-15T12:38:06.413533+0000,/login?ok=0&sid=9c2a6fe6-fd90-f82a-f61b-803bdaa7a461
2026081420,0f2ecf8a-4e92-c014-29bb-201463203314,9100004,PROJECTA BRUTE FORCE THRESHOLD,2026-08-15T12:38:05.479573+0000,/login?ok=0&sid=0f2ecf8a-4e92-c014-29bb-201463203314
2026081420,dc2cd412-d001-4fd3-58ad-8272b829094e,9100004,PROJECTA BRUTE FORCE THRESHOLD,2026-08-15T12:38:06.494291+0000,/login?ok=0&sid=dc2cd412-d001-4fd3-58ad-8272b829094e
2026081420,d73407af-a85e-df76-8ca0-444f9364e428,9100004,PROJECTA BRUTE FORCE THRESHOLD,2026-08-15T12:38:05.792993+0000,/login?ok=0&sid=d73407af-a85e-df76-8ca0-444f9364e428
2026081420,5e90a3a1-3879-74fd-3348-c27f4bf4a2eb,9100001,PROJECTA ADMIN SENSITIVE ACCESS,2026-08-15T12:38:04.463571+0000,/admin/secret?sid=5e90a3a1-3879-74fd-3348-c27f4bf4a2eb
2026081420,c93a43af-0ba6-220c-96aa-5973273e65d0,9100004,PROJECTA BRUTE FORCE THRESHOLD,2026-08-15T12:38:06.537019+0000,/login?ok=0&sid=c93a43af-0ba6-220c-96aa-5973273e65d0
2026081420,ae89304d-41e0-1a2a-c224-d439ab6d2801,9100002,PROJECTA PATH TRAVERSAL,2026-08-15T12:38:05.861040+0000,/%2e%2e/%2e%2e/etc/passwd?sid=ae89304d-41e0-1a2a-c224-d439ab6d2801
2026081420,4bbc5fb4-4da9-9d02-9769-cd01d09175fe,9100004,PROJECTA BRUTE FORCE THRESHOLD,2026-08-15T12:38:06.138520+0000,/login?ok=0&sid=4bbc5fb4-4da9-9d02-9769-cd01d09175fe
2026081420,9e23b02f-863e-7da8-9432-439d31887062,9100004,PROJECTA BRUTE FORCE THRESHOLD,2026-08-15T12:38:04.943740+0000,/login?ok=0&sid=9e23b02f-863e-7da8-9432-439d31887062
2026081420,35018c27-782a-f063-fc3a-9ae336454dde,9100004,PROJECTA BRUTE FORCE THRESHOLD,2026-08-15T12:38:05.501560+0000,/login?ok=0&sid=35018c27-782a-f063-fc3a-9ae336454dde
2026081420,087fa28a-fca3-ff68-1628-cedbb35133c8,9100004,PROJECTA BRUTE FORCE THRESHOLD,2026-08-15T12:38:06.211155+0000,/login?ok=0&sid=087fa28a-fca3-ff68-1628-cedbb35133c8
2026081420,83bfb192-86e3-1fbd-cb83-0db5ff816168,9100004,PROJECTA BRUTE FORCE THRESHOLD,2026-08-15T12:38:05.952458+0000,/login?ok=0&sid=83bfb192-86e3-1fbd-cb83-0db5ff816168
2026081420,3c5db3f2-de10-c57a-154a-55240037eb30,9100004,PROJECTA BRUTE FORCE THRESHOLD,2026-08-15T12:38:05.608975+0000,/login?ok=0&sid=3c5db3f2-de10-c57a-154a-55240037eb30
2026081420,a9b21bdd-bdd5-5e51-31ce-94ca1372afee,9100004,PROJECTA BRUTE FORCE THRESHOLD,2026-08-15T12:38:05.629050+0000,/login?ok=0&sid=a9b21bdd-bdd5-5e51-31ce-94ca1372afee
2026081420,50d120fa-45b9-4859-bfd6-d7c4c4222457,9100004,PROJECTA BRUTE FORCE THRESHOLD,2026-08-15T12:38:05.963364+0000,/login?ok=0&sid=50d120fa-45b9-4859-bfd6-d7c4c4222457
2026081420,7785fd9f-8a9f-1fe4-6a1b-5aa6d8975dbf,9100004,PROJECTA BRUTE FORCE THRESHOLD,2026-08-15T12:38:06.042661+0000,/login?ok=0&sid=7785fd9f-8a9f-1fe4-6a1b-5aa6d8975dbf
2026081420,44f285fa-5ebe-0573-4e7c-c30d2b35714f,9100004,PROJECTA BRUTE FORCE THRESHOLD,2026-08-15T12:38:06.507175+0000,/login?ok=0&sid=44f285fa-5ebe-0573-4e7c-c30d2b35714f
2026081420,97f0c941-e4a6-19f5-bf4f-08f3b41a7f8c,9100004,PROJECTA BRUTE FORCE THRESHOLD,2026-08-15T12:38:05.003309+0000,/login?ok=0&sid=97f0c941-e4a6-19f5-bf4f-08f3b41a7f8c
2026081420,dc3c6e0b-1a54-fc4e-7c7e-ec7520bc9419,9100004,PROJECTA BRUTE FORCE THRESHOLD,2026-08-15T12:38:06.242835+0000,/login?ok=0&sid=dc3c6e0b-1a54-fc4e-7c7e-ec7520bc9419
2026081420,c47f59bd-e39d-8413-cce1-403139d8568c,9100004,PROJECTA BRUTE FORCE THRESHOLD,2026-08-15T12:38:06.097565+0000,/login?ok=0&sid=c47f59bd-e39d-8413-cce1-403139d8568c
2026081420,91a6d393-d671-58f1-dfad-867cd9c1d7ab,9100004,PROJECTA BRUTE FORCE THRESHOLD,2026-08-15T12:38:05.776447+0000,/login?ok=0&sid=91a6d393-d671-58f1-dfad-867cd9c1d7ab
2026081420,426bf05a-e74d-07b4-51dd-d5f2cdf25d5a,9100004,PROJECTA BRUTE FORCE THRESHOLD,2026-08-15T12:38:06.112727+0000,/login?ok=0&sid=426bf05a-e74d-07b4-51dd-d5f2cdf25d5a
2026081420,2e9af234-18a5-59b2-62ae-fce79820d927,9100004,PROJECTA BRUTE FORCE THRESHOLD,2026-08-15T12:38:05.012123+0000,/login?ok=0&sid=2e9af234-18a5-59b2-62ae-fce79820d927
2026081420,5dfab6bb-2ae2-7983-6138-a78bc73002d3,9100001,PROJECTA ADMIN SENSITIVE ACCESS,2026-08-15T12:38:06.306969+0000,/admin/secret?sid=5dfab6bb-2ae2-7983-6138-a78bc73002d3
2026081420,45899b5a-a8c5-8387-5082-386d3bb7f3dd,9100004,PROJECTA BRUTE FORCE THRESHOLD,2026-08-15T12:38:06.225922+0000,/login?ok=0&sid=45899b5a-a8c5-8387-5082-386d3bb7f3dd
2026081420,cf88597d-5d98-f079-9a5e-2475c5cd3215,9100004,PROJECTA BRUTE FORCE THRESHOLD,2026-08-15T12:38:05.317721+0000,/login?ok=0&sid=cf88597d-5d98-f079-9a5e-2475c5cd3215
2026081420,1e8ac0bf-79b9-f0fa-a30f-4b62bc2e116d,9100004,PROJECTA BRUTE FORCE THRESHOLD,2026-08-15T12:38:06.248394+0000,/login?ok=0&sid=1e8ac0bf-79b9-f0fa-a30f-4b62bc2e116d
2026081420,71e58ae8-347f-0b6a-6ac6-0bae844a685e,9100004,PROJECTA BRUTE FORCE THRESHOLD,2026-08-15T12:38:06.485984+0000,/login?ok=0&sid=71e58ae8-347f-0b6a-6ac6-0bae844a685e
2026081420,369d4c75-d102-7308-4bbf-f3b65816ae92,9100004,PROJECTA BRUTE FORCE THRESHOLD,2026-08-15T12:38:06.408265+0000,/login?ok=0&sid=369d4c75-d102-7308-4bbf-f3b65816ae92
2026081420,7d01938b-0276-2d31-acd5-e9a9d421f252,9100004,PROJECTA BRUTE FORCE THRESHOLD,2026-08-15T12:38:05.784798+0000,/login?ok=0&sid=7d01938b-0276-2d31-acd5-e9a9d421f252
2026081420,1e98ef5f-0cc6-293f-72c1-80025b3aa597,9100004,PROJECTA BRUTE FORCE THRESHOLD,2026-08-15T12:38:06.086857+0000,/login?ok=0&sid=1e98ef5f-0cc6-293f-72c1-80025b3aa597
2026081420,5243bbf4-14a8-de2b-ca3f-38f3f993b478,9100004,PROJECTA BRUTE FORCE THRESHOLD,2026-08-15T12:38:06.523868+0000,/login?ok=0&sid=5243bbf4-14a8-de2b-ca3f-38f3f993b478
2026081420,3c94068b-973b-8846-b663-f264ef42a9ef,9100004,PROJECTA BRUTE FORCE THRESHOLD,2026-08-15T12:38:06.061000+0000,/login?ok=0&sid=3c94068b-973b-8846-b663-f264ef42a9ef
2026081421,b31f0398-6464-04c9-6aa7-336636a8ccaa,9100002,PROJECTA PATH TRAVERSAL,2026-08-15T12:38:13.800214+0000,/%2e%2e/%2e%2e/etc/passwd?sid=b31f0398-6464-04c9-6aa7-336636a8ccaa
2026081421,276e2924-d455-cbfa-27fc-39b962a9b226,9100004,PROJECTA BRUTE FORCE THRESHOLD,2026-08-15T12:38:13.755241+0000,/login?ok=0&sid=276e2924-d455-cbfa-27fc-39b962a9b226
2026081421,d53d97c0-5dec-d042-d8ef-5b236e2e5045,9100004,PROJECTA BRUTE FORCE THRESHOLD,2026-08-15T12:38:14.044178+0000,/login?ok=0&sid=d53d97c0-5dec-d042-d8ef-5b236e2e5045
2026081421,a26de1c1-30cb-660c-bc48-2cacb1b388d6,9100004,PROJECTA BRUTE FORCE THRESHOLD,2026-08-15T12:38:13.850331+0000,/login?ok=0&sid=a26de1c1-30cb-660c-bc48-2cacb1b388d6
2026081421,84fa5f37-241a-a83e-2202-b593ab0c2d19,9100004,PROJECTA BRUTE FORCE THRESHOLD,2026-08-15T12:38:13.921670+0000,/login?ok=0&sid=84fa5f37-241a-a83e-2202-b593ab0c2d19
2026081421,e804bb1c-ce4f-d5c8-c811-0be67e92cd94,9100003,PROJECTA COMMAND PROBE,2026-08-15T12:38:14.009469+0000,/cmd?x=id&sid=e804bb1c-ce4f-d5c8-c811-0be67e92cd94
2026081421,c85d7979-db96-7578-c65e-e2ff45bae41b,9100004,PROJECTA BRUTE FORCE THRESHOLD,2026-08-15T12:38:13.819760+0000,/login?ok=0&sid=c85d7979-db96-7578-c65e-e2ff45bae41b
2026081421,cf2a3e70-a152-e84b-b594-421d5ed75c06,9100004,PROJECTA BRUTE FORCE THRESHOLD,2026-08-15T12:38:13.928372+0000,/login?ok=0&sid=cf2a3e70-a152-e84b-b594-421d5ed75c06
2026081421,2ce32753-a542-8a32-7074-7dfa7db014c8,9100004,PROJECTA BRUTE FORCE THRESHOLD,2026-08-15T12:38:13.939148+0000,/login?ok=0&sid=2ce32753-a542-8a32-7074-7dfa7db014c8
2026081421,b81752fa-811c-8a76-cd96-ed6de01132c9,9100004,PROJECTA BRUTE FORCE THRESHOLD,2026-08-15T12:38:14.166499+0000,/login?ok=0&sid=b81752fa-811c-8a76-cd96-ed6de01132c9
2026081421,8d795ef4-fb5b-0716-d893-2b02d38b7459,9100004,PROJECTA BRUTE FORCE THRESHOLD,2026-08-15T12:38:13.826346+0000,/login?ok=0&sid=8d795ef4-fb5b-0716-d893-2b02d38b7459
2026081421,057d5720-d24b-a34d-7654-5c9c461a9150,9100004,PROJECTA BRUTE FORCE THRESHOLD,2026-08-15T12:38:13.838762+0000,/login?ok=0&sid=057d5720-d24b-a34d-7654-5c9c461a9150
2026081421,9f3c1a6a-1951-7666-13ac-c7b6d369ae40,9100004,PROJECTA BRUTE FORCE THRESHOLD,2026-08-15T12:38:14.143750+0000,/login?ok=0&sid=9f3c1a6a-1951-7666-13ac-c7b6d369ae40
2026081421,943784aa-82bd-f892-b50d-2c239a7d4684,9100004,PROJECTA BRUTE FORCE THRESHOLD,2026-08-15T12:38:14.034711+0000,/login?ok=0&sid=943784aa-82bd-f892-b50d-2c239a7d4684
2026081421,aa4afb2c-3fd6-a916-3daa-676e3fad84cf,9100004,PROJECTA BRUTE FORCE THRESHOLD,2026-08-15T12:38:14.057029+0000,/login?ok=0&sid=aa4afb2c-3fd6-a916-3daa-676e3fad84cf
2026081421,c3b603a3-e3d5-a216-d12d-7a6220c6174c,9100003,PROJECTA COMMAND PROBE,2026-08-15T12:38:14.466092+0000,/cmd?x=id&sid=c3b603a3-e3d5-a216-d12d-7a6220c6174c
2026081421,3e061128-55f7-b91d-1439-b0319f429bce,9100004,PROJECTA BRUTE FORCE THRESHOLD,2026-08-15T12:38:14.149693+0000,/login?ok=0&sid=3e061128-55f7-b91d-1439-b0319f429bce
2026081421,d01858ad-f9af-bed4-7f4c-087aceb75787,9100004,PROJECTA BRUTE FORCE THRESHOLD,2026-08-15T12:38:14.424599+0000,/login?ok=0&sid=d01858ad-f9af-bed4-7f4c-087aceb75787
2026081421,57df40ce-0fb0-7c16-d087-f98b86539c32,9100004,PROJECTA BRUTE FORCE THRESHOLD,2026-08-15T12:38:14.051298+0000,/login?ok=0&sid=57df40ce-0fb0-7c16-d087-f98b86539c32
2026081421,600303f6-4a0a-6a19-9b88-1cf00260442d,9100004,PROJECTA BRUTE FORCE THRESHOLD,2026-08-15T12:38:13.865766+0000,/login?ok=0&sid=600303f6-4a0a-6a19-9b88-1cf00260442d
2026081421,236544f3-7955-0d13-d23d-d40b93bf4af5,9100004,PROJECTA BRUTE FORCE THRESHOLD,2026-08-15T12:38:13.934640+0000,/login?ok=0&sid=236544f3-7955-0d13-d23d-d40b93bf4af5
2026081421,b7eff566-738b-4986-9e1b-888b862b3f44,9100004,PROJECTA BRUTE FORCE THRESHOLD,2026-08-15T12:38:13.916443+0000,/login?ok=0&sid=b7eff566-738b-4986-9e1b-888b862b3f44
2026081421,f82bbf3e-a8b3-e357-1371-4dbc72172fec,9100002,PROJECTA PATH TRAVERSAL,2026-08-15T12:38:14.349366+0000,/%2e%2e/%2e%2e/etc/passwd?sid=f82bbf3e-a8b3-e357-1371-4dbc72172fec
2026081421,cbe0413c-34c2-6227-cdb1-0cec81e147dc,9100004,PROJECTA BRUTE FORCE THRESHOLD,2026-08-15T12:38:14.791536+0000,/login?ok=0&sid=cbe0413c-34c2-6227-cdb1-0cec81e147dc
2026081421,e806a8c4-bcfa-4476-cb69-5d88bd17703c,9100004,PROJECTA BRUTE FORCE THRESHOLD,2026-08-15T12:38:14.437918+0000,/login?ok=0&sid=e806a8c4-bcfa-4476-cb69-5d88bd17703c
2026081421,707d81f3-f02b-eb98-1bb8-67251af1a2b1,9100004,PROJECTA BRUTE FORCE THRESHOLD,2026-08-15T12:38:14.133615+0000,/login?ok=0&sid=707d81f3-f02b-eb98-1bb8-67251af1a2b1
2026081421,7286f53d-6709-c43d-7e71-d0bce90716ae,9100004,PROJECTA BRUTE FORCE THRESHOLD,2026-08-15T12:38:14.173605+0000,/login?ok=0&sid=7286f53d-6709-c43d-7e71-d0bce90716ae
2026081421,af0fdba5-ef9b-ce29-5968-abefa6c0e8dd,9100004,PROJECTA BRUTE FORCE THRESHOLD,2026-08-15T12:38:14.066011+0000,/login?ok=0&sid=af0fdba5-ef9b-ce29-5968-abefa6c0e8dd
2026081421,fbc32c22-730a-630b-b19b-a8a01d64d625,9100004,PROJECTA BRUTE FORCE THRESHOLD,2026-08-15T12:38:14.409577+0000,/login?ok=0&sid=fbc32c22-730a-630b-b19b-a8a01d64d625
2026081421,db929366-a584-a9c8-43ab-d05d127f8fa7,9100004,PROJECTA BRUTE FORCE THRESHOLD,2026-08-15T12:38:14.968543+0000,/login?ok=0&sid=db929366-a584-a9c8-43ab-d05d127f8fa7
2026081421,4603411b-505f-921e-06d8-fa86fb8175b0,9100004,PROJECTA BRUTE FORCE THRESHOLD,2026-08-15T12:38:14.451566+0000,/login?ok=0&sid=4603411b-505f-921e-06d8-fa86fb8175b0
2026081421,6a13d334-ad5c-a1bb-7edf-febf2bcff712,9100004,PROJECTA BRUTE FORCE THRESHOLD,2026-08-15T12:38:14.455737+0000,/login?ok=0&sid=6a13d334-ad5c-a1bb-7edf-febf2bcff712
2026081421,891719eb-39f8-8efa-3531-f8c22573fae7,9100004,PROJECTA BRUTE FORCE THRESHOLD,2026-08-15T12:38:14.998387+0000,/login?ok=0&sid=891719eb-39f8-8efa-3531-f8c22573fae7
2026081421,fc0518f7-6b50-c85d-068a-f5811143878a,9100004,PROJECTA BRUTE FORCE THRESHOLD,2026-08-15T12:38:14.777730+0000,/login?ok=0&sid=fc0518f7-6b50-c85d-068a-f5811143878a
2026081421,56eb297e-4e92-da9e-bde4-1d7a2ded2be5,9100004,PROJECTA BRUTE FORCE THRESHOLD,2026-08-15T12:38:14.986756+0000,/login?ok=0&sid=56eb297e-4e92-da9e-bde4-1d7a2ded2be5
2026081421,630739de-ae98-4133-2e6a-1410882e51ac,9100004,PROJECTA BRUTE FORCE THRESHOLD,2026-08-15T12:38:14.759723+0000,/login?ok=0&sid=630739de-ae98-4133-2e6a-1410882e51ac
2026081421,48ad6c51-1329-10ca-a1d0-af8bc1cc932e,9100004,PROJECTA BRUTE FORCE THRESHOLD,2026-08-15T12:38:15.144075+0000,/login?ok=0&sid=48ad6c51-1329-10ca-a1d0-af8bc1cc932e
2026081421,0cb1cc93-4902-f66b-7616-2b71acb2a229,9100004,PROJECTA BRUTE FORCE THRESHOLD,2026-08-15T12:38:15.533718+0000,/login?ok=0&sid=0cb1cc93-4902-f66b-7616-2b71acb2a229
2026081421,dedcca11-d6af-1694-6389-06929f9e2547,9100004,PROJECTA BRUTE FORCE THRESHOLD,2026-08-15T12:38:15.933948+0000,/login?ok=0&sid=dedcca11-d6af-1694-6389-06929f9e2547
2026081421,92cb5e35-97d9-94c9-8c61-8912545c6e2c,9100002,PROJECTA PATH TRAVERSAL,2026-08-15T12:38:14.367891+0000,/%2e%2e/%2e%2e/etc/passwd?sid=92cb5e35-97d9-94c9-8c61-8912545c6e2c
2026081421,3243d5f0-4507-216c-7045-ec119dfb7914,9100004,PROJECTA BRUTE FORCE THRESHOLD,2026-08-15T12:38:15.163800+0000,/login?ok=0&sid=3243d5f0-4507-216c-7045-ec119dfb7914
2026081421,99f1c2b7-77bd-8685-90ee-9afede26946d,9100004,PROJECTA BRUTE FORCE THRESHOLD,2026-08-15T12:38:15.156768+0000,/login?ok=0&sid=99f1c2b7-77bd-8685-90ee-9afede26946d
2026081421,d6894bd2-0e6d-90ac-cc6a-5eb950aa2e6f,9100003,PROJECTA COMMAND PROBE,2026-08-15T12:38:15.380819+0000,/cmd?x=id&sid=d6894bd2-0e6d-90ac-cc6a-5eb950aa2e6f
2026081421,f22caf11-8c9b-0d98-43b8-13424ba0f12f,9100004,PROJECTA BRUTE FORCE THRESHOLD,2026-08-15T12:38:14.975008+0000,/login?ok=0&sid=f22caf11-8c9b-0d98-43b8-13424ba0f12f
2026081421,df4ad5d0-3b3f-8e1b-89b9-4f3a2e6cf0d0,9100004,PROJECTA BRUTE FORCE THRESHOLD,2026-08-15T12:38:15.709765+0000,/login?ok=0&sid=df4ad5d0-3b3f-8e1b-89b9-4f3a2e6cf0d0
2026081421,75d7f2e6-af2c-7937-9a20-350e0836cc5b,9100004,PROJECTA BRUTE FORCE THRESHOLD,2026-08-15T12:38:15.008430+0000,/login?ok=0&sid=75d7f2e6-af2c-7937-9a20-350e0836cc5b
2026081421,0e5df989-6ba5-1784-7611-7b2365cdc8e2,9100004,PROJECTA BRUTE FORCE THRESHOLD,2026-08-15T12:38:15.503409+0000,/login?ok=0&sid=0e5df989-6ba5-1784-7611-7b2365cdc8e2
2026081421,ee3fbceb-a93e-58c7-c7b9-c0a2bf33b520,9100004,PROJECTA BRUTE FORCE THRESHOLD,2026-08-15T12:38:15.169025+0000,/login?ok=0&sid=ee3fbceb-a93e-58c7-c7b9-c0a2bf33b520
2026081421,9eadf01a-ea05-030b-929a-d50a528d4503,9100004,PROJECTA BRUTE FORCE THRESHOLD,2026-08-15T12:38:15.299769+0000,/login?ok=0&sid=9eadf01a-ea05-030b-929a-d50a528d4503
2026081421,0c26159c-e993-2f83-730c-978d6570eb93,9100001,PROJECTA ADMIN SENSITIVE ACCESS,2026-08-15T12:38:15.067726+0000,/admin/secret?sid=0c26159c-e993-2f83-730c-978d6570eb93
2026081421,3bec72c2-383a-e20b-dad6-9983bec3029b,9100004,PROJECTA BRUTE FORCE THRESHOLD,2026-08-15T12:38:16.426977+0000,/login?ok=0&sid=3bec72c2-383a-e20b-dad6-9983bec3029b
2026081421,14cfe379-b1e8-91cf-c1c7-1954ffec1ddd,9100003,PROJECTA COMMAND PROBE,2026-08-15T12:38:14.941939+0000,/cmd?x=id&sid=14cfe379-b1e8-91cf-c1c7-1954ffec1ddd
2026081421,f5bc01a8-a83e-fbfb-8345-f6b7649d3947,9100003,PROJECTA COMMAND PROBE,2026-08-15T12:38:15.560715+0000,/cmd?x=id&sid=f5bc01a8-a83e-fbfb-8345-f6b7649d3947
2026081421,000fae35-9c8a-d43c-aa5b-b0154ca732d1,9100004,PROJECTA BRUTE FORCE THRESHOLD,2026-08-15T12:38:15.319646+0000,/login?ok=0&sid=000fae35-9c8a-d43c-aa5b-b0154ca732d1
2026081421,0c9ce867-db61-6920-19f2-adcd09f3516f,9100004,PROJECTA BRUTE FORCE THRESHOLD,2026-08-15T12:38:16.794150+0000,/login?ok=0&sid=0c9ce867-db61-6920-19f2-adcd09f3516f
2026081421,5d725a0f-2af5-cdce-21a6-38c8017b45bb,9100004,PROJECTA BRUTE FORCE THRESHOLD,2026-08-15T12:38:15.284515+0000,/login?ok=0&sid=5d725a0f-2af5-cdce-21a6-38c8017b45bb
2026081421,d284622c-66f6-c327-e1c3-9b311e2ef57b,9100003,PROJECTA COMMAND PROBE,2026-08-15T12:38:15.096177+0000,/cmd?x=id&sid=d284622c-66f6-c327-e1c3-9b311e2ef57b
2026081421,c0cb4b56-7141-011a-4c51-853e95854d8b,9100001,PROJECTA ADMIN SENSITIVE ACCESS,2026-08-15T12:38:14.738814+0000,/admin/secret?sid=c0cb4b56-7141-011a-4c51-853e95854d8b
2026081421,0f783936-4b56-7b89-708b-b8aaae41923a,9100004,PROJECTA BRUTE FORCE THRESHOLD,2026-08-15T12:38:15.883000+0000,/login?ok=0&sid=0f783936-4b56-7b89-708b-b8aaae41923a
2026081421,7bc88f9e-03f1-edd0-af1a-c29ff2471cbc,9100003,PROJECTA COMMAND PROBE,2026-08-15T12:38:15.813680+0000,/cmd?x=id&sid=7bc88f9e-03f1-edd0-af1a-c29ff2471cbc
2026081421,590eb697-a6c7-66a5-944d-78ba2073beeb,9100004,PROJECTA BRUTE FORCE THRESHOLD,2026-08-15T12:38:14.768397+0000,/login?ok=0&sid=590eb697-a6c7-66a5-944d-78ba2073beeb
2026081421,cf1af38c-2135-48a2-b0a8-55228a84bcc6,9100004,PROJECTA BRUTE FORCE THRESHOLD,2026-08-15T12:38:15.486601+0000,/login?ok=0&sid=cf1af38c-2135-48a2-b0a8-55228a84bcc6
2026081421,1a76adec-1636-2886-7ba5-17725371acbd,9100004,PROJECTA BRUTE FORCE THRESHOLD,2026-08-15T12:38:15.658374+0000,/login?ok=0&sid=1a76adec-1636-2886-7ba5-17725371acbd
2026081421,2aa0efc3-dc5e-c8c1-6e60-2a6933cc481c,9100004,PROJECTA BRUTE FORCE THRESHOLD,2026-08-15T12:38:15.955106+0000,/login?ok=0&sid=2aa0efc3-dc5e-c8c1-6e60-2a6933cc481c
2026081421,22562652-a266-4da1-2355-713f65ac99b7,9100004,PROJECTA BRUTE FORCE THRESHOLD,2026-08-15T12:38:15.139428+0000,/login?ok=0&sid=22562652-a266-4da1-2355-713f65ac99b7
2026081421,574fead2-47ea-4c1b-5dd9-ac64d0947a31,9100004,PROJECTA BRUTE FORCE THRESHOLD,2026-08-15T12:38:15.680213+0000,/login?ok=0&sid=574fead2-47ea-4c1b-5dd9-ac64d0947a31
2026081421,11698d85-e157-5b66-89e1-1e20fcb260c8,9100004,PROJECTA BRUTE FORCE THRESHOLD,2026-08-15T12:38:15.509144+0000,/login?ok=0&sid=11698d85-e157-5b66-89e1-1e20fcb260c8
2026081421,46f8879c-a3b5-c0fb-3256-505986d7e082,9100004,PROJECTA BRUTE FORCE THRESHOLD,2026-08-15T12:38:15.948333+0000,/login?ok=0&sid=46f8879c-a3b5-c0fb-3256-505986d7e082
2026081421,c9074e46-58d8-de0b-d014-033209494a4b,9100004,PROJECTA BRUTE FORCE THRESHOLD,2026-08-15T12:38:14.797282+0000,/login?ok=0&sid=c9074e46-58d8-de0b-d014-033209494a4b
2026081421,5f03763c-088b-34fe-d872-02ee05bcd01e,9100002,PROJECTA PATH TRAVERSAL,2026-08-15T12:38:16.117435+0000,/%2e%2e/%2e%2e/etc/passwd?sid=5f03763c-088b-34fe-d872-02ee05bcd01e
2026081421,e26435ef-ef31-c349-2fd4-dc6979cb77bb,9100004,PROJECTA BRUTE FORCE THRESHOLD,2026-08-15T12:38:16.112413+0000,/login?ok=0&sid=e26435ef-ef31-c349-2fd4-dc6979cb77bb
2026081421,c23728fa-705c-ef5a-9cf0-f28881e39ba1,9100004,PROJECTA BRUTE FORCE THRESHOLD,2026-08-15T12:38:15.669974+0000,/login?ok=0&sid=c23728fa-705c-ef5a-9cf0-f28881e39ba1
2026081421,377c37eb-99d4-a821-290f-8abd9fb90824,9100004,PROJECTA BRUTE FORCE THRESHOLD,2026-08-15T12:38:15.309236+0000,/login?ok=0&sid=377c37eb-99d4-a821-290f-8abd9fb90824
2026081421,38cd837b-be9a-f570-4db5-d161aa60627d,9100004,PROJECTA BRUTE FORCE THRESHOLD,2026-08-15T12:38:15.518457+0000,/login?ok=0&sid=38cd837b-be9a-f570-4db5-d161aa60627d
2026081421,b38ec2a8-580d-00fd-9a99-eabe1472cc6d,9100004,PROJECTA BRUTE FORCE THRESHOLD,2026-08-15T12:38:15.894171+0000,/login?ok=0&sid=b38ec2a8-580d-00fd-9a99-eabe1472cc6d
2026081421,45299942-c235-ad0c-5525-99b86d55c365,9100004,PROJECTA BRUTE FORCE THRESHOLD,2026-08-15T12:38:16.085432+0000,/login?ok=0&sid=45299942-c235-ad0c-5525-99b86d55c365
2026081421,8ce4388a-5596-f01d-798b-4cdcdd23e429,9100004,PROJECTA BRUTE FORCE THRESHOLD,2026-08-15T12:38:16.422600+0000,/login?ok=0&sid=8ce4388a-5596-f01d-798b-4cdcdd23e429
2026081421,d7751db7-e30e-6bee-9c47-2883948aae6c,9100004,PROJECTA BRUTE FORCE THRESHOLD,2026-08-15T12:38:15.694775+0000,/login?ok=0&sid=d7751db7-e30e-6bee-9c47-2883948aae6c
2026081421,32bd39d8-f3a4-1643-4354-5e2913023fd6,9100004,PROJECTA BRUTE FORCE THRESHOLD,2026-08-15T12:38:15.905368+0000,/login?ok=0&sid=32bd39d8-f3a4-1643-4354-5e2913023fd6
2026081421,84e10a13-61ed-b707-cca9-d3e9669cb30c,9100004,PROJECTA BRUTE FORCE THRESHOLD,2026-08-15T12:38:16.549898+0000,/login?ok=0&sid=84e10a13-61ed-b707-cca9-d3e9669cb30c
2026081421,bd1a7d61-6ebd-0837-e1c0-a3968e6a7bf6,9100004,PROJECTA BRUTE FORCE THRESHOLD,2026-08-15T12:38:16.061018+0000,/login?ok=0&sid=bd1a7d61-6ebd-0837-e1c0-a3968e6a7bf6
2026081421,53b67d44-f896-8f1f-db4b-1cf783aa62ff,9100001,PROJECTA ADMIN SENSITIVE ACCESS,2026-08-15T12:38:16.210648+0000,/admin/secret?sid=53b67d44-f896-8f1f-db4b-1cf783aa62ff
2026081421,06a4e401-7d9b-b6c9-bc11-b6fc9089f28d,9100004,PROJECTA BRUTE FORCE THRESHOLD,2026-08-15T12:38:15.272745+0000,/login?ok=0&sid=06a4e401-7d9b-b6c9-bc11-b6fc9089f28d
2026081421,f0f21b14-a7b8-5d72-4c1a-a43890a21dcd,9100004,PROJECTA BRUTE FORCE THRESHOLD,2026-08-15T12:38:16.409990+0000,/login?ok=0&sid=f0f21b14-a7b8-5d72-4c1a-a43890a21dcd
2026081421,724d2fa9-37ed-bffe-33d6-9db62a640fbb,9100001,PROJECTA ADMIN SENSITIVE ACCESS,2026-08-15T12:38:16.351271+0000,/admin/secret?sid=724d2fa9-37ed-bffe-33d6-9db62a640fbb
2026081421,d9184316-bcd8-63f2-325c-1a41542d6a60,9100004,PROJECTA BRUTE FORCE THRESHOLD,2026-08-15T12:38:16.477571+0000,/login?ok=0&sid=d9184316-bcd8-63f2-325c-1a41542d6a60
2026081421,e9e2c59e-7537-7495-dadd-548315d61de0,9100004,PROJECTA BRUTE FORCE THRESHOLD,2026-08-15T12:38:16.568751+0000,/login?ok=0&sid=e9e2c59e-7537-7495-dadd-548315d61de0
2026081421,0183fdb6-cf8a-d9a6-1952-5e1315cd5adb,9100001,PROJECTA ADMIN SENSITIVE ACCESS,2026-08-15T12:38:15.787939+0000,/admin/secret?sid=0183fdb6-cf8a-d9a6-1952-5e1315cd5adb
2026081421,09ac45a8-72d0-b01b-5e10-80638dd3057c,9100004,PROJECTA BRUTE FORCE THRESHOLD,2026-08-15T12:38:16.496057+0000,/login?ok=0&sid=09ac45a8-72d0-b01b-5e10-80638dd3057c
2026081421,daa56c0f-c85f-8517-6913-2cf889d69793,9100004,PROJECTA BRUTE FORCE THRESHOLD,2026-08-15T12:38:15.976570+0000,/login?ok=0&sid=daa56c0f-c85f-8517-6913-2cf889d69793
2026081421,9e4d3e73-4b13-c9e6-707a-13dd859e5292,9100004,PROJECTA BRUTE FORCE THRESHOLD,2026-08-15T12:38:15.942311+0000,/login?ok=0&sid=9e4d3e73-4b13-c9e6-707a-13dd859e5292
2026081421,beb32c89-205a-90fe-bd65-06e63dc1995a,9100001,PROJECTA ADMIN SENSITIVE ACCESS,2026-08-15T12:38:16.511708+0000,/admin/secret?sid=beb32c89-205a-90fe-bd65-06e63dc1995a
2026081421,5e7af872-ca94-b4f3-e3f4-ce1b3e561675,9100004,PROJECTA BRUTE FORCE THRESHOLD,2026-08-15T12:38:15.968770+0000,/login?ok=0&sid=5e7af872-ca94-b4f3-e3f4-ce1b3e561675
2026081421,1efa50ac-3a3e-4078-b8ed-5024ac1ec8a4,9100004,PROJECTA BRUTE FORCE THRESHOLD,2026-08-15T12:38:15.918799+0000,/login?ok=0&sid=1efa50ac-3a3e-4078-b8ed-5024ac1ec8a4
2026081421,f59561d1-9ee7-b381-56e0-3f80272c1f91,9100004,PROJECTA BRUTE FORCE THRESHOLD,2026-08-15T12:38:16.533959+0000,/login?ok=0&sid=f59561d1-9ee7-b381-56e0-3f80272c1f91
2026081421,dc6dd56f-b86d-4b8c-8f2b-f00237a2b9ee,9100001,PROJECTA ADMIN SENSITIVE ACCESS,2026-08-15T12:38:16.459808+0000,/admin/secret?sid=dc6dd56f-b86d-4b8c-8f2b-f00237a2b9ee
2026081421,05c4179f-76e6-c57e-1605-9e2c0a35e98b,9100004,PROJECTA BRUTE FORCE THRESHOLD,2026-08-15T12:38:16.382548+0000,/login?ok=0&sid=05c4179f-76e6-c57e-1605-9e2c0a35e98b
2026081421,87b63248-3cdb-5770-587a-2b4e18af5414,9100004,PROJECTA BRUTE FORCE THRESHOLD,2026-08-15T12:38:16.073268+0000,/login?ok=0&sid=87b63248-3cdb-5770-587a-2b4e18af5414
2026081421,bce8f830-42ab-59a1-1e45-adfa22c439b4,9100004,PROJECTA BRUTE FORCE THRESHOLD,2026-08-15T12:38:16.782626+0000,/login?ok=0&sid=bce8f830-42ab-59a1-1e45-adfa22c439b4
2026081421,4610826d-cdc8-594f-6d09-e21775fa6301,9100003,PROJECTA COMMAND PROBE,2026-08-15T12:38:16.524712+0000,/cmd?x=id&sid=4610826d-cdc8-594f-6d09-e21775fa6301
2026081421,68adc85a-1a9d-9735-6fc9-41bc45fa077f,9100004,PROJECTA BRUTE FORCE THRESHOLD,2026-08-15T12:38:16.095102+0000,/login?ok=0&sid=68adc85a-1a9d-9735-6fc9-41bc45fa077f
2026081421,7efb91cf-8005-a88b-6c98-61b576d42afa,9100003,PROJECTA COMMAND PROBE,2026-08-15T12:38:16.161273+0000,/cmd?x=id&sid=7efb91cf-8005-a88b-6c98-61b576d42afa
2026081421,b737c54a-aecd-f988-0a5e-102ea53c3444,9100004,PROJECTA BRUTE FORCE THRESHOLD,2026-08-15T12:38:16.488741+0000,/login?ok=0&sid=b737c54a-aecd-f988-0a5e-102ea53c3444
2026081421,0388a8fa-6d44-d499-a4b9-76722821b3fa,9100004,PROJECTA BRUTE FORCE THRESHOLD,2026-08-15T12:38:16.500014+0000,/login?ok=0&sid=0388a8fa-6d44-d499-a4b9-76722821b3fa
2026081421,080502a2-958e-9302-4358-cfbc6938186f,9100004,PROJECTA BRUTE FORCE THRESHOLD,2026-08-15T12:38:16.557503+0000,/login?ok=0&sid=080502a2-958e-9302-4358-cfbc6938186f
2026081421,a82b99c1-a8f7-f479-c8b2-44e3027aea7a,9100004,PROJECTA BRUTE FORCE THRESHOLD,2026-08-15T12:38:16.575223+0000,/login?ok=0&sid=a82b99c1-a8f7-f479-c8b2-44e3027aea7a
2026081421,afe2dfac-cae8-df17-f15d-36f31980e1c3,9100004,PROJECTA BRUTE FORCE THRESHOLD,2026-08-15T12:38:16.394662+0000,/login?ok=0&sid=afe2dfac-cae8-df17-f15d-36f31980e1c3
2026081421,a268693b-5596-eab2-f74a-2f3cef18a9af,9100004,PROJECTA BRUTE FORCE THRESHOLD,2026-08-15T12:38:16.471317+0000,/login?ok=0&sid=a268693b-5596-eab2-f74a-2f3cef18a9af
2026081422,85c2029f-998e-5911-9fc3-903474725f9a,9100003,PROJECTA COMMAND PROBE,2026-08-15T12:38:23.942067+0000,/cmd?x=id&sid=85c2029f-998e-5911-9fc3-903474725f9a
2026081422,23012b5d-93c0-47d6-c3fc-cb986d3be639,9100003,PROJECTA COMMAND PROBE,2026-08-15T12:38:24.082684+0000,/cmd?x=id&sid=23012b5d-93c0-47d6-c3fc-cb986d3be639
2026081422,0ee6a7cb-81ea-42fa-955d-62b2870d971c,9100001,PROJECTA ADMIN SENSITIVE ACCESS,2026-08-15T12:38:23.958873+0000,/admin/secret?sid=0ee6a7cb-81ea-42fa-955d-62b2870d971c
2026081422,cd7a5ac6-d685-86b9-a461-2e0e241fb2b4,9100003,PROJECTA COMMAND PROBE,2026-08-15T12:38:23.975095+0000,/cmd?x=id&sid=cd7a5ac6-d685-86b9-a461-2e0e241fb2b4
2026081422,139ab771-3994-1d74-ba29-a1380dd4067c,9100001,PROJECTA ADMIN SENSITIVE ACCESS,2026-08-15T12:38:24.207904+0000,/admin/secret?sid=139ab771-3994-1d74-ba29-a1380dd4067c
2026081422,4e138875-f4d4-7387-75b0-7e71693b1222,9100004,PROJECTA BRUTE FORCE THRESHOLD,2026-08-15T12:38:24.261959+0000,/login?ok=0&sid=4e138875-f4d4-7387-75b0-7e71693b1222
2026081422,8a9055dc-8436-1dd2-5e97-fc6afc662f0b,9100004,PROJECTA BRUTE FORCE THRESHOLD,2026-08-15T12:38:24.177981+0000,/login?ok=0&sid=8a9055dc-8436-1dd2-5e97-fc6afc662f0b
2026081422,8005ad82-2c35-09a2-42e1-f07b4c1652bb,9100004,PROJECTA BRUTE FORCE THRESHOLD,2026-08-15T12:38:24.166468+0000,/login?ok=0&sid=8005ad82-2c35-09a2-42e1-f07b4c1652bb
2026081422,8cf0812f-168b-dd3d-02aa-1f728aeabd58,9100004,PROJECTA BRUTE FORCE THRESHOLD,2026-08-15T12:38:24.710640+0000,/login?ok=0&sid=8cf0812f-168b-dd3d-02aa-1f728aeabd58
2026081422,5f2a0dc5-b598-e69d-7356-8e2ca64cdeaf,9100004,PROJECTA BRUTE FORCE THRESHOLD,2026-08-15T12:38:24.510559+0000,/login?ok=0&sid=5f2a0dc5-b598-e69d-7356-8e2ca64cdeaf
2026081422,dd283b7f-1543-7e37-9a3a-7a6a568e0b50,9100004,PROJECTA BRUTE FORCE THRESHOLD,2026-08-15T12:38:24.287182+0000,/login?ok=0&sid=dd283b7f-1543-7e37-9a3a-7a6a568e0b50
2026081422,d851c2e1-cafb-c49a-7299-28850d21ba98,9100004,PROJECTA BRUTE FORCE THRESHOLD,2026-08-15T12:38:24.491735+0000,/login?ok=0&sid=d851c2e1-cafb-c49a-7299-28850d21ba98
2026081422,ab05b22a-1fab-beee-663d-9443e9b34e23,9100004,PROJECTA BRUTE FORCE THRESHOLD,2026-08-15T12:38:24.273712+0000,/login?ok=0&sid=ab05b22a-1fab-beee-663d-9443e9b34e23
2026081422,ff685120-5752-c27a-88a5-432946e7b1fe,9100004,PROJECTA BRUTE FORCE THRESHOLD,2026-08-15T12:38:24.292716+0000,/login?ok=0&sid=ff685120-5752-c27a-88a5-432946e7b1fe
2026081422,0449821f-5ebf-e9d2-ce55-de9c34d97338,9100001,PROJECTA ADMIN SENSITIVE ACCESS,2026-08-15T12:38:24.030540+0000,/admin/secret?sid=0449821f-5ebf-e9d2-ce55-de9c34d97338
2026081422,4fb5c27d-1f7c-dd5f-7091-76def587abf8,9100004,PROJECTA BRUTE FORCE THRESHOLD,2026-08-15T12:38:24.501529+0000,/login?ok=0&sid=4fb5c27d-1f7c-dd5f-7091-76def587abf8
2026081422,93472087-271c-9329-27d1-d247bfc51faa,9100004,PROJECTA BRUTE FORCE THRESHOLD,2026-08-15T12:38:24.563755+0000,/login?ok=0&sid=93472087-271c-9329-27d1-d247bfc51faa
2026081422,a40c2127-5092-3b55-1745-8ed4db3d667b,9100004,PROJECTA BRUTE FORCE THRESHOLD,2026-08-15T12:38:24.521309+0000,/login?ok=0&sid=a40c2127-5092-3b55-1745-8ed4db3d667b
2026081422,093842f6-691e-7387-c356-cfe9c26170f7,9100004,PROJECTA BRUTE FORCE THRESHOLD,2026-08-15T12:38:24.543064+0000,/login?ok=0&sid=093842f6-691e-7387-c356-cfe9c26170f7
2026081422,b6171627-3d29-b70d-2f8f-4da9e900c429,9100004,PROJECTA BRUTE FORCE THRESHOLD,2026-08-15T12:38:24.550675+0000,/login?ok=0&sid=b6171627-3d29-b70d-2f8f-4da9e900c429
2026081422,f3a30376-a510-9a64-2afa-757ea2119a56,9100003,PROJECTA COMMAND PROBE,2026-08-15T12:38:25.006311+0000,/cmd?x=id&sid=f3a30376-a510-9a64-2afa-757ea2119a56
2026081422,4f824062-07ff-14a3-65ca-057dfb84d844,9100004,PROJECTA BRUTE FORCE THRESHOLD,2026-08-15T12:38:25.142280+0000,/login?ok=0&sid=4f824062-07ff-14a3-65ca-057dfb84d844
2026081422,8e8f1e88-bb1a-7a3a-9b75-e227d1c6153e,9100004,PROJECTA BRUTE FORCE THRESHOLD,2026-08-15T12:38:25.716144+0000,/login?ok=0&sid=8e8f1e88-bb1a-7a3a-9b75-e227d1c6153e
2026081422,3b753e33-58e0-7bac-5000-e0d070f07b6c,9100004,PROJECTA BRUTE FORCE THRESHOLD,2026-08-15T12:38:24.173428+0000,/login?ok=0&sid=3b753e33-58e0-7bac-5000-e0d070f07b6c
2026081422,46aed5a9-0c3b-b24d-6390-a692abf8a442,9100003,PROJECTA COMMAND PROBE,2026-08-15T12:38:24.764163+0000,/cmd?x=id&sid=46aed5a9-0c3b-b24d-6390-a692abf8a442
2026081422,81b24a8d-d219-2df4-5189-5c51f141ce38,9100004,PROJECTA BRUTE FORCE THRESHOLD,2026-08-15T12:38:24.696049+0000,/login?ok=0&sid=81b24a8d-d219-2df4-5189-5c51f141ce38
2026081422,e91ed873-e4c6-82dd-0ac7-f71772edc95d,9100004,PROJECTA BRUTE FORCE THRESHOLD,2026-08-15T12:38:24.681239+0000,/login?ok=0&sid=e91ed873-e4c6-82dd-0ac7-f71772edc95d
2026081422,b9e15c6d-6fe1-731d-e4ea-a2b30761254a,9100004,PROJECTA BRUTE FORCE THRESHOLD,2026-08-15T12:38:24.677377+0000,/login?ok=0&sid=b9e15c6d-6fe1-731d-e4ea-a2b30761254a
2026081422,7d452975-ac77-274d-bc2b-d30d187054b0,9100004,PROJECTA BRUTE FORCE THRESHOLD,2026-08-15T12:38:25.083149+0000,/login?ok=0&sid=7d452975-ac77-274d-bc2b-d30d187054b0
2026081422,cc97174a-a62c-24c0-97df-0704b216a522,9100004,PROJECTA BRUTE FORCE THRESHOLD,2026-08-15T12:38:24.950640+0000,/login?ok=0&sid=cc97174a-a62c-24c0-97df-0704b216a522
2026081422,0ea2719a-254f-603e-7fe3-0a2368caf1dc,9100004,PROJECTA BRUTE FORCE THRESHOLD,2026-08-15T12:38:24.956064+0000,/login?ok=0&sid=0ea2719a-254f-603e-7fe3-0a2368caf1dc
2026081422,1bc53595-e5ee-d79f-2cc2-59c1bcff2056,9100004,PROJECTA BRUTE FORCE THRESHOLD,2026-08-15T12:38:25.380956+0000,/login?ok=0&sid=1bc53595-e5ee-d79f-2cc2-59c1bcff2056
2026081422,65b3f032-30ca-85a5-5510-85d6c5e48dd0,9100004,PROJECTA BRUTE FORCE THRESHOLD,2026-08-15T12:38:25.042792+0000,/login?ok=0&sid=65b3f032-30ca-85a5-5510-85d6c5e48dd0
2026081422,e5ebb9c0-af87-5e1e-4322-1ed077a764a4,9100004,PROJECTA BRUTE FORCE THRESHOLD,2026-08-15T12:38:24.978231+0000,/login?ok=0&sid=e5ebb9c0-af87-5e1e-4322-1ed077a764a4
2026081422,9ab1de01-4723-2b3b-a204-5125e2bf05bd,9100004,PROJECTA BRUTE FORCE THRESHOLD,2026-08-15T12:38:24.705095+0000,/login?ok=0&sid=9ab1de01-4723-2b3b-a204-5125e2bf05bd
2026081422,7c6f4e33-abd6-3a89-4017-fafc3a321964,9100004,PROJECTA BRUTE FORCE THRESHOLD,2026-08-15T12:38:25.121693+0000,/login?ok=0&sid=7c6f4e33-abd6-3a89-4017-fafc3a321964
2026081422,b2145ff6-074a-7b30-9de1-23899e04fa41,9100001,PROJECTA ADMIN SENSITIVE ACCESS,2026-08-15T12:38:25.469046+0000,/admin/secret?sid=b2145ff6-074a-7b30-9de1-23899e04fa41
2026081422,3c481bd2-e8c2-c64a-f080-c85b0c9a79c6,9100004,PROJECTA BRUTE FORCE THRESHOLD,2026-08-15T12:38:25.950513+0000,/login?ok=0&sid=3c481bd2-e8c2-c64a-f080-c85b0c9a79c6
2026081422,d64c5a0b-667e-16ce-3b2a-1dfb8203e91b,9100004,PROJECTA BRUTE FORCE THRESHOLD,2026-08-15T12:38:25.059145+0000,/login?ok=0&sid=d64c5a0b-667e-16ce-3b2a-1dfb8203e91b
2026081422,e387d358-10ba-3ff6-50c6-83f6a49ba685,9100004,PROJECTA BRUTE FORCE THRESHOLD,2026-08-15T12:38:24.506103+0000,/login?ok=0&sid=e387d358-10ba-3ff6-50c6-83f6a49ba685
2026081422,d7189374-1760-2521-9021-fcc7071754f1,9100004,PROJECTA BRUTE FORCE THRESHOLD,2026-08-15T12:38:25.304336+0000,/login?ok=0&sid=d7189374-1760-2521-9021-fcc7071754f1
2026081422,6fb17d43-7b0a-5f8b-65bb-95dada625fbe,9100004,PROJECTA BRUTE FORCE THRESHOLD,2026-08-15T12:38:25.131804+0000,/login?ok=0&sid=6fb17d43-7b0a-5f8b-65bb-95dada625fbe
2026081422,404df918-0c60-9b42-a9b1-ce1315a15c78,9100004,PROJECTA BRUTE FORCE THRESHOLD,2026-08-15T12:38:24.532192+0000,/login?ok=0&sid=404df918-0c60-9b42-a9b1-ce1315a15c78
2026081422,0432040b-43c6-0294-69f4-393cb54eea74,9100004,PROJECTA BRUTE FORCE THRESHOLD,2026-08-15T12:38:24.935550+0000,/login?ok=0&sid=0432040b-43c6-0294-69f4-393cb54eea74
2026081422,32590cfa-837b-dd92-1b15-f8ab627774ab,9100004,PROJECTA BRUTE FORCE THRESHOLD,2026-08-15T12:38:25.097514+0000,/login?ok=0&sid=32590cfa-837b-dd92-1b15-f8ab627774ab
2026081422,2ebac5a5-c744-cb44-57b1-576f8f1c837e,9100002,PROJECTA PATH TRAVERSAL,2026-08-15T12:38:25.330207+0000,/%2e%2e/%2e%2e/etc/passwd?sid=2ebac5a5-c744-cb44-57b1-576f8f1c837e
2026081422,ca8455a4-37b8-d3bf-9b2c-4cf9e55e3e86,9100004,PROJECTA BRUTE FORCE THRESHOLD,2026-08-15T12:38:25.398699+0000,/login?ok=0&sid=ca8455a4-37b8-d3bf-9b2c-4cf9e55e3e86
2026081422,1cf91774-34b0-6f29-0a73-17fa633c00a4,9100004,PROJECTA BRUTE FORCE THRESHOLD,2026-08-15T12:38:25.391415+0000,/login?ok=0&sid=1cf91774-34b0-6f29-0a73-17fa633c00a4
2026081422,1da458c5-3b6c-64d1-e32c-3564bd78cce2,9100004,PROJECTA BRUTE FORCE THRESHOLD,2026-08-15T12:38:24.966412+0000,/login?ok=0&sid=1da458c5-3b6c-64d1-e32c-3564bd78cce2
2026081422,3e2042c5-a51d-22a5-46a1-3f0e7c3b9027,9100001,PROJECTA ADMIN SENSITIVE ACCESS,2026-08-15T12:38:25.162033+0000,/admin/secret?sid=3e2042c5-a51d-22a5-46a1-3f0e7c3b9027
2026081422,f7c2f545-d275-0032-8073-7cef867c7cce,9100004,PROJECTA BRUTE FORCE THRESHOLD,2026-08-15T12:38:26.351373+0000,/login?ok=0&sid=f7c2f545-d275-0032-8073-7cef867c7cce
2026081422,883c2399-aee6-75c2-6587-58dd800b1d2d,9100004,PROJECTA BRUTE FORCE THRESHOLD,2026-08-15T12:38:25.412375+0000,/login?ok=0&sid=883c2399-aee6-75c2-6587-58dd800b1d2d
2026081422,9ee85cc3-ecab-1506-e19c-d1718ebab7d9,9100004,PROJECTA BRUTE FORCE THRESHOLD,2026-08-15T12:38:25.136415+0000,/login?ok=0&sid=9ee85cc3-ecab-1506-e19c-d1718ebab7d9
2026081422,04e84a31-9b31-c109-a8c7-f2e9affc25b4,9100004,PROJECTA BRUTE FORCE THRESHOLD,2026-08-15T12:38:25.284555+0000,/login?ok=0&sid=04e84a31-9b31-c109-a8c7-f2e9affc25b4
2026081422,bba93006-c097-4611-e97a-c8f1a054e14b,9100004,PROJECTA BRUTE FORCE THRESHOLD,2026-08-15T12:38:25.445764+0000,/login?ok=0&sid=bba93006-c097-4611-e97a-c8f1a054e14b
2026081422,244241bb-dad7-0bbf-f40a-9ba20bc09089,9100004,PROJECTA BRUTE FORCE THRESHOLD,2026-08-15T12:38:25.694535+0000,/login?ok=0&sid=244241bb-dad7-0bbf-f40a-9ba20bc09089
2026081422,91e4aa44-c593-47bc-2097-bfeddb5ba11b,9100004,PROJECTA BRUTE FORCE THRESHOLD,2026-08-15T12:38:25.645478+0000,/login?ok=0&sid=91e4aa44-c593-47bc-2097-bfeddb5ba11b
2026081422,2d60597f-ffff-0d62-baec-c5614954016b,9100004,PROJECTA BRUTE FORCE THRESHOLD,2026-08-15T12:38:25.263902+0000,/login?ok=0&sid=2d60597f-ffff-0d62-baec-c5614954016b
2026081422,995e6853-4392-e22a-bccc-dffa6de84e33,9100004,PROJECTA BRUTE FORCE THRESHOLD,2026-08-15T12:38:25.460081+0000,/login?ok=0&sid=995e6853-4392-e22a-bccc-dffa6de84e33
2026081422,df11c280-6f89-710a-43c8-be17ed1c5440,9100004,PROJECTA BRUTE FORCE THRESHOLD,2026-08-15T12:38:25.149160+0000,/login?ok=0&sid=df11c280-6f89-710a-43c8-be17ed1c5440
2026081422,446a95ad-6161-566f-4d7a-e83000a39cc6,9100004,PROJECTA BRUTE FORCE THRESHOLD,2026-08-15T12:38:25.293438+0000,/login?ok=0&sid=446a95ad-6161-566f-4d7a-e83000a39cc6
2026081422,9a0bbb74-bc1f-f139-a1c7-2031fc58cc85,9100004,PROJECTA BRUTE FORCE THRESHOLD,2026-08-15T12:38:25.417261+0000,/login?ok=0&sid=9a0bbb74-bc1f-f139-a1c7-2031fc58cc85
2026081422,72478700-0c9a-bdbc-509b-add06837a3ce,9100004,PROJECTA BRUTE FORCE THRESHOLD,2026-08-15T12:38:25.350116+0000,/login?ok=0&sid=72478700-0c9a-bdbc-509b-add06837a3ce
2026081422,94747b67-7447-7bf7-071a-d16bea4441ab,9100004,PROJECTA BRUTE FORCE THRESHOLD,2026-08-15T12:38:26.366719+0000,/login?ok=0&sid=94747b67-7447-7bf7-071a-d16bea4441ab
2026081422,d2f0d2dc-486a-2d1d-d7d5-14a7a64afe68,9100004,PROJECTA BRUTE FORCE THRESHOLD,2026-08-15T12:38:25.728274+0000,/login?ok=0&sid=d2f0d2dc-486a-2d1d-d7d5-14a7a64afe68
2026081422,e5073ebc-7b8a-9cf4-5f7d-587aa57937d2,9100004,PROJECTA BRUTE FORCE THRESHOLD,2026-08-15T12:38:25.074484+0000,/login?ok=0&sid=e5073ebc-7b8a-9cf4-5f7d-587aa57937d2
2026081422,62e875e1-259b-b4e8-e5c2-4882aa21c367,9100004,PROJECTA BRUTE FORCE THRESHOLD,2026-08-15T12:38:25.429575+0000,/login?ok=0&sid=62e875e1-259b-b4e8-e5c2-4882aa21c367
2026081422,313c1279-4e7f-92e6-2445-a56ac7b367d5,9100004,PROJECTA BRUTE FORCE THRESHOLD,2026-08-15T12:38:25.436117+0000,/login?ok=0&sid=313c1279-4e7f-92e6-2445-a56ac7b367d5
2026081422,f4ae4946-b72b-5ade-85a7-534f3e5a8ed9,9100004,PROJECTA BRUTE FORCE THRESHOLD,2026-08-15T12:38:25.699566+0000,/login?ok=0&sid=f4ae4946-b72b-5ade-85a7-534f3e5a8ed9
2026081422,0649e311-def0-081e-c857-dbbd363ee3bd,9100004,PROJECTA BRUTE FORCE THRESHOLD,2026-08-15T12:38:25.852696+0000,/login?ok=0&sid=0649e311-def0-081e-c857-dbbd363ee3bd
2026081422,d4e41bea-ce80-516f-d142-b7e2c1cad0ff,9100004,PROJECTA BRUTE FORCE THRESHOLD,2026-08-15T12:38:25.362170+0000,/login?ok=0&sid=d4e41bea-ce80-516f-d142-b7e2c1cad0ff
2026081422,5f6d87ec-094e-eb2f-3d99-bd38a234e789,9100004,PROJECTA BRUTE FORCE THRESHOLD,2026-08-15T12:38:25.669028+0000,/login?ok=0&sid=5f6d87ec-094e-eb2f-3d99-bd38a234e789
2026081422,bc4b6d80-64ef-2d1d-b10a-91ac05ae3a49,9100004,PROJECTA BRUTE FORCE THRESHOLD,2026-08-15T12:38:25.454883+0000,/login?ok=0&sid=bc4b6d80-64ef-2d1d-b10a-91ac05ae3a49
2026081422,4f45a01e-06a9-5d8c-bd8a-7f4fd2865c02,9100004,PROJECTA BRUTE FORCE THRESHOLD,2026-08-15T12:38:25.711192+0000,/login?ok=0&sid=4f45a01e-06a9-5d8c-bd8a-7f4fd2865c02
2026081422,d365e277-ad4c-bfca-b641-f2b718c44464,9100004,PROJECTA BRUTE FORCE THRESHOLD,2026-08-15T12:38:26.089497+0000,/login?ok=0&sid=d365e277-ad4c-bfca-b641-f2b718c44464
2026081422,320329c7-1425-f91f-aee4-8f8e86cef315,9100004,PROJECTA BRUTE FORCE THRESHOLD,2026-08-15T12:38:25.369370+0000,/login?ok=0&sid=320329c7-1425-f91f-aee4-8f8e86cef315
2026081422,03744b75-92cc-0bdf-1820-85cdb8f5661c,9100004,PROJECTA BRUTE FORCE THRESHOLD,2026-08-15T12:38:25.441705+0000,/login?ok=0&sid=03744b75-92cc-0bdf-1820-85cdb8f5661c
2026081422,9c050186-d23c-fcbb-7bc9-ef51e8c69022,9100004,PROJECTA BRUTE FORCE THRESHOLD,2026-08-15T12:38:25.869719+0000,/login?ok=0&sid=9c050186-d23c-fcbb-7bc9-ef51e8c69022
2026081422,527049ab-fce1-7536-a10c-4ad0bb139d8e,9100004,PROJECTA BRUTE FORCE THRESHOLD,2026-08-15T12:38:25.279415+0000,/login?ok=0&sid=527049ab-fce1-7536-a10c-4ad0bb139d8e
2026081422,12eb340d-085e-bfc2-2d96-aab1fb1f2641,9100002,PROJECTA PATH TRAVERSAL,2026-08-15T12:38:25.495280+0000,/%2e%2e/%2e%2e/etc/passwd?sid=12eb340d-085e-bfc2-2d96-aab1fb1f2641
2026081422,ec3d6834-b60a-e0ff-34a3-ae7d2ce11220,9100004,PROJECTA BRUTE FORCE THRESHOLD,2026-08-15T12:38:25.958040+0000,/login?ok=0&sid=ec3d6834-b60a-e0ff-34a3-ae7d2ce11220
2026081422,ad96bcfa-8037-c051-46f0-c82787804164,9100004,PROJECTA BRUTE FORCE THRESHOLD,2026-08-15T12:38:26.386734+0000,/login?ok=0&sid=ad96bcfa-8037-c051-46f0-c82787804164
2026081422,bfde32b1-1e3a-5f32-f5bd-57cea5ce3a5e,9100004,PROJECTA BRUTE FORCE THRESHOLD,2026-08-15T12:38:25.344786+0000,/login?ok=0&sid=bfde32b1-1e3a-5f32-f5bd-57cea5ce3a5e
2026081422,fa76b831-9aff-9626-e2ae-def0fddf4879,9100003,PROJECTA COMMAND PROBE,2026-08-15T12:38:26.243062+0000,/cmd?x=id&sid=fa76b831-9aff-9626-e2ae-def0fddf4879
2026081422,167c247a-dda9-91e3-1f77-7b79216f9fc7,9100004,PROJECTA BRUTE FORCE THRESHOLD,2026-08-15T12:38:25.963194+0000,/login?ok=0&sid=167c247a-dda9-91e3-1f77-7b79216f9fc7
2026081422,71443e5b-655e-093a-f777-fbc93fc0d993,9100004,PROJECTA BRUTE FORCE THRESHOLD,2026-08-15T12:38:25.630349+0000,/login?ok=0&sid=71443e5b-655e-093a-f777-fbc93fc0d993
2026081422,32d93d79-8798-dae3-92f0-3269c0b4943c,9100004,PROJECTA BRUTE FORCE THRESHOLD,2026-08-15T12:38:25.940816+0000,/login?ok=0&sid=32d93d79-8798-dae3-92f0-3269c0b4943c
2026081422,5236af93-5de3-6613-43ca-147dbda39e7d,9100001,PROJECTA ADMIN SENSITIVE ACCESS,2026-08-15T12:38:25.598094+0000,/admin/secret?sid=5236af93-5de3-6613-43ca-147dbda39e7d
2026081422,4bdc75e1-d381-68d9-b68e-29ac961e139e,9100004,PROJECTA BRUTE FORCE THRESHOLD,2026-08-15T12:38:27.027910+0000,/login?ok=0&sid=4bdc75e1-d381-68d9-b68e-29ac961e139e
2026081422,1b595034-d490-de44-65f4-bd390ef02885,9100004,PROJECTA BRUTE FORCE THRESHOLD,2026-08-15T12:38:26.096051+0000,/login?ok=0&sid=1b595034-d490-de44-65f4-bd390ef02885
2026081422,8f8e4f91-de1d-e5a1-9577-501b89e671f4,9100004,PROJECTA BRUTE FORCE THRESHOLD,2026-08-15T12:38:26.562492+0000,/login?ok=0&sid=8f8e4f91-de1d-e5a1-9577-501b89e671f4
2026081422,229071e1-95e3-81d9-ddef-c479cb8f3350,9100004,PROJECTA BRUTE FORCE THRESHOLD,2026-08-15T12:38:25.974691+0000,/login?ok=0&sid=229071e1-95e3-81d9-ddef-c479cb8f3350
2026081422,58b41296-ea41-d129-b619-d20be1d80e1c,9100004,PROJECTA BRUTE FORCE THRESHOLD,2026-08-15T12:38:25.857158+0000,/login?ok=0&sid=58b41296-ea41-d129-b619-d20be1d80e1c
2026081422,235edfa4-6f16-eb9c-4d1a-7d8d3ccdfe68,9100004,PROJECTA BRUTE FORCE THRESHOLD,2026-08-15T12:38:26.846202+0000,/login?ok=0&sid=235edfa4-6f16-eb9c-4d1a-7d8d3ccdfe68
2026081422,c141a908-db2e-ad37-6909-2383ea40f976,9100004,PROJECTA BRUTE FORCE THRESHOLD,2026-08-15T12:38:25.875102+0000,/login?ok=0&sid=c141a908-db2e-ad37-6909-2383ea40f976
2026081422,a587b6ae-aa11-b3ca-9e25-d2a62a3767db,9100004,PROJECTA BRUTE FORCE THRESHOLD,2026-08-15T12:38:25.860736+0000,/login?ok=0&sid=a587b6ae-aa11-b3ca-9e25-d2a62a3767db
2026081422,d2741930-38ee-ba72-b708-f904d255cb7b,9100004,PROJECTA BRUTE FORCE THRESHOLD,2026-08-15T12:38:25.634863+0000,/login?ok=0&sid=d2741930-38ee-ba72-b708-f904d255cb7b
2026081422,faca4df5-fbff-cbaf-e2a9-466f15152a56,9100004,PROJECTA BRUTE FORCE THRESHOLD,2026-08-15T12:38:26.289439+0000,/login?ok=0&sid=faca4df5-fbff-cbaf-e2a9-466f15152a56
2026081422,f4989317-ca2a-e6a8-b841-4a8be33a626a,9100004,PROJECTA BRUTE FORCE THRESHOLD,2026-08-15T12:38:26.877773+0000,/login?ok=0&sid=f4989317-ca2a-e6a8-b841-4a8be33a626a
2026081422,0524b1ed-6913-ab4f-4f13-511cd9a1abad,9100004,PROJECTA BRUTE FORCE THRESHOLD,2026-08-15T12:38:26.142432+0000,/login?ok=0&sid=0524b1ed-6913-ab4f-4f13-511cd9a1abad
2026081422,8aaa8b3a-0101-b4af-d0cd-4c35a52a4448,9100004,PROJECTA BRUTE FORCE THRESHOLD,2026-08-15T12:38:26.109109+0000,/login?ok=0&sid=8aaa8b3a-0101-b4af-d0cd-4c35a52a4448
2026081422,a10acf43-09c7-8df9-bad1-76bf9ed2457c,9100004,PROJECTA BRUTE FORCE THRESHOLD,2026-08-15T12:38:25.659741+0000,/login?ok=0&sid=a10acf43-09c7-8df9-bad1-76bf9ed2457c
2026081422,59bc0e44-59d5-4efb-dc3b-ce5fa98d17e0,9100004,PROJECTA BRUTE FORCE THRESHOLD,2026-08-15T12:38:26.516856+0000,/login?ok=0&sid=59bc0e44-59d5-4efb-dc3b-ce5fa98d17e0
2026081422,c8426034-3a6c-b0fb-3ed2-75e379211ded,9100004,PROJECTA BRUTE FORCE THRESHOLD,2026-08-15T12:38:26.624061+0000,/login?ok=0&sid=c8426034-3a6c-b0fb-3ed2-75e379211ded
2026081422,6c34f5b3-870f-ff2b-91d1-6159481db9e5,9100004,PROJECTA BRUTE FORCE THRESHOLD,2026-08-15T12:38:26.127131+0000,/login?ok=0&sid=6c34f5b3-870f-ff2b-91d1-6159481db9e5
2026081422,a72be19f-52d5-72bf-e5f1-f1dbb20a3fa0,9100004,PROJECTA BRUTE FORCE THRESHOLD,2026-08-15T12:38:26.538332+0000,/login?ok=0&sid=a72be19f-52d5-72bf-e5f1-f1dbb20a3fa0
2026081422,353e237a-f67b-3843-3f41-a360f235450d,9100003,PROJECTA COMMAND PROBE,2026-08-15T12:38:26.166387+0000,/cmd?x=id&sid=353e237a-f67b-3843-3f41-a360f235450d
2026081422,2e3bffb3-ae40-48a8-43f0-bccfbb45471d,9100004,PROJECTA BRUTE FORCE THRESHOLD,2026-08-15T12:38:26.281360+0000,/login?ok=0&sid=2e3bffb3-ae40-48a8-43f0-bccfbb45471d
2026081422,4699f1e9-c203-c1ad-2883-afbf9ae83998,9100004,PROJECTA BRUTE FORCE THRESHOLD,2026-08-15T12:38:26.297059+0000,/login?ok=0&sid=4699f1e9-c203-c1ad-2883-afbf9ae83998
2026081422,14630d75-1d85-9e4b-9eb5-e795e4cd96d4,9100004,PROJECTA BRUTE FORCE THRESHOLD,2026-08-15T12:38:26.304224+0000,/login?ok=0&sid=14630d75-1d85-9e4b-9eb5-e795e4cd96d4
2026081422,bca37b8e-903f-2f57-61ee-a2cca586874b,9100004,PROJECTA BRUTE FORCE THRESHOLD,2026-08-15T12:38:26.994664+0000,/login?ok=0&sid=bca37b8e-903f-2f57-61ee-a2cca586874b
2026081422,4a5e9b92-f64f-2782-73fe-157e8e2de038,9100004,PROJECTA BRUTE FORCE THRESHOLD,2026-08-15T12:38:26.547364+0000,/login?ok=0&sid=4a5e9b92-f64f-2782-73fe-157e8e2de038
2026081422,4a567e59-c726-e016-df22-55ae77913cba,9100004,PROJECTA BRUTE FORCE THRESHOLD,2026-08-15T12:38:26.378968+0000,/login?ok=0&sid=4a567e59-c726-e016-df22-55ae77913cba
2026081422,aa34797e-fb03-8123-e236-0a6d439ee61e,9100004,PROJECTA BRUTE FORCE THRESHOLD,2026-08-15T12:38:26.271255+0000,/login?ok=0&sid=aa34797e-fb03-8123-e236-0a6d439ee61e
2026081422,f9dad0b4-d754-f73d-2b24-2b5d56e08a10,9100004,PROJECTA BRUTE FORCE THRESHOLD,2026-08-15T12:38:27.009466+0000,/login?ok=0&sid=f9dad0b4-d754-f73d-2b24-2b5d56e08a10
2026081422,c6def42a-9f83-c383-095d-fe7e7458ab0d,9100004,PROJECTA BRUTE FORCE THRESHOLD,2026-08-15T12:38:26.525271+0000,/login?ok=0&sid=c6def42a-9f83-c383-095d-fe7e7458ab0d
2026081422,c536293d-7896-67b8-bd2a-11cf2976c0d1,9100004,PROJECTA BRUTE FORCE THRESHOLD,2026-08-15T12:38:26.398388+0000,/login?ok=0&sid=c536293d-7896-67b8-bd2a-11cf2976c0d1
2026081422,9c08c545-2926-fc2b-76e5-5009704a2f1d,9100004,PROJECTA BRUTE FORCE THRESHOLD,2026-08-15T12:38:26.859743+0000,/login?ok=0&sid=9c08c545-2926-fc2b-76e5-5009704a2f1d
2026081422,7d9fceae-08eb-eafa-c8e6-e0eee5e0d8df,9100004,PROJECTA BRUTE FORCE THRESHOLD,2026-08-15T12:38:26.661925+0000,/login?ok=0&sid=7d9fceae-08eb-eafa-c8e6-e0eee5e0d8df
2026081422,17bfd4c0-23bc-447e-f0e4-b276790a438c,9100004,PROJECTA BRUTE FORCE THRESHOLD,2026-08-15T12:38:26.611617+0000,/login?ok=0&sid=17bfd4c0-23bc-447e-f0e4-b276790a438c
2026081422,5b22fe84-1ac7-38ec-1908-b93b590e3275,9100004,PROJECTA BRUTE FORCE THRESHOLD,2026-08-15T12:38:26.871905+0000,/login?ok=0&sid=5b22fe84-1ac7-38ec-1908-b93b590e3275
2026081422,e9a8db27-d096-aa22-b426-c4abcaf39ebf,9100004,PROJECTA BRUTE FORCE THRESHOLD,2026-08-15T12:38:26.637893+0000,/login?ok=0&sid=e9a8db27-d096-aa22-b426-c4abcaf39ebf
2026081422,c0fb502d-66f1-f4cb-97fa-3a3e307d1c6c,9100004,PROJECTA BRUTE FORCE THRESHOLD,2026-08-15T12:38:26.841213+0000,/login?ok=0&sid=c0fb502d-66f1-f4cb-97fa-3a3e307d1c6c
2026081422,74c446ff-a739-d5a8-1086-669e42773db8,9100004,PROJECTA BRUTE FORCE THRESHOLD,2026-08-15T12:38:26.648536+0000,/login?ok=0&sid=74c446ff-a739-d5a8-1086-669e42773db8
2026081422,09cc4dc8-b629-5137-988f-8117906a4c51,9100004,PROJECTA BRUTE FORCE THRESHOLD,2026-08-15T12:38:27.039917+0000,/login?ok=0&sid=09cc4dc8-b629-5137-988f-8117906a4c51
2026081422,66a1d1ef-faaf-cf42-0ef0-8d4dbc55b04f,9100004,PROJECTA BRUTE FORCE THRESHOLD,2026-08-15T12:38:27.019500+0000,/login?ok=0&sid=66a1d1ef-faaf-cf42-0ef0-8d4dbc55b04f
2026081422,37a56196-e507-1531-24fa-ce7923078b5e,9100004,PROJECTA BRUTE FORCE THRESHOLD,2026-08-15T12:38:27.000457+0000,/login?ok=0&sid=37a56196-e507-1531-24fa-ce7923078b5e
2026081423,9a1e56c2-7464-4816-b723-f7b33618b901,9100002,PROJECTA PATH TRAVERSAL,2026-08-15T12:38:34.352878+0000,/%2e%2e/%2e%2e/etc/passwd?sid=9a1e56c2-7464-4816-b723-f7b33618b901
2026081423,2c80ae27-cf0c-6fb0-2bc1-2a60e20e7a54,9100003,PROJECTA COMMAND PROBE,2026-08-15T12:38:34.299410+0000,/cmd?x=id&sid=2c80ae27-cf0c-6fb0-2bc1-2a60e20e7a54
2026081423,9ba7533e-47cd-cc26-9ae5-d3db32cb9070,9100001,PROJECTA ADMIN SENSITIVE ACCESS,2026-08-15T12:38:34.195245+0000,/admin/secret?sid=9ba7533e-47cd-cc26-9ae5-d3db32cb9070
2026081423,29b16732-c9c2-b6f4-54d7-b1125d46423e,9100004,PROJECTA BRUTE FORCE THRESHOLD,2026-08-15T12:38:34.491798+0000,/login?ok=0&sid=29b16732-c9c2-b6f4-54d7-b1125d46423e
2026081423,68b9029e-1518-cbfc-4942-96cde8c3d42c,9100004,PROJECTA BRUTE FORCE THRESHOLD,2026-08-15T12:38:34.497583+0000,/login?ok=0&sid=68b9029e-1518-cbfc-4942-96cde8c3d42c
2026081423,8269ad43-724d-11a7-ddef-86ee5762fd07,9100004,PROJECTA BRUTE FORCE THRESHOLD,2026-08-15T12:38:34.566616+0000,/login?ok=0&sid=8269ad43-724d-11a7-ddef-86ee5762fd07
2026081423,893a07ca-d254-350d-fbe1-5a80b3f2f2f0,9100004,PROJECTA BRUTE FORCE THRESHOLD,2026-08-15T12:38:34.504679+0000,/login?ok=0&sid=893a07ca-d254-350d-fbe1-5a80b3f2f2f0
2026081423,43fa5b95-ec12-2d96-e556-af4b2a1b55a6,9100004,PROJECTA BRUTE FORCE THRESHOLD,2026-08-15T12:38:34.559910+0000,/login?ok=0&sid=43fa5b95-ec12-2d96-e556-af4b2a1b55a6
2026081423,a91f2601-173f-fd1b-a6db-926eed11ca88,9100004,PROJECTA BRUTE FORCE THRESHOLD,2026-08-15T12:38:34.516626+0000,/login?ok=0&sid=a91f2601-173f-fd1b-a6db-926eed11ca88
2026081423,07faaf7c-8161-f15b-1324-8deed710fa36,9100004,PROJECTA BRUTE FORCE THRESHOLD,2026-08-15T12:38:34.629555+0000,/login?ok=0&sid=07faaf7c-8161-f15b-1324-8deed710fa36
2026081423,f0cde88c-09d6-f94a-a645-597d3114dff1,9100004,PROJECTA BRUTE FORCE THRESHOLD,2026-08-15T12:38:34.620163+0000,/login?ok=0&sid=f0cde88c-09d6-f94a-a645-597d3114dff1
2026081423,737348cb-f8ba-71d8-b2fc-4b0e8219b546,9100004,PROJECTA BRUTE FORCE THRESHOLD,2026-08-15T12:38:35.010752+0000,/login?ok=0&sid=737348cb-f8ba-71d8-b2fc-4b0e8219b546
2026081423,5373ead3-890d-bbcd-5f22-a5ed5688f5ac,9100004,PROJECTA BRUTE FORCE THRESHOLD,2026-08-15T12:38:34.818845+0000,/login?ok=0&sid=5373ead3-890d-bbcd-5f22-a5ed5688f5ac
2026081423,3dcd57b0-d0ec-d04e-f359-8097e9461c50,9100004,PROJECTA BRUTE FORCE THRESHOLD,2026-08-15T12:38:34.785903+0000,/login?ok=0&sid=3dcd57b0-d0ec-d04e-f359-8097e9461c50
2026081423,0ce23166-2ef8-a719-4067-62cf3453cd6b,9100004,PROJECTA BRUTE FORCE THRESHOLD,2026-08-15T12:38:34.531698+0000,/login?ok=0&sid=0ce23166-2ef8-a719-4067-62cf3453cd6b
2026081423,7eab2788-293f-de62-b246-f7bd68c86244,9100004,PROJECTA BRUTE FORCE THRESHOLD,2026-08-15T12:38:34.596908+0000,/login?ok=0&sid=7eab2788-293f-de62-b246-f7bd68c86244
2026081423,45c0fb3a-8465-ea80-e72f-367e53053382,9100003,PROJECTA COMMAND PROBE,2026-08-15T12:38:34.416320+0000,/cmd?x=id&sid=45c0fb3a-8465-ea80-e72f-367e53053382
2026081423,ef2da7c2-23bc-ae5c-4908-763c96cb7b7c,9100004,PROJECTA BRUTE FORCE THRESHOLD,2026-08-15T12:38:34.543516+0000,/login?ok=0&sid=ef2da7c2-23bc-ae5c-4908-763c96cb7b7c
2026081423,f9683d0f-dec6-ce18-c2d3-fb2d09a5ae05,9100002,PROJECTA PATH TRAVERSAL,2026-08-15T12:38:34.964244+0000,/%2e%2e/%2e%2e/etc/passwd?sid=f9683d0f-dec6-ce18-c2d3-fb2d09a5ae05
2026081423,a74fa8e6-adfe-e74d-84c8-310eecf413d3,9100004,PROJECTA BRUTE FORCE THRESHOLD,2026-08-15T12:38:35.038737+0000,/login?ok=0&sid=a74fa8e6-adfe-e74d-84c8-310eecf413d3
2026081423,fe28512a-f717-a213-5c36-eb87688a7898,9100004,PROJECTA BRUTE FORCE THRESHOLD,2026-08-15T12:38:34.431690+0000,/login?ok=0&sid=fe28512a-f717-a213-5c36-eb87688a7898
2026081423,21bb5228-1282-8fb0-ec7f-ee2080853734,9100004,PROJECTA BRUTE FORCE THRESHOLD,2026-08-15T12:38:34.478324+0000,/login?ok=0&sid=21bb5228-1282-8fb0-ec7f-ee2080853734
2026081423,b37d150b-5639-1511-4188-fe32fbf54b97,9100004,PROJECTA BRUTE FORCE THRESHOLD,2026-08-15T12:38:34.796534+0000,/login?ok=0&sid=b37d150b-5639-1511-4188-fe32fbf54b97
2026081423,6da6a794-633f-eb60-a20b-54a9aad47584,9100004,PROJECTA BRUTE FORCE THRESHOLD,2026-08-15T12:38:35.941319+0000,/login?ok=0&sid=6da6a794-633f-eb60-a20b-54a9aad47584
2026081423,179d6fca-dc4b-03ce-3cd4-a03be520e626,9100004,PROJECTA BRUTE FORCE THRESHOLD,2026-08-15T12:38:34.460274+0000,/login?ok=0&sid=179d6fca-dc4b-03ce-3cd4-a03be520e626
2026081423,6eff62da-4cb4-d0f3-edc1-7b8ed67734bb,9100004,PROJECTA BRUTE FORCE THRESHOLD,2026-08-15T12:38:35.031339+0000,/login?ok=0&sid=6eff62da-4cb4-d0f3-edc1-7b8ed67734bb
2026081423,cd8ace89-9562-69bb-fcc0-2abcee087a54,9100004,PROJECTA BRUTE FORCE THRESHOLD,2026-08-15T12:38:35.052441+0000,/login?ok=0&sid=cd8ace89-9562-69bb-fcc0-2abcee087a54
2026081423,a7404f78-deb3-dd57-5420-40a395663645,9100004,PROJECTA BRUTE FORCE THRESHOLD,2026-08-15T12:38:34.585147+0000,/login?ok=0&sid=a7404f78-deb3-dd57-5420-40a395663645
2026081423,b11dbed0-d2dd-ce50-963c-8d6e2fd7ea83,9100002,PROJECTA PATH TRAVERSAL,2026-08-15T12:38:35.827820+0000,/%2e%2e/%2e%2e/etc/passwd?sid=b11dbed0-d2dd-ce50-963c-8d6e2fd7ea83
2026081423,bcaf5025-21fb-a162-7267-a02fd919c5cc,9100002,PROJECTA PATH TRAVERSAL,2026-08-15T12:38:34.674349+0000,/%2e%2e/%2e%2e/etc/passwd?sid=bcaf5025-21fb-a162-7267-a02fd919c5cc
2026081423,44bb8459-d5b1-b3e1-8ba7-87e3340414e2,9100004,PROJECTA BRUTE FORCE THRESHOLD,2026-08-15T12:38:34.609268+0000,/login?ok=0&sid=44bb8459-d5b1-b3e1-8ba7-87e3340414e2
2026081423,7d9f4e7d-cbc7-ebd7-0f87-7aff9052cb00,9100004,PROJECTA BRUTE FORCE THRESHOLD,2026-08-15T12:38:35.154098+0000,/login?ok=0&sid=7d9f4e7d-cbc7-ebd7-0f87-7aff9052cb00
2026081423,77c87144-73d7-456a-fb7b-c0bbead59c2c,9100004,PROJECTA BRUTE FORCE THRESHOLD,2026-08-15T12:38:34.782490+0000,/login?ok=0&sid=77c87144-73d7-456a-fb7b-c0bbead59c2c
2026081423,cdb3190b-6573-17ff-8560-be799326d923,9100001,PROJECTA ADMIN SENSITIVE ACCESS,2026-08-15T12:38:35.377158+0000,/admin/secret?sid=cdb3190b-6573-17ff-8560-be799326d923
2026081423,7ecd46f3-586f-356f-0338-57ca52138358,9100003,PROJECTA COMMAND PROBE,2026-08-15T12:38:36.005058+0000,/cmd?x=id&sid=7ecd46f3-586f-356f-0338-57ca52138358
2026081423,fff218dd-bad8-98fe-9a0a-08e7430c1620,9100004,PROJECTA BRUTE FORCE THRESHOLD,2026-08-15T12:38:35.018421+0000,/login?ok=0&sid=fff218dd-bad8-98fe-9a0a-08e7430c1620
2026081423,d54ef1bd-f46d-2e12-907b-0981606b79a7,9100002,PROJECTA PATH TRAVERSAL,2026-08-15T12:38:35.078255+0000,/%2e%2e/%2e%2e/etc/passwd?sid=d54ef1bd-f46d-2e12-907b-0981606b79a7
2026081423,c2870681-54e1-95d0-399a-196f22db5299,9100004,PROJECTA BRUTE FORCE THRESHOLD,2026-08-15T12:38:35.131381+0000,/login?ok=0&sid=c2870681-54e1-95d0-399a-196f22db5299
2026081423,3dc799b9-4c89-8963-994f-0e4617de50d6,9100004,PROJECTA BRUTE FORCE THRESHOLD,2026-08-15T12:38:34.808721+0000,/login?ok=0&sid=3dc799b9-4c89-8963-994f-0e4617de50d6
2026081423,a2e61dd8-0ce4-0d9f-d5c1-6258d510c983,9100004,PROJECTA BRUTE FORCE THRESHOLD,2026-08-15T12:38:35.142673+0000,/login?ok=0&sid=a2e61dd8-0ce4-0d9f-d5c1-6258d510c983
2026081423,c061bf46-ab59-c3e2-5e74-7cabde4263ea,9100004,PROJECTA BRUTE FORCE THRESHOLD,2026-08-15T12:38:35.183105+0000,/login?ok=0&sid=c061bf46-ab59-c3e2-5e74-7cabde4263ea
2026081423,90ef6af5-1911-6c4f-caa1-d914fe0fb763,9100004,PROJECTA BRUTE FORCE THRESHOLD,2026-08-15T12:38:35.169466+0000,/login?ok=0&sid=90ef6af5-1911-6c4f-caa1-d914fe0fb763
2026081423,192ae321-fe69-d014-2ecf-1d05e18db6e4,9100004,PROJECTA BRUTE FORCE THRESHOLD,2026-08-15T12:38:36.101789+0000,/login?ok=0&sid=192ae321-fe69-d014-2ecf-1d05e18db6e4
2026081423,77ea2ce5-1503-7219-be72-2e3deb9fb5f8,9100004,PROJECTA BRUTE FORCE THRESHOLD,2026-08-15T12:38:35.519276+0000,/login?ok=0&sid=77ea2ce5-1503-7219-be72-2e3deb9fb5f8
2026081423,53bad7e2-9c64-a6de-53e6-513ca9fec581,9100004,PROJECTA BRUTE FORCE THRESHOLD,2026-08-15T12:38:35.924016+0000,/login?ok=0&sid=53bad7e2-9c64-a6de-53e6-513ca9fec581
2026081423,57364c24-dd1e-788a-bbd1-2810d7714ad2,9100002,PROJECTA PATH TRAVERSAL,2026-08-15T12:38:35.189678+0000,/%2e%2e/%2e%2e/etc/passwd?sid=57364c24-dd1e-788a-bbd1-2810d7714ad2
2026081423,5a6475e9-d61b-157b-6e39-15f82586be79,9100004,PROJECTA BRUTE FORCE THRESHOLD,2026-08-15T12:38:35.510369+0000,/login?ok=0&sid=5a6475e9-d61b-157b-6e39-15f82586be79
2026081423,28045870-d8ce-c47a-08f6-35061596a846,9100004,PROJECTA BRUTE FORCE THRESHOLD,2026-08-15T12:38:35.919508+0000,/login?ok=0&sid=28045870-d8ce-c47a-08f6-35061596a846
2026081423,2efdfa0e-2c47-122e-63d5-d2b42c956913,9100004,PROJECTA BRUTE FORCE THRESHOLD,2026-08-15T12:38:35.533274+0000,/login?ok=0&sid=2efdfa0e-2c47-122e-63d5-d2b42c956913
2026081423,1b9ac0dd-f70e-bb15-b916-0c1ca1878893,9100001,PROJECTA ADMIN SENSITIVE ACCESS,2026-08-15T12:38:35.913759+0000,/admin/secret?sid=1b9ac0dd-f70e-bb15-b916-0c1ca1878893
2026081423,fd6ee9fa-eb78-8d1c-1198-86826063e126,9100001,PROJECTA ADMIN SENSITIVE ACCESS,2026-08-15T12:38:35.561509+0000,/admin/secret?sid=fd6ee9fa-eb78-8d1c-1198-86826063e126
2026081423,cf1dcf6b-8d8e-cd32-6bed-99dbdc0be6d8,9100002,PROJECTA PATH TRAVERSAL,2026-08-15T12:38:35.662619+0000,/%2e%2e/%2e%2e/etc/passwd?sid=cf1dcf6b-8d8e-cd32-6bed-99dbdc0be6d8
2026081423,a03663fb-61ef-592c-4998-5e67f6f744c0,9100004,PROJECTA BRUTE FORCE THRESHOLD,2026-08-15T12:38:35.928650+0000,/login?ok=0&sid=a03663fb-61ef-592c-4998-5e67f6f744c0
2026081423,7b7ee0fa-b02e-6acc-2890-f2aef5a1b7c7,9100004,PROJECTA BRUTE FORCE THRESHOLD,2026-08-15T12:38:35.491592+0000,/login?ok=0&sid=7b7ee0fa-b02e-6acc-2890-f2aef5a1b7c7
2026081423,9c35b549-7d88-0ad8-a981-75b1eded3cc2,9100004,PROJECTA BRUTE FORCE THRESHOLD,2026-08-15T12:38:36.083886+0000,/login?ok=0&sid=9c35b549-7d88-0ad8-a981-75b1eded3cc2
2026081423,50244970-ec8c-ab82-87ee-97bf89b9cd27,9100004,PROJECTA BRUTE FORCE THRESHOLD,2026-08-15T12:38:36.394106+0000,/login?ok=0&sid=50244970-ec8c-ab82-87ee-97bf89b9cd27
2026081423,c4ef9b73-103a-73e5-3f22-14178b680eb4,9100004,PROJECTA BRUTE FORCE THRESHOLD,2026-08-15T12:38:35.710226+0000,/login?ok=0&sid=c4ef9b73-103a-73e5-3f22-14178b680eb4
2026081423,1f3cf198-938c-5345-3c3c-136f9e64e022,9100004,PROJECTA BRUTE FORCE THRESHOLD,2026-08-15T12:38:35.934057+0000,/login?ok=0&sid=1f3cf198-938c-5345-3c3c-136f9e64e022
2026081423,dbaa92d2-89c6-ca74-7878-9aaec96c9f4e,9100004,PROJECTA BRUTE FORCE THRESHOLD,2026-08-15T12:38:35.681857+0000,/login?ok=0&sid=dbaa92d2-89c6-ca74-7878-9aaec96c9f4e
2026081423,f7dd098d-0870-2980-970b-dc27eeabb828,9100004,PROJECTA BRUTE FORCE THRESHOLD,2026-08-15T12:38:35.690724+0000,/login?ok=0&sid=f7dd098d-0870-2980-970b-dc27eeabb828
2026081423,f8f2e5c8-be2b-b5d5-8cff-fe141069196f,9100004,PROJECTA BRUTE FORCE THRESHOLD,2026-08-15T12:38:35.696611+0000,/login?ok=0&sid=f8f2e5c8-be2b-b5d5-8cff-fe141069196f
2026081423,97e4b701-1c1f-7255-a309-dc88747f28a5,9100004,PROJECTA BRUTE FORCE THRESHOLD,2026-08-15T12:38:36.090500+0000,/login?ok=0&sid=97e4b701-1c1f-7255-a309-dc88747f28a5
2026081423,86dae433-0aa8-0fb9-6617-0214c2e1d15b,9100004,PROJECTA BRUTE FORCE THRESHOLD,2026-08-15T12:38:36.600982+0000,/login?ok=0&sid=86dae433-0aa8-0fb9-6617-0214c2e1d15b
2026081423,7899aed2-bc4a-3a4a-aafb-1e6f7baf64cf,9100002,PROJECTA PATH TRAVERSAL,2026-08-15T12:38:35.430058+0000,/%2e%2e/%2e%2e/etc/passwd?sid=7899aed2-bc4a-3a4a-aafb-1e6f7baf64cf
2026081423,7e75a7bf-a744-ec1a-68c1-072450125ba2,9100002,PROJECTA PATH TRAVERSAL,2026-08-15T12:38:35.816663+0000,/%2e%2e/%2e%2e/etc/passwd?sid=7e75a7bf-a744-ec1a-68c1-072450125ba2
2026081423,64757d4d-9a1d-f782-b455-d28669f34d8f,9100004,PROJECTA BRUTE FORCE THRESHOLD,2026-08-15T12:38:35.703853+0000,/login?ok=0&sid=64757d4d-9a1d-f782-b455-d28669f34d8f
2026081423,dff84864-949a-4151-1bdf-2b559aeab193,9100004,PROJECTA BRUTE FORCE THRESHOLD,2026-08-15T12:38:35.505229+0000,/login?ok=0&sid=dff84864-949a-4151-1bdf-2b559aeab193
2026081423,2f4f2b6a-335b-cc05-09cf-d8c3c375ecbf,9100004,PROJECTA BRUTE FORCE THRESHOLD,2026-08-15T12:38:36.577269+0000,/login?ok=0&sid=2f4f2b6a-335b-cc05-09cf-d8c3c375ecbf
2026081423,1fa8dbe9-6e86-dbc5-8256-85d7dce97801,9100002,PROJECTA PATH TRAVERSAL,2026-08-15T12:38:36.376389+0000,/%2e%2e/%2e%2e/etc/passwd?sid=1fa8dbe9-6e86-dbc5-8256-85d7dce97801
2026081423,3c48acb6-0129-f48c-57f2-79185c8c3da7,9100004,PROJECTA BRUTE FORCE THRESHOLD,2026-08-15T12:38:36.116782+0000,/login?ok=0&sid=3c48acb6-0129-f48c-57f2-79185c8c3da7
2026081423,f4b8fa7e-230c-ffd6-bbf8-5a96d15453d0,9100001,PROJECTA ADMIN SENSITIVE ACCESS,2026-08-15T12:38:35.753576+0000,/admin/secret?sid=f4b8fa7e-230c-ffd6-bbf8-5a96d15453d0
2026081423,a502d93b-f103-7483-2430-35ac56200a6e,9100004,PROJECTA BRUTE FORCE THRESHOLD,2026-08-15T12:38:36.585981+0000,/login?ok=0&sid=a502d93b-f103-7483-2430-35ac56200a6e
2026081423,9040a800-0dc5-caf5-7c85-47d3a49a82f4,9100004,PROJECTA BRUTE FORCE THRESHOLD,2026-08-15T12:38:36.125103+0000,/login?ok=0&sid=9040a800-0dc5-caf5-7c85-47d3a49a82f4
2026081423,39eddff9-4f23-710a-53dc-694be95b1452,9100004,PROJECTA BRUTE FORCE THRESHOLD,2026-08-15T12:38:36.613177+0000,/login?ok=0&sid=39eddff9-4f23-710a-53dc-694be95b1452
2026081423,6509b5f1-711f-155c-ef6d-fb7ba343c676,9100003,PROJECTA COMMAND PROBE,2026-08-15T12:38:36.268861+0000,/cmd?x=id&sid=6509b5f1-711f-155c-ef6d-fb7ba343c676
2026081423,097678c1-a46a-77a0-3009-d2ba8d3cacb1,9100004,PROJECTA BRUTE FORCE THRESHOLD,2026-08-15T12:38:36.330039+0000,/login?ok=0&sid=097678c1-a46a-77a0-3009-d2ba8d3cacb1
2026081423,baf156e4-ff45-48bd-9461-4beaa80d0d29,9100001,PROJECTA ADMIN SENSITIVE ACCESS,2026-08-15T12:38:36.195227+0000,/admin/secret?sid=baf156e4-ff45-48bd-9461-4beaa80d0d29
2026081423,b53b0501-e164-7323-6916-e23d18aac159,9100004,PROJECTA BRUTE FORCE THRESHOLD,2026-08-15T12:38:37.065623+0000,/login?ok=0&sid=b53b0501-e164-7323-6916-e23d18aac159
2026081423,63854dee-48ef-1e21-3b01-fcdca6970e32,9100004,PROJECTA BRUTE FORCE THRESHOLD,2026-08-15T12:38:36.302113+0000,/login?ok=0&sid=63854dee-48ef-1e21-3b01-fcdca6970e32
2026081423,1216f097-5eb1-e702-3328-a1a42d327a0a,9100004,PROJECTA BRUTE FORCE THRESHOLD,2026-08-15T12:38:36.425146+0000,/login?ok=0&sid=1216f097-5eb1-e702-3328-a1a42d327a0a
2026081423,14737d8c-ef53-f3da-8287-b6dd590ba962,9100004,PROJECTA BRUTE FORCE THRESHOLD,2026-08-15T12:38:36.340042+0000,/login?ok=0&sid=14737d8c-ef53-f3da-8287-b6dd590ba962
2026081423,6a06bac8-6c73-b988-b521-17e87a886db2,9100004,PROJECTA BRUTE FORCE THRESHOLD,2026-08-15T12:38:37.086628+0000,/login?ok=0&sid=6a06bac8-6c73-b988-b521-17e87a886db2
2026081423,a8335151-955d-94cd-cda8-91b265db0aad,9100004,PROJECTA BRUTE FORCE THRESHOLD,2026-08-15T12:38:36.838382+0000,/login?ok=0&sid=a8335151-955d-94cd-cda8-91b265db0aad
2026081423,28188bad-dc16-ac80-15fb-f4b41e93274b,9100001,PROJECTA ADMIN SENSITIVE ACCESS,2026-08-15T12:38:36.180197+0000,/admin/secret?sid=28188bad-dc16-ac80-15fb-f4b41e93274b
2026081423,7d52a7ae-0067-e27d-6d44-7603d3b87aad,9100004,PROJECTA BRUTE FORCE THRESHOLD,2026-08-15T12:38:36.435142+0000,/login?ok=0&sid=7d52a7ae-0067-e27d-6d44-7603d3b87aad
2026081423,89486d09-e0f1-a6c6-408b-fd89f8274af8,9100004,PROJECTA BRUTE FORCE THRESHOLD,2026-08-15T12:38:36.410587+0000,/login?ok=0&sid=89486d09-e0f1-a6c6-408b-fd89f8274af8
2026081423,f29b1a94-1f96-3e12-ce55-e4ae81c911b5,9100004,PROJECTA BRUTE FORCE THRESHOLD,2026-08-15T12:38:37.114061+0000,/login?ok=0&sid=f29b1a94-1f96-3e12-ce55-e4ae81c911b5
2026081423,faae0ce0-00d2-5337-b850-dc9edbb5b908,9100004,PROJECTA BRUTE FORCE THRESHOLD,2026-08-15T12:38:36.862740+0000,/login?ok=0&sid=faae0ce0-00d2-5337-b850-dc9edbb5b908
2026081423,beef9a58-e08a-923a-0cea-b1e7afcf9302,9100004,PROJECTA BRUTE FORCE THRESHOLD,2026-08-15T12:38:36.344159+0000,/login?ok=0&sid=beef9a58-e08a-923a-0cea-b1e7afcf9302
2026081423,cb8dfbda-f2a4-7810-44c0-fa8e0b3558ea,9100004,PROJECTA BRUTE FORCE THRESHOLD,2026-08-15T12:38:37.206814+0000,/login?ok=0&sid=cb8dfbda-f2a4-7810-44c0-fa8e0b3558ea
2026081423,a7db118c-0619-21ba-bc31-d2c3890dfb9b,9100004,PROJECTA BRUTE FORCE THRESHOLD,2026-08-15T12:38:36.316556+0000,/login?ok=0&sid=a7db118c-0619-21ba-bc31-d2c3890dfb9b
2026081423,41292630-6ed8-5bbf-1d8c-3ca95d8b06c5,9100002,PROJECTA PATH TRAVERSAL,2026-08-15T12:38:36.488624+0000,/%2e%2e/%2e%2e/etc/passwd?sid=41292630-6ed8-5bbf-1d8c-3ca95d8b06c5
2026081423,f2ffc29d-62ae-a3b0-453d-da5ebfe13180,9100004,PROJECTA BRUTE FORCE THRESHOLD,2026-08-15T12:38:36.624182+0000,/login?ok=0&sid=f2ffc29d-62ae-a3b0-453d-da5ebfe13180
2026081423,a09d53dd-e2c7-be32-8db3-eaadce69f565,9100002,PROJECTA PATH TRAVERSAL,2026-08-15T12:38:37.169283+0000,/%2e%2e/%2e%2e/etc/passwd?sid=a09d53dd-e2c7-be32-8db3-eaadce69f565
2026081423,13bbd79b-11aa-a097-92f7-e3673092be88,9100004,PROJECTA BRUTE FORCE THRESHOLD,2026-08-15T12:38:36.403686+0000,/login?ok=0&sid=13bbd79b-11aa-a097-92f7-e3673092be88
2026081423,6dc8479a-8397-41ec-c02c-297fef3bb7b4,9100004,PROJECTA BRUTE FORCE THRESHOLD,2026-08-15T12:38:36.873362+0000,/login?ok=0&sid=6dc8479a-8397-41ec-c02c-297fef3bb7b4
2026081423,f740df54-278c-5956-116d-cba4b9ef0b32,9100001,PROJECTA ADMIN SENSITIVE ACCESS,2026-08-15T12:38:36.967679+0000,/admin/secret?sid=f740df54-278c-5956-116d-cba4b9ef0b32
2026081423,3cabf063-34b5-b242-6cc9-2ae4b08ce8cb,9100004,PROJECTA BRUTE FORCE THRESHOLD,2026-08-15T12:38:36.889381+0000,/login?ok=0&sid=3cabf063-34b5-b242-6cc9-2ae4b08ce8cb
2026081423,0fee0964-ea50-d288-37d0-e6f9f166e4cd,9100004,PROJECTA BRUTE FORCE THRESHOLD,2026-08-15T12:38:37.215133+0000,/login?ok=0&sid=0fee0964-ea50-d288-37d0-e6f9f166e4cd
2026081423,35019512-4ef3-18de-aaa8-b30b72a56663,9100003,PROJECTA COMMAND PROBE,2026-08-15T12:38:36.949473+0000,/cmd?x=id&sid=35019512-4ef3-18de-aaa8-b30b72a56663
2026081423,5eaf06ce-dc1d-9fd8-be51-1ae8eabdc492,9100004,PROJECTA BRUTE FORCE THRESHOLD,2026-08-15T12:38:37.081704+0000,/login?ok=0&sid=5eaf06ce-dc1d-9fd8-be51-1ae8eabdc492
2026081423,265368a0-4953-b2a4-527a-d3283d8d51c1,9100004,PROJECTA BRUTE FORCE THRESHOLD,2026-08-15T12:38:37.235186+0000,/login?ok=0&sid=265368a0-4953-b2a4-527a-d3283d8d51c1
2026081423,f8c7cf6b-6933-3daf-3538-9841c1e9693a,9100004,PROJECTA BRUTE FORCE THRESHOLD,2026-08-15T12:38:36.846609+0000,/login?ok=0&sid=f8c7cf6b-6933-3daf-3538-9841c1e9693a
2026081423,6427dc0b-9a67-ed17-928e-c1a8b740c06d,9100004,PROJECTA BRUTE FORCE THRESHOLD,2026-08-15T12:38:37.319653+0000,/login?ok=0&sid=6427dc0b-9a67-ed17-928e-c1a8b740c06d
2026081423,63fdc740-d108-8ba0-8526-2877c34df7c1,9100004,PROJECTA BRUTE FORCE THRESHOLD,2026-08-15T12:38:37.229633+0000,/login?ok=0&sid=63fdc740-d108-8ba0-8526-2877c34df7c1
2026081423,316cc6a1-0e80-7c9b-cc38-eaec20ee4a27,9100004,PROJECTA BRUTE FORCE THRESHOLD,2026-08-15T12:38:37.101293+0000,/login?ok=0&sid=316cc6a1-0e80-7c9b-cc38-eaec20ee4a27
2026081423,e342e7c2-c2d9-dccf-9d7a-7ae456d9309b,9100003,PROJECTA COMMAND PROBE,2026-08-15T12:38:37.306046+0000,/cmd?x=id&sid=e342e7c2-c2d9-dccf-9d7a-7ae456d9309b
2026081423,b5ed2d75-89cb-8ea4-2cd3-1fd87d3fa4d5,9100004,PROJECTA BRUTE FORCE THRESHOLD,2026-08-15T12:38:37.224294+0000,/login?ok=0&sid=b5ed2d75-89cb-8ea4-2cd3-1fd87d3fa4d5
2026081424,0733073b-e513-fccc-4a03-23be8e239de7,9100002,PROJECTA PATH TRAVERSAL,2026-08-15T12:38:44.770266+0000,/%2e%2e/%2e%2e/etc/passwd?sid=0733073b-e513-fccc-4a03-23be8e239de7
2026081424,3552c722-78a2-8389-d3c0-b1851e8d3c41,9100001,PROJECTA ADMIN SENSITIVE ACCESS,2026-08-15T12:38:44.697682+0000,/admin/secret?sid=3552c722-78a2-8389-d3c0-b1851e8d3c41
2026081424,8cabfaf3-a3cc-28ea-6e2c-fdb5a6e0949b,9100004,PROJECTA BRUTE FORCE THRESHOLD,2026-08-15T12:38:44.981727+0000,/login?ok=0&sid=8cabfaf3-a3cc-28ea-6e2c-fdb5a6e0949b
2026081424,0338ccea-078a-a62a-d941-8655453084cf,9100001,PROJECTA ADMIN SENSITIVE ACCESS,2026-08-15T12:38:44.725594+0000,/admin/secret?sid=0338ccea-078a-a62a-d941-8655453084cf
2026081424,c8d366f9-9e5e-ccd0-3465-0bc0c24eafa9,9100003,PROJECTA COMMAND PROBE,2026-08-15T12:38:44.743997+0000,/cmd?x=id&sid=c8d366f9-9e5e-ccd0-3465-0bc0c24eafa9
2026081424,fcb8d22a-ac81-f329-be09-05ec346d8acf,9100004,PROJECTA BRUTE FORCE THRESHOLD,2026-08-15T12:38:44.829662+0000,/login?ok=0&sid=fcb8d22a-ac81-f329-be09-05ec346d8acf
2026081424,014321a2-5b03-69bd-f6f8-c0f98e2f6cbe,9100002,PROJECTA PATH TRAVERSAL,2026-08-15T12:38:44.686892+0000,/%2e%2e/%2e%2e/etc/passwd?sid=014321a2-5b03-69bd-f6f8-c0f98e2f6cbe
2026081424,b7ce6363-7cbb-c27c-eca9-7933401e5676,9100004,PROJECTA BRUTE FORCE THRESHOLD,2026-08-15T12:38:44.878566+0000,/login?ok=0&sid=b7ce6363-7cbb-c27c-eca9-7933401e5676
2026081424,80a955ad-2f22-c1f5-523d-ce5626a579b9,9100004,PROJECTA BRUTE FORCE THRESHOLD,2026-08-15T12:38:44.885450+0000,/login?ok=0&sid=80a955ad-2f22-c1f5-523d-ce5626a579b9
2026081424,21a21715-ff19-7010-8695-3f4e7d734da2,9100004,PROJECTA BRUTE FORCE THRESHOLD,2026-08-15T12:38:44.813277+0000,/login?ok=0&sid=21a21715-ff19-7010-8695-3f4e7d734da2
2026081424,aa4dff9d-d764-fffb-8044-9f9acd81105c,9100004,PROJECTA BRUTE FORCE THRESHOLD,2026-08-15T12:38:44.990057+0000,/login?ok=0&sid=aa4dff9d-d764-fffb-8044-9f9acd81105c
2026081424,8180ffb2-df29-7381-1285-9c4686718a59,9100004,PROJECTA BRUTE FORCE THRESHOLD,2026-08-15T12:38:44.943638+0000,/login?ok=0&sid=8180ffb2-df29-7381-1285-9c4686718a59
2026081424,ff47fd08-9d73-88ef-0d72-11411b694ce9,9100004,PROJECTA BRUTE FORCE THRESHOLD,2026-08-15T12:38:45.063041+0000,/login?ok=0&sid=ff47fd08-9d73-88ef-0d72-11411b694ce9
2026081424,d01a73cf-9395-61f0-5425-e7d3dc2bcd5c,9100004,PROJECTA BRUTE FORCE THRESHOLD,2026-08-15T12:38:44.804619+0000,/login?ok=0&sid=d01a73cf-9395-61f0-5425-e7d3dc2bcd5c
2026081424,8a166b2e-1f2a-f586-81d3-353e391b2632,9100004,PROJECTA BRUTE FORCE THRESHOLD,2026-08-15T12:38:45.077176+0000,/login?ok=0&sid=8a166b2e-1f2a-f586-81d3-353e391b2632
2026081424,b0ff1802-bb60-9d6a-4ec0-fd3bdbd570bd,9100004,PROJECTA BRUTE FORCE THRESHOLD,2026-08-15T12:38:45.091290+0000,/login?ok=0&sid=b0ff1802-bb60-9d6a-4ec0-fd3bdbd570bd
2026081424,356d17b3-6ed1-24e5-ea9c-d75cb0cba227,9100004,PROJECTA BRUTE FORCE THRESHOLD,2026-08-15T12:38:45.648267+0000,/login?ok=0&sid=356d17b3-6ed1-24e5-ea9c-d75cb0cba227
2026081424,cd6acc1d-f444-9023-66e5-0d937a01d2d0,9100004,PROJECTA BRUTE FORCE THRESHOLD,2026-08-15T12:38:44.954705+0000,/login?ok=0&sid=cd6acc1d-f444-9023-66e5-0d937a01d2d0
2026081424,4d031d37-ccb9-f72d-7dbb-b2de0ad0b668,9100004,PROJECTA BRUTE FORCE THRESHOLD,2026-08-15T12:38:45.086866+0000,/login?ok=0&sid=4d031d37-ccb9-f72d-7dbb-b2de0ad0b668
2026081424,edf53850-d6c2-e9ad-3bb1-e637b0244bbb,9100004,PROJECTA BRUTE FORCE THRESHOLD,2026-08-15T12:38:44.855416+0000,/login?ok=0&sid=edf53850-d6c2-e9ad-3bb1-e637b0244bbb
2026081424,5a71a009-2f32-3d20-81a6-a1fe7c4a68cc,9100002,PROJECTA PATH TRAVERSAL,2026-08-15T12:38:45.111407+0000,/%2e%2e/%2e%2e/etc/passwd?sid=5a71a009-2f32-3d20-81a6-a1fe7c4a68cc
2026081424,d6e212f1-de5d-2bf5-c135-5595faa166e3,9100004,PROJECTA BRUTE FORCE THRESHOLD,2026-08-15T12:38:44.970671+0000,/login?ok=0&sid=d6e212f1-de5d-2bf5-c135-5595faa166e3
2026081424,a5a30a79-fab7-e423-aebf-aeefb5b17be3,9100004,PROJECTA BRUTE FORCE THRESHOLD,2026-08-15T12:38:45.097341+0000,/login?ok=0&sid=a5a30a79-fab7-e423-aebf-aeefb5b17be3
2026081424,5edefb3a-05df-6cc9-5e36-bee77b36bccc,9100002,PROJECTA PATH TRAVERSAL,2026-08-15T12:38:45.757951+0000,/%2e%2e/%2e%2e/etc/passwd?sid=5edefb3a-05df-6cc9-5e36-bee77b36bccc
2026081424,c04b6866-45d8-0f47-a936-ce0307d4459a,9100003,PROJECTA COMMAND PROBE,2026-08-15T12:38:45.419024+0000,/cmd?x=id&sid=c04b6866-45d8-0f47-a936-ce0307d4459a
2026081424,440490cd-747a-1ca7-6625-faf1f9022674,9100004,PROJECTA BRUTE FORCE THRESHOLD,2026-08-15T12:38:45.636745+0000,/login?ok=0&sid=440490cd-747a-1ca7-6625-faf1f9022674
2026081424,3c297a9c-c141-cba4-d670-aaff070f3dd8,9100002,PROJECTA PATH TRAVERSAL,2026-08-15T12:38:45.311963+0000,/%2e%2e/%2e%2e/etc/passwd?sid=3c297a9c-c141-cba4-d670-aaff070f3dd8
2026081424,16b8c695-fa84-0ace-48fc-ea2214c91a7c,9100004,PROJECTA BRUTE FORCE THRESHOLD,2026-08-15T12:38:45.668481+0000,/login?ok=0&sid=16b8c695-fa84-0ace-48fc-ea2214c91a7c
2026081424,407ea0df-e116-3c52-ed4c-52f99328966a,9100004,PROJECTA BRUTE FORCE THRESHOLD,2026-08-15T12:38:45.621444+0000,/login?ok=0&sid=407ea0df-e116-3c52-ed4c-52f99328966a
2026081424,5af58255-ed88-a42e-280d-0c1fbfc3dd22,9100004,PROJECTA BRUTE FORCE THRESHOLD,2026-08-15T12:38:46.139587+0000,/login?ok=0&sid=5af58255-ed88-a42e-280d-0c1fbfc3dd22
2026081424,fd493b62-f8fc-3a09-6a77-f5b852a7d0fb,9100004,PROJECTA BRUTE FORCE THRESHOLD,2026-08-15T12:38:46.354072+0000,/login?ok=0&sid=fd493b62-f8fc-3a09-6a77-f5b852a7d0fb
2026081424,2cdab813-aa73-f485-ad4f-7cfe17897f8d,9100004,PROJECTA BRUTE FORCE THRESHOLD,2026-08-15T12:38:45.657567+0000,/login?ok=0&sid=2cdab813-aa73-f485-ad4f-7cfe17897f8d
2026081424,9fdf9866-540b-d3ae-18dc-285a713ea43b,9100004,PROJECTA BRUTE FORCE THRESHOLD,2026-08-15T12:38:46.082702+0000,/login?ok=0&sid=9fdf9866-540b-d3ae-18dc-285a713ea43b
2026081424,853724a1-a5e4-7adf-217e-92c8e626ae0c,9100004,PROJECTA BRUTE FORCE THRESHOLD,2026-08-15T12:38:46.056508+0000,/login?ok=0&sid=853724a1-a5e4-7adf-217e-92c8e626ae0c
2026081424,b2d86d08-127a-b3d5-33f0-fc61fac63460,9100004,PROJECTA BRUTE FORCE THRESHOLD,2026-08-15T12:38:46.021271+0000,/login?ok=0&sid=b2d86d08-127a-b3d5-33f0-fc61fac63460
2026081424,7c90017a-f79d-ea31-a461-a0f40384d01e,9100004,PROJECTA BRUTE FORCE THRESHOLD,2026-08-15T12:38:46.217140+0000,/login?ok=0&sid=7c90017a-f79d-ea31-a461-a0f40384d01e
2026081424,ccb58a81-471a-107d-31af-ab7743417386,9100004,PROJECTA BRUTE FORCE THRESHOLD,2026-08-15T12:38:46.091250+0000,/login?ok=0&sid=ccb58a81-471a-107d-31af-ab7743417386
2026081424,6913d615-c92a-d304-e28e-a534f40ab78b,9100004,PROJECTA BRUTE FORCE THRESHOLD,2026-08-15T12:38:46.112298+0000,/login?ok=0&sid=6913d615-c92a-d304-e28e-a534f40ab78b
2026081424,20617b41-181c-88b4-55e9-5d4050d156cf,9100004,PROJECTA BRUTE FORCE THRESHOLD,2026-08-15T12:38:46.045391+0000,/login?ok=0&sid=20617b41-181c-88b4-55e9-5d4050d156cf
2026081424,8de50045-8937-2eed-d1a4-5599b9a036ed,9100002,PROJECTA PATH TRAVERSAL,2026-08-15T12:38:45.970967+0000,/%2e%2e/%2e%2e/etc/passwd?sid=8de50045-8937-2eed-d1a4-5599b9a036ed
2026081424,0a831a42-9615-e924-0c1d-00073744e01a,9100004,PROJECTA BRUTE FORCE THRESHOLD,2026-08-15T12:38:46.099224+0000,/login?ok=0&sid=0a831a42-9615-e924-0c1d-00073744e01a
2026081424,6e41a5f5-2735-f53a-f447-c1ede4a7abef,9100004,PROJECTA BRUTE FORCE THRESHOLD,2026-08-15T12:38:46.654236+0000,/login?ok=0&sid=6e41a5f5-2735-f53a-f447-c1ede4a7abef
2026081424,b5ae3c6d-b000-cfc5-0403-7e362e82fc6b,9100004,PROJECTA BRUTE FORCE THRESHOLD,2026-08-15T12:38:46.368429+0000,/login?ok=0&sid=b5ae3c6d-b000-cfc5-0403-7e362e82fc6b
2026081424,f5f6a57b-0d6a-be1e-5737-1f0e955582bd,9100004,PROJECTA BRUTE FORCE THRESHOLD,2026-08-15T12:38:46.235022+0000,/login?ok=0&sid=f5f6a57b-0d6a-be1e-5737-1f0e955582bd
2026081424,3a70d96d-19c2-325e-a98f-8d1258250a64,9100004,PROJECTA BRUTE FORCE THRESHOLD,2026-08-15T12:38:46.387186+0000,/login?ok=0&sid=3a70d96d-19c2-325e-a98f-8d1258250a64
2026081424,63545bb2-b347-4d5b-86c8-0a7be20b4b87,9100004,PROJECTA BRUTE FORCE THRESHOLD,2026-08-15T12:38:46.199912+0000,/login?ok=0&sid=63545bb2-b347-4d5b-86c8-0a7be20b4b87
2026081424,0a8d19ea-6743-8575-d269-90800ec07e2b,9100004,PROJECTA BRUTE FORCE THRESHOLD,2026-08-15T12:38:46.244710+0000,/login?ok=0&sid=0a8d19ea-6743-8575-d269-90800ec07e2b
2026081424,4b7ad355-abf9-2c27-68c5-0b7f35e46ebf,9100004,PROJECTA BRUTE FORCE THRESHOLD,2026-08-15T12:38:46.062320+0000,/login?ok=0&sid=4b7ad355-abf9-2c27-68c5-0b7f35e46ebf
2026081424,81289cfe-c008-8c6a-09a5-0ff83296280b,9100004,PROJECTA BRUTE FORCE THRESHOLD,2026-08-15T12:38:46.168160+0000,/login?ok=0&sid=81289cfe-c008-8c6a-09a5-0ff83296280b
2026081424,b8559973-c185-9d9d-e9b2-6854a490aa03,9100004,PROJECTA BRUTE FORCE THRESHOLD,2026-08-15T12:38:46.039709+0000,/login?ok=0&sid=b8559973-c185-9d9d-e9b2-6854a490aa03
2026081424,faeabc64-53a0-e9be-99fc-c6c6073194a3,9100004,PROJECTA BRUTE FORCE THRESHOLD,2026-08-15T12:38:46.260615+0000,/login?ok=0&sid=faeabc64-53a0-e9be-99fc-c6c6073194a3
2026081424,3d45ac05-ada0-f37f-e890-71beacb7efa5,9100004,PROJECTA BRUTE FORCE THRESHOLD,2026-08-15T12:38:46.158359+0000,/login?ok=0&sid=3d45ac05-ada0-f37f-e890-71beacb7efa5
2026081424,48c06520-75dc-d333-8735-7de21d47b667,9100004,PROJECTA BRUTE FORCE THRESHOLD,2026-08-15T12:38:46.431242+0000,/login?ok=0&sid=48c06520-75dc-d333-8735-7de21d47b667
2026081424,46257c56-cf7d-d93d-3df1-584ba6254e10,9100004,PROJECTA BRUTE FORCE THRESHOLD,2026-08-15T12:38:46.448458+0000,/login?ok=0&sid=46257c56-cf7d-d93d-3df1-584ba6254e10
2026081424,d7c2c2ee-f887-37e5-3fa0-55312292cea2,9100004,PROJECTA BRUTE FORCE THRESHOLD,2026-08-15T12:38:46.250181+0000,/login?ok=0&sid=d7c2c2ee-f887-37e5-3fa0-55312292cea2
2026081424,84d8f4bb-f264-da86-6818-e66d618f1594,9100004,PROJECTA BRUTE FORCE THRESHOLD,2026-08-15T12:38:46.727498+0000,/login?ok=0&sid=84d8f4bb-f264-da86-6818-e66d618f1594
2026081424,12419e93-0494-3f89-4dcb-8e272e643847,9100004,PROJECTA BRUTE FORCE THRESHOLD,2026-08-15T12:38:46.666545+0000,/login?ok=0&sid=12419e93-0494-3f89-4dcb-8e272e643847
2026081424,3315f1aa-d2a2-a967-916c-312e01c96804,9100004,PROJECTA BRUTE FORCE THRESHOLD,2026-08-15T12:38:46.643408+0000,/login?ok=0&sid=3315f1aa-d2a2-a967-916c-312e01c96804
2026081424,4996dcb2-db00-ae50-dca4-4725bbcce66e,9100004,PROJECTA BRUTE FORCE THRESHOLD,2026-08-15T12:38:46.722506+0000,/login?ok=0&sid=4996dcb2-db00-ae50-dca4-4725bbcce66e
2026081424,08a1ae74-b477-574f-18ec-dd320527907b,9100004,PROJECTA BRUTE FORCE THRESHOLD,2026-08-15T12:38:46.687293+0000,/login?ok=0&sid=08a1ae74-b477-574f-18ec-dd320527907b
2026081424,69d3cc1a-bb40-3a31-5be0-d9800fa1b53b,9100004,PROJECTA BRUTE FORCE THRESHOLD,2026-08-15T12:38:46.698278+0000,/login?ok=0&sid=69d3cc1a-bb40-3a31-5be0-d9800fa1b53b
2026081424,3633ff4c-4c2b-fd1b-ce4a-09e609585553,9100004,PROJECTA BRUTE FORCE THRESHOLD,2026-08-15T12:38:46.844050+0000,/login?ok=0&sid=3633ff4c-4c2b-fd1b-ce4a-09e609585553
2026081424,157decda-192b-fed5-a328-75e506fc5cd2,9100004,PROJECTA BRUTE FORCE THRESHOLD,2026-08-15T12:38:46.462847+0000,/login?ok=0&sid=157decda-192b-fed5-a328-75e506fc5cd2
2026081424,6adf6233-9b4b-d83c-3fff-db8fdd7a37bf,9100004,PROJECTA BRUTE FORCE THRESHOLD,2026-08-15T12:38:46.071248+0000,/login?ok=0&sid=6adf6233-9b4b-d83c-3fff-db8fdd7a37bf
2026081424,464e2e3e-b54b-29d3-af37-e714e1738f23,9100004,PROJECTA BRUTE FORCE THRESHOLD,2026-08-15T12:38:46.751945+0000,/login?ok=0&sid=464e2e3e-b54b-29d3-af37-e714e1738f23
2026081424,91accdc2-ff62-9c3e-0756-a75321daafee,9100004,PROJECTA BRUTE FORCE THRESHOLD,2026-08-15T12:38:46.784143+0000,/login?ok=0&sid=91accdc2-ff62-9c3e-0756-a75321daafee
2026081424,f9933c5d-158e-96fc-b4f2-47796ed647c9,9100004,PROJECTA BRUTE FORCE THRESHOLD,2026-08-15T12:38:46.682979+0000,/login?ok=0&sid=f9933c5d-158e-96fc-b4f2-47796ed647c9
2026081424,38532a2f-52fc-a936-5e16-da7343329d8f,9100003,PROJECTA COMMAND PROBE,2026-08-15T12:38:46.415464+0000,/cmd?x=id&sid=38532a2f-52fc-a936-5e16-da7343329d8f
2026081424,77cc8a37-7da8-bcfa-c3b1-577496e6df88,9100004,PROJECTA BRUTE FORCE THRESHOLD,2026-08-15T12:38:47.198086+0000,/login?ok=0&sid=77cc8a37-7da8-bcfa-c3b1-577496e6df88
2026081424,504202cb-145a-ffd9-0259-39a92ffb17b5,9100004,PROJECTA BRUTE FORCE THRESHOLD,2026-08-15T12:38:46.773365+0000,/login?ok=0&sid=504202cb-145a-ffd9-0259-39a92ffb17b5
2026081424,8adc9cd2-cadf-43d1-1383-8c1223e28ccd,9100004,PROJECTA BRUTE FORCE THRESHOLD,2026-08-15T12:38:46.629408+0000,/login?ok=0&sid=8adc9cd2-cadf-43d1-1383-8c1223e28ccd
2026081424,6b6fb174-e820-27b3-c1a5-3599fea68371,9100004,PROJECTA BRUTE FORCE THRESHOLD,2026-08-15T12:38:46.419485+0000,/login?ok=0&sid=6b6fb174-e820-27b3-c1a5-3599fea68371
2026081424,1b670a8d-95fe-94a3-a6aa-0b2ba1b24b78,9100004,PROJECTA BRUTE FORCE THRESHOLD,2026-08-15T12:38:47.135928+0000,/login?ok=0&sid=1b670a8d-95fe-94a3-a6aa-0b2ba1b24b78
2026081424,9d00d64c-b2b0-8d5a-2a25-f8e4debc2647,9100003,PROJECTA COMMAND PROBE,2026-08-15T12:38:46.323860+0000,/cmd?x=id&sid=9d00d64c-b2b0-8d5a-2a25-f8e4debc2647
2026081424,171d907a-320d-dddf-5593-2610055060e9,9100004,PROJECTA BRUTE FORCE THRESHOLD,2026-08-15T12:38:46.840486+0000,/login?ok=0&sid=171d907a-320d-dddf-5593-2610055060e9
2026081424,45430bfa-7303-6a8f-46ad-1f82c1d80181,9100004,PROJECTA BRUTE FORCE THRESHOLD,2026-08-15T12:38:46.760903+0000,/login?ok=0&sid=45430bfa-7303-6a8f-46ad-1f82c1d80181
2026081424,bb3adef7-4c0c-371a-550f-3881799da70e,9100004,PROJECTA BRUTE FORCE THRESHOLD,2026-08-15T12:38:47.043752+0000,/login?ok=0&sid=bb3adef7-4c0c-371a-550f-3881799da70e
2026081424,75226354-8849-864a-a35b-2fbad520aa96,9100004,PROJECTA BRUTE FORCE THRESHOLD,2026-08-15T12:38:46.180298+0000,/login?ok=0&sid=75226354-8849-864a-a35b-2fbad520aa96
2026081424,118eb754-fb1e-f2ed-7afb-67a1cbbaeae9,9100004,PROJECTA BRUTE FORCE THRESHOLD,2026-08-15T12:38:46.799777+0000,/login?ok=0&sid=118eb754-fb1e-f2ed-7afb-67a1cbbaeae9
2026081424,491be6db-8381-7bb2-1ea7-9c7bdd7efb4d,9100004,PROJECTA BRUTE FORCE THRESHOLD,2026-08-15T12:38:47.085531+0000,/login?ok=0&sid=491be6db-8381-7bb2-1ea7-9c7bdd7efb4d
2026081424,dda8ff42-6bfe-957a-1d5c-376b657575d6,9100004,PROJECTA BRUTE FORCE THRESHOLD,2026-08-15T12:38:47.225525+0000,/login?ok=0&sid=dda8ff42-6bfe-957a-1d5c-376b657575d6
2026081424,f9f4a771-c1ce-d99d-d1dc-3ba15dcdd84a,9100004,PROJECTA BRUTE FORCE THRESHOLD,2026-08-15T12:38:46.848121+0000,/login?ok=0&sid=f9f4a771-c1ce-d99d-d1dc-3ba15dcdd84a
2026081424,561e4bc6-de07-a5c5-d098-203c8f960058,9100004,PROJECTA BRUTE FORCE THRESHOLD,2026-08-15T12:38:46.864835+0000,/login?ok=0&sid=561e4bc6-de07-a5c5-d098-203c8f960058
2026081424,8d095d91-47c8-cfe6-878a-1585e6050ea8,9100004,PROJECTA BRUTE FORCE THRESHOLD,2026-08-15T12:38:46.479617+0000,/login?ok=0&sid=8d095d91-47c8-cfe6-878a-1585e6050ea8
2026081424,c17d5347-c049-b49a-f121-01f593b7dfe0,9100004,PROJECTA BRUTE FORCE THRESHOLD,2026-08-15T12:38:47.116119+0000,/login?ok=0&sid=c17d5347-c049-b49a-f121-01f593b7dfe0
2026081424,b26a1d5d-3bdc-0ad5-2a98-1d6f3dbbf745,9100004,PROJECTA BRUTE FORCE THRESHOLD,2026-08-15T12:38:47.036589+0000,/login?ok=0&sid=b26a1d5d-3bdc-0ad5-2a98-1d6f3dbbf745
2026081424,8006acbc-ab7e-3bbd-5e39-707a4a0ddb69,9100004,PROJECTA BRUTE FORCE THRESHOLD,2026-08-15T12:38:46.343262+0000,/login?ok=0&sid=8006acbc-ab7e-3bbd-5e39-707a4a0ddb69
2026081424,667fd392-4ed7-91c4-d913-9c2fbbe434b4,9100004,PROJECTA BRUTE FORCE THRESHOLD,2026-08-15T12:38:47.156865+0000,/login?ok=0&sid=667fd392-4ed7-91c4-d913-9c2fbbe434b4
2026081424,22d38e8e-c722-05ab-00dd-bc9282aaf94f,9100004,PROJECTA BRUTE FORCE THRESHOLD,2026-08-15T12:38:47.140843+0000,/login?ok=0&sid=22d38e8e-c722-05ab-00dd-bc9282aaf94f
2026081424,6ed7fd04-354c-e6ea-d8f0-415c7f5de0ee,9100001,PROJECTA ADMIN SENSITIVE ACCESS,2026-08-15T12:38:46.532519+0000,/admin/secret?sid=6ed7fd04-354c-e6ea-d8f0-415c7f5de0ee
2026081424,2e43f47a-58a3-0b20-7edc-e02c58bc7807,9100004,PROJECTA BRUTE FORCE THRESHOLD,2026-08-15T12:38:47.122860+0000,/login?ok=0&sid=2e43f47a-58a3-0b20-7edc-e02c58bc7807
2026081424,9c0427f3-009b-50b6-d2c1-39534646b581,9100004,PROJECTA BRUTE FORCE THRESHOLD,2026-08-15T12:38:46.381882+0000,/login?ok=0&sid=9c0427f3-009b-50b6-d2c1-39534646b581
2026081424,b3e9eefd-ba39-9d8b-7b98-d5a5e4fec177,9100004,PROJECTA BRUTE FORCE THRESHOLD,2026-08-15T12:38:47.056125+0000,/login?ok=0&sid=b3e9eefd-ba39-9d8b-7b98-d5a5e4fec177
2026081424,f105e3fc-3b74-071e-f376-e00f461f7f58,9100004,PROJECTA BRUTE FORCE THRESHOLD,2026-08-15T12:38:46.712665+0000,/login?ok=0&sid=f105e3fc-3b74-071e-f376-e00f461f7f58
2026081424,d0843dc6-4354-2d16-195f-f217cc45a720,9100004,PROJECTA BRUTE FORCE THRESHOLD,2026-08-15T12:38:47.235648+0000,/login?ok=0&sid=d0843dc6-4354-2d16-195f-f217cc45a720
2026081424,d00985e1-fa51-6540-bff2-c846e6834f3e,9100004,PROJECTA BRUTE FORCE THRESHOLD,2026-08-15T12:38:47.204896+0000,/login?ok=0&sid=d00985e1-fa51-6540-bff2-c846e6834f3e
2026081424,14cff856-d283-ab2b-838f-9975af33eed7,9100004,PROJECTA BRUTE FORCE THRESHOLD,2026-08-15T12:38:47.515057+0000,/login?ok=0&sid=14cff856-d283-ab2b-838f-9975af33eed7
2026081424,3f7d17ce-3bf1-896a-17fc-6c019be7d506,9100004,PROJECTA BRUTE FORCE THRESHOLD,2026-08-15T12:38:46.871972+0000,/login?ok=0&sid=3f7d17ce-3bf1-896a-17fc-6c019be7d506
2026081424,c73a63b3-eca9-5948-33a4-ffbb2ff5de98,9100004,PROJECTA BRUTE FORCE THRESHOLD,2026-08-15T12:38:47.494563+0000,/login?ok=0&sid=c73a63b3-eca9-5948-33a4-ffbb2ff5de98
2026081424,b1f48136-38dd-98e0-ff6e-53e5d76c5b92,9100004,PROJECTA BRUTE FORCE THRESHOLD,2026-08-15T12:38:47.219246+0000,/login?ok=0&sid=b1f48136-38dd-98e0-ff6e-53e5d76c5b92
2026081424,33814048-3cf6-652b-6594-f9f16c8d286b,9100001,PROJECTA ADMIN SENSITIVE ACCESS,2026-08-15T12:38:46.816475+0000,/admin/secret?sid=33814048-3cf6-652b-6594-f9f16c8d286b
2026081424,0f1191be-7b42-6e42-a9de-1b6045cfa9f8,9100004,PROJECTA BRUTE FORCE THRESHOLD,2026-08-15T12:38:47.481548+0000,/login?ok=0&sid=0f1191be-7b42-6e42-a9de-1b6045cfa9f8
2026081424,a7ddf2fe-051f-0c48-c7ff-bc050c4bf37d,9100004,PROJECTA BRUTE FORCE THRESHOLD,2026-08-15T12:38:47.068906+0000,/login?ok=0&sid=a7ddf2fe-051f-0c48-c7ff-bc050c4bf37d
2026081424,d3835b71-d35f-88af-a972-d66b9aba40c1,9100004,PROJECTA BRUTE FORCE THRESHOLD,2026-08-15T12:38:47.500939+0000,/login?ok=0&sid=d3835b71-d35f-88af-a972-d66b9aba40c1
2026081424,aa1c23c0-43e3-463a-8819-1e54b3eee52d,9100004,PROJECTA BRUTE FORCE THRESHOLD,2026-08-15T12:38:47.527516+0000,/login?ok=0&sid=aa1c23c0-43e3-463a-8819-1e54b3eee52d
2026081424,48338a7c-abcb-af2e-4e49-bfa8187a6261,9100003,PROJECTA COMMAND PROBE,2026-08-15T12:38:47.354328+0000,/cmd?x=id&sid=48338a7c-abcb-af2e-4e49-bfa8187a6261
2026081425,8bb59d30-148f-cb8b-f8e6-7e5a0c508acb,9100004,PROJECTA BRUTE FORCE THRESHOLD,2026-08-15T12:38:55.481064+0000,/login?ok=0&sid=8bb59d30-148f-cb8b-f8e6-7e5a0c508acb
2026081425,856eecac-22df-ff21-8f54-1646a9b69075,9100004,PROJECTA BRUTE FORCE THRESHOLD,2026-08-15T12:38:55.009501+0000,/login?ok=0&sid=856eecac-22df-ff21-8f54-1646a9b69075
2026081425,6c4fbc9d-79e0-a973-731e-8f41fb3fe3cb,9100004,PROJECTA BRUTE FORCE THRESHOLD,2026-08-15T12:38:55.241980+0000,/login?ok=0&sid=6c4fbc9d-79e0-a973-731e-8f41fb3fe3cb
2026081425,e3c129e7-175a-c0a2-33ba-c87bbe13b900,9100004,PROJECTA BRUTE FORCE THRESHOLD,2026-08-15T12:38:55.018113+0000,/login?ok=0&sid=e3c129e7-175a-c0a2-33ba-c87bbe13b900
2026081425,223efdca-7786-c1ec-de43-9beb246cf568,9100004,PROJECTA BRUTE FORCE THRESHOLD,2026-08-15T12:38:55.421389+0000,/login?ok=0&sid=223efdca-7786-c1ec-de43-9beb246cf568
2026081425,91a721f0-0f6d-6c9f-b8b1-fedcfdfc755e,9100004,PROJECTA BRUTE FORCE THRESHOLD,2026-08-15T12:38:55.031652+0000,/login?ok=0&sid=91a721f0-0f6d-6c9f-b8b1-fedcfdfc755e
2026081425,22298563-649b-847a-0af7-ecf5d1574aa4,9100004,PROJECTA BRUTE FORCE THRESHOLD,2026-08-15T12:38:55.251110+0000,/login?ok=0&sid=22298563-649b-847a-0af7-ecf5d1574aa4
2026081425,a5073e63-64a9-c46b-cf56-e1d1ce4a5fc1,9100004,PROJECTA BRUTE FORCE THRESHOLD,2026-08-15T12:38:55.393478+0000,/login?ok=0&sid=a5073e63-64a9-c46b-cf56-e1d1ce4a5fc1
2026081425,c290238a-7b6a-8e99-2c40-97150c05ef11,9100004,PROJECTA BRUTE FORCE THRESHOLD,2026-08-15T12:38:55.052635+0000,/login?ok=0&sid=c290238a-7b6a-8e99-2c40-97150c05ef11
2026081425,cad0097d-76f7-4c2e-5c7b-ce4110f92829,9100003,PROJECTA COMMAND PROBE,2026-08-15T12:38:55.324167+0000,/cmd?x=id&sid=cad0097d-76f7-4c2e-5c7b-ce4110f92829
2026081425,70eacdac-7173-42d2-b1d4-ad576dd6b0bd,9100002,PROJECTA PATH TRAVERSAL,2026-08-15T12:38:55.202634+0000,/%2e%2e/%2e%2e/etc/passwd?sid=70eacdac-7173-42d2-b1d4-ad576dd6b0bd
2026081425,acde4e88-0800-4789-8e86-d19b30e71d41,9100004,PROJECTA BRUTE FORCE THRESHOLD,2026-08-15T12:38:55.435137+0000,/login?ok=0&sid=acde4e88-0800-4789-8e86-d19b30e71d41
2026081425,d2050e5c-5705-65d5-251e-b941e3f09787,9100004,PROJECTA BRUTE FORCE THRESHOLD,2026-08-15T12:38:55.222990+0000,/login?ok=0&sid=d2050e5c-5705-65d5-251e-b941e3f09787
2026081425,57b75555-9cda-8821-b821-8fb85e95efc0,9100004,PROJECTA BRUTE FORCE THRESHOLD,2026-08-15T12:38:55.470054+0000,/login?ok=0&sid=57b75555-9cda-8821-b821-8fb85e95efc0
2026081425,ea45ba45-addb-4458-e1f0-1aa9b355aa08,9100004,PROJECTA BRUTE FORCE THRESHOLD,2026-08-15T12:38:55.941200+0000,/login?ok=0&sid=ea45ba45-addb-4458-e1f0-1aa9b355aa08
2026081425,585f38bd-d056-9df4-c6c4-3d9932b64e9b,9100002,PROJECTA PATH TRAVERSAL,2026-08-15T12:38:55.317872+0000,/%2e%2e/%2e%2e/etc/passwd?sid=585f38bd-d056-9df4-c6c4-3d9932b64e9b
2026081425,f472f0ac-d1fd-777f-8736-2fef263768ff,9100002,PROJECTA PATH TRAVERSAL,2026-08-15T12:38:55.971065+0000,/%2e%2e/%2e%2e/etc/passwd?sid=f472f0ac-d1fd-777f-8736-2fef263768ff
2026081425,f65b43e0-3670-84d7-497e-5acebbdddfa9,9100004,PROJECTA BRUTE FORCE THRESHOLD,2026-08-15T12:38:55.916649+0000,/login?ok=0&sid=f65b43e0-3670-84d7-497e-5acebbdddfa9
2026081425,8bb9b56b-6de2-6e18-eeda-937a247dee21,9100004,PROJECTA BRUTE FORCE THRESHOLD,2026-08-15T12:38:55.227575+0000,/login?ok=0&sid=8bb9b56b-6de2-6e18-eeda-937a247dee21
2026081425,a7bdd76e-77e4-7b8a-b30c-9f67cff328f9,9100004,PROJECTA BRUTE FORCE THRESHOLD,2026-08-15T12:38:55.496447+0000,/login?ok=0&sid=a7bdd76e-77e4-7b8a-b30c-9f67cff328f9
2026081425,4d719dc3-6ee9-fb62-cf56-229c970b07d1,9100004,PROJECTA BRUTE FORCE THRESHOLD,2026-08-15T12:38:55.459346+0000,/login?ok=0&sid=4d719dc3-6ee9-fb62-cf56-229c970b07d1
2026081425,a4a296ba-2ccd-de19-1216-3874f1630e60,9100004,PROJECTA BRUTE FORCE THRESHOLD,2026-08-15T12:38:56.226121+0000,/login?ok=0&sid=a4a296ba-2ccd-de19-1216-3874f1630e60
2026081425,ec2d2a10-2520-46b8-db4b-47c1549deaf8,9100004,PROJECTA BRUTE FORCE THRESHOLD,2026-08-15T12:38:55.737981+0000,/login?ok=0&sid=ec2d2a10-2520-46b8-db4b-47c1549deaf8
2026081425,47b43f7f-ad3a-631a-ba74-cd0c448babfa,9100004,PROJECTA BRUTE FORCE THRESHOLD,2026-08-15T12:38:56.300506+0000,/login?ok=0&sid=47b43f7f-ad3a-631a-ba74-cd0c448babfa
2026081425,a7e62536-d19c-22f3-34c3-e69666f944cb,9100001,PROJECTA ADMIN SENSITIVE ACCESS,2026-08-15T12:38:55.615449+0000,/admin/secret?sid=a7e62536-d19c-22f3-34c3-e69666f944cb
2026081425,f6f162f7-6221-0242-f588-5cd18d331336,9100004,PROJECTA BRUTE FORCE THRESHOLD,2026-08-15T12:38:56.233011+0000,/login?ok=0&sid=f6f162f7-6221-0242-f588-5cd18d331336
2026081425,7df2738a-9b2a-151b-5a24-ee0c2f63beaf,9100004,PROJECTA BRUTE FORCE THRESHOLD,2026-08-15T12:38:56.163032+0000,/login?ok=0&sid=7df2738a-9b2a-151b-5a24-ee0c2f63beaf
2026081425,fee0eb79-b671-b4ee-5bc8-aa97a1bf7258,9100004,PROJECTA BRUTE FORCE THRESHOLD,2026-08-15T12:38:55.721840+0000,/login?ok=0&sid=fee0eb79-b671-b4ee-5bc8-aa97a1bf7258
2026081425,9a486b90-e805-71e3-7a21-a211e94bec68,9100004,PROJECTA BRUTE FORCE THRESHOLD,2026-08-15T12:38:55.706834+0000,/login?ok=0&sid=9a486b90-e805-71e3-7a21-a211e94bec68
2026081425,0fd6a9fb-91c9-980d-9762-e98441c977db,9100004,PROJECTA BRUTE FORCE THRESHOLD,2026-08-15T12:38:55.746888+0000,/login?ok=0&sid=0fd6a9fb-91c9-980d-9762-e98441c977db
2026081425,45ccdb28-9d01-9fde-d769-e144ae4e2917,9100004,PROJECTA BRUTE FORCE THRESHOLD,2026-08-15T12:38:55.501921+0000,/login?ok=0&sid=45ccdb28-9d01-9fde-d769-e144ae4e2917
2026081425,ca205d9d-50f6-5d09-f255-d400372d1852,9100004,PROJECTA BRUTE FORCE THRESHOLD,2026-08-15T12:38:55.690431+0000,/login?ok=0&sid=ca205d9d-50f6-5d09-f255-d400372d1852
2026081425,4589c528-0e47-ba95-e90d-2ea002b74363,9100004,PROJECTA BRUTE FORCE THRESHOLD,2026-08-15T12:38:55.931387+0000,/login?ok=0&sid=4589c528-0e47-ba95-e90d-2ea002b74363
2026081425,ef6605ff-b568-23ce-7197-d192af595af5,9100004,PROJECTA BRUTE FORCE THRESHOLD,2026-08-15T12:38:56.305662+0000,/login?ok=0&sid=ef6605ff-b568-23ce-7197-d192af595af5
2026081425,9b4aaac5-f45d-a9a2-44f8-d06519f33219,9100004,PROJECTA BRUTE FORCE THRESHOLD,2026-08-15T12:38:56.240584+0000,/login?ok=0&sid=9b4aaac5-f45d-a9a2-44f8-d06519f33219
2026081425,60f8aecb-942e-5546-e2ce-adb6c93562cc,9100002,PROJECTA PATH TRAVERSAL,2026-08-15T12:38:55.659586+0000,/%2e%2e/%2e%2e/etc/passwd?sid=60f8aecb-942e-5546-e2ce-adb6c93562cc
2026081425,db0d3e40-bd28-8112-2258-567a3f6e1323,9100004,PROJECTA BRUTE FORCE THRESHOLD,2026-08-15T12:38:56.316929+0000,/login?ok=0&sid=db0d3e40-bd28-8112-2258-567a3f6e1323
2026081425,a0869f27-36dc-30e3-4e77-9aa0c498d9d1,9100004,PROJECTA BRUTE FORCE THRESHOLD,2026-08-15T12:38:56.257345+0000,/login?ok=0&sid=a0869f27-36dc-30e3-4e77-9aa0c498d9d1
2026081425,2a93598d-291e-7241-9449-010172588415,9100004,PROJECTA BRUTE FORCE THRESHOLD,2026-08-15T12:38:55.922907+0000,/login?ok=0&sid=2a93598d-291e-7241-9449-010172588415
2026081425,058bff38-7387-5acd-9217-a9ac423c9151,9100003,PROJECTA COMMAND PROBE,2026-08-15T12:38:56.517741+0000,/cmd?x=id&sid=058bff38-7387-5acd-9217-a9ac423c9151
2026081425,24aa90ff-5169-18d4-756d-772fc7cfc330,9100002,PROJECTA PATH TRAVERSAL,2026-08-15T12:38:55.990392+0000,/%2e%2e/%2e%2e/etc/passwd?sid=24aa90ff-5169-18d4-756d-772fc7cfc330
2026081425,f36359f9-e889-ff7d-bdf8-cd8ff4b728c1,9100004,PROJECTA BRUTE FORCE THRESHOLD,2026-08-15T12:38:56.346589+0000,/login?ok=0&sid=f36359f9-e889-ff7d-bdf8-cd8ff4b728c1
2026081425,913c2ec9-9d2b-9afc-c3e1-b87f357f7c48,9100002,PROJECTA PATH TRAVERSAL,2026-08-15T12:38:57.041901+0000,/%2e%2e/%2e%2e/etc/passwd?sid=913c2ec9-9d2b-9afc-c3e1-b87f357f7c48
2026081425,cfa0c835-823d-7702-de20-483db1d67081,9100004,PROJECTA BRUTE FORCE THRESHOLD,2026-08-15T12:38:55.946534+0000,/login?ok=0&sid=cfa0c835-823d-7702-de20-483db1d67081
2026081425,2dd4139b-7de2-43a6-094a-f27e2fb62f57,9100001,PROJECTA ADMIN SENSITIVE ACCESS,2026-08-15T12:38:56.531478+0000,/admin/secret?sid=2dd4139b-7de2-43a6-094a-f27e2fb62f57
2026081425,74d458eb-197e-7fc3-9a8d-c064be98f27c,9100004,PROJECTA BRUTE FORCE THRESHOLD,2026-08-15T12:38:56.321320+0000,/login?ok=0&sid=74d458eb-197e-7fc3-9a8d-c064be98f27c
2026081425,e29a237d-1af1-7a95-df69-4b6f7765226f,9100004,PROJECTA BRUTE FORCE THRESHOLD,2026-08-15T12:38:56.469028+0000,/login?ok=0&sid=e29a237d-1af1-7a95-df69-4b6f7765226f
2026081425,dfde9962-8351-f6d8-b6b2-373951daf557,9100002,PROJECTA PATH TRAVERSAL,2026-08-15T12:38:56.005673+0000,/%2e%2e/%2e%2e/etc/passwd?sid=dfde9962-8351-f6d8-b6b2-373951daf557
2026081425,ac8b39bc-3b99-c86f-fbc3-e4dd06d11a92,9100004,PROJECTA BRUTE FORCE THRESHOLD,2026-08-15T12:38:56.435244+0000,/login?ok=0&sid=ac8b39bc-3b99-c86f-fbc3-e4dd06d11a92
2026081425,1a7abe34-0116-90b1-6d20-bebe72ce1e3a,9100004,PROJECTA BRUTE FORCE THRESHOLD,2026-08-15T12:38:57.195849+0000,/login?ok=0&sid=1a7abe34-0116-90b1-6d20-bebe72ce1e3a
2026081425,e0fb7a01-de52-e6da-6545-57df0fb3c34e,9100003,PROJECTA COMMAND PROBE,2026-08-15T12:38:56.742211+0000,/cmd?x=id&sid=e0fb7a01-de52-e6da-6545-57df0fb3c34e
2026081425,1f3fc539-5787-9bd3-999c-23249fa45dcb,9100004,PROJECTA BRUTE FORCE THRESHOLD,2026-08-15T12:38:56.251484+0000,/login?ok=0&sid=1f3fc539-5787-9bd3-999c-23249fa45dcb
2026081425,46789f95-a64f-c216-b180-390c1359ff58,9100004,PROJECTA BRUTE FORCE THRESHOLD,2026-08-15T12:38:56.594066+0000,/login?ok=0&sid=46789f95-a64f-c216-b180-390c1359ff58
2026081425,c2a4ca55-78ea-6c3c-be1e-69c6fb1b4317,9100004,PROJECTA BRUTE FORCE THRESHOLD,2026-08-15T12:38:56.449096+0000,/login?ok=0&sid=c2a4ca55-78ea-6c3c-be1e-69c6fb1b4317
2026081425,e9df7143-1606-a915-9c63-3096ab2a095d,9100004,PROJECTA BRUTE FORCE THRESHOLD,2026-08-15T12:38:56.189353+0000,/login?ok=0&sid=e9df7143-1606-a915-9c63-3096ab2a095d
2026081425,442b5263-afaa-a9b3-b764-7728ce6ba215,9100004,PROJECTA BRUTE FORCE THRESHOLD,2026-08-15T12:38:57.221708+0000,/login?ok=0&sid=442b5263-afaa-a9b3-b764-7728ce6ba215
2026081425,a37ecd53-bdad-77e5-39b1-8d37847f819d,9100004,PROJECTA BRUTE FORCE THRESHOLD,2026-08-15T12:38:56.480460+0000,/login?ok=0&sid=a37ecd53-bdad-77e5-39b1-8d37847f819d
2026081425,b9a52eb7-d30c-a349-1917-a64b9838e171,9100004,PROJECTA BRUTE FORCE THRESHOLD,2026-08-15T12:38:56.325552+0000,/login?ok=0&sid=b9a52eb7-d30c-a349-1917-a64b9838e171
2026081425,d9812abd-a157-f85e-e4b5-69b4ceddb0f9,9100002,PROJECTA PATH TRAVERSAL,2026-08-15T12:38:57.246707+0000,/%2e%2e/%2e%2e/etc/passwd?sid=d9812abd-a157-f85e-e4b5-69b4ceddb0f9
2026081425,66a5f7a5-a1cc-2c98-0b16-bdb954026cc6,9100004,PROJECTA BRUTE FORCE THRESHOLD,2026-08-15T12:38:56.157219+0000,/login?ok=0&sid=66a5f7a5-a1cc-2c98-0b16-bdb954026cc6
2026081425,5e0e2340-6ab0-76a0-d3df-46dc0e800fe6,9100004,PROJECTA BRUTE FORCE THRESHOLD,2026-08-15T12:38:56.454916+0000,/login?ok=0&sid=5e0e2340-6ab0-76a0-d3df-46dc0e800fe6
2026081425,24ad35f2-669f-99e0-ba55-e2af135b14b5,9100004,PROJECTA BRUTE FORCE THRESHOLD,2026-08-15T12:38:56.336684+0000,/login?ok=0&sid=24ad35f2-669f-99e0-ba55-e2af135b14b5
2026081425,cd5d7972-9a46-11f2-2b67-7175fa9a93b8,9100004,PROJECTA BRUTE FORCE THRESHOLD,2026-08-15T12:38:56.359033+0000,/login?ok=0&sid=cd5d7972-9a46-11f2-2b67-7175fa9a93b8
2026081425,556a4756-b015-4329-fdf1-057be833f03b,9100004,PROJECTA BRUTE FORCE THRESHOLD,2026-08-15T12:38:57.278234+0000,/login?ok=0&sid=556a4756-b015-4329-fdf1-057be833f03b
2026081425,b625a1c3-77f3-d8cb-c6da-8ef68bd10cef,9100002,PROJECTA PATH TRAVERSAL,2026-08-15T12:38:56.833528+0000,/%2e%2e/%2e%2e/etc/passwd?sid=b625a1c3-77f3-d8cb-c6da-8ef68bd10cef
2026081425,b5cb8628-e7b8-f878-ba95-f7a0b250d42c,9100004,PROJECTA BRUTE FORCE THRESHOLD,2026-08-15T12:38:56.173211+0000,/login?ok=0&sid=b5cb8628-e7b8-f878-ba95-f7a0b250d42c
2026081425,95de8f37-fae2-dc4b-9db8-03c4191a5681,9100004,PROJECTA BRUTE FORCE THRESHOLD,2026-08-15T12:38:56.285197+0000,/login?ok=0&sid=95de8f37-fae2-dc4b-9db8-03c4191a5681
2026081425,2f832220-0dbd-8631-8e36-02f2f7e3f423,9100004,PROJECTA BRUTE FORCE THRESHOLD,2026-08-15T12:38:56.561952+0000,/login?ok=0&sid=2f832220-0dbd-8631-8e36-02f2f7e3f423
2026081425,6f33cfd9-ea55-96bd-6b56-c16dc5d655d2,9100004,PROJECTA BRUTE FORCE THRESHOLD,2026-08-15T12:38:57.394355+0000,/login?ok=0&sid=6f33cfd9-ea55-96bd-6b56-c16dc5d655d2
2026081425,9b18af29-2a1f-2e48-1bac-ea084248b718,9100004,PROJECTA BRUTE FORCE THRESHOLD,2026-08-15T12:38:57.314775+0000,/login?ok=0&sid=9b18af29-2a1f-2e48-1bac-ea084248b718
2026081425,05c04c4a-ad3a-61a6-ee3d-db6d705cc179,9100004,PROJECTA BRUTE FORCE THRESHOLD,2026-08-15T12:38:56.351523+0000,/login?ok=0&sid=05c04c4a-ad3a-61a6-ee3d-db6d705cc179
2026081425,bedc5fbb-d0cc-d271-eef9-c9fad01d03ab,9100004,PROJECTA BRUTE FORCE THRESHOLD,2026-08-15T12:38:57.519919+0000,/login?ok=0&sid=bedc5fbb-d0cc-d271-eef9-c9fad01d03ab
2026081425,7dc57bda-ef2b-1146-a6c4-f044437afa42,9100004,PROJECTA BRUTE FORCE THRESHOLD,2026-08-15T12:38:56.573563+0000,/login?ok=0&sid=7dc57bda-ef2b-1146-a6c4-f044437afa42
2026081425,d37f6298-4b94-564f-51a2-b81e701f0312,9100004,PROJECTA BRUTE FORCE THRESHOLD,2026-08-15T12:38:57.534074+0000,/login?ok=0&sid=d37f6298-4b94-564f-51a2-b81e701f0312
2026081425,e3cae530-48f5-0e14-2a77-18ada09b5dac,9100004,PROJECTA BRUTE FORCE THRESHOLD,2026-08-15T12:38:56.181946+0000,/login?ok=0&sid=e3cae530-48f5-0e14-2a77-18ada09b5dac
2026081425,83ccffb6-1ad3-1705-1990-b3c484caddd0,9100004,PROJECTA BRUTE FORCE THRESHOLD,2026-08-15T12:38:56.583667+0000,/login?ok=0&sid=83ccffb6-1ad3-1705-1990-b3c484caddd0
2026081425,9120f327-51a5-0b6b-8490-d903ee70066f,9100004,PROJECTA BRUTE FORCE THRESHOLD,2026-08-15T12:38:57.407782+0000,/login?ok=0&sid=9120f327-51a5-0b6b-8490-d903ee70066f
2026081425,a227afeb-6bee-0dc8-d017-bb08433375f5,9100004,PROJECTA BRUTE FORCE THRESHOLD,2026-08-15T12:38:57.207858+0000,/login?ok=0&sid=a227afeb-6bee-0dc8-d017-bb08433375f5
2026081425,0579ffac-b362-759b-2fef-e22b63ff6566,9100004,PROJECTA BRUTE FORCE THRESHOLD,2026-08-15T12:38:57.236331+0000,/login?ok=0&sid=0579ffac-b362-759b-2fef-e22b63ff6566
2026081425,3da568a8-84aa-1228-300c-90a6acc8b2d6,9100004,PROJECTA BRUTE FORCE THRESHOLD,2026-08-15T12:38:56.600427+0000,/login?ok=0&sid=3da568a8-84aa-1228-300c-90a6acc8b2d6
2026081425,f407b8db-3b3b-dd4d-f20b-952cc114133c,9100002,PROJECTA PATH TRAVERSAL,2026-08-15T12:38:56.791017+0000,/%2e%2e/%2e%2e/etc/passwd?sid=f407b8db-3b3b-dd4d-f20b-952cc114133c
2026081425,2a7f60ca-ae6f-4840-f320-4400b99a3c31,9100004,PROJECTA BRUTE FORCE THRESHOLD,2026-08-15T12:38:57.561072+0000,/login?ok=0&sid=2a7f60ca-ae6f-4840-f320-4400b99a3c31
2026081425,dab538c2-bbb0-41ae-504e-a76c8fc1d66c,9100004,PROJECTA BRUTE FORCE THRESHOLD,2026-08-15T12:38:57.289434+0000,/login?ok=0&sid=dab538c2-bbb0-41ae-504e-a76c8fc1d66c
2026081425,d581b76b-0557-efe9-9454-2446bbec2364,9100004,PROJECTA BRUTE FORCE THRESHOLD,2026-08-15T12:38:57.226832+0000,/login?ok=0&sid=d581b76b-0557-efe9-9454-2446bbec2364
2026081425,f342ed65-5515-53f6-6638-6154169148fe,9100003,PROJECTA COMMAND PROBE,2026-08-15T12:38:57.814967+0000,/cmd?x=id&sid=f342ed65-5515-53f6-6638-6154169148fe
2026081425,c3440471-648e-2e3e-d50e-ab6d9a10cc74,9100004,PROJECTA BRUTE FORCE THRESHOLD,2026-08-15T12:38:57.422454+0000,/login?ok=0&sid=c3440471-648e-2e3e-d50e-ab6d9a10cc74
2026081425,4bad23ff-bd99-d042-44e0-28f072812aa5,9100004,PROJECTA BRUTE FORCE THRESHOLD,2026-08-15T12:38:57.554160+0000,/login?ok=0&sid=4bad23ff-bd99-d042-44e0-28f072812aa5
2026081425,9822fb5e-f95c-d169-d780-f56c79c9e0e7,9100004,PROJECTA BRUTE FORCE THRESHOLD,2026-08-15T12:38:57.308078+0000,/login?ok=0&sid=9822fb5e-f95c-d169-d780-f56c79c9e0e7
2026081425,c1b196bf-0421-93c9-355a-7723cb413b4e,9100001,PROJECTA ADMIN SENSITIVE ACCESS,2026-08-15T12:38:57.833464+0000,/admin/secret?sid=c1b196bf-0421-93c9-355a-7723cb413b4e
2026081425,ac67912d-fc9e-118d-618f-525cc62a454a,9100004,PROJECTA BRUTE FORCE THRESHOLD,2026-08-15T12:38:57.413337+0000,/login?ok=0&sid=ac67912d-fc9e-118d-618f-525cc62a454a
2026081425,2ce4cfe0-8e27-79a9-4fd7-d4cf901ab19e,9100003,PROJECTA COMMAND PROBE,2026-08-15T12:38:57.463642+0000,/cmd?x=id&sid=2ce4cfe0-8e27-79a9-4fd7-d4cf901ab19e
2026081425,26a4f20c-a2fb-65b2-4c36-a2100f8ddf61,9100004,PROJECTA BRUTE FORCE THRESHOLD,2026-08-15T12:38:57.540153+0000,/login?ok=0&sid=26a4f20c-a2fb-65b2-4c36-a2100f8ddf61
2026081425,d28e9b8e-d2e4-047b-c463-63fb3fc188a6,9100004,PROJECTA BRUTE FORCE THRESHOLD,2026-08-15T12:38:57.302618+0000,/login?ok=0&sid=d28e9b8e-d2e4-047b-c463-63fb3fc188a6
2026081425,87cc316e-8b84-272d-64d2-5b4c656ea6d5,9100004,PROJECTA BRUTE FORCE THRESHOLD,2026-08-15T12:38:57.403821+0000,/login?ok=0&sid=87cc316e-8b84-272d-64d2-5b4c656ea6d5
2026081425,02b0cb9a-686c-a526-83c6-4f62961dbeb5,9100002,PROJECTA PATH TRAVERSAL,2026-08-15T12:38:57.704815+0000,/%2e%2e/%2e%2e/etc/passwd?sid=02b0cb9a-686c-a526-83c6-4f62961dbeb5
2026081426,20a36fbf-7c48-b2fc-8349-983110e84bad,9100003,PROJECTA COMMAND PROBE,2026-08-15T12:39:05.615791+0000,/cmd?x=id&sid=20a36fbf-7c48-b2fc-8349-983110e84bad
2026081426,32ba447f-d5d1-3d5b-22ba-b8bf132d10a2,9100004,PROJECTA BRUTE FORCE THRESHOLD,2026-08-15T12:39:05.846425+0000,/login?ok=0&sid=32ba447f-d5d1-3d5b-22ba-b8bf132d10a2
2026081426,aaaab3cf-ee92-a24b-cf36-c77a291c776e,9100003,PROJECTA COMMAND PROBE,2026-08-15T12:39:05.808985+0000,/cmd?x=id&sid=aaaab3cf-ee92-a24b-cf36-c77a291c776e
2026081426,ade66133-d7cf-f9e2-a630-7057dbfae06b,9100004,PROJECTA BRUTE FORCE THRESHOLD,2026-08-15T12:39:06.206635+0000,/login?ok=0&sid=ade66133-d7cf-f9e2-a630-7057dbfae06b
2026081426,3c98d41a-7234-edee-1a96-40f3c4a01afb,9100002,PROJECTA PATH TRAVERSAL,2026-08-15T12:39:05.738035+0000,/%2e%2e/%2e%2e/etc/passwd?sid=3c98d41a-7234-edee-1a96-40f3c4a01afb
2026081426,aca3a9ab-8204-216f-1448-f97371e4b46c,9100004,PROJECTA BRUTE FORCE THRESHOLD,2026-08-15T12:39:06.006100+0000,/login?ok=0&sid=aca3a9ab-8204-216f-1448-f97371e4b46c
2026081426,b4e60a07-7346-c89f-1d82-1fe08b68f1cf,9100004,PROJECTA BRUTE FORCE THRESHOLD,2026-08-15T12:39:06.572155+0000,/login?ok=0&sid=b4e60a07-7346-c89f-1d82-1fe08b68f1cf
2026081426,bff7d65a-2d15-e3dc-a80e-305875a5869b,9100004,PROJECTA BRUTE FORCE THRESHOLD,2026-08-15T12:39:05.822155+0000,/login?ok=0&sid=bff7d65a-2d15-e3dc-a80e-305875a5869b
2026081426,2c8cc294-c8cb-76ec-bd87-149c1e2d4a20,9100001,PROJECTA ADMIN SENSITIVE ACCESS,2026-08-15T12:39:06.860433+0000,/admin/secret?sid=2c8cc294-c8cb-76ec-bd87-149c1e2d4a20
2026081426,ce51107e-952f-ca35-94b4-131b3837a3e5,9100004,PROJECTA BRUTE FORCE THRESHOLD,2026-08-15T12:39:06.160762+0000,/login?ok=0&sid=ce51107e-952f-ca35-94b4-131b3837a3e5
2026081426,2cb73ba9-f84f-a50a-1a6b-99a8324b5247,9100004,PROJECTA BRUTE FORCE THRESHOLD,2026-08-15T12:39:05.855042+0000,/login?ok=0&sid=2cb73ba9-f84f-a50a-1a6b-99a8324b5247
2026081426,353c8dee-1731-740e-65d6-bf06ea45eb50,9100004,PROJECTA BRUTE FORCE THRESHOLD,2026-08-15T12:39:07.020828+0000,/login?ok=0&sid=353c8dee-1731-740e-65d6-bf06ea45eb50
2026081426,d2772a0f-ffe7-c163-d6d5-ccc695526ca7,9100004,PROJECTA BRUTE FORCE THRESHOLD,2026-08-15T12:39:06.218121+0000,/login?ok=0&sid=d2772a0f-ffe7-c163-d6d5-ccc695526ca7
2026081426,6e1f6276-6e0c-a302-c37e-80c1986d78e3,9100004,PROJECTA BRUTE FORCE THRESHOLD,2026-08-15T12:39:06.690529+0000,/login?ok=0&sid=6e1f6276-6e0c-a302-c37e-80c1986d78e3
2026081426,f44d500b-8199-3eb6-fc6a-d05fd9614494,9100004,PROJECTA BRUTE FORCE THRESHOLD,2026-08-15T12:39:06.589009+0000,/login?ok=0&sid=f44d500b-8199-3eb6-fc6a-d05fd9614494
2026081426,b03e76d2-d2e0-ab06-48f5-43602139b8ce,9100004,PROJECTA BRUTE FORCE THRESHOLD,2026-08-15T12:39:05.987207+0000,/login?ok=0&sid=b03e76d2-d2e0-ab06-48f5-43602139b8ce
2026081426,8672fef7-eb58-1c14-5e28-cd4f7166047b,9100004,PROJECTA BRUTE FORCE THRESHOLD,2026-08-15T12:39:06.123333+0000,/login?ok=0&sid=8672fef7-eb58-1c14-5e28-cd4f7166047b
2026081426,32468002-15f5-b8dc-355a-08ebced04977,9100004,PROJECTA BRUTE FORCE THRESHOLD,2026-08-15T12:39:06.408266+0000,/login?ok=0&sid=32468002-15f5-b8dc-355a-08ebced04977
2026081426,e088ead4-943c-11f8-b0a3-07cc1777f3cf,9100004,PROJECTA BRUTE FORCE THRESHOLD,2026-08-15T12:39:06.829065+0000,/login?ok=0&sid=e088ead4-943c-11f8-b0a3-07cc1777f3cf
2026081426,58bd522e-ef4e-de36-e678-adaad6e9b03c,9100002,PROJECTA PATH TRAVERSAL,2026-08-15T12:39:06.465631+0000,/%2e%2e/%2e%2e/etc/passwd?sid=58bd522e-ef4e-de36-e678-adaad6e9b03c
2026081426,a69dccc4-1f5c-d0d9-1e88-a7e6db1fdcbf,9100004,PROJECTA BRUTE FORCE THRESHOLD,2026-08-15T12:39:06.142997+0000,/login?ok=0&sid=a69dccc4-1f5c-d0d9-1e88-a7e6db1fdcbf
2026081426,a1b618f3-86f9-9385-ef63-de14ec5cdfb3,9100004,PROJECTA BRUTE FORCE THRESHOLD,2026-08-15T12:39:06.357030+0000,/login?ok=0&sid=a1b618f3-86f9-9385-ef63-de14ec5cdfb3
2026081426,bad29e0e-bc17-9c24-2ee4-f2886d5d94bd,9100004,PROJECTA BRUTE FORCE THRESHOLD,2026-08-15T12:39:05.997899+0000,/login?ok=0&sid=bad29e0e-bc17-9c24-2ee4-f2886d5d94bd
2026081426,7de5c5f3-6c4b-74ec-4dfb-d2a75b338b03,9100004,PROJECTA BRUTE FORCE THRESHOLD,2026-08-15T12:39:06.151369+0000,/login?ok=0&sid=7de5c5f3-6c4b-74ec-4dfb-d2a75b338b03
2026081426,9b646a3c-5b89-31fb-855b-a2db36053cd7,9100004,PROJECTA BRUTE FORCE THRESHOLD,2026-08-15T12:39:06.235308+0000,/login?ok=0&sid=9b646a3c-5b89-31fb-855b-a2db36053cd7
2026081426,ef635fec-2c00-a51c-6e9a-435f98dc4f0f,9100003,PROJECTA COMMAND PROBE,2026-08-15T12:39:05.899047+0000,/cmd?x=id&sid=ef635fec-2c00-a51c-6e9a-435f98dc4f0f
2026081426,db219869-04be-96aa-c028-229d1279a076,9100004,PROJECTA BRUTE FORCE THRESHOLD,2026-08-15T12:39:06.174228+0000,/login?ok=0&sid=db219869-04be-96aa-c028-229d1279a076
2026081426,93cf69d9-a4d1-ef96-54bc-93f0120f8d86,9100004,PROJECTA BRUTE FORCE THRESHOLD,2026-08-15T12:39:06.670401+0000,/login?ok=0&sid=93cf69d9-a4d1-ef96-54bc-93f0120f8d86
2026081426,34134a41-551e-7d27-f0a4-7c5c6aaf8c4d,9100004,PROJECTA BRUTE FORCE THRESHOLD,2026-08-15T12:39:06.618376+0000,/login?ok=0&sid=34134a41-551e-7d27-f0a4-7c5c6aaf8c4d
2026081426,90801ae5-6fe5-5c73-67c3-dafbe77146c6,9100004,PROJECTA BRUTE FORCE THRESHOLD,2026-08-15T12:39:06.678425+0000,/login?ok=0&sid=90801ae5-6fe5-5c73-67c3-dafbe77146c6
2026081426,3bae538f-787d-42ba-be2e-10d33a686133,9100004,PROJECTA BRUTE FORCE THRESHOLD,2026-08-15T12:39:05.829691+0000,/login?ok=0&sid=3bae538f-787d-42ba-be2e-10d33a686133
2026081426,54cf8ebf-f308-20fa-8f82-bf2b6f91147f,9100004,PROJECTA BRUTE FORCE THRESHOLD,2026-08-15T12:39:06.739288+0000,/login?ok=0&sid=54cf8ebf-f308-20fa-8f82-bf2b6f91147f
2026081426,d25b115a-e22c-cc9a-247b-ad38d20441a6,9100004,PROJECTA BRUTE FORCE THRESHOLD,2026-08-15T12:39:06.132090+0000,/login?ok=0&sid=d25b115a-e22c-cc9a-247b-ad38d20441a6
2026081426,8d26511b-d4ed-1340-c5f7-b5023ad0bb0b,9100004,PROJECTA BRUTE FORCE THRESHOLD,2026-08-15T12:39:05.976277+0000,/login?ok=0&sid=8d26511b-d4ed-1340-c5f7-b5023ad0bb0b
2026081426,4b622819-2b5d-6aba-2ae2-c86eb62c6514,9100004,PROJECTA BRUTE FORCE THRESHOLD,2026-08-15T12:39:06.849008+0000,/login?ok=0&sid=4b622819-2b5d-6aba-2ae2-c86eb62c6514
2026081426,1b867701-d3b0-3bf2-6103-6bb53d5efc45,9100004,PROJECTA BRUTE FORCE THRESHOLD,2026-08-15T12:39:06.333962+0000,/login?ok=0&sid=1b867701-d3b0-3bf2-6103-6bb53d5efc45
2026081426,be44d1fd-3f4e-2844-a5bc-af3cebb19639,9100002,PROJECTA PATH TRAVERSAL,2026-08-15T12:39:06.549919+0000,/%2e%2e/%2e%2e/etc/passwd?sid=be44d1fd-3f4e-2844-a5bc-af3cebb19639
2026081426,f5fc62a4-165f-dbd7-c46f-713a6f1888c1,9100004,PROJECTA BRUTE FORCE THRESHOLD,2026-08-15T12:39:06.641196+0000,/login?ok=0&sid=f5fc62a4-165f-dbd7-c46f-713a6f1888c1
2026081426,e7c9826a-bdbf-09ab-6ca8-3cc09863a59c,9100004,PROJECTA BRUTE FORCE THRESHOLD,2026-08-15T12:39:06.393013+0000,/login?ok=0&sid=e7c9826a-bdbf-09ab-6ca8-3cc09863a59c
2026081426,44aa13f5-c3fd-77dd-cab0-cc361617323d,9100004,PROJECTA BRUTE FORCE THRESHOLD,2026-08-15T12:39:06.380614+0000,/login?ok=0&sid=44aa13f5-c3fd-77dd-cab0-cc361617323d
2026081426,1aca0237-4330-2a19-9991-89a43fef6375,9100004,PROJECTA BRUTE FORCE THRESHOLD,2026-08-15T12:39:06.808816+0000,/login?ok=0&sid=1aca0237-4330-2a19-9991-89a43fef6375
2026081426,cdf8747b-6d7d-ffb0-609f-e483876d5fea,9100004,PROJECTA BRUTE FORCE THRESHOLD,2026-08-15T12:39:06.658615+0000,/login?ok=0&sid=cdf8747b-6d7d-ffb0-609f-e483876d5fea
2026081426,a8e2c2a4-9770-0832-8af4-460fc1d7bc2a,9100004,PROJECTA BRUTE FORCE THRESHOLD,2026-08-15T12:39:06.563637+0000,/login?ok=0&sid=a8e2c2a4-9770-0832-8af4-460fc1d7bc2a
2026081426,88983eaa-3e7c-959b-7625-f19d8db40dc8,9100003,PROJECTA COMMAND PROBE,2026-08-15T12:39:06.977899+0000,/cmd?x=id&sid=88983eaa-3e7c-959b-7625-f19d8db40dc8
2026081426,e28c7f22-a43e-f0e2-40cb-495485ffa8d2,9100004,PROJECTA BRUTE FORCE THRESHOLD,2026-08-15T12:39:07.007553+0000,/login?ok=0&sid=e28c7f22-a43e-f0e2-40cb-495485ffa8d2
2026081426,3595a466-5385-3837-d4ac-ff73c7a756fb,9100004,PROJECTA BRUTE FORCE THRESHOLD,2026-08-15T12:39:06.698225+0000,/login?ok=0&sid=3595a466-5385-3837-d4ac-ff73c7a756fb
2026081426,c9f19cdb-6452-fde2-4b47-8147e669e9c1,9100004,PROJECTA BRUTE FORCE THRESHOLD,2026-08-15T12:39:06.835510+0000,/login?ok=0&sid=c9f19cdb-6452-fde2-4b47-8147e669e9c1
2026081426,1dabe078-edf3-02e5-1512-0e4c1c7b7c0d,9100004,PROJECTA BRUTE FORCE THRESHOLD,2026-08-15T12:39:06.713111+0000,/login?ok=0&sid=1dabe078-edf3-02e5-1512-0e4c1c7b7c0d
2026081426,af8c8a3b-7900-64f9-7ea1-09758c3533b2,9100004,PROJECTA BRUTE FORCE THRESHOLD,2026-08-15T12:39:07.037161+0000,/login?ok=0&sid=af8c8a3b-7900-64f9-7ea1-09758c3533b2
2026081426,19a9527c-cf14-b1c2-3735-7f92582ca4ec,9100004,PROJECTA BRUTE FORCE THRESHOLD,2026-08-15T12:39:06.823549+0000,/login?ok=0&sid=19a9527c-cf14-b1c2-3735-7f92582ca4ec
2026081426,8e509358-2557-76ad-0a99-cde06eb03867,9100004,PROJECTA BRUTE FORCE THRESHOLD,2026-08-15T12:39:07.069305+0000,/login?ok=0&sid=8e509358-2557-76ad-0a99-cde06eb03867
2026081426,97c826a5-0842-56d3-0dd3-d76f4c16c431,9100004,PROJECTA BRUTE FORCE THRESHOLD,2026-08-15T12:39:07.083529+0000,/login?ok=0&sid=97c826a5-0842-56d3-0dd3-d76f4c16c431
2026081426,01fa8bd0-91f9-e957-1833-bc7dfcb8dcfe,9100004,PROJECTA BRUTE FORCE THRESHOLD,2026-08-15T12:39:08.103199+0000,/login?ok=0&sid=01fa8bd0-91f9-e957-1833-bc7dfcb8dcfe
2026081426,2ff1258a-71ab-a474-e19b-741e45f6b868,9100004,PROJECTA BRUTE FORCE THRESHOLD,2026-08-15T12:39:07.041774+0000,/login?ok=0&sid=2ff1258a-71ab-a474-e19b-741e45f6b868
2026081426,4c66604a-cbb0-71d5-2f78-cbe65baea66d,9100004,PROJECTA BRUTE FORCE THRESHOLD,2026-08-15T12:39:07.098553+0000,/login?ok=0&sid=4c66604a-cbb0-71d5-2f78-cbe65baea66d
2026081426,509c7f3c-fc87-1fb7-34ed-13270a19d182,9100001,PROJECTA ADMIN SENSITIVE ACCESS,2026-08-15T12:39:07.676827+0000,/admin/secret?sid=509c7f3c-fc87-1fb7-34ed-13270a19d182
2026081426,c0a601b8-cde5-468b-717a-64d8273e010c,9100004,PROJECTA BRUTE FORCE THRESHOLD,2026-08-15T12:39:07.031041+0000,/login?ok=0&sid=c0a601b8-cde5-468b-717a-64d8273e010c
2026081426,4d75af03-861f-a798-000d-a469c7fcc4d4,9100004,PROJECTA BRUTE FORCE THRESHOLD,2026-08-15T12:39:07.597971+0000,/login?ok=0&sid=4d75af03-861f-a798-000d-a469c7fcc4d4
2026081426,da301f32-530a-f8d1-fd8a-d85963d4f340,9100003,PROJECTA COMMAND PROBE,2026-08-15T12:39:06.967902+0000,/cmd?x=id&sid=da301f32-530a-f8d1-fd8a-d85963d4f340
2026081426,dfef1011-0487-329e-0bf6-d11b69d2a6de,9100001,PROJECTA ADMIN SENSITIVE ACCESS,2026-08-15T12:39:07.353248+0000,/admin/secret?sid=dfef1011-0487-329e-0bf6-d11b69d2a6de
2026081426,bb5fc5cc-1dd3-9608-64ec-cacec0a790ab,9100003,PROJECTA COMMAND PROBE,2026-08-15T12:39:07.168394+0000,/cmd?x=id&sid=bb5fc5cc-1dd3-9608-64ec-cacec0a790ab
2026081426,8f5aeb33-8b7c-996e-45d2-8270a20be0aa,9100004,PROJECTA BRUTE FORCE THRESHOLD,2026-08-15T12:39:07.897035+0000,/login?ok=0&sid=8f5aeb33-8b7c-996e-45d2-8270a20be0aa
2026081426,c127880b-6d7b-21c1-7306-4d474c68a663,9100004,PROJECTA BRUTE FORCE THRESHOLD,2026-08-15T12:39:08.351678+0000,/login?ok=0&sid=c127880b-6d7b-21c1-7306-4d474c68a663
2026081426,b5c5947a-7036-49b7-4c2d-d3382900d99f,9100004,PROJECTA BRUTE FORCE THRESHOLD,2026-08-15T12:39:07.858907+0000,/login?ok=0&sid=b5c5947a-7036-49b7-4c2d-d3382900d99f
2026081426,bfe6b064-cdf3-555b-cef1-ae7571d667ed,9100004,PROJECTA BRUTE FORCE THRESHOLD,2026-08-15T12:39:07.590591+0000,/login?ok=0&sid=bfe6b064-cdf3-555b-cef1-ae7571d667ed
2026081426,a5b8f17a-47a4-f1fa-9a8f-7260965e2119,9100004,PROJECTA BRUTE FORCE THRESHOLD,2026-08-15T12:39:07.613613+0000,/login?ok=0&sid=a5b8f17a-47a4-f1fa-9a8f-7260965e2119
2026081426,85c5822e-ed67-7c80-72a0-ed332776fc5b,9100003,PROJECTA COMMAND PROBE,2026-08-15T12:39:07.810612+0000,/cmd?x=id&sid=85c5822e-ed67-7c80-72a0-ed332776fc5b
2026081426,0e83a031-ff90-7761-f029-cb6302af23f7,9100001,PROJECTA ADMIN SENSITIVE ACCESS,2026-08-15T12:39:07.329548+0000,/admin/secret?sid=0e83a031-ff90-7761-f029-cb6302af23f7
2026081426,b9e0e2eb-df45-e132-1c07-617f04542ce4,9100004,PROJECTA BRUTE FORCE THRESHOLD,2026-08-15T12:39:07.883013+0000,/login?ok=0&sid=b9e0e2eb-df45-e132-1c07-617f04542ce4
2026081426,48bbf29f-5751-9c9b-3828-81d6bcb39e79,9100002,PROJECTA PATH TRAVERSAL,2026-08-15T12:39:07.309803+0000,/%2e%2e/%2e%2e/etc/passwd?sid=48bbf29f-5751-9c9b-3828-81d6bcb39e79
2026081426,527f99ba-92c3-9dd2-0956-78b42bb336f2,9100004,PROJECTA BRUTE FORCE THRESHOLD,2026-08-15T12:39:08.185509+0000,/login?ok=0&sid=527f99ba-92c3-9dd2-0956-78b42bb336f2
2026081426,bd1bee04-e580-076b-fb06-0c2fd3a37c4d,9100003,PROJECTA COMMAND PROBE,2026-08-15T12:39:07.408958+0000,/cmd?x=id&sid=bd1bee04-e580-076b-fb06-0c2fd3a37c4d
2026081426,f066c861-4324-0b99-e2d4-89e67e622878,9100004,PROJECTA BRUTE FORCE THRESHOLD,2026-08-15T12:39:08.194124+0000,/login?ok=0&sid=f066c861-4324-0b99-e2d4-89e67e622878
2026081426,942b099d-a3c1-707e-3bb1-9707af9fb55b,9100001,PROJECTA ADMIN SENSITIVE ACCESS,2026-08-15T12:39:06.534423+0000,/admin/secret?sid=942b099d-a3c1-707e-3bb1-9707af9fb55b
2026081426,4e075593-f079-4dba-a49b-69536d14d738,9100004,PROJECTA BRUTE FORCE THRESHOLD,2026-08-15T12:39:08.010256+0000,/login?ok=0&sid=4e075593-f079-4dba-a49b-69536d14d738
2026081426,1f2df1a7-6636-6612-7ed7-92f53c07be05,9100004,PROJECTA BRUTE FORCE THRESHOLD,2026-08-15T12:39:08.172806+0000,/login?ok=0&sid=1f2df1a7-6636-6612-7ed7-92f53c07be05
2026081426,d3690fcf-2010-1a34-3724-0083f896967e,9100002,PROJECTA PATH TRAVERSAL,2026-08-15T12:39:07.903062+0000,/%2e%2e/%2e%2e/etc/passwd?sid=d3690fcf-2010-1a34-3724-0083f896967e
2026081426,bdff9e75-a5a8-f5b6-e18b-22b4a9399c4e,9100004,PROJECTA BRUTE FORCE THRESHOLD,2026-08-15T12:39:06.645112+0000,/login?ok=0&sid=bdff9e75-a5a8-f5b6-e18b-22b4a9399c4e
2026081426,8599b665-0c88-16eb-0c84-daa0573ea3eb,9100003,PROJECTA COMMAND PROBE,2026-08-15T12:39:07.824286+0000,/cmd?x=id&sid=8599b665-0c88-16eb-0c84-daa0573ea3eb
2026081426,fa1f0e2a-2545-3c34-e7fe-2f85bad896f7,9100004,PROJECTA BRUTE FORCE THRESHOLD,2026-08-15T12:39:07.574733+0000,/login?ok=0&sid=fa1f0e2a-2545-3c34-e7fe-2f85bad896f7
2026081426,854063d0-0bc3-26f0-45ac-a0a2e18dc725,9100002,PROJECTA PATH TRAVERSAL,2026-08-15T12:39:08.515092+0000,/%2e%2e/%2e%2e/etc/passwd?sid=854063d0-0bc3-26f0-45ac-a0a2e18dc725
2026081426,5f7eb856-7c1e-16ff-a0e2-eec7ca4cfd36,9100004,PROJECTA BRUTE FORCE THRESHOLD,2026-08-15T12:39:08.002447+0000,/login?ok=0&sid=5f7eb856-7c1e-16ff-a0e2-eec7ca4cfd36
2026081426,3cb775d1-a652-7d2d-bb53-3e98f2cd3f09,9100004,PROJECTA BRUTE FORCE THRESHOLD,2026-08-15T12:39:06.725301+0000,/login?ok=0&sid=3cb775d1-a652-7d2d-bb53-3e98f2cd3f09
2026081426,fd77de87-d25b-767b-3afe-789c03f29441,9100001,PROJECTA ADMIN SENSITIVE ACCESS,2026-08-15T12:39:08.306207+0000,/admin/secret?sid=fd77de87-d25b-767b-3afe-789c03f29441
2026081426,e058097c-6fce-563e-329f-0dd734a16ec0,9100004,PROJECTA BRUTE FORCE THRESHOLD,2026-08-15T12:39:08.361320+0000,/login?ok=0&sid=e058097c-6fce-563e-329f-0dd734a16ec0
2026081426,bc5f26ae-9e03-f06b-7a38-65da62da14ad,9100004,PROJECTA BRUTE FORCE THRESHOLD,2026-08-15T12:39:08.670920+0000,/login?ok=0&sid=bc5f26ae-9e03-f06b-7a38-65da62da14ad
2026081426,5b471896-d971-268b-26f9-11239238905c,9100004,PROJECTA BRUTE FORCE THRESHOLD,2026-08-15T12:39:08.369234+0000,/login?ok=0&sid=5b471896-d971-268b-26f9-11239238905c
2026081426,f3fa9591-f694-bdd2-0386-aa00e676f6b3,9100004,PROJECTA BRUTE FORCE THRESHOLD,2026-08-15T12:39:08.378607+0000,/login?ok=0&sid=f3fa9591-f694-bdd2-0386-aa00e676f6b3
2026081426,8f956e8d-b1b9-29b9-89a1-4b24ca5e31b8,9100004,PROJECTA BRUTE FORCE THRESHOLD,2026-08-15T12:39:08.385757+0000,/login?ok=0&sid=8f956e8d-b1b9-29b9-89a1-4b24ca5e31b8
2026081426,2e771e78-3985-ae86-3de3-05ddb010ea8a,9100004,PROJECTA BRUTE FORCE THRESHOLD,2026-08-15T12:39:08.025315+0000,/login?ok=0&sid=2e771e78-3985-ae86-3de3-05ddb010ea8a
2026081426,1c53ddb2-802e-a29a-5f5b-227f0af64799,9100003,PROJECTA COMMAND PROBE,2026-08-15T12:39:08.312184+0000,/cmd?x=id&sid=1c53ddb2-802e-a29a-5f5b-227f0af64799
2026081426,07fb9606-8c3a-8075-d7aa-0dfbe2190974,9100004,PROJECTA BRUTE FORCE THRESHOLD,2026-08-15T12:39:07.869805+0000,/login?ok=0&sid=07fb9606-8c3a-8075-d7aa-0dfbe2190974
2026081426,55a88f40-9cea-88a5-b1d2-05897fffad6d,9100004,PROJECTA BRUTE FORCE THRESHOLD,2026-08-15T12:39:07.053692+0000,/login?ok=0&sid=55a88f40-9cea-88a5-b1d2-05897fffad6d
2026081426,7b4e8de1-ebab-f151-2cea-0aed9ea1f814,9100004,PROJECTA BRUTE FORCE THRESHOLD,2026-08-15T12:39:08.030031+0000,/login?ok=0&sid=7b4e8de1-ebab-f151-2cea-0aed9ea1f814
2026081426,2b6accb4-4850-72f3-cdd6-5ecf0833e46a,9100004,PROJECTA BRUTE FORCE THRESHOLD,2026-08-15T12:39:07.079437+0000,/login?ok=0&sid=2b6accb4-4850-72f3-cdd6-5ecf0833e46a
2026081426,d17197ea-6613-ab34-3bb5-24ee0d29e3d0,9100004,PROJECTA BRUTE FORCE THRESHOLD,2026-08-15T12:39:08.648230+0000,/login?ok=0&sid=d17197ea-6613-ab34-3bb5-24ee0d29e3d0
2026081426,9d730142-a071-0764-a0c4-3c87ccfb4c4b,9100002,PROJECTA PATH TRAVERSAL,2026-08-15T12:39:07.738961+0000,/%2e%2e/%2e%2e/etc/passwd?sid=9d730142-a071-0764-a0c4-3c87ccfb4c4b
2026081426,1aaa349d-ed00-f842-2a88-921a0dc269dd,9100004,PROJECTA BRUTE FORCE THRESHOLD,2026-08-15T12:39:07.990001+0000,/login?ok=0&sid=1aaa349d-ed00-f842-2a88-921a0dc269dd
2026081426,cf3596b9-6d33-ffc3-49aa-7eb75f2e9938,9100004,PROJECTA BRUTE FORCE THRESHOLD,2026-08-15T12:39:08.637136+0000,/login?ok=0&sid=cf3596b9-6d33-ffc3-49aa-7eb75f2e9938
2026081426,4e9b88f3-e1c2-2267-2367-346148877e45,9100004,PROJECTA BRUTE FORCE THRESHOLD,2026-08-15T12:39:08.685468+0000,/login?ok=0&sid=4e9b88f3-e1c2-2267-2367-346148877e45
2026081426,d19b4bd8-77d1-04c4-ee00-e36ffd2da474,9100004,PROJECTA BRUTE FORCE THRESHOLD,2026-08-15T12:39:08.701549+0000,/login?ok=0&sid=d19b4bd8-77d1-04c4-ee00-e36ffd2da474
2026081426,835b2e0d-2cee-2fbf-b1a0-56603f3f7ea9,9100004,PROJECTA BRUTE FORCE THRESHOLD,2026-08-15T12:39:07.877058+0000,/login?ok=0&sid=835b2e0d-2cee-2fbf-b1a0-56603f3f7ea9
2026081426,e243e2fc-6c23-19fb-c7e7-3c71efb1ed34,9100004,PROJECTA BRUTE FORCE THRESHOLD,2026-08-15T12:39:08.740056+0000,/login?ok=0&sid=e243e2fc-6c23-19fb-c7e7-3c71efb1ed34
2026081426,3b708893-24a0-ece1-306d-8f66eb5ebfee,9100004,PROJECTA BRUTE FORCE THRESHOLD,2026-08-15T12:39:08.754240+0000,/login?ok=0&sid=3b708893-24a0-ece1-306d-8f66eb5ebfee
2026081426,29e50dc6-37b7-541d-0dd0-97d58cec8401,9100004,PROJECTA BRUTE FORCE THRESHOLD,2026-08-15T12:39:08.068962+0000,/login?ok=0&sid=29e50dc6-37b7-541d-0dd0-97d58cec8401
2026081426,72194d55-4a32-39cc-ea27-a12c1d4ce9c2,9100004,PROJECTA BRUTE FORCE THRESHOLD,2026-08-15T12:39:08.177370+0000,/login?ok=0&sid=72194d55-4a32-39cc-ea27-a12c1d4ce9c2
2026081426,613b46df-c871-3e06-41fc-7b261d185658,9100004,PROJECTA BRUTE FORCE THRESHOLD,2026-08-15T12:39:07.623312+0000,/login?ok=0&sid=613b46df-c871-3e06-41fc-7b261d185658
2026081426,856e612e-b43a-ea58-6aa0-9be9336c4ed3,9100004,PROJECTA BRUTE FORCE THRESHOLD,2026-08-15T12:39:08.096024+0000,/login?ok=0&sid=856e612e-b43a-ea58-6aa0-9be9336c4ed3
2026081426,282b73f8-02c6-1f6a-2984-599faeebad99,9100004,PROJECTA BRUTE FORCE THRESHOLD,2026-08-15T12:39:08.081960+0000,/login?ok=0&sid=282b73f8-02c6-1f6a-2984-599faeebad99
2026081426,e7271ab9-20b4-3b9a-ddbf-8a49b04d3d6e,9100004,PROJECTA BRUTE FORCE THRESHOLD,2026-08-15T12:39:08.656238+0000,/login?ok=0&sid=e7271ab9-20b4-3b9a-ddbf-8a49b04d3d6e
2026081426,aae2872b-0174-1742-e758-11bae5573404,9100004,PROJECTA BRUTE FORCE THRESHOLD,2026-08-15T12:39:08.726963+0000,/login?ok=0&sid=aae2872b-0174-1742-e758-11bae5573404
2026081426,f909f27f-20d4-b0b3-87ca-085226b0387b,9100004,PROJECTA BRUTE FORCE THRESHOLD,2026-08-15T12:39:08.119635+0000,/login?ok=0&sid=f909f27f-20d4-b0b3-87ca-085226b0387b
2026081426,5d5c8837-488b-4d16-f8dc-7003254dc431,9100004,PROJECTA BRUTE FORCE THRESHOLD,2026-08-15T12:39:08.712639+0000,/login?ok=0&sid=5d5c8837-488b-4d16-f8dc-7003254dc431
2026081426,ac6a2103-3117-cbaa-9d7d-6d9a15d8c9af,9100004,PROJECTA BRUTE FORCE THRESHOLD,2026-08-15T12:39:08.157224+0000,/login?ok=0&sid=ac6a2103-3117-cbaa-9d7d-6d9a15d8c9af
2026081427,d7daf975-772a-7d6c-ed80-769b3994c9f2,9100001,PROJECTA ADMIN SENSITIVE ACCESS,2026-08-15T12:39:18.412802+0000,/admin/secret?sid=d7daf975-772a-7d6c-ed80-769b3994c9f2
2026081427,c9d5fb9a-a9e8-0d97-0ea7-ce1367ff1a1b,9100004,PROJECTA BRUTE FORCE THRESHOLD,2026-08-15T12:39:18.059470+0000,/login?ok=0&sid=c9d5fb9a-a9e8-0d97-0ea7-ce1367ff1a1b
2026081427,bc72b2ea-d381-45fb-ab99-2dd555e3955e,9100004,PROJECTA BRUTE FORCE THRESHOLD,2026-08-15T12:39:18.172850+0000,/login?ok=0&sid=bc72b2ea-d381-45fb-ab99-2dd555e3955e
2026081427,41a679ee-6944-c66b-ec06-8cf9def37ef7,9100004,PROJECTA BRUTE FORCE THRESHOLD,2026-08-15T12:39:18.318152+0000,/login?ok=0&sid=41a679ee-6944-c66b-ec06-8cf9def37ef7
2026081427,6cbea568-f38a-4aa1-6c12-06c217bcae44,9100004,PROJECTA BRUTE FORCE THRESHOLD,2026-08-15T12:39:18.376979+0000,/login?ok=0&sid=6cbea568-f38a-4aa1-6c12-06c217bcae44
2026081427,25f1cded-12f8-d2f9-6c9c-94a8eb43e7df,9100004,PROJECTA BRUTE FORCE THRESHOLD,2026-08-15T12:39:18.313406+0000,/login?ok=0&sid=25f1cded-12f8-d2f9-6c9c-94a8eb43e7df
2026081427,34a54bf4-9102-84ae-9121-3f437102fdc6,9100004,PROJECTA BRUTE FORCE THRESHOLD,2026-08-15T12:39:18.203103+0000,/login?ok=0&sid=34a54bf4-9102-84ae-9121-3f437102fdc6
2026081427,78ee32f6-3f6a-b99d-645f-9f555362c596,9100004,PROJECTA BRUTE FORCE THRESHOLD,2026-08-15T12:39:18.368488+0000,/login?ok=0&sid=78ee32f6-3f6a-b99d-645f-9f555362c596
2026081427,be437441-1051-9397-91d9-5c7de7f4cbeb,9100004,PROJECTA BRUTE FORCE THRESHOLD,2026-08-15T12:39:18.303205+0000,/login?ok=0&sid=be437441-1051-9397-91d9-5c7de7f4cbeb
2026081427,a7e2aca4-d637-e5f3-92ce-7228cd47626d,9100004,PROJECTA BRUTE FORCE THRESHOLD,2026-08-15T12:39:18.350384+0000,/login?ok=0&sid=a7e2aca4-d637-e5f3-92ce-7228cd47626d
2026081427,86783e63-2c99-2af9-842b-a31fdbb6a332,9100004,PROJECTA BRUTE FORCE THRESHOLD,2026-08-15T12:39:19.552916+0000,/login?ok=0&sid=86783e63-2c99-2af9-842b-a31fdbb6a332
2026081427,6d9fe988-485c-fb61-9811-d618005a9a6a,9100004,PROJECTA BRUTE FORCE THRESHOLD,2026-08-15T12:39:18.181627+0000,/login?ok=0&sid=6d9fe988-485c-fb61-9811-d618005a9a6a
2026081427,4c1b4f69-b2e0-92b7-8241-fb1ff18c2c71,9100004,PROJECTA BRUTE FORCE THRESHOLD,2026-08-15T12:39:18.198349+0000,/login?ok=0&sid=4c1b4f69-b2e0-92b7-8241-fb1ff18c2c71
2026081427,7087f222-4da5-785f-14f5-95f98f9b6165,9100004,PROJECTA BRUTE FORCE THRESHOLD,2026-08-15T12:39:18.213276+0000,/login?ok=0&sid=7087f222-4da5-785f-14f5-95f98f9b6165
2026081427,bcab6d01-5960-77f9-eeed-d5097969926c,9100004,PROJECTA BRUTE FORCE THRESHOLD,2026-08-15T12:39:18.287267+0000,/login?ok=0&sid=bcab6d01-5960-77f9-eeed-d5097969926c
2026081427,c11c6e3b-4c96-df0e-0031-707eaa2fb6c0,9100001,PROJECTA ADMIN SENSITIVE ACCESS,2026-08-15T12:39:18.442888+0000,/admin/secret?sid=c11c6e3b-4c96-df0e-0031-707eaa2fb6c0
2026081427,a23f17e9-2e96-b4a8-a64f-bba798c3fd75,9100004,PROJECTA BRUTE FORCE THRESHOLD,2026-08-15T12:39:18.271293+0000,/login?ok=0&sid=a23f17e9-2e96-b4a8-a64f-bba798c3fd75
2026081427,0eab5f05-1622-c031-68e8-a7e8df5db98f,9100004,PROJECTA BRUTE FORCE THRESHOLD,2026-08-15T12:39:18.384186+0000,/login?ok=0&sid=0eab5f05-1622-c031-68e8-a7e8df5db98f
2026081427,fa0b1bbd-b409-f66a-153d-29f943a11b5e,9100004,PROJECTA BRUTE FORCE THRESHOLD,2026-08-15T12:39:18.357828+0000,/login?ok=0&sid=fa0b1bbd-b409-f66a-153d-29f943a11b5e
2026081427,32e4c085-123c-fc0a-9954-24c17e70a472,9100004,PROJECTA BRUTE FORCE THRESHOLD,2026-08-15T12:39:18.830541+0000,/login?ok=0&sid=32e4c085-123c-fc0a-9954-24c17e70a472
2026081427,0479dbe1-1f9b-501a-aebd-f98384bd166e,9100004,PROJECTA BRUTE FORCE THRESHOLD,2026-08-15T12:39:18.891322+0000,/login?ok=0&sid=0479dbe1-1f9b-501a-aebd-f98384bd166e
2026081427,8034220d-6f71-d611-c74d-0a3af3518b7b,9100004,PROJECTA BRUTE FORCE THRESHOLD,2026-08-15T12:39:18.859439+0000,/login?ok=0&sid=8034220d-6f71-d611-c74d-0a3af3518b7b
2026081427,24c26d31-3669-e144-8604-53166e6f6f00,9100004,PROJECTA BRUTE FORCE THRESHOLD,2026-08-15T12:39:18.876662+0000,/login?ok=0&sid=24c26d31-3669-e144-8604-53166e6f6f00
2026081427,a7c1da54-99ce-55a7-f79e-4cc29d300cb9,9100004,PROJECTA BRUTE FORCE THRESHOLD,2026-08-15T12:39:19.504954+0000,/login?ok=0&sid=a7c1da54-99ce-55a7-f79e-4cc29d300cb9
2026081427,782353cd-534e-e7b1-b310-c73b86816888,9100004,PROJECTA BRUTE FORCE THRESHOLD,2026-08-15T12:39:19.564923+0000,/login?ok=0&sid=782353cd-534e-e7b1-b310-c73b86816888
2026081427,7e299172-a9bf-a716-8f31-997063b0b388,9100004,PROJECTA BRUTE FORCE THRESHOLD,2026-08-15T12:39:18.810357+0000,/login?ok=0&sid=7e299172-a9bf-a716-8f31-997063b0b388
2026081427,555bb670-baa9-2e0b-1918-35c922d0f21f,9100004,PROJECTA BRUTE FORCE THRESHOLD,2026-08-15T12:39:18.886610+0000,/login?ok=0&sid=555bb670-baa9-2e0b-1918-35c922d0f21f
2026081427,1694ea10-88a8-9e8b-21cb-255edec74d8d,9100003,PROJECTA COMMAND PROBE,2026-08-15T12:39:19.737466+0000,/cmd?x=id&sid=1694ea10-88a8-9e8b-21cb-255edec74d8d
2026081427,80bece4c-5dd7-1871-2a20-2e6a9b54c73d,9100001,PROJECTA ADMIN SENSITIVE ACCESS,2026-08-15T12:39:18.473946+0000,/admin/secret?sid=80bece4c-5dd7-1871-2a20-2e6a9b54c73d
2026081427,64cd1163-276d-3577-663a-879c854cb54f,9100004,PROJECTA BRUTE FORCE THRESHOLD,2026-08-15T12:39:18.798495+0000,/login?ok=0&sid=64cd1163-276d-3577-663a-879c854cb54f
2026081427,149c3cdd-5f4c-07ba-a7c5-851ef169e3e2,9100003,PROJECTA COMMAND PROBE,2026-08-15T12:39:19.621478+0000,/cmd?x=id&sid=149c3cdd-5f4c-07ba-a7c5-851ef169e3e2
2026081427,e71c4cff-6b4d-2379-99a3-e986b8309790,9100004,PROJECTA BRUTE FORCE THRESHOLD,2026-08-15T12:39:18.823447+0000,/login?ok=0&sid=e71c4cff-6b4d-2379-99a3-e986b8309790
2026081427,482abc9f-87b8-9a9f-2289-5b0835265df5,9100004,PROJECTA BRUTE FORCE THRESHOLD,2026-08-15T12:39:19.573869+0000,/login?ok=0&sid=482abc9f-87b8-9a9f-2289-5b0835265df5
2026081427,e62f4603-a399-8b02-7a31-b5b013c3d0fd,9100004,PROJECTA BRUTE FORCE THRESHOLD,2026-08-15T12:39:18.840660+0000,/login?ok=0&sid=e62f4603-a399-8b02-7a31-b5b013c3d0fd
2026081427,79370616-e670-9e1a-9a19-31ae11cabc66,9100004,PROJECTA BRUTE FORCE THRESHOLD,2026-08-15T12:39:19.935280+0000,/login?ok=0&sid=79370616-e670-9e1a-9a19-31ae11cabc66
2026081427,c1188e5f-6a61-2bf8-20df-1da852249396,9100004,PROJECTA BRUTE FORCE THRESHOLD,2026-08-15T12:39:19.518762+0000,/login?ok=0&sid=c1188e5f-6a61-2bf8-20df-1da852249396
2026081427,2e448be0-f4da-21f3-0cd1-b3d4f15d833d,9100004,PROJECTA BRUTE FORCE THRESHOLD,2026-08-15T12:39:18.898794+0000,/login?ok=0&sid=2e448be0-f4da-21f3-0cd1-b3d4f15d833d
2026081427,aef5164c-ae1c-4000-75a3-99a1eb795a66,9100002,PROJECTA PATH TRAVERSAL,2026-08-15T12:39:19.723056+0000,/%2e%2e/%2e%2e/etc/passwd?sid=aef5164c-ae1c-4000-75a3-99a1eb795a66
2026081427,e2fe6fec-73c1-4b84-176b-9cfaeec651a3,9100004,PROJECTA BRUTE FORCE THRESHOLD,2026-08-15T12:39:19.968440+0000,/login?ok=0&sid=e2fe6fec-73c1-4b84-176b-9cfaeec651a3
2026081427,4001d845-7ca9-b134-3367-06a9fde0f278,9100004,PROJECTA BRUTE FORCE THRESHOLD,2026-08-15T12:39:20.023844+0000,/login?ok=0&sid=4001d845-7ca9-b134-3367-06a9fde0f278
2026081427,ffe709e9-e5da-0bd3-f8db-82e5a3a3ac64,9100001,PROJECTA ADMIN SENSITIVE ACCESS,2026-08-15T12:39:18.700281+0000,/admin/secret?sid=ffe709e9-e5da-0bd3-f8db-82e5a3a3ac64
2026081427,fd3414bf-4126-f1c1-519d-e1772f5bc76e,9100004,PROJECTA BRUTE FORCE THRESHOLD,2026-08-15T12:39:18.880640+0000,/login?ok=0&sid=fd3414bf-4126-f1c1-519d-e1772f5bc76e
2026081427,c6329829-4362-73a9-b3a6-e67695d97b3e,9100004,PROJECTA BRUTE FORCE THRESHOLD,2026-08-15T12:39:18.844182+0000,/login?ok=0&sid=c6329829-4362-73a9-b3a6-e67695d97b3e
2026081427,584374ef-103d-8100-8033-c5a74a2a10e0,9100004,PROJECTA BRUTE FORCE THRESHOLD,2026-08-15T12:39:20.404621+0000,/login?ok=0&sid=584374ef-103d-8100-8033-c5a74a2a10e0
2026081427,609177dd-bd30-29a2-86cb-0cb5c54ac7ea,9100004,PROJECTA BRUTE FORCE THRESHOLD,2026-08-15T12:39:20.042360+0000,/login?ok=0&sid=609177dd-bd30-29a2-86cb-0cb5c54ac7ea
2026081427,c299de13-ffb4-fb8c-3430-31b89792e1b2,9100004,PROJECTA BRUTE FORCE THRESHOLD,2026-08-15T12:39:20.037397+0000,/login?ok=0&sid=c299de13-ffb4-fb8c-3430-31b89792e1b2
2026081427,0baf9578-2e97-719b-ab03-b4949bae1cc7,9100001,PROJECTA ADMIN SENSITIVE ACCESS,2026-08-15T12:39:19.997891+0000,/admin/secret?sid=0baf9578-2e97-719b-ab03-b4949bae1cc7
2026081427,a0d20094-3b98-f1ee-b09a-5d507b49d703,9100001,PROJECTA ADMIN SENSITIVE ACCESS,2026-08-15T12:39:20.095444+0000,/admin/secret?sid=a0d20094-3b98-f1ee-b09a-5d507b49d703
2026081427,aa727bbd-1f9e-af17-7128-a495119e35e1,9100004,PROJECTA BRUTE FORCE THRESHOLD,2026-08-15T12:39:19.964246+0000,/login?ok=0&sid=aa727bbd-1f9e-af17-7128-a495119e35e1
2026081427,73950bba-32e1-e2fd-9eb5-c96ff347e46e,9100004,PROJECTA BRUTE FORCE THRESHOLD,2026-08-15T12:39:20.369015+0000,/login?ok=0&sid=73950bba-32e1-e2fd-9eb5-c96ff347e46e
2026081427,fbf1ae4b-7efb-28ac-14e1-ffa45968159f,9100003,PROJECTA COMMAND PROBE,2026-08-15T12:39:19.876318+0000,/cmd?x=id&sid=fbf1ae4b-7efb-28ac-14e1-ffa45968159f
2026081427,780e43f1-8c9b-cd46-5e44-9aace28bcb4c,9100004,PROJECTA BRUTE FORCE THRESHOLD,2026-08-15T12:39:20.733697+0000,/login?ok=0&sid=780e43f1-8c9b-cd46-5e44-9aace28bcb4c
2026081427,5755699c-1170-a8ac-be0d-74e02ebfe598,9100004,PROJECTA BRUTE FORCE THRESHOLD,2026-08-15T12:39:20.048840+0000,/login?ok=0&sid=5755699c-1170-a8ac-be0d-74e02ebfe598
2026081427,9a19ab81-875c-9590-ea75-5f886a3ca70d,9100004,PROJECTA BRUTE FORCE THRESHOLD,2026-08-15T12:39:20.649546+0000,/login?ok=0&sid=9a19ab81-875c-9590-ea75-5f886a3ca70d
2026081427,a525929b-5514-3b40-f201-9287ec536f56,9100004,PROJECTA BRUTE FORCE THRESHOLD,2026-08-15T12:39:19.946852+0000,/login?ok=0&sid=a525929b-5514-3b40-f201-9287ec536f56
2026081427,eacb9c00-6f2d-b269-b9f9-15b43f842504,9100004,PROJECTA BRUTE FORCE THRESHOLD,2026-08-15T12:39:21.018369+0000,/login?ok=0&sid=eacb9c00-6f2d-b269-b9f9-15b43f842504
2026081427,0e4aaca0-9259-5bd7-1976-0e7d3f765077,9100001,PROJECTA ADMIN SENSITIVE ACCESS,2026-08-15T12:39:20.433966+0000,/admin/secret?sid=0e4aaca0-9259-5bd7-1976-0e7d3f765077
2026081427,80687b4c-10f6-921c-63ad-4b9271b3b930,9100004,PROJECTA BRUTE FORCE THRESHOLD,2026-08-15T12:39:20.376018+0000,/login?ok=0&sid=80687b4c-10f6-921c-63ad-4b9271b3b930
2026081427,e064b44a-9c5a-2b8f-02a8-f3c561e94654,9100004,PROJECTA BRUTE FORCE THRESHOLD,2026-08-15T12:39:20.847368+0000,/login?ok=0&sid=e064b44a-9c5a-2b8f-02a8-f3c561e94654
2026081427,d39760a1-20ec-39da-edaf-6a4872b4e3ba,9100004,PROJECTA BRUTE FORCE THRESHOLD,2026-08-15T12:39:20.561491+0000,/login?ok=0&sid=d39760a1-20ec-39da-edaf-6a4872b4e3ba
2026081427,389fd6e7-8238-36fa-598a-80c02e11f67b,9100004,PROJECTA BRUTE FORCE THRESHOLD,2026-08-15T12:39:19.959174+0000,/login?ok=0&sid=389fd6e7-8238-36fa-598a-80c02e11f67b
2026081427,abb90e3d-ed61-cd28-de9d-45f194bead81,9100004,PROJECTA BRUTE FORCE THRESHOLD,2026-08-15T12:39:20.552616+0000,/login?ok=0&sid=abb90e3d-ed61-cd28-de9d-45f194bead81
2026081427,c2a6b253-c06b-4dcb-4d04-48a39cb9ff28,9100003,PROJECTA COMMAND PROBE,2026-08-15T12:39:20.492306+0000,/cmd?x=id&sid=c2a6b253-c06b-4dcb-4d04-48a39cb9ff28
2026081427,8ea5fc34-d66f-575b-f71e-4f76ba3981ea,9100001,PROJECTA ADMIN SENSITIVE ACCESS,2026-08-15T12:39:20.442804+0000,/admin/secret?sid=8ea5fc34-d66f-575b-f71e-4f76ba3981ea
2026081427,9b43bd03-65d9-5a84-0e83-eaf3ebafd6e6,9100004,PROJECTA BRUTE FORCE THRESHOLD,2026-08-15T12:39:20.674962+0000,/login?ok=0&sid=9b43bd03-65d9-5a84-0e83-eaf3ebafd6e6
2026081427,1f9358dc-16a0-e1b7-47fb-427e1e921726,9100002,PROJECTA PATH TRAVERSAL,2026-08-15T12:39:20.317300+0000,/%2e%2e/%2e%2e/etc/passwd?sid=1f9358dc-16a0-e1b7-47fb-427e1e921726
2026081427,52ae42e0-c2a8-2172-7b94-4b62502f4920,9100004,PROJECTA BRUTE FORCE THRESHOLD,2026-08-15T12:39:18.863579+0000,/login?ok=0&sid=52ae42e0-c2a8-2172-7b94-4b62502f4920
2026081427,2a55ccf7-2927-1dbe-78f6-2925d3bf7433,9100004,PROJECTA BRUTE FORCE THRESHOLD,2026-08-15T12:39:20.060385+0000,/login?ok=0&sid=2a55ccf7-2927-1dbe-78f6-2925d3bf7433
2026081427,0adc53d0-4a45-b0ec-2aff-d93221f4c389,9100004,PROJECTA BRUTE FORCE THRESHOLD,2026-08-15T12:39:20.397461+0000,/login?ok=0&sid=0adc53d0-4a45-b0ec-2aff-d93221f4c389
2026081427,19a30fa8-862b-20d3-899b-47a201c52ebb,9100004,PROJECTA BRUTE FORCE THRESHOLD,2026-08-15T12:39:21.215196+0000,/login?ok=0&sid=19a30fa8-862b-20d3-899b-47a201c52ebb
2026081427,ce71fd8d-e61d-b8c1-cf99-31767cc3609c,9100004,PROJECTA BRUTE FORCE THRESHOLD,2026-08-15T12:39:19.536798+0000,/login?ok=0&sid=ce71fd8d-e61d-b8c1-cf99-31767cc3609c
2026081427,4dac1e7b-c8c3-5873-e0c2-138be7537210,9100004,PROJECTA BRUTE FORCE THRESHOLD,2026-08-15T12:39:20.581339+0000,/login?ok=0&sid=4dac1e7b-c8c3-5873-e0c2-138be7537210
2026081427,2f6551c7-640f-636f-9347-3f980cc15017,9100004,PROJECTA BRUTE FORCE THRESHOLD,2026-08-15T12:39:20.827499+0000,/login?ok=0&sid=2f6551c7-640f-636f-9347-3f980cc15017
2026081427,05379f30-a918-4aca-ccd0-545e3001da11,9100004,PROJECTA BRUTE FORCE THRESHOLD,2026-08-15T12:39:20.390250+0000,/login?ok=0&sid=05379f30-a918-4aca-ccd0-545e3001da11
2026081427,2341ab63-191c-1dae-a34c-878d01e83161,9100004,PROJECTA BRUTE FORCE THRESHOLD,2026-08-15T12:39:19.546218+0000,/login?ok=0&sid=2341ab63-191c-1dae-a34c-878d01e83161
2026081427,c1ce50c2-02c7-9d3c-06a7-774ae6706ab9,9100004,PROJECTA BRUTE FORCE THRESHOLD,2026-08-15T12:39:21.262200+0000,/login?ok=0&sid=c1ce50c2-02c7-9d3c-06a7-774ae6706ab9
2026081427,65728f63-2d9b-89fc-377a-00e09642015d,9100004,PROJECTA BRUTE FORCE THRESHOLD,2026-08-15T12:39:21.347450+0000,/login?ok=0&sid=65728f63-2d9b-89fc-377a-00e09642015d
2026081427,cae496ee-923c-6a89-6f1a-9ceb9548f987,9100001,PROJECTA ADMIN SENSITIVE ACCESS,2026-08-15T12:39:20.452900+0000,/admin/secret?sid=cae496ee-923c-6a89-6f1a-9ceb9548f987
2026081427,714f4fcf-c732-9011-a4e2-0af0b35b764e,9100004,PROJECTA BRUTE FORCE THRESHOLD,2026-08-15T12:39:20.986434+0000,/login?ok=0&sid=714f4fcf-c732-9011-a4e2-0af0b35b764e
2026081427,23f33fe8-8f81-752e-78a3-8f81f26f8562,9100004,PROJECTA BRUTE FORCE THRESHOLD,2026-08-15T12:39:20.642433+0000,/login?ok=0&sid=23f33fe8-8f81-752e-78a3-8f81f26f8562
2026081427,4d16db7d-14f4-f7c8-f7ca-c5fb25a043ac,9100004,PROJECTA BRUTE FORCE THRESHOLD,2026-08-15T12:39:20.538984+0000,/login?ok=0&sid=4d16db7d-14f4-f7c8-f7ca-c5fb25a043ac
2026081427,d137b3b0-1b3f-7bdc-b9ad-1381366e9688,9100004,PROJECTA BRUTE FORCE THRESHOLD,2026-08-15T12:39:21.514131+0000,/login?ok=0&sid=d137b3b0-1b3f-7bdc-b9ad-1381366e9688
2026081427,69fa3851-096c-ef2c-9077-5d50c58b9f02,9100004,PROJECTA BRUTE FORCE THRESHOLD,2026-08-15T12:39:20.663153+0000,/login?ok=0&sid=69fa3851-096c-ef2c-9077-5d50c58b9f02
2026081427,6e9aab1d-37e9-4256-d056-2489144e343d,9100004,PROJECTA BRUTE FORCE THRESHOLD,2026-08-15T12:39:20.669719+0000,/login?ok=0&sid=6e9aab1d-37e9-4256-d056-2489144e343d
2026081427,f258fce6-e172-c952-61b9-2293ea431f59,9100004,PROJECTA BRUTE FORCE THRESHOLD,2026-08-15T12:39:21.408078+0000,/login?ok=0&sid=f258fce6-e172-c952-61b9-2293ea431f59
2026081427,2fa97c19-1d16-d6c2-0b9b-dd9eb866a563,9100002,PROJECTA PATH TRAVERSAL,2026-08-15T12:39:20.775228+0000,/%2e%2e/%2e%2e/etc/passwd?sid=2fa97c19-1d16-d6c2-0b9b-dd9eb866a563
2026081427,7cfe5e3b-a22b-f63f-b67e-115c26e758e3,9100004,PROJECTA BRUTE FORCE THRESHOLD,2026-08-15T12:39:20.755284+0000,/login?ok=0&sid=7cfe5e3b-a22b-f63f-b67e-115c26e758e3
2026081427,89905656-c4c7-9c18-4648-822d88e78c9c,9100001,PROJECTA ADMIN SENSITIVE ACCESS,2026-08-15T12:39:20.924944+0000,/admin/secret?sid=89905656-c4c7-9c18-4648-822d88e78c9c
2026081427,6203f62f-2357-896e-5d0c-4888d0a5ef28,9100003,PROJECTA COMMAND PROBE,2026-08-15T12:39:21.135101+0000,/cmd?x=id&sid=6203f62f-2357-896e-5d0c-4888d0a5ef28
2026081427,b767d0f8-76fb-234e-5329-1be2e8f39a6d,9100003,PROJECTA COMMAND PROBE,2026-08-15T12:39:20.691123+0000,/cmd?x=id&sid=b767d0f8-76fb-234e-5329-1be2e8f39a6d
2026081427,fdb98508-d845-7376-2d33-ab7ec8ac8d88,9100004,PROJECTA BRUTE FORCE THRESHOLD,2026-08-15T12:39:20.970234+0000,/login?ok=0&sid=fdb98508-d845-7376-2d33-ab7ec8ac8d88
2026081427,c370b676-8372-e8b1-e22d-d6d139b08b79,9100004,PROJECTA BRUTE FORCE THRESHOLD,2026-08-15T12:39:21.242499+0000,/login?ok=0&sid=c370b676-8372-e8b1-e22d-d6d139b08b79
2026081427,b68d0763-b33a-fe8d-ead7-717199149aa0,9100004,PROJECTA BRUTE FORCE THRESHOLD,2026-08-15T12:39:20.746720+0000,/login?ok=0&sid=b68d0763-b33a-fe8d-ead7-717199149aa0
2026081427,0871813d-f1e9-2d23-017c-d02276cb1301,9100004,PROJECTA BRUTE FORCE THRESHOLD,2026-08-15T12:39:21.199557+0000,/login?ok=0&sid=0871813d-f1e9-2d23-017c-d02276cb1301
2026081427,a76bbfa1-7451-5b70-2172-39ea9eb566f5,9100004,PROJECTA BRUTE FORCE THRESHOLD,2026-08-15T12:39:21.370444+0000,/login?ok=0&sid=a76bbfa1-7451-5b70-2172-39ea9eb566f5
2026081427,5002fffc-fb6b-14db-dcfe-92856134f81d,9100004,PROJECTA BRUTE FORCE THRESHOLD,2026-08-15T12:39:20.998812+0000,/login?ok=0&sid=5002fffc-fb6b-14db-dcfe-92856134f81d
2026081427,70dacc06-b08c-f940-ad61-ba6b26fc480a,9100004,PROJECTA BRUTE FORCE THRESHOLD,2026-08-15T12:39:21.251156+0000,/login?ok=0&sid=70dacc06-b08c-f940-ad61-ba6b26fc480a
2026081427,0ded5841-c98d-bdb7-bfe9-cf8755c98990,9100004,PROJECTA BRUTE FORCE THRESHOLD,2026-08-15T12:39:20.766032+0000,/login?ok=0&sid=0ded5841-c98d-bdb7-bfe9-cf8755c98990
2026081427,92d3625f-4e87-5d0f-eb76-ab302f85a6d7,9100004,PROJECTA BRUTE FORCE THRESHOLD,2026-08-15T12:39:21.397092+0000,/login?ok=0&sid=92d3625f-4e87-5d0f-eb76-ab302f85a6d7
2026081427,2acc701e-5080-9471-49c6-7358875f3dff,9100004,PROJECTA BRUTE FORCE THRESHOLD,2026-08-15T12:39:20.842625+0000,/login?ok=0&sid=2acc701e-5080-9471-49c6-7358875f3dff
2026081427,a3d53352-698c-8fcf-7622-c05ce5248c45,9100001,PROJECTA ADMIN SENSITIVE ACCESS,2026-08-15T12:39:21.448031+0000,/admin/secret?sid=a3d53352-698c-8fcf-7622-c05ce5248c45
2026081427,fdf77a41-a01f-a480-f569-b9f021ee5036,9100004,PROJECTA BRUTE FORCE THRESHOLD,2026-08-15T12:39:21.524494+0000,/login?ok=0&sid=fdf77a41-a01f-a480-f569-b9f021ee5036
2026081427,c5f7b067-3eeb-2b8c-a280-642830a2b316,9100004,PROJECTA BRUTE FORCE THRESHOLD,2026-08-15T12:39:21.191327+0000,/login?ok=0&sid=c5f7b067-3eeb-2b8c-a280-642830a2b316
2026081427,5095e8eb-3859-6714-4f5c-dbed830d6455,9100004,PROJECTA BRUTE FORCE THRESHOLD,2026-08-15T12:39:21.300415+0000,/login?ok=0&sid=5095e8eb-3859-6714-4f5c-dbed830d6455
2026081427,05d9e1ed-d3bc-5282-ad06-12911e19dc4e,9100004,PROJECTA BRUTE FORCE THRESHOLD,2026-08-15T12:39:20.867187+0000,/login?ok=0&sid=05d9e1ed-d3bc-5282-ad06-12911e19dc4e
2026081427,0e5ba866-f50a-eda5-8712-125053fe9d65,9100004,PROJECTA BRUTE FORCE THRESHOLD,2026-08-15T12:39:20.856263+0000,/login?ok=0&sid=0e5ba866-f50a-eda5-8712-125053fe9d65
2026081427,4aea3a6a-7f11-286e-13cc-f20f5f3831b4,9100004,PROJECTA BRUTE FORCE THRESHOLD,2026-08-15T12:39:21.234539+0000,/login?ok=0&sid=4aea3a6a-7f11-286e-13cc-f20f5f3831b4
2026081427,7c54ce3a-d0fb-52c6-6ea1-a56fd26e2d9f,9100004,PROJECTA BRUTE FORCE THRESHOLD,2026-08-15T12:39:21.195297+0000,/login?ok=0&sid=7c54ce3a-d0fb-52c6-6ea1-a56fd26e2d9f
2026081427,326833f3-07f1-feb5-8d5e-6175dfb12388,9100004,PROJECTA BRUTE FORCE THRESHOLD,2026-08-15T12:39:21.384411+0000,/login?ok=0&sid=326833f3-07f1-feb5-8d5e-6175dfb12388
2026081427,1e06f9b5-b3f0-32a8-7d5e-baa03fbf87de,9100004,PROJECTA BRUTE FORCE THRESHOLD,2026-08-15T12:39:20.576935+0000,/login?ok=0&sid=1e06f9b5-b3f0-32a8-7d5e-baa03fbf87de
2026081427,32cb4bbc-fc72-712e-b59e-c1f0fc4deefe,9100004,PROJECTA BRUTE FORCE THRESHOLD,2026-08-15T12:39:21.220426+0000,/login?ok=0&sid=32cb4bbc-fc72-712e-b59e-c1f0fc4deefe
2026081427,ea1a37de-4f5a-d6fe-75b1-d244a4ad7ccb,9100004,PROJECTA BRUTE FORCE THRESHOLD,2026-08-15T12:39:21.008082+0000,/login?ok=0&sid=ea1a37de-4f5a-d6fe-75b1-d244a4ad7ccb
2026081427,48d861e6-e498-eab4-59be-5314dcf51bac,9100004,PROJECTA BRUTE FORCE THRESHOLD,2026-08-15T12:39:21.256418+0000,/login?ok=0&sid=48d861e6-e498-eab4-59be-5314dcf51bac
2026081427,11e70ae3-ff4a-f8ba-3f07-21c303b5a7d4,9100004,PROJECTA BRUTE FORCE THRESHOLD,2026-08-15T12:39:21.322927+0000,/login?ok=0&sid=11e70ae3-ff4a-f8ba-3f07-21c303b5a7d4
2026081427,9d6e9505-5943-2c41-0042-f33a7e7553fb,9100004,PROJECTA BRUTE FORCE THRESHOLD,2026-08-15T12:39:21.332872+0000,/login?ok=0&sid=9d6e9505-5943-2c41-0042-f33a7e7553fb
2026081427,5cd4678e-2049-8b58-5034-71e6312aa2bf,9100004,PROJECTA BRUTE FORCE THRESHOLD,2026-08-15T12:39:21.412891+0000,/login?ok=0&sid=5cd4678e-2049-8b58-5034-71e6312aa2bf
2026081427,88fb612d-d31f-c634-8be7-84aa56223aa3,9100004,PROJECTA BRUTE FORCE THRESHOLD,2026-08-15T12:39:21.498816+0000,/login?ok=0&sid=88fb612d-d31f-c634-8be7-84aa56223aa3
2026081427,dee8cc68-5c36-8c11-17b1-773d7e10cda3,9100004,PROJECTA BRUTE FORCE THRESHOLD,2026-08-15T12:39:20.727639+0000,/login?ok=0&sid=dee8cc68-5c36-8c11-17b1-773d7e10cda3
2026081427,6bf79ef0-82d4-be7e-32d1-4675a45c4796,9100004,PROJECTA BRUTE FORCE THRESHOLD,2026-08-15T12:39:21.316214+0000,/login?ok=0&sid=6bf79ef0-82d4-be7e-32d1-4675a45c4796
2026081428,9486e687-02d3-4d2a-5f30-9d94fb72ccec,9100002,PROJECTA PATH TRAVERSAL,2026-08-15T12:39:30.159255+0000,/%2e%2e/%2e%2e/etc/passwd?sid=9486e687-02d3-4d2a-5f30-9d94fb72ccec
2026081428,1860eb7e-946f-3891-d7fd-925190d316a0,9100004,PROJECTA BRUTE FORCE THRESHOLD,2026-08-15T12:39:30.406696+0000,/login?ok=0&sid=1860eb7e-946f-3891-d7fd-925190d316a0
2026081428,a986c35c-ad6a-09c3-ad43-44ad624d840c,9100004,PROJECTA BRUTE FORCE THRESHOLD,2026-08-15T12:39:30.350285+0000,/login?ok=0&sid=a986c35c-ad6a-09c3-ad43-44ad624d840c
2026081428,4c5787e2-12be-f97f-c41f-77fcca015bd0,9100004,PROJECTA BRUTE FORCE THRESHOLD,2026-08-15T12:39:30.340572+0000,/login?ok=0&sid=4c5787e2-12be-f97f-c41f-77fcca015bd0
2026081428,fd435cf7-31a5-ae8f-20dd-3a0e4f39549b,9100004,PROJECTA BRUTE FORCE THRESHOLD,2026-08-15T12:39:30.102864+0000,/login?ok=0&sid=fd435cf7-31a5-ae8f-20dd-3a0e4f39549b
2026081428,e802c051-50e2-8341-379b-f4f3933711be,9100003,PROJECTA COMMAND PROBE,2026-08-15T12:39:30.154326+0000,/cmd?x=id&sid=e802c051-50e2-8341-379b-f4f3933711be
2026081428,a6c5fabf-9404-8347-0576-49cef6c4dad1,9100004,PROJECTA BRUTE FORCE THRESHOLD,2026-08-15T12:39:30.570258+0000,/login?ok=0&sid=a6c5fabf-9404-8347-0576-49cef6c4dad1
2026081428,02ec95ef-282b-7e96-35a4-c01f2959d37a,9100004,PROJECTA BRUTE FORCE THRESHOLD,2026-08-15T12:39:30.326413+0000,/login?ok=0&sid=02ec95ef-282b-7e96-35a4-c01f2959d37a
2026081428,42260332-f0a9-097b-de6d-dfd858463f27,9100004,PROJECTA BRUTE FORCE THRESHOLD,2026-08-15T12:39:30.578877+0000,/login?ok=0&sid=42260332-f0a9-097b-de6d-dfd858463f27
2026081428,fa655d6b-1cd7-f040-26d5-f6a2ef68442d,9100004,PROJECTA BRUTE FORCE THRESHOLD,2026-08-15T12:39:30.387801+0000,/login?ok=0&sid=fa655d6b-1cd7-f040-26d5-f6a2ef68442d
2026081428,f9109c5f-3ee2-a78e-83f8-b8ac560034a4,9100004,PROJECTA BRUTE FORCE THRESHOLD,2026-08-15T12:39:30.400656+0000,/login?ok=0&sid=f9109c5f-3ee2-a78e-83f8-b8ac560034a4
2026081428,b4f48c76-2af0-ad62-4611-8e64a88f2a44,9100004,PROJECTA BRUTE FORCE THRESHOLD,2026-08-15T12:39:30.320799+0000,/login?ok=0&sid=b4f48c76-2af0-ad62-4611-8e64a88f2a44
2026081428,4462d910-9f81-c8ba-b359-34311bf58bc8,9100004,PROJECTA BRUTE FORCE THRESHOLD,2026-08-15T12:39:30.366193+0000,/login?ok=0&sid=4462d910-9f81-c8ba-b359-34311bf58bc8
2026081428,cb284259-89ad-c197-5fa4-ab913952640b,9100004,PROJECTA BRUTE FORCE THRESHOLD,2026-08-15T12:39:30.560479+0000,/login?ok=0&sid=cb284259-89ad-c197-5fa4-ab913952640b
2026081428,0da125a0-9066-b81b-eb3a-ed60218c5ade,9100004,PROJECTA BRUTE FORCE THRESHOLD,2026-08-15T12:39:30.584825+0000,/login?ok=0&sid=0da125a0-9066-b81b-eb3a-ed60218c5ade
2026081428,2c77ff04-a62d-afd5-d090-147e15827ccf,9100004,PROJECTA BRUTE FORCE THRESHOLD,2026-08-15T12:39:30.371992+0000,/login?ok=0&sid=2c77ff04-a62d-afd5-d090-147e15827ccf
2026081428,d638f322-0172-dcd4-c566-261968500fd0,9100001,PROJECTA ADMIN SENSITIVE ACCESS,2026-08-15T12:39:30.258489+0000,/admin/secret?sid=d638f322-0172-dcd4-c566-261968500fd0
2026081428,f93b8899-d079-7bb4-0bce-40c300a6206c,9100001,PROJECTA ADMIN SENSITIVE ACCESS,2026-08-15T12:39:30.674253+0000,/admin/secret?sid=f93b8899-d079-7bb4-0bce-40c300a6206c
2026081428,2443688f-a7ad-c071-a68e-57034b5e1d8c,9100004,PROJECTA BRUTE FORCE THRESHOLD,2026-08-15T12:39:30.696677+0000,/login?ok=0&sid=2443688f-a7ad-c071-a68e-57034b5e1d8c
2026081428,bb5bd9d2-9932-93cd-6af7-4c0162c55e4a,9100004,PROJECTA BRUTE FORCE THRESHOLD,2026-08-15T12:39:31.311948+0000,/login?ok=0&sid=bb5bd9d2-9932-93cd-6af7-4c0162c55e4a
2026081428,b80b87a0-98c0-3e16-8da4-460004ca1cf2,9100004,PROJECTA BRUTE FORCE THRESHOLD,2026-08-15T12:39:30.891224+0000,/login?ok=0&sid=b80b87a0-98c0-3e16-8da4-460004ca1cf2
2026081428,52fdcdd9-e574-a00b-6e16-9686fbe7a3a7,9100004,PROJECTA BRUTE FORCE THRESHOLD,2026-08-15T12:39:30.313918+0000,/login?ok=0&sid=52fdcdd9-e574-a00b-6e16-9686fbe7a3a7
2026081428,3f4dfe03-ac0b-0adf-4c77-248964554145,9100004,PROJECTA BRUTE FORCE THRESHOLD,2026-08-15T12:39:31.209409+0000,/login?ok=0&sid=3f4dfe03-ac0b-0adf-4c77-248964554145
2026081428,81edd0e6-69c1-1b97-1f3f-c22bd63ff144,9100002,PROJECTA PATH TRAVERSAL,2026-08-15T12:39:30.617805+0000,/%2e%2e/%2e%2e/etc/passwd?sid=81edd0e6-69c1-1b97-1f3f-c22bd63ff144
2026081428,171f50c3-62d9-04e3-4ef4-69dc1d147929,9100004,PROJECTA BRUTE FORCE THRESHOLD,2026-08-15T12:39:30.687596+0000,/login?ok=0&sid=171f50c3-62d9-04e3-4ef4-69dc1d147929
2026081428,27bf12c6-583f-1862-74dd-acc85694b1bc,9100004,PROJECTA BRUTE FORCE THRESHOLD,2026-08-15T12:39:31.363527+0000,/login?ok=0&sid=27bf12c6-583f-1862-74dd-acc85694b1bc
2026081428,95a3139d-12d7-c685-8bc2-c7ad93e0ee8e,9100004,PROJECTA BRUTE FORCE THRESHOLD,2026-08-15T12:39:30.945840+0000,/login?ok=0&sid=95a3139d-12d7-c685-8bc2-c7ad93e0ee8e
2026081428,8aefb5b0-1542-66b6-f914-6ea14922c215,9100001,PROJECTA ADMIN SENSITIVE ACCESS,2026-08-15T12:39:30.881240+0000,/admin/secret?sid=8aefb5b0-1542-66b6-f914-6ea14922c215
2026081428,16df5e99-dc08-46c4-9063-15eb36f8216f,9100004,PROJECTA BRUTE FORCE THRESHOLD,2026-08-15T12:39:30.705148+0000,/login?ok=0&sid=16df5e99-dc08-46c4-9063-15eb36f8216f
2026081428,1969916c-609a-3522-383d-9c67dd2063e2,9100004,PROJECTA BRUTE FORCE THRESHOLD,2026-08-15T12:39:31.234370+0000,/login?ok=0&sid=1969916c-609a-3522-383d-9c67dd2063e2
2026081428,0a4008ad-d914-98da-54da-c32848b88d71,9100004,PROJECTA BRUTE FORCE THRESHOLD,2026-08-15T12:39:31.167107+0000,/login?ok=0&sid=0a4008ad-d914-98da-54da-c32848b88d71
2026081428,41e1289e-d103-44e5-520d-8a6bd1f0ba99,9100004,PROJECTA BRUTE FORCE THRESHOLD,2026-08-15T12:39:30.906828+0000,/login?ok=0&sid=41e1289e-d103-44e5-520d-8a6bd1f0ba99
2026081428,2a699198-3360-39f9-8f55-2fbf683d037e,9100004,PROJECTA BRUTE FORCE THRESHOLD,2026-08-15T12:39:31.303030+0000,/login?ok=0&sid=2a699198-3360-39f9-8f55-2fbf683d037e
2026081428,27377d3e-a610-990e-a0b2-30f4bcc59a7d,9100004,PROJECTA BRUTE FORCE THRESHOLD,2026-08-15T12:39:31.389122+0000,/login?ok=0&sid=27377d3e-a610-990e-a0b2-30f4bcc59a7d
2026081428,e09bbd59-91e0-1a05-e6d7-5ea9a6fe7aed,9100004,PROJECTA BRUTE FORCE THRESHOLD,2026-08-15T12:39:31.672573+0000,/login?ok=0&sid=e09bbd59-91e0-1a05-e6d7-5ea9a6fe7aed
2026081428,4905eb04-50af-42dd-d86d-e5f7878b9dd8,9100004,PROJECTA BRUTE FORCE THRESHOLD,2026-08-15T12:39:31.030738+0000,/login?ok=0&sid=4905eb04-50af-42dd-d86d-e5f7878b9dd8
2026081428,2b8e42d1-5407-d3e9-9751-cd37351032e4,9100004,PROJECTA BRUTE FORCE THRESHOLD,2026-08-15T12:39:31.615966+0000,/login?ok=0&sid=2b8e42d1-5407-d3e9-9751-cd37351032e4
2026081428,7ed55bc3-d810-d5f6-f7a6-a5eaf1012587,9100004,PROJECTA BRUTE FORCE THRESHOLD,2026-08-15T12:39:31.053104+0000,/login?ok=0&sid=7ed55bc3-d810-d5f6-f7a6-a5eaf1012587
2026081428,25df9376-371f-b17a-2feb-5caec1b56738,9100004,PROJECTA BRUTE FORCE THRESHOLD,2026-08-15T12:39:31.195269+0000,/login?ok=0&sid=25df9376-371f-b17a-2feb-5caec1b56738
2026081428,0c1a760c-209f-4775-2382-9a99a7b447b7,9100004,PROJECTA BRUTE FORCE THRESHOLD,2026-08-15T12:39:31.023601+0000,/login?ok=0&sid=0c1a760c-209f-4775-2382-9a99a7b447b7
2026081428,9aa356c2-1f22-dca1-dd2e-566c6784871d,9100004,PROJECTA BRUTE FORCE THRESHOLD,2026-08-15T12:39:30.564508+0000,/login?ok=0&sid=9aa356c2-1f22-dca1-dd2e-566c6784871d
2026081428,cd951a3c-969f-c349-3be1-df55898a2e3a,9100004,PROJECTA BRUTE FORCE THRESHOLD,2026-08-15T12:39:31.148550+0000,/login?ok=0&sid=cd951a3c-969f-c349-3be1-df55898a2e3a
2026081428,98d371d6-e958-e33e-aaa5-12327a887741,9100004,PROJECTA BRUTE FORCE THRESHOLD,2026-08-15T12:39:31.058947+0000,/login?ok=0&sid=98d371d6-e958-e33e-aaa5-12327a887741
2026081428,ccbfbcef-7f90-4c1b-6ecf-92cc8bb89d3a,9100004,PROJECTA BRUTE FORCE THRESHOLD,2026-08-15T12:39:31.132956+0000,/login?ok=0&sid=ccbfbcef-7f90-4c1b-6ecf-92cc8bb89d3a
2026081428,c7f8c5b8-383c-3015-e26e-600336cbb4f3,9100004,PROJECTA BRUTE FORCE THRESHOLD,2026-08-15T12:39:31.037521+0000,/login?ok=0&sid=c7f8c5b8-383c-3015-e26e-600336cbb4f3
2026081428,095ece6d-2efd-7258-c7cf-21c3ccda68bd,9100004,PROJECTA BRUTE FORCE THRESHOLD,2026-08-15T12:39:31.221589+0000,/login?ok=0&sid=095ece6d-2efd-7258-c7cf-21c3ccda68bd
2026081428,b4a073ab-1b3c-778f-2e39-21aa173a9b9b,9100004,PROJECTA BRUTE FORCE THRESHOLD,2026-08-15T12:39:31.604517+0000,/login?ok=0&sid=b4a073ab-1b3c-778f-2e39-21aa173a9b9b
2026081428,694561c9-5673-9da1-7d95-2de9c6b1bd66,9100003,PROJECTA COMMAND PROBE,2026-08-15T12:39:31.180241+0000,/cmd?x=id&sid=694561c9-5673-9da1-7d95-2de9c6b1bd66
2026081428,e45fc582-6399-158f-202e-d2ed6d6dd71d,9100004,PROJECTA BRUTE FORCE THRESHOLD,2026-08-15T12:39:31.695756+0000,/login?ok=0&sid=e45fc582-6399-158f-202e-d2ed6d6dd71d
2026081428,a0941bbc-a988-00bf-8a75-8b4e3033ea95,9100003,PROJECTA COMMAND PROBE,2026-08-15T12:39:30.637626+0000,/cmd?x=id&sid=a0941bbc-a988-00bf-8a75-8b4e3033ea95
2026081428,1b1baffa-d1a1-7487-edfb-044c1ae4a1fd,9100004,PROJECTA BRUTE FORCE THRESHOLD,2026-08-15T12:39:30.728162+0000,/login?ok=0&sid=1b1baffa-d1a1-7487-edfb-044c1ae4a1fd
2026081428,cee95cf4-d22b-b7cf-e0c7-3623411f4554,9100004,PROJECTA BRUTE FORCE THRESHOLD,2026-08-15T12:39:31.248252+0000,/login?ok=0&sid=cee95cf4-d22b-b7cf-e0c7-3623411f4554
2026081428,75c6ec38-ed46-3d6c-6082-2d64c98a16fe,9100004,PROJECTA BRUTE FORCE THRESHOLD,2026-08-15T12:39:31.284952+0000,/login?ok=0&sid=75c6ec38-ed46-3d6c-6082-2d64c98a16fe
2026081428,5d9448e3-e849-eca4-18ae-91e9eb2b374e,9100004,PROJECTA BRUTE FORCE THRESHOLD,2026-08-15T12:39:31.291669+0000,/login?ok=0&sid=5d9448e3-e849-eca4-18ae-91e9eb2b374e
2026081428,b43d9073-9ec0-fa6f-5f05-93dcfb525604,9100004,PROJECTA BRUTE FORCE THRESHOLD,2026-08-15T12:39:31.173555+0000,/login?ok=0&sid=b43d9073-9ec0-fa6f-5f05-93dcfb525604
2026081428,e70e4299-4c88-0071-8c0f-a76817294ecc,9100004,PROJECTA BRUTE FORCE THRESHOLD,2026-08-15T12:39:30.716832+0000,/login?ok=0&sid=e70e4299-4c88-0071-8c0f-a76817294ecc
2026081428,475ac580-bd53-ff36-bd49-61c64ea4b940,9100004,PROJECTA BRUTE FORCE THRESHOLD,2026-08-15T12:39:31.159197+0000,/login?ok=0&sid=475ac580-bd53-ff36-bd49-61c64ea4b940
2026081428,520c008f-df6d-b486-c53b-86eafb48a2a5,9100001,PROJECTA ADMIN SENSITIVE ACCESS,2026-08-15T12:39:31.261949+0000,/admin/secret?sid=520c008f-df6d-b486-c53b-86eafb48a2a5
2026081428,6a8ba30f-094b-615f-6f2a-d13bec987461,9100004,PROJECTA BRUTE FORCE THRESHOLD,2026-08-15T12:39:31.709459+0000,/login?ok=0&sid=6a8ba30f-094b-615f-6f2a-d13bec987461
2026081428,fa4e0462-dac4-4249-a453-88a2d88eafc4,9100004,PROJECTA BRUTE FORCE THRESHOLD,2026-08-15T12:39:30.920897+0000,/login?ok=0&sid=fa4e0462-dac4-4249-a453-88a2d88eafc4
2026081428,13520cc5-dac6-960a-6075-d8564f8e7824,9100004,PROJECTA BRUTE FORCE THRESHOLD,2026-08-15T12:39:31.683471+0000,/login?ok=0&sid=13520cc5-dac6-960a-6075-d8564f8e7824
2026081428,7e354ec3-0005-7d1b-64c6-3287240c4217,9100004,PROJECTA BRUTE FORCE THRESHOLD,2026-08-15T12:39:31.663229+0000,/login?ok=0&sid=7e354ec3-0005-7d1b-64c6-3287240c4217
2026081428,0c574732-4a2c-4b31-bb33-065b1c5a5657,9100002,PROJECTA PATH TRAVERSAL,2026-08-15T12:39:31.907129+0000,/%2e%2e/%2e%2e/etc/passwd?sid=0c574732-4a2c-4b31-bb33-065b1c5a5657
2026081428,963138d6-f26a-d9f1-a503-7264cc528150,9100004,PROJECTA BRUTE FORCE THRESHOLD,2026-08-15T12:39:31.276518+0000,/login?ok=0&sid=963138d6-f26a-d9f1-a503-7264cc528150
2026081428,a387db46-2882-16a3-6b40-550e35e03eb2,9100004,PROJECTA BRUTE FORCE THRESHOLD,2026-08-15T12:39:31.787970+0000,/login?ok=0&sid=a387db46-2882-16a3-6b40-550e35e03eb2
2026081428,3ba52049-e699-a178-9a18-f8db044fbf6c,9100004,PROJECTA BRUTE FORCE THRESHOLD,2026-08-15T12:39:30.930881+0000,/login?ok=0&sid=3ba52049-e699-a178-9a18-f8db044fbf6c
2026081428,feb3713c-d0f9-071c-dd6a-6b3783d67f46,9100004,PROJECTA BRUTE FORCE THRESHOLD,2026-08-15T12:39:31.753374+0000,/login?ok=0&sid=feb3713c-d0f9-071c-dd6a-6b3783d67f46
2026081428,d84e7916-9a01-47e6-ea9f-625139c14710,9100004,PROJECTA BRUTE FORCE THRESHOLD,2026-08-15T12:39:31.765081+0000,/login?ok=0&sid=d84e7916-9a01-47e6-ea9f-625139c14710
2026081428,d7c22431-82eb-e80f-ea23-6bdb269d11ee,9100004,PROJECTA BRUTE FORCE THRESHOLD,2026-08-15T12:39:32.685246+0000,/login?ok=0&sid=d7c22431-82eb-e80f-ea23-6bdb269d11ee
2026081428,cc3cfff0-7196-1997-ca53-2f4a41945130,9100003,PROJECTA COMMAND PROBE,2026-08-15T12:39:32.038569+0000,/cmd?x=id&sid=cc3cfff0-7196-1997-ca53-2f4a41945130
2026081428,a066b0f6-8fde-5121-bf7a-d95eb650c283,9100004,PROJECTA BRUTE FORCE THRESHOLD,2026-08-15T12:39:31.375950+0000,/login?ok=0&sid=a066b0f6-8fde-5121-bf7a-d95eb650c283
2026081428,c537ebfe-4d69-dd40-110b-463bd3bc5884,9100004,PROJECTA BRUTE FORCE THRESHOLD,2026-08-15T12:39:32.710679+0000,/login?ok=0&sid=c537ebfe-4d69-dd40-110b-463bd3bc5884
2026081428,e9126d32-db6b-c68e-138b-a84d5d3d0f83,9100004,PROJECTA BRUTE FORCE THRESHOLD,2026-08-15T12:39:31.804523+0000,/login?ok=0&sid=e9126d32-db6b-c68e-138b-a84d5d3d0f83
2026081428,d71b4ce3-a7d7-ed5a-0a47-9fdecf5146d8,9100004,PROJECTA BRUTE FORCE THRESHOLD,2026-08-15T12:39:32.638503+0000,/login?ok=0&sid=d71b4ce3-a7d7-ed5a-0a47-9fdecf5146d8
2026081428,8e222786-8432-4335-6e87-2ccddd76f911,9100004,PROJECTA BRUTE FORCE THRESHOLD,2026-08-15T12:39:31.781035+0000,/login?ok=0&sid=8e222786-8432-4335-6e87-2ccddd76f911
2026081428,cb3cb339-c0ce-4368-c6e8-7004faa74809,9100001,PROJECTA ADMIN SENSITIVE ACCESS,2026-08-15T12:39:31.738088+0000,/admin/secret?sid=cb3cb339-c0ce-4368-c6e8-7004faa74809
2026081428,15f661af-c33f-8637-74a4-beaca7b5628a,9100004,PROJECTA BRUTE FORCE THRESHOLD,2026-08-15T12:39:32.923429+0000,/login?ok=0&sid=15f661af-c33f-8637-74a4-beaca7b5628a
2026081428,8c65bb63-00fd-c4ea-4c75-2f811fa90241,9100004,PROJECTA BRUTE FORCE THRESHOLD,2026-08-15T12:39:32.911550+0000,/login?ok=0&sid=8c65bb63-00fd-c4ea-4c75-2f811fa90241
2026081428,11f5fb1b-4c57-dd2b-17b5-50f823e1a315,9100004,PROJECTA BRUTE FORCE THRESHOLD,2026-08-15T12:39:32.723065+0000,/login?ok=0&sid=11f5fb1b-4c57-dd2b-17b5-50f823e1a315
2026081428,6fc3a6c3-93dd-d1e2-45e6-c7d4f37207f0,9100004,PROJECTA BRUTE FORCE THRESHOLD,2026-08-15T12:39:32.943397+0000,/login?ok=0&sid=6fc3a6c3-93dd-d1e2-45e6-c7d4f37207f0
2026081428,3e94fbe5-0fe5-c12b-9844-1fae803eb07d,9100004,PROJECTA BRUTE FORCE THRESHOLD,2026-08-15T12:39:33.101947+0000,/login?ok=0&sid=3e94fbe5-0fe5-c12b-9844-1fae803eb07d
2026081428,e710f27c-c820-4f3e-89fa-cd96baa445d4,9100004,PROJECTA BRUTE FORCE THRESHOLD,2026-08-15T12:39:32.957494+0000,/login?ok=0&sid=e710f27c-c820-4f3e-89fa-cd96baa445d4
2026081428,0b17f4af-b926-af49-1fa8-f02fc6c56b38,9100004,PROJECTA BRUTE FORCE THRESHOLD,2026-08-15T12:39:33.035706+0000,/login?ok=0&sid=0b17f4af-b926-af49-1fa8-f02fc6c56b38
2026081428,ccab7f9c-7e98-9f07-81cb-52a8f8d2948d,9100004,PROJECTA BRUTE FORCE THRESHOLD,2026-08-15T12:39:32.671074+0000,/login?ok=0&sid=ccab7f9c-7e98-9f07-81cb-52a8f8d2948d
2026081428,0685aea0-3cd3-6517-9a59-6fd1fbf03c49,9100004,PROJECTA BRUTE FORCE THRESHOLD,2026-08-15T12:39:32.654507+0000,/login?ok=0&sid=0685aea0-3cd3-6517-9a59-6fd1fbf03c49
2026081428,d838501f-9b5b-4131-64f1-3fcf87bbc8f9,9100004,PROJECTA BRUTE FORCE THRESHOLD,2026-08-15T12:39:33.255110+0000,/login?ok=0&sid=d838501f-9b5b-4131-64f1-3fcf87bbc8f9
2026081428,45c64465-15cb-a2d2-29b4-30d32ddf681c,9100003,PROJECTA COMMAND PROBE,2026-08-15T12:39:31.988416+0000,/cmd?x=id&sid=45c64465-15cb-a2d2-29b4-30d32ddf681c
2026081428,bfaca32c-09c8-99b8-b1e6-3eaf82013f86,9100004,PROJECTA BRUTE FORCE THRESHOLD,2026-08-15T12:39:33.112279+0000,/login?ok=0&sid=bfaca32c-09c8-99b8-b1e6-3eaf82013f86
2026081428,d7c5e9cd-1c00-b448-9bae-7ece00ce4e05,9100004,PROJECTA BRUTE FORCE THRESHOLD,2026-08-15T12:39:32.927001+0000,/login?ok=0&sid=d7c5e9cd-1c00-b448-9bae-7ece00ce4e05
2026081428,16b753ac-3c45-e0c8-356e-eaf1cf8beb63,9100004,PROJECTA BRUTE FORCE THRESHOLD,2026-08-15T12:39:33.192448+0000,/login?ok=0&sid=16b753ac-3c45-e0c8-356e-eaf1cf8beb63
2026081428,6d114c83-d0c3-7c52-02e2-d47d0e127766,9100004,PROJECTA BRUTE FORCE THRESHOLD,2026-08-15T12:39:32.733191+0000,/login?ok=0&sid=6d114c83-d0c3-7c52-02e2-d47d0e127766
2026081428,7d402f81-d70e-2b75-5624-502e2be80f8c,9100004,PROJECTA BRUTE FORCE THRESHOLD,2026-08-15T12:39:32.698061+0000,/login?ok=0&sid=7d402f81-d70e-2b75-5624-502e2be80f8c
2026081428,bb61ad4c-4778-9a4a-6ad3-20763ceedcbb,9100004,PROJECTA BRUTE FORCE THRESHOLD,2026-08-15T12:39:33.302663+0000,/login?ok=0&sid=bb61ad4c-4778-9a4a-6ad3-20763ceedcbb
2026081428,85a3e44a-a8c8-a34f-a9e7-650cf56328ae,9100004,PROJECTA BRUTE FORCE THRESHOLD,2026-08-15T12:39:33.014698+0000,/login?ok=0&sid=85a3e44a-a8c8-a34f-a9e7-650cf56328ae
2026081428,a44dbb0c-3f72-3adf-83e7-f9cd28630c17,9100004,PROJECTA BRUTE FORCE THRESHOLD,2026-08-15T12:39:33.006178+0000,/login?ok=0&sid=a44dbb0c-3f72-3adf-83e7-f9cd28630c17
2026081428,807f1ca2-3fac-1c0a-1c5f-532fba4b224e,9100004,PROJECTA BRUTE FORCE THRESHOLD,2026-08-15T12:39:33.732541+0000,/login?ok=0&sid=807f1ca2-3fac-1c0a-1c5f-532fba4b224e
2026081428,09e920c4-cb29-8853-84dd-73c768ff3cc2,9100004,PROJECTA BRUTE FORCE THRESHOLD,2026-08-15T12:39:33.117097+0000,/login?ok=0&sid=09e920c4-cb29-8853-84dd-73c768ff3cc2
2026081428,3ded0c8c-2a7d-a504-7201-1e66ecf746a7,9100004,PROJECTA BRUTE FORCE THRESHOLD,2026-08-15T12:39:32.744453+0000,/login?ok=0&sid=3ded0c8c-2a7d-a504-7201-1e66ecf746a7
2026081428,d0dcbf2e-a7c1-7bdb-a74d-082fc5544154,9100004,PROJECTA BRUTE FORCE THRESHOLD,2026-08-15T12:39:33.027905+0000,/login?ok=0&sid=d0dcbf2e-a7c1-7bdb-a74d-082fc5544154
2026081428,7ec06cb0-f3c1-6db8-52cc-f9e7fa7eb059,9100003,PROJECTA COMMAND PROBE,2026-08-15T12:39:33.471519+0000,/cmd?x=id&sid=7ec06cb0-f3c1-6db8-52cc-f9e7fa7eb059
2026081428,1306c4b0-04c1-a310-01a0-03470b33ceb3,9100004,PROJECTA BRUTE FORCE THRESHOLD,2026-08-15T12:39:33.169090+0000,/login?ok=0&sid=1306c4b0-04c1-a310-01a0-03470b33ceb3
2026081428,2410e96a-18d7-8724-cdbb-b84f50681a99,9100004,PROJECTA BRUTE FORCE THRESHOLD,2026-08-15T12:39:32.690910+0000,/login?ok=0&sid=2410e96a-18d7-8724-cdbb-b84f50681a99
2026081428,25c5f527-7a95-7452-3209-bc8b4754b833,9100004,PROJECTA BRUTE FORCE THRESHOLD,2026-08-15T12:39:33.288621+0000,/login?ok=0&sid=25c5f527-7a95-7452-3209-bc8b4754b833
2026081428,9834fae8-2c8e-2339-19c2-aa2b52d9a5f2,9100004,PROJECTA BRUTE FORCE THRESHOLD,2026-08-15T12:39:33.159900+0000,/login?ok=0&sid=9834fae8-2c8e-2339-19c2-aa2b52d9a5f2
2026081428,48f300d0-2394-7110-b5c4-d34df29ae4a2,9100004,PROJECTA BRUTE FORCE THRESHOLD,2026-08-15T12:39:33.774102+0000,/login?ok=0&sid=48f300d0-2394-7110-b5c4-d34df29ae4a2
2026081428,6c848e18-dcf8-7b05-9989-5ed4ec308ad0,9100004,PROJECTA BRUTE FORCE THRESHOLD,2026-08-15T12:39:33.051480+0000,/login?ok=0&sid=6c848e18-dcf8-7b05-9989-5ed4ec308ad0
2026081428,b3d70592-a50e-cbca-3895-a2fa127b3d8e,9100002,PROJECTA PATH TRAVERSAL,2026-08-15T12:39:33.501698+0000,/%2e%2e/%2e%2e/etc/passwd?sid=b3d70592-a50e-cbca-3895-a2fa127b3d8e
2026081428,9199115f-5f6d-a465-b328-0139f65990a0,9100004,PROJECTA BRUTE FORCE THRESHOLD,2026-08-15T12:39:33.180551+0000,/login?ok=0&sid=9199115f-5f6d-a465-b328-0139f65990a0
2026081428,5713d86e-a84b-0633-6d17-e750a5293c48,9100002,PROJECTA PATH TRAVERSAL,2026-08-15T12:39:33.906598+0000,/%2e%2e/%2e%2e/etc/passwd?sid=5713d86e-a84b-0633-6d17-e750a5293c48
2026081428,8ee61da6-2c29-a5a8-0f8d-87d3af742baf,9100004,PROJECTA BRUTE FORCE THRESHOLD,2026-08-15T12:39:33.722480+0000,/login?ok=0&sid=8ee61da6-2c29-a5a8-0f8d-87d3af742baf
2026081428,081b2793-3964-0afd-91b0-b074d9c810e3,9100002,PROJECTA PATH TRAVERSAL,2026-08-15T12:39:33.950374+0000,/%2e%2e/%2e%2e/etc/passwd?sid=081b2793-3964-0afd-91b0-b074d9c810e3
2026081428,5b3c2d71-7e93-2415-3f9d-be5a97165ba9,9100004,PROJECTA BRUTE FORCE THRESHOLD,2026-08-15T12:39:33.747942+0000,/login?ok=0&sid=5b3c2d71-7e93-2415-3f9d-be5a97165ba9
2026081428,ce671ae7-0faa-3f18-4839-2eae095c5e87,9100004,PROJECTA BRUTE FORCE THRESHOLD,2026-08-15T12:39:33.090182+0000,/login?ok=0&sid=ce671ae7-0faa-3f18-4839-2eae095c5e87
2026081428,f7516807-d7bb-0658-9200-285c0c64cbed,9100004,PROJECTA BRUTE FORCE THRESHOLD,2026-08-15T12:39:33.802314+0000,/login?ok=0&sid=f7516807-d7bb-0658-9200-285c0c64cbed
2026081428,1827d9ae-5576-acb8-1e0e-cbd3f6e96d9a,9100004,PROJECTA BRUTE FORCE THRESHOLD,2026-08-15T12:39:33.787565+0000,/login?ok=0&sid=1827d9ae-5576-acb8-1e0e-cbd3f6e96d9a
2026081428,e733db80-7727-4101-fa0b-8de6d678750b,9100004,PROJECTA BRUTE FORCE THRESHOLD,2026-08-15T12:39:33.690950+0000,/login?ok=0&sid=e733db80-7727-4101-fa0b-8de6d678750b
2026081428,79e5b3a3-1a08-577f-e874-21d1cc03e53b,9100004,PROJECTA BRUTE FORCE THRESHOLD,2026-08-15T12:39:33.271558+0000,/login?ok=0&sid=79e5b3a3-1a08-577f-e874-21d1cc03e53b
2026081428,863babbb-8d56-8365-b989-d7e1b41611b5,9100004,PROJECTA BRUTE FORCE THRESHOLD,2026-08-15T12:39:33.758286+0000,/login?ok=0&sid=863babbb-8d56-8365-b989-d7e1b41611b5
2026081428,c97e40d7-5539-6325-3a84-55abb273da51,9100004,PROJECTA BRUTE FORCE THRESHOLD,2026-08-15T12:39:33.123359+0000,/login?ok=0&sid=c97e40d7-5539-6325-3a84-55abb273da51
2026081428,f7f26b5e-7927-eabc-1f9e-df8a8e0df4b2,9100004,PROJECTA BRUTE FORCE THRESHOLD,2026-08-15T12:39:33.201726+0000,/login?ok=0&sid=f7f26b5e-7927-eabc-1f9e-df8a8e0df4b2
2026081428,433e0a38-0d8f-8278-35eb-2d1e45693ef9,9100004,PROJECTA BRUTE FORCE THRESHOLD,2026-08-15T12:39:33.981015+0000,/login?ok=0&sid=433e0a38-0d8f-8278-35eb-2d1e45693ef9
2026081428,37a8fe3f-ede2-3287-d784-3397b5c202bf,9100002,PROJECTA PATH TRAVERSAL,2026-08-15T12:39:33.396126+0000,/%2e%2e/%2e%2e/etc/passwd?sid=37a8fe3f-ede2-3287-d784-3397b5c202bf
2026081428,4e7e6268-19fc-51cc-64b0-a22b6af0faa3,9100004,PROJECTA BRUTE FORCE THRESHOLD,2026-08-15T12:39:33.313791+0000,/login?ok=0&sid=4e7e6268-19fc-51cc-64b0-a22b6af0faa3
2026081428,6b295bf2-5ab4-ff1a-fbcd-859f704e8a38,9100004,PROJECTA BRUTE FORCE THRESHOLD,2026-08-15T12:39:33.708120+0000,/login?ok=0&sid=6b295bf2-5ab4-ff1a-fbcd-859f704e8a38
2026081428,34197c55-6825-e120-2db8-91d69c2792dc,9100004,PROJECTA BRUTE FORCE THRESHOLD,2026-08-15T12:39:33.696948+0000,/login?ok=0&sid=34197c55-6825-e120-2db8-91d69c2792dc
2026081429,05996fd2-f124-7bc1-be72-059f2dc7df63,9100004,PROJECTA BRUTE FORCE THRESHOLD,2026-08-15T12:39:42.110905+0000,/login?ok=0&sid=05996fd2-f124-7bc1-be72-059f2dc7df63
2026081429,f394232d-03d1-00d4-8229-1adae594efdb,9100004,PROJECTA BRUTE FORCE THRESHOLD,2026-08-15T12:39:42.137676+0000,/login?ok=0&sid=f394232d-03d1-00d4-8229-1adae594efdb
2026081429,0eddb856-909a-6b90-fbc2-da55a96ab2c9,9100001,PROJECTA ADMIN SENSITIVE ACCESS,2026-08-15T12:39:42.048170+0000,/admin/secret?sid=0eddb856-909a-6b90-fbc2-da55a96ab2c9
2026081429,692d4e81-33b9-233b-6963-42f2dd1dc4b3,9100004,PROJECTA BRUTE FORCE THRESHOLD,2026-08-15T12:39:42.144326+0000,/login?ok=0&sid=692d4e81-33b9-233b-6963-42f2dd1dc4b3
2026081429,48dc53a7-0d61-3433-2718-9b55667abd32,9100004,PROJECTA BRUTE FORCE THRESHOLD,2026-08-15T12:39:42.005186+0000,/login?ok=0&sid=48dc53a7-0d61-3433-2718-9b55667abd32
2026081429,da1a4e36-e8a5-3662-9e9a-3992d1a19f99,9100003,PROJECTA COMMAND PROBE,2026-08-15T12:39:42.079255+0000,/cmd?x=id&sid=da1a4e36-e8a5-3662-9e9a-3992d1a19f99
2026081429,1c71ea17-79f8-8410-ab70-224aa4208824,9100004,PROJECTA BRUTE FORCE THRESHOLD,2026-08-15T12:39:42.128774+0000,/login?ok=0&sid=1c71ea17-79f8-8410-ab70-224aa4208824
2026081429,a788a7bf-56e3-2d73-5709-26083271dbda,9100004,PROJECTA BRUTE FORCE THRESHOLD,2026-08-15T12:39:42.023476+0000,/login?ok=0&sid=a788a7bf-56e3-2d73-5709-26083271dbda
2026081429,d958fddd-9a22-42df-3e71-d3754f56d63e,9100004,PROJECTA BRUTE FORCE THRESHOLD,2026-08-15T12:39:42.447943+0000,/login?ok=0&sid=d958fddd-9a22-42df-3e71-d3754f56d63e
2026081429,14a55b25-cc05-c5ed-e03d-390f2904382e,9100004,PROJECTA BRUTE FORCE THRESHOLD,2026-08-15T12:39:42.643344+0000,/login?ok=0&sid=14a55b25-cc05-c5ed-e03d-390f2904382e
2026081429,f8dc980c-0704-fe8d-a393-02a46cdae31b,9100004,PROJECTA BRUTE FORCE THRESHOLD,2026-08-15T12:39:42.707281+0000,/login?ok=0&sid=f8dc980c-0704-fe8d-a393-02a46cdae31b
2026081429,7d624ec8-81f3-fe66-19d1-b86194628b80,9100001,PROJECTA ADMIN SENSITIVE ACCESS,2026-08-15T12:39:42.590341+0000,/admin/secret?sid=7d624ec8-81f3-fe66-19d1-b86194628b80
2026081429,4b23ed62-ab19-714c-cce5-ca1114f50cda,9100004,PROJECTA BRUTE FORCE THRESHOLD,2026-08-15T12:39:42.455814+0000,/login?ok=0&sid=4b23ed62-ab19-714c-cce5-ca1114f50cda
2026081429,2ab856d8-4f0a-366a-76d2-ff7a357643b1,9100003,PROJECTA COMMAND PROBE,2026-08-15T12:39:42.381378+0000,/cmd?x=id&sid=2ab856d8-4f0a-366a-76d2-ff7a357643b1
2026081429,89de5a38-5993-3bb6-bac9-8af10492b217,9100004,PROJECTA BRUTE FORCE THRESHOLD,2026-08-15T12:39:42.464417+0000,/login?ok=0&sid=89de5a38-5993-3bb6-bac9-8af10492b217
2026081429,7e38f555-64f5-45f8-28d0-f1f55f1544ca,9100004,PROJECTA BRUTE FORCE THRESHOLD,2026-08-15T12:39:42.663103+0000,/login?ok=0&sid=7e38f555-64f5-45f8-28d0-f1f55f1544ca
2026081429,569544b2-f200-2242-a4b8-8725a996ec84,9100004,PROJECTA BRUTE FORCE THRESHOLD,2026-08-15T12:39:42.678584+0000,/login?ok=0&sid=569544b2-f200-2242-a4b8-8725a996ec84
2026081429,24702810-95b9-ef61-aaf1-cae48b510809,9100004,PROJECTA BRUTE FORCE THRESHOLD,2026-08-15T12:39:43.237261+0000,/login?ok=0&sid=24702810-95b9-ef61-aaf1-cae48b510809
2026081429,d4d5cd87-d7a3-bbc0-e9f9-aa409d4e6030,9100004,PROJECTA BRUTE FORCE THRESHOLD,2026-08-15T12:39:42.651763+0000,/login?ok=0&sid=d4d5cd87-d7a3-bbc0-e9f9-aa409d4e6030
2026081429,c6595dea-2c78-468f-f83e-366219ec5330,9100004,PROJECTA BRUTE FORCE THRESHOLD,2026-08-15T12:39:43.196665+0000,/login?ok=0&sid=c6595dea-2c78-468f-f83e-366219ec5330
2026081429,b81facf9-c2e1-5ec1-0303-bab0e5acecfe,9100004,PROJECTA BRUTE FORCE THRESHOLD,2026-08-15T12:39:42.698021+0000,/login?ok=0&sid=b81facf9-c2e1-5ec1-0303-bab0e5acecfe
2026081429,c8f562fa-f06b-0331-bc49-eb3dacb4122d,9100002,PROJECTA PATH TRAVERSAL,2026-08-15T12:39:43.278032+0000,/%2e%2e/%2e%2e/etc/passwd?sid=c8f562fa-f06b-0331-bc49-eb3dacb4122d
2026081429,5f1fe4ae-abf3-dec3-e350-cf1c65bbe22a,9100004,PROJECTA BRUTE FORCE THRESHOLD,2026-08-15T12:39:43.063632+0000,/login?ok=0&sid=5f1fe4ae-abf3-dec3-e350-cf1c65bbe22a
2026081429,939ce0fb-3ce1-8075-66d8-bbe1b499725a,9100004,PROJECTA BRUTE FORCE THRESHOLD,2026-08-15T12:39:43.054125+0000,/login?ok=0&sid=939ce0fb-3ce1-8075-66d8-bbe1b499725a
2026081429,60b72a8e-ffe4-5fb4-fed3-1cc9d1df7afa,9100004,PROJECTA BRUTE FORCE THRESHOLD,2026-08-15T12:39:43.348766+0000,/login?ok=0&sid=60b72a8e-ffe4-5fb4-fed3-1cc9d1df7afa
2026081429,e29551f6-b0d7-b26d-971d-1d350a0db801,9100004,PROJECTA BRUTE FORCE THRESHOLD,2026-08-15T12:39:43.549265+0000,/login?ok=0&sid=e29551f6-b0d7-b26d-971d-1d350a0db801
2026081429,0c0aa178-27f6-89a1-17e2-7758e79fefbd,9100004,PROJECTA BRUTE FORCE THRESHOLD,2026-08-15T12:39:43.208239+0000,/login?ok=0&sid=0c0aa178-27f6-89a1-17e2-7758e79fefbd
2026081429,23a691cf-4626-ce11-8afd-752f0a71e57b,9100004,PROJECTA BRUTE FORCE THRESHOLD,2026-08-15T12:39:42.670386+0000,/login?ok=0&sid=23a691cf-4626-ce11-8afd-752f0a71e57b
2026081429,3222926d-b38c-fec9-d98e-80d7938fd65b,9100004,PROJECTA BRUTE FORCE THRESHOLD,2026-08-15T12:39:42.723094+0000,/login?ok=0&sid=3222926d-b38c-fec9-d98e-80d7938fd65b
2026081429,2a28829b-4e02-06b2-e41a-48c4b5b2c92f,9100004,PROJECTA BRUTE FORCE THRESHOLD,2026-08-15T12:39:42.468275+0000,/login?ok=0&sid=2a28829b-4e02-06b2-e41a-48c4b5b2c92f
2026081429,25e78549-0207-79a0-8113-2e0d9a88ead1,9100004,PROJECTA BRUTE FORCE THRESHOLD,2026-08-15T12:39:43.361590+0000,/login?ok=0&sid=25e78549-0207-79a0-8113-2e0d9a88ead1
2026081429,39760d80-530b-cbf9-e9dc-f3d0d02a32e5,9100004,PROJECTA BRUTE FORCE THRESHOLD,2026-08-15T12:39:43.642602+0000,/login?ok=0&sid=39760d80-530b-cbf9-e9dc-f3d0d02a32e5
2026081429,cd49f1f3-eb75-3a2d-39ed-5b6da73f4e4b,9100004,PROJECTA BRUTE FORCE THRESHOLD,2026-08-15T12:39:43.564757+0000,/login?ok=0&sid=cd49f1f3-eb75-3a2d-39ed-5b6da73f4e4b
2026081429,e3d69ed2-a20d-db46-1d96-7f1f3e94a369,9100004,PROJECTA BRUTE FORCE THRESHOLD,2026-08-15T12:39:42.692086+0000,/login?ok=0&sid=e3d69ed2-a20d-db46-1d96-7f1f3e94a369
2026081429,d156c47c-03b1-b719-b329-9716340fc23f,9100004,PROJECTA BRUTE FORCE THRESHOLD,2026-08-15T12:39:42.478011+0000,/login?ok=0&sid=d156c47c-03b1-b719-b329-9716340fc23f
2026081429,a89fa8f9-e0b4-e371-3998-84c9453c4623,9100001,PROJECTA ADMIN SENSITIVE ACCESS,2026-08-15T12:39:42.970979+0000,/admin/secret?sid=a89fa8f9-e0b4-e371-3998-84c9453c4623
2026081429,85787dab-28b4-4db6-e2d5-0af01c83f6a7,9100004,PROJECTA BRUTE FORCE THRESHOLD,2026-08-15T12:39:42.735034+0000,/login?ok=0&sid=85787dab-28b4-4db6-e2d5-0af01c83f6a7
2026081429,0c5c653a-7a38-906a-eb68-857e9a3bb227,9100001,PROJECTA ADMIN SENSITIVE ACCESS,2026-08-15T12:39:44.211726+0000,/admin/secret?sid=0c5c653a-7a38-906a-eb68-857e9a3bb227
2026081429,069d7f20-c274-b845-7b9a-4e70b11570fe,9100004,PROJECTA BRUTE FORCE THRESHOLD,2026-08-15T12:39:43.037402+0000,/login?ok=0&sid=069d7f20-c274-b845-7b9a-4e70b11570fe
2026081429,d0acd6af-7f03-3f7f-59b2-46b8b22e51eb,9100004,PROJECTA BRUTE FORCE THRESHOLD,2026-08-15T12:39:43.213450+0000,/login?ok=0&sid=d0acd6af-7f03-3f7f-59b2-46b8b22e51eb
2026081429,710c7806-3a72-5de6-743b-c8b772841608,9100004,PROJECTA BRUTE FORCE THRESHOLD,2026-08-15T12:39:43.074112+0000,/login?ok=0&sid=710c7806-3a72-5de6-743b-c8b772841608
2026081429,7628808f-1eb2-006f-7359-379ae853c312,9100004,PROJECTA BRUTE FORCE THRESHOLD,2026-08-15T12:39:43.083490+0000,/login?ok=0&sid=7628808f-1eb2-006f-7359-379ae853c312
2026081429,c6c7f826-fc01-6ecb-cbf2-c535f7e5e203,9100004,PROJECTA BRUTE FORCE THRESHOLD,2026-08-15T12:39:43.224876+0000,/login?ok=0&sid=c6c7f826-fc01-6ecb-cbf2-c535f7e5e203
2026081429,bd6e6069-6408-68c5-ef01-434ba0ebaac8,9100004,PROJECTA BRUTE FORCE THRESHOLD,2026-08-15T12:39:43.544100+0000,/login?ok=0&sid=bd6e6069-6408-68c5-ef01-434ba0ebaac8
2026081429,f8bd1d00-e7c8-bca6-3433-4ef58e18650a,9100004,PROJECTA BRUTE FORCE THRESHOLD,2026-08-15T12:39:43.262852+0000,/login?ok=0&sid=f8bd1d00-e7c8-bca6-3433-4ef58e18650a
2026081429,d355d056-382a-af24-2b58-12a7caca36ce,9100004,PROJECTA BRUTE FORCE THRESHOLD,2026-08-15T12:39:43.187787+0000,/login?ok=0&sid=d355d056-382a-af24-2b58-12a7caca36ce
2026081429,ed69f095-e734-5360-fd7e-f1649f3efb56,9100004,PROJECTA BRUTE FORCE THRESHOLD,2026-08-15T12:39:43.248122+0000,/login?ok=0&sid=ed69f095-e734-5360-fd7e-f1649f3efb56
2026081429,5ec3f1a2-92dc-3195-43af-d567e76c6af2,9100004,PROJECTA BRUTE FORCE THRESHOLD,2026-08-15T12:39:43.327574+0000,/login?ok=0&sid=5ec3f1a2-92dc-3195-43af-d567e76c6af2
2026081429,fb2486de-74c0-ddc4-a298-f73c20ecfac8,9100001,PROJECTA ADMIN SENSITIVE ACCESS,2026-08-15T12:39:43.113553+0000,/admin/secret?sid=fb2486de-74c0-ddc4-a298-f73c20ecfac8
2026081429,ee73b4ca-65cc-b000-deed-448c54c083c7,9100004,PROJECTA BRUTE FORCE THRESHOLD,2026-08-15T12:39:43.794251+0000,/login?ok=0&sid=ee73b4ca-65cc-b000-deed-448c54c083c7
2026081429,15f02988-d593-bb3f-9e0d-28413b646ea5,9100004,PROJECTA BRUTE FORCE THRESHOLD,2026-08-15T12:39:43.220448+0000,/login?ok=0&sid=15f02988-d593-bb3f-9e0d-28413b646ea5
2026081429,ec61014f-130f-819a-a7b8-fd3f9a106fa9,9100004,PROJECTA BRUTE FORCE THRESHOLD,2026-08-15T12:39:43.785778+0000,/login?ok=0&sid=ec61014f-130f-819a-a7b8-fd3f9a106fa9
2026081429,588e6cf4-45c5-fd17-885e-f9b462da32f3,9100004,PROJECTA BRUTE FORCE THRESHOLD,2026-08-15T12:39:43.200936+0000,/login?ok=0&sid=588e6cf4-45c5-fd17-885e-f9b462da32f3
2026081429,66cdeb84-0a75-9db3-b422-3d19f86f48c7,9100004,PROJECTA BRUTE FORCE THRESHOLD,2026-08-15T12:39:44.267489+0000,/login?ok=0&sid=66cdeb84-0a75-9db3-b422-3d19f86f48c7
2026081429,d2c339bf-b618-537a-bbcd-a06169cd92e6,9100003,PROJECTA COMMAND PROBE,2026-08-15T12:39:44.096648+0000,/cmd?x=id&sid=d2c339bf-b618-537a-bbcd-a06169cd92e6
2026081429,63be5ceb-acc6-4991-d46f-562de3ae413a,9100003,PROJECTA COMMAND PROBE,2026-08-15T12:39:43.462263+0000,/cmd?x=id&sid=63be5ceb-acc6-4991-d46f-562de3ae413a
2026081429,bbac7695-98fb-d1bb-4d34-333ded59900d,9100004,PROJECTA BRUTE FORCE THRESHOLD,2026-08-15T12:39:43.928452+0000,/login?ok=0&sid=bbac7695-98fb-d1bb-4d34-333ded59900d
2026081429,9e14f23e-12e2-ffe6-e372-757e7a72640d,9100004,PROJECTA BRUTE FORCE THRESHOLD,2026-08-15T12:39:43.342939+0000,/login?ok=0&sid=9e14f23e-12e2-ffe6-e372-757e7a72640d
2026081429,0780bb4e-d5cc-8746-4f58-edd440d05690,9100001,PROJECTA ADMIN SENSITIVE ACCESS,2026-08-15T12:39:43.994490+0000,/admin/secret?sid=0780bb4e-d5cc-8746-4f58-edd440d05690
2026081429,e11ccac3-a337-f63c-1096-d13ee28bf619,9100004,PROJECTA BRUTE FORCE THRESHOLD,2026-08-15T12:39:43.933842+0000,/login?ok=0&sid=e11ccac3-a337-f63c-1096-d13ee28bf619
2026081429,1af26219-cde5-f44c-63d9-e03cb75ece23,9100004,PROJECTA BRUTE FORCE THRESHOLD,2026-08-15T12:39:43.528203+0000,/login?ok=0&sid=1af26219-cde5-f44c-63d9-e03cb75ece23
2026081429,77beda7f-ac91-27ec-6017-3a1c4f17d806,9100004,PROJECTA BRUTE FORCE THRESHOLD,2026-08-15T12:39:43.758875+0000,/login?ok=0&sid=77beda7f-ac91-27ec-6017-3a1c4f17d806
2026081429,66e2e52a-05d5-88de-ed12-79244af8e972,9100004,PROJECTA BRUTE FORCE THRESHOLD,2026-08-15T12:39:43.535726+0000,/login?ok=0&sid=66e2e52a-05d5-88de-ed12-79244af8e972
2026081429,2f539015-0012-8169-43a3-e470d61f189b,9100004,PROJECTA BRUTE FORCE THRESHOLD,2026-08-15T12:39:43.369525+0000,/login?ok=0&sid=2f539015-0012-8169-43a3-e470d61f189b
2026081429,6e7f186a-814e-e4fc-5d47-53a6769adab1,9100004,PROJECTA BRUTE FORCE THRESHOLD,2026-08-15T12:39:43.602562+0000,/login?ok=0&sid=6e7f186a-814e-e4fc-5d47-53a6769adab1
2026081429,faf1d1d3-7dcd-e0a2-41b3-954b0127327b,9100004,PROJECTA BRUTE FORCE THRESHOLD,2026-08-15T12:39:44.506807+0000,/login?ok=0&sid=faf1d1d3-7dcd-e0a2-41b3-954b0127327b
2026081429,6e4d540c-85b5-0c3d-014b-4d0a9c96a58e,9100004,PROJECTA BRUTE FORCE THRESHOLD,2026-08-15T12:39:43.610138+0000,/login?ok=0&sid=6e4d540c-85b5-0c3d-014b-4d0a9c96a58e
2026081429,5a789be6-f793-f0df-179b-a3860a90e4fe,9100004,PROJECTA BRUTE FORCE THRESHOLD,2026-08-15T12:39:44.510520+0000,/login?ok=0&sid=5a789be6-f793-f0df-179b-a3860a90e4fe
2026081429,eff513a1-6f6d-27a6-ddbf-76a07b8a65e1,9100004,PROJECTA BRUTE FORCE THRESHOLD,2026-08-15T12:39:43.773864+0000,/login?ok=0&sid=eff513a1-6f6d-27a6-ddbf-76a07b8a65e1
2026081429,4b3f3315-5dcd-36bf-e357-a5051f900e2a,9100004,PROJECTA BRUTE FORCE THRESHOLD,2026-08-15T12:39:43.752105+0000,/login?ok=0&sid=4b3f3315-5dcd-36bf-e357-a5051f900e2a
2026081429,793ee683-14f2-348d-700c-cc5d04717b79,9100003,PROJECTA COMMAND PROBE,2026-08-15T12:39:44.042796+0000,/cmd?x=id&sid=793ee683-14f2-348d-700c-cc5d04717b79
2026081429,b6e04a49-086d-7647-7a6b-5f7c3bd31a30,9100002,PROJECTA PATH TRAVERSAL,2026-08-15T12:39:44.875556+0000,/%2e%2e/%2e%2e/etc/passwd?sid=b6e04a49-086d-7647-7a6b-5f7c3bd31a30
2026081429,d2c671d2-4438-0cd2-e9a6-ca504906acbc,9100003,PROJECTA COMMAND PROBE,2026-08-15T12:39:44.442600+0000,/cmd?x=id&sid=d2c671d2-4438-0cd2-e9a6-ca504906acbc
2026081429,05acf47e-ebbd-0865-9340-5aa07da0af89,9100004,PROJECTA BRUTE FORCE THRESHOLD,2026-08-15T12:39:43.924093+0000,/login?ok=0&sid=05acf47e-ebbd-0865-9340-5aa07da0af89
2026081429,698ce6a0-e529-5662-f109-027e2f641b53,9100002,PROJECTA PATH TRAVERSAL,2026-08-15T12:39:44.912085+0000,/%2e%2e/%2e%2e/etc/passwd?sid=698ce6a0-e529-5662-f109-027e2f641b53
2026081429,2586ecac-b98d-a0a4-1a32-8bc231dccc72,9100004,PROJECTA BRUTE FORCE THRESHOLD,2026-08-15T12:39:43.620477+0000,/login?ok=0&sid=2586ecac-b98d-a0a4-1a32-8bc231dccc72
2026081429,cdf1f84c-26fc-7fe3-08cd-490ca9b75d03,9100004,PROJECTA BRUTE FORCE THRESHOLD,2026-08-15T12:39:44.971722+0000,/login?ok=0&sid=cdf1f84c-26fc-7fe3-08cd-490ca9b75d03
2026081429,5042827a-75be-f529-0b1d-e6db3e67a543,9100003,PROJECTA COMMAND PROBE,2026-08-15T12:39:44.006563+0000,/cmd?x=id&sid=5042827a-75be-f529-0b1d-e6db3e67a543
2026081429,25da6c42-278a-54df-ab0c-d44800f56975,9100004,PROJECTA BRUTE FORCE THRESHOLD,2026-08-15T12:39:43.635079+0000,/login?ok=0&sid=25da6c42-278a-54df-ab0c-d44800f56975
2026081429,dc3cb194-0f9b-68d6-2020-2d6ec3f545db,9100004,PROJECTA BRUTE FORCE THRESHOLD,2026-08-15T12:39:44.296857+0000,/login?ok=0&sid=dc3cb194-0f9b-68d6-2020-2d6ec3f545db
2026081429,feb73de6-7fcf-f2b6-a50e-0df400d71d03,9100002,PROJECTA PATH TRAVERSAL,2026-08-15T12:39:44.464813+0000,/%2e%2e/%2e%2e/etc/passwd?sid=feb73de6-7fcf-f2b6-a50e-0df400d71d03
2026081429,1eae805f-b4c9-2546-b8b6-34c49030cd22,9100004,PROJECTA BRUTE FORCE THRESHOLD,2026-08-15T12:39:43.947871+0000,/login?ok=0&sid=1eae805f-b4c9-2546-b8b6-34c49030cd22
2026081429,13625859-4044-39a3-eb4e-e95cfe15514e,9100002,PROJECTA PATH TRAVERSAL,2026-08-15T12:39:44.430769+0000,/%2e%2e/%2e%2e/etc/passwd?sid=13625859-4044-39a3-eb4e-e95cfe15514e
2026081429,fda2e0b2-853d-221d-edd4-1fef50b33478,9100004,PROJECTA BRUTE FORCE THRESHOLD,2026-08-15T12:39:44.931135+0000,/login?ok=0&sid=fda2e0b2-853d-221d-edd4-1fef50b33478
2026081429,172754e0-9ed6-525e-9354-be426e7983f2,9100004,PROJECTA BRUTE FORCE THRESHOLD,2026-08-15T12:39:44.525054+0000,/login?ok=0&sid=172754e0-9ed6-525e-9354-be426e7983f2
2026081429,c45071e0-97b2-36d0-2391-905cfd383d35,9100004,PROJECTA BRUTE FORCE THRESHOLD,2026-08-15T12:39:44.935832+0000,/login?ok=0&sid=c45071e0-97b2-36d0-2391-905cfd383d35
2026081429,9080abff-a68f-2ec9-dab6-eaf05db6571b,9100004,PROJECTA BRUTE FORCE THRESHOLD,2026-08-15T12:39:44.304003+0000,/login?ok=0&sid=9080abff-a68f-2ec9-dab6-eaf05db6571b
2026081429,5adb7d86-6d38-47c4-b5c9-35e9ee74660f,9100004,PROJECTA BRUTE FORCE THRESHOLD,2026-08-15T12:39:43.960101+0000,/login?ok=0&sid=5adb7d86-6d38-47c4-b5c9-35e9ee74660f
2026081429,c659c5f1-aa17-2b60-7fa6-7f1280fea809,9100004,PROJECTA BRUTE FORCE THRESHOLD,2026-08-15T12:39:44.941464+0000,/login?ok=0&sid=c659c5f1-aa17-2b60-7fa6-7f1280fea809
2026081429,53b29a86-1403-1cca-bdc2-e7e25106c073,9100004,PROJECTA BRUTE FORCE THRESHOLD,2026-08-15T12:39:44.520422+0000,/login?ok=0&sid=53b29a86-1403-1cca-bdc2-e7e25106c073
2026081429,80027c4c-7c04-c1c2-51c1-482c25a920e6,9100004,PROJECTA BRUTE FORCE THRESHOLD,2026-08-15T12:39:44.272478+0000,/login?ok=0&sid=80027c4c-7c04-c1c2-51c1-482c25a920e6
2026081429,9e58fa3e-2bd1-7b54-9788-5938c7962199,9100004,PROJECTA BRUTE FORCE THRESHOLD,2026-08-15T12:39:44.531962+0000,/login?ok=0&sid=9e58fa3e-2bd1-7b54-9788-5938c7962199
2026081429,4c1ac10d-a09c-9a53-e75c-f80cf43c2e56,9100004,PROJECTA BRUTE FORCE THRESHOLD,2026-08-15T12:39:44.288637+0000,/login?ok=0&sid=4c1ac10d-a09c-9a53-e75c-f80cf43c2e56
2026081429,809452f0-4b89-881e-1ca6-733608e6f506,9100003,PROJECTA COMMAND PROBE,2026-08-15T12:39:44.617592+0000,/cmd?x=id&sid=809452f0-4b89-881e-1ca6-733608e6f506
2026081429,8d04721f-2adf-94b0-281e-1d52528d40a3,9100003,PROJECTA COMMAND PROBE,2026-08-15T12:39:44.688976+0000,/cmd?x=id&sid=8d04721f-2adf-94b0-281e-1d52528d40a3
2026081429,155dae22-6710-047d-e87b-e8d94b0921b5,9100004,PROJECTA BRUTE FORCE THRESHOLD,2026-08-15T12:39:44.956632+0000,/login?ok=0&sid=155dae22-6710-047d-e87b-e8d94b0921b5
2026081430,682ebe35-4558-752c-5e46-ad34d1c12ea4,9100003,PROJECTA COMMAND PROBE,2026-08-15T12:39:52.640284+0000,/cmd?x=id&sid=682ebe35-4558-752c-5e46-ad34d1c12ea4
2026081430,77f245cd-3529-c586-744c-aa2102857724,9100004,PROJECTA BRUTE FORCE THRESHOLD,2026-08-15T12:39:53.001161+0000,/login?ok=0&sid=77f245cd-3529-c586-744c-aa2102857724
2026081430,7660ef1f-fa4a-7a53-b03f-ff41851e8113,9100004,PROJECTA BRUTE FORCE THRESHOLD,2026-08-15T12:39:52.792030+0000,/login?ok=0&sid=7660ef1f-fa4a-7a53-b03f-ff41851e8113
2026081430,28a5f1f5-288e-c79d-17f0-556d2cb7fa56,9100004,PROJECTA BRUTE FORCE THRESHOLD,2026-08-15T12:39:52.912591+0000,/login?ok=0&sid=28a5f1f5-288e-c79d-17f0-556d2cb7fa56
2026081430,d7b4bdf3-e802-b3ec-e29d-319d85321e76,9100004,PROJECTA BRUTE FORCE THRESHOLD,2026-08-15T12:39:52.923560+0000,/login?ok=0&sid=d7b4bdf3-e802-b3ec-e29d-319d85321e76
2026081430,1242d6ea-6377-458b-349c-a2da101ee529,9100004,PROJECTA BRUTE FORCE THRESHOLD,2026-08-15T12:39:53.315897+0000,/login?ok=0&sid=1242d6ea-6377-458b-349c-a2da101ee529
2026081430,1ffda29b-5e58-b8a2-7009-929b0c6fb4d2,9100004,PROJECTA BRUTE FORCE THRESHOLD,2026-08-15T12:39:53.158818+0000,/login?ok=0&sid=1ffda29b-5e58-b8a2-7009-929b0c6fb4d2
2026081430,85ce2319-b2d8-de9b-a177-365c69c5858c,9100003,PROJECTA COMMAND PROBE,2026-08-15T12:39:53.229643+0000,/cmd?x=id&sid=85ce2319-b2d8-de9b-a177-365c69c5858c
2026081430,e7e2d6d8-0dcd-ad70-3360-ea46e890cb7a,9100004,PROJECTA BRUTE FORCE THRESHOLD,2026-08-15T12:39:52.881698+0000,/login?ok=0&sid=e7e2d6d8-0dcd-ad70-3360-ea46e890cb7a
2026081430,0896e1f7-b0ed-db3c-bdd2-195d0974f960,9100004,PROJECTA BRUTE FORCE THRESHOLD,2026-08-15T12:39:53.166832+0000,/login?ok=0&sid=0896e1f7-b0ed-db3c-bdd2-195d0974f960
2026081430,763eb434-6f92-bf9a-0fe4-76c1c03c69f0,9100004,PROJECTA BRUTE FORCE THRESHOLD,2026-08-15T12:39:52.892594+0000,/login?ok=0&sid=763eb434-6f92-bf9a-0fe4-76c1c03c69f0
2026081430,6a48a70e-37d3-bf6c-0dea-b65a12d1c9b4,9100004,PROJECTA BRUTE FORCE THRESHOLD,2026-08-15T12:39:52.949478+0000,/login?ok=0&sid=6a48a70e-37d3-bf6c-0dea-b65a12d1c9b4
2026081430,2290f36d-b1e6-dd8d-76ea-1ff7610638bd,9100004,PROJECTA BRUTE FORCE THRESHOLD,2026-08-15T12:39:52.761005+0000,/login?ok=0&sid=2290f36d-b1e6-dd8d-76ea-1ff7610638bd
2026081430,72ace53a-88e8-037c-7c25-656f1ec208f2,9100004,PROJECTA BRUTE FORCE THRESHOLD,2026-08-15T12:39:53.360564+0000,/login?ok=0&sid=72ace53a-88e8-037c-7c25-656f1ec208f2
2026081430,d5b4e8b5-52f5-6836-a2fb-40a87db7b9ea,9100004,PROJECTA BRUTE FORCE THRESHOLD,2026-08-15T12:39:53.344729+0000,/login?ok=0&sid=d5b4e8b5-52f5-6836-a2fb-40a87db7b9ea
2026081430,06eb11fa-9cc9-7dfe-83ef-8552dcc12a86,9100004,PROJECTA BRUTE FORCE THRESHOLD,2026-08-15T12:39:53.546985+0000,/login?ok=0&sid=06eb11fa-9cc9-7dfe-83ef-8552dcc12a86
2026081430,b62d9354-08dc-cf45-4bd3-47a7d59417f9,9100004,PROJECTA BRUTE FORCE THRESHOLD,2026-08-15T12:39:53.311215+0000,/login?ok=0&sid=b62d9354-08dc-cf45-4bd3-47a7d59417f9
2026081430,7399f3f6-8c89-9a56-53a6-b4ad20f5c429,9100004,PROJECTA BRUTE FORCE THRESHOLD,2026-08-15T12:39:52.985805+0000,/login?ok=0&sid=7399f3f6-8c89-9a56-53a6-b4ad20f5c429
2026081430,d4bea363-d155-02bc-a4a3-5928280347ac,9100004,PROJECTA BRUTE FORCE THRESHOLD,2026-08-15T12:39:52.954799+0000,/login?ok=0&sid=d4bea363-d155-02bc-a4a3-5928280347ac
2026081430,95ea14dd-90f1-9db4-43cb-3d1232fe0ce9,9100004,PROJECTA BRUTE FORCE THRESHOLD,2026-08-15T12:39:53.328807+0000,/login?ok=0&sid=95ea14dd-90f1-9db4-43cb-3d1232fe0ce9
2026081430,de1bb47d-af02-9633-0567-9b232fbdbb71,9100004,PROJECTA BRUTE FORCE THRESHOLD,2026-08-15T12:39:53.296590+0000,/login?ok=0&sid=de1bb47d-af02-9633-0567-9b232fbdbb71
2026081430,ef86b35c-5dcf-a62c-6e71-5638e74f63e3,9100004,PROJECTA BRUTE FORCE THRESHOLD,2026-08-15T12:39:53.371780+0000,/login?ok=0&sid=ef86b35c-5dcf-a62c-6e71-5638e74f63e3
2026081430,e9f3f2a0-eced-819f-f5eb-636bfcedaa15,9100004,PROJECTA BRUTE FORCE THRESHOLD,2026-08-15T12:39:53.173096+0000,/login?ok=0&sid=e9f3f2a0-eced-819f-f5eb-636bfcedaa15
2026081430,d782deac-2055-0077-9af3-a1a232702060,9100004,PROJECTA BRUTE FORCE THRESHOLD,2026-08-15T12:39:52.969075+0000,/login?ok=0&sid=d782deac-2055-0077-9af3-a1a232702060
2026081430,073ad14e-1f0c-e017-10e6-b47526cb676a,9100004,PROJECTA BRUTE FORCE THRESHOLD,2026-08-15T12:39:53.512100+0000,/login?ok=0&sid=073ad14e-1f0c-e017-10e6-b47526cb676a
2026081430,d7d07ba3-ee4d-7777-4a12-f75f0bf298ea,9100004,PROJECTA BRUTE FORCE THRESHOLD,2026-08-15T12:39:53.143231+0000,/login?ok=0&sid=d7d07ba3-ee4d-7777-4a12-f75f0bf298ea
2026081430,b203fc6d-6293-0524-58aa-9ccae49f7c3c,9100004,PROJECTA BRUTE FORCE THRESHOLD,2026-08-15T12:39:53.336100+0000,/login?ok=0&sid=b203fc6d-6293-0524-58aa-9ccae49f7c3c
2026081430,9e56ce7c-7550-0083-962d-edf4b4a98935,9100004,PROJECTA BRUTE FORCE THRESHOLD,2026-08-15T12:39:53.792124+0000,/login?ok=0&sid=9e56ce7c-7550-0083-962d-edf4b4a98935
2026081430,0f99b680-51e0-81e2-1220-2623676d0e4a,9100004,PROJECTA BRUTE FORCE THRESHOLD,2026-08-15T12:39:53.152734+0000,/login?ok=0&sid=0f99b680-51e0-81e2-1220-2623676d0e4a
2026081430,3859012b-fb0d-d31e-30f9-e5856c442de7,9100004,PROJECTA BRUTE FORCE THRESHOLD,2026-08-15T12:39:53.541077+0000,/login?ok=0&sid=3859012b-fb0d-d31e-30f9-e5856c442de7
2026081430,c4fe8ae9-1123-f018-f806-78fa5a609543,9100004,PROJECTA BRUTE FORCE THRESHOLD,2026-08-15T12:39:53.534348+0000,/login?ok=0&sid=c4fe8ae9-1123-f018-f806-78fa5a609543
2026081430,53438cfc-4fef-aec6-5558-36cc4177838c,9100004,PROJECTA BRUTE FORCE THRESHOLD,2026-08-15T12:39:54.132178+0000,/login?ok=0&sid=53438cfc-4fef-aec6-5558-36cc4177838c
2026081430,0e06c112-06da-4178-b4ca-cf217327ddb9,9100004,PROJECTA BRUTE FORCE THRESHOLD,2026-08-15T12:39:53.776135+0000,/login?ok=0&sid=0e06c112-06da-4178-b4ca-cf217327ddb9
2026081430,e8fc7c07-edc4-f453-ac4d-e22aabc114e1,9100004,PROJECTA BRUTE FORCE THRESHOLD,2026-08-15T12:39:53.284601+0000,/login?ok=0&sid=e8fc7c07-edc4-f453-ac4d-e22aabc114e1
2026081430,dc3f01b3-d0c4-c4ac-a6a5-65840ec04126,9100004,PROJECTA BRUTE FORCE THRESHOLD,2026-08-15T12:39:53.611558+0000,/login?ok=0&sid=dc3f01b3-d0c4-c4ac-a6a5-65840ec04126
2026081430,c2b113c9-e3c3-bdfb-29fd-9c8d4bd2edd6,9100004,PROJECTA BRUTE FORCE THRESHOLD,2026-08-15T12:39:54.153330+0000,/login?ok=0&sid=c2b113c9-e3c3-bdfb-29fd-9c8d4bd2edd6
2026081430,5f5adf92-daa3-3d27-3929-a1b48f328392,9100004,PROJECTA BRUTE FORCE THRESHOLD,2026-08-15T12:39:53.781723+0000,/login?ok=0&sid=5f5adf92-daa3-3d27-3929-a1b48f328392
2026081430,2febf51a-bd00-c131-d0b9-ca683f99e8a0,9100004,PROJECTA BRUTE FORCE THRESHOLD,2026-08-15T12:39:53.644739+0000,/login?ok=0&sid=2febf51a-bd00-c131-d0b9-ca683f99e8a0
2026081430,9bff36e8-2e84-8530-1bfe-304cd1862133,9100004,PROJECTA BRUTE FORCE THRESHOLD,2026-08-15T12:39:54.138052+0000,/login?ok=0&sid=9bff36e8-2e84-8530-1bfe-304cd1862133
2026081430,eae33976-fad0-121d-dfff-15924ff8294e,9100004,PROJECTA BRUTE FORCE THRESHOLD,2026-08-15T12:39:53.631747+0000,/login?ok=0&sid=eae33976-fad0-121d-dfff-15924ff8294e
2026081430,7ab5912f-1661-d8f0-451c-8224f0b3a563,9100004,PROJECTA BRUTE FORCE THRESHOLD,2026-08-15T12:39:53.523340+0000,/login?ok=0&sid=7ab5912f-1661-d8f0-451c-8224f0b3a563
2026081430,d7468d06-6f17-dc63-2191-616587d8edb4,9100004,PROJECTA BRUTE FORCE THRESHOLD,2026-08-15T12:39:53.652896+0000,/login?ok=0&sid=d7468d06-6f17-dc63-2191-616587d8edb4
2026081430,5d0a0037-a502-c965-498b-3e4c3465c316,9100004,PROJECTA BRUTE FORCE THRESHOLD,2026-08-15T12:39:53.292958+0000,/login?ok=0&sid=5d0a0037-a502-c965-498b-3e4c3465c316
2026081430,37619dea-51b3-53ab-5ef9-7e58bbb487e2,9100004,PROJECTA BRUTE FORCE THRESHOLD,2026-08-15T12:39:54.959300+0000,/login?ok=0&sid=37619dea-51b3-53ab-5ef9-7e58bbb487e2
2026081430,ad5db882-505d-c67b-fbb6-00f9390b4d09,9100004,PROJECTA BRUTE FORCE THRESHOLD,2026-08-15T12:39:54.692296+0000,/login?ok=0&sid=ad5db882-505d-c67b-fbb6-00f9390b4d09
2026081430,57fa7147-3b1f-6bab-f024-28c0d0455526,9100002,PROJECTA PATH TRAVERSAL,2026-08-15T12:39:55.241954+0000,/%2e%2e/%2e%2e/etc/passwd?sid=57fa7147-3b1f-6bab-f024-28c0d0455526
2026081430,a7a48278-127b-50f8-c77f-f373d28107a5,9100004,PROJECTA BRUTE FORCE THRESHOLD,2026-08-15T12:39:55.124263+0000,/login?ok=0&sid=a7a48278-127b-50f8-c77f-f373d28107a5
2026081430,38f96f30-83ef-6b4e-af86-12cd78c0ac9c,9100004,PROJECTA BRUTE FORCE THRESHOLD,2026-08-15T12:39:53.628037+0000,/login?ok=0&sid=38f96f30-83ef-6b4e-af86-12cd78c0ac9c
2026081430,7e6816b8-8f3f-0ea4-a037-09c25a9be86a,9100004,PROJECTA BRUTE FORCE THRESHOLD,2026-08-15T12:39:54.176720+0000,/login?ok=0&sid=7e6816b8-8f3f-0ea4-a037-09c25a9be86a
2026081430,894d2d93-29a8-0592-18ae-410bae17ffb1,9100004,PROJECTA BRUTE FORCE THRESHOLD,2026-08-15T12:39:54.375724+0000,/login?ok=0&sid=894d2d93-29a8-0592-18ae-410bae17ffb1
2026081430,304ce62b-3692-15e1-0257-3553acc5bed4,9100004,PROJECTA BRUTE FORCE THRESHOLD,2026-08-15T12:39:55.144951+0000,/login?ok=0&sid=304ce62b-3692-15e1-0257-3553acc5bed4
2026081430,682253af-abde-ed17-e80c-912820515ecc,9100004,PROJECTA BRUTE FORCE THRESHOLD,2026-08-15T12:39:54.673268+0000,/login?ok=0&sid=682253af-abde-ed17-e80c-912820515ecc
2026081430,456d9868-28d8-24c1-04b8-569f94bf4bb6,9100004,PROJECTA BRUTE FORCE THRESHOLD,2026-08-15T12:39:55.312741+0000,/login?ok=0&sid=456d9868-28d8-24c1-04b8-569f94bf4bb6
2026081430,84754e40-f76f-93f4-4bef-46be635639f4,9100004,PROJECTA BRUTE FORCE THRESHOLD,2026-08-15T12:39:53.797500+0000,/login?ok=0&sid=84754e40-f76f-93f4-4bef-46be635639f4
2026081430,0a2d3f32-c784-b12c-d81e-b1a379d79f87,9100004,PROJECTA BRUTE FORCE THRESHOLD,2026-08-15T12:39:53.764606+0000,/login?ok=0&sid=0a2d3f32-c784-b12c-d81e-b1a379d79f87
2026081430,505e7add-87dd-611a-400d-1d18ecf4749e,9100004,PROJECTA BRUTE FORCE THRESHOLD,2026-08-15T12:39:54.678534+0000,/login?ok=0&sid=505e7add-87dd-611a-400d-1d18ecf4749e
2026081430,3fe948d3-25cc-1eef-cd50-40d22dd39a3f,9100004,PROJECTA BRUTE FORCE THRESHOLD,2026-08-15T12:39:54.349335+0000,/login?ok=0&sid=3fe948d3-25cc-1eef-cd50-40d22dd39a3f
2026081430,4024c404-6a3a-9241-8c5e-c633fccdd405,9100004,PROJECTA BRUTE FORCE THRESHOLD,2026-08-15T12:39:55.354380+0000,/login?ok=0&sid=4024c404-6a3a-9241-8c5e-c633fccdd405
2026081430,c16b65ae-374c-b38a-0a8c-96e6fcf14155,9100004,PROJECTA BRUTE FORCE THRESHOLD,2026-08-15T12:39:55.523476+0000,/login?ok=0&sid=c16b65ae-374c-b38a-0a8c-96e6fcf14155
2026081430,0b6e21b4-657a-67f5-25c4-0acf6ec4b937,9100004,PROJECTA BRUTE FORCE THRESHOLD,2026-08-15T12:39:54.165605+0000,/login?ok=0&sid=0b6e21b4-657a-67f5-25c4-0acf6ec4b937
2026081430,988d34cc-acab-ce98-8abc-a87b0b93a27c,9100004,PROJECTA BRUTE FORCE THRESHOLD,2026-08-15T12:39:54.381158+0000,/login?ok=0&sid=988d34cc-acab-ce98-8abc-a87b0b93a27c
2026081430,1190eb04-e296-5e5f-9440-f2b7f2e2201b,9100004,PROJECTA BRUTE FORCE THRESHOLD,2026-08-15T12:39:55.140520+0000,/login?ok=0&sid=1190eb04-e296-5e5f-9440-f2b7f2e2201b
2026081430,340ffb29-2943-df43-8438-4a6112ee27cb,9100004,PROJECTA BRUTE FORCE THRESHOLD,2026-08-15T12:39:54.513282+0000,/login?ok=0&sid=340ffb29-2943-df43-8438-4a6112ee27cb
2026081430,8531617f-9b7a-2536-fa53-34da3ccaae22,9100002,PROJECTA PATH TRAVERSAL,2026-08-15T12:39:54.127623+0000,/%2e%2e/%2e%2e/etc/passwd?sid=8531617f-9b7a-2536-fa53-34da3ccaae22
2026081430,71500f21-f5f6-9564-fc6c-6c59f1b32d35,9100004,PROJECTA BRUTE FORCE THRESHOLD,2026-08-15T12:39:55.569445+0000,/login?ok=0&sid=71500f21-f5f6-9564-fc6c-6c59f1b32d35
2026081430,870b19e2-1c3b-c7a5-af76-f7d4b73d9627,9100004,PROJECTA BRUTE FORCE THRESHOLD,2026-08-15T12:39:54.364682+0000,/login?ok=0&sid=870b19e2-1c3b-c7a5-af76-f7d4b73d9627
2026081430,eab99d0f-c66a-090a-96e6-592ecae60f61,9100004,PROJECTA BRUTE FORCE THRESHOLD,2026-08-15T12:39:54.661350+0000,/login?ok=0&sid=eab99d0f-c66a-090a-96e6-592ecae60f61
2026081430,1778e145-b467-8321-4cbd-7460d5710336,9100003,PROJECTA COMMAND PROBE,2026-08-15T12:39:54.854753+0000,/cmd?x=id&sid=1778e145-b467-8321-4cbd-7460d5710336
2026081430,7112477b-ae95-8158-5eda-dfad06d3ff7a,9100002,PROJECTA PATH TRAVERSAL,2026-08-15T12:39:53.972534+0000,/%2e%2e/%2e%2e/etc/passwd?sid=7112477b-ae95-8158-5eda-dfad06d3ff7a
2026081430,391787fe-dbb5-b097-6a92-5918880d9266,9100001,PROJECTA ADMIN SENSITIVE ACCESS,2026-08-15T12:39:55.279487+0000,/admin/secret?sid=391787fe-dbb5-b097-6a92-5918880d9266
2026081430,474329a7-d6b8-5ef3-f196-1d7b31d5394d,9100004,PROJECTA BRUTE FORCE THRESHOLD,2026-08-15T12:39:55.486123+0000,/login?ok=0&sid=474329a7-d6b8-5ef3-f196-1d7b31d5394d
2026081430,eccd5899-a70e-191f-cc00-a466bf0551d8,9100004,PROJECTA BRUTE FORCE THRESHOLD,2026-08-15T12:39:54.390766+0000,/login?ok=0&sid=eccd5899-a70e-191f-cc00-a466bf0551d8
2026081430,eda620f6-e4ac-dbf6-b8a8-ab987019e205,9100004,PROJECTA BRUTE FORCE THRESHOLD,2026-08-15T12:39:54.930641+0000,/login?ok=0&sid=eda620f6-e4ac-dbf6-b8a8-ab987019e205
2026081430,84bef8dd-74a7-77cb-e5fd-0c6d635ade36,9100004,PROJECTA BRUTE FORCE THRESHOLD,2026-08-15T12:39:54.533331+0000,/login?ok=0&sid=84bef8dd-74a7-77cb-e5fd-0c6d635ade36
2026081430,94288715-023c-c2ee-32af-b95bdcfeafa8,9100004,PROJECTA BRUTE FORCE THRESHOLD,2026-08-15T12:39:55.045284+0000,/login?ok=0&sid=94288715-023c-c2ee-32af-b95bdcfeafa8
2026081430,51a7ec4e-05ba-eedc-4c1a-af9a3f20a441,9100004,PROJECTA BRUTE FORCE THRESHOLD,2026-08-15T12:39:55.517662+0000,/login?ok=0&sid=51a7ec4e-05ba-eedc-4c1a-af9a3f20a441
2026081430,f2c6d6f5-1936-1362-b856-0aeae7c24fcb,9100004,PROJECTA BRUTE FORCE THRESHOLD,2026-08-15T12:39:54.503792+0000,/login?ok=0&sid=f2c6d6f5-1936-1362-b856-0aeae7c24fcb
2026081430,3de93ebc-91ca-94ed-a0a1-139dd0329798,9100004,PROJECTA BRUTE FORCE THRESHOLD,2026-08-15T12:39:54.667647+0000,/login?ok=0&sid=3de93ebc-91ca-94ed-a0a1-139dd0329798
2026081430,8bd130d0-4ed5-9679-e2fe-4f9443b2d6da,9100004,PROJECTA BRUTE FORCE THRESHOLD,2026-08-15T12:39:54.973584+0000,/login?ok=0&sid=8bd130d0-4ed5-9679-e2fe-4f9443b2d6da
2026081430,b330564a-40fb-b488-8505-55bb30bf0343,9100004,PROJECTA BRUTE FORCE THRESHOLD,2026-08-15T12:39:55.320846+0000,/login?ok=0&sid=b330564a-40fb-b488-8505-55bb30bf0343
2026081430,ac30af99-88c5-d08b-60f9-961cbf09d135,9100002,PROJECTA PATH TRAVERSAL,2026-08-15T12:39:54.550732+0000,/%2e%2e/%2e%2e/etc/passwd?sid=ac30af99-88c5-d08b-60f9-961cbf09d135
2026081430,2b11d256-bd42-ac20-c9cb-14e1607de098,9100004,PROJECTA BRUTE FORCE THRESHOLD,2026-08-15T12:39:54.492531+0000,/login?ok=0&sid=2b11d256-bd42-ac20-c9cb-14e1607de098
2026081430,0e4584ca-5009-d3e3-f866-9e69f751c9dc,9100004,PROJECTA BRUTE FORCE THRESHOLD,2026-08-15T12:39:55.176774+0000,/login?ok=0&sid=0e4584ca-5009-d3e3-f866-9e69f751c9dc
2026081430,c6c7b045-6465-472c-7535-cbcae86082a0,9100004,PROJECTA BRUTE FORCE THRESHOLD,2026-08-15T12:39:54.527683+0000,/login?ok=0&sid=c6c7b045-6465-472c-7535-cbcae86082a0
2026081430,0f3595a0-1319-4a7f-f582-09c688e222ad,9100002,PROJECTA PATH TRAVERSAL,2026-08-15T12:39:55.452945+0000,/%2e%2e/%2e%2e/etc/passwd?sid=0f3595a0-1319-4a7f-f582-09c688e222ad
2026081430,23c09731-8063-3377-2eaa-09933a64024a,9100004,PROJECTA BRUTE FORCE THRESHOLD,2026-08-15T12:39:55.482774+0000,/login?ok=0&sid=23c09731-8063-3377-2eaa-09933a64024a
2026081430,cb80d1c5-4fbc-c1b3-2d85-69836a2a717e,9100004,PROJECTA BRUTE FORCE THRESHOLD,2026-08-15T12:39:54.942722+0000,/login?ok=0&sid=cb80d1c5-4fbc-c1b3-2d85-69836a2a717e
2026081430,de04007c-5399-c86f-6492-ef06296bbf1a,9100001,PROJECTA ADMIN SENSITIVE ACCESS,2026-08-15T12:39:54.758830+0000,/admin/secret?sid=de04007c-5399-c86f-6492-ef06296bbf1a
2026081430,97c974eb-6ac7-cdca-0262-9abd525d5805,9100004,PROJECTA BRUTE FORCE THRESHOLD,2026-08-15T12:39:55.565649+0000,/login?ok=0&sid=97c974eb-6ac7-cdca-0262-9abd525d5805
2026081430,7844a838-8c06-4d7f-4f5e-c1b5b292b1fe,9100003,PROJECTA COMMAND PROBE,2026-08-15T12:39:55.266213+0000,/cmd?x=id&sid=7844a838-8c06-4d7f-4f5e-c1b5b292b1fe
2026081430,81fb8ce5-8c45-3ff1-b2f8-28716bccfcc3,9100004,PROJECTA BRUTE FORCE THRESHOLD,2026-08-15T12:39:55.161179+0000,/login?ok=0&sid=81fb8ce5-8c45-3ff1-b2f8-28716bccfcc3
2026081430,436dc45f-c38c-cc0d-0b9f-962856fefc4c,9100004,PROJECTA BRUTE FORCE THRESHOLD,2026-08-15T12:39:55.038444+0000,/login?ok=0&sid=436dc45f-c38c-cc0d-0b9f-962856fefc4c
2026081430,e6951dc4-dc91-d166-9360-9e4a0adfdc07,9100004,PROJECTA BRUTE FORCE THRESHOLD,2026-08-15T12:39:54.925768+0000,/login?ok=0&sid=e6951dc4-dc91-d166-9360-9e4a0adfdc07
2026081430,c653470c-8816-5d10-2555-051aeb54cf41,9100004,PROJECTA BRUTE FORCE THRESHOLD,2026-08-15T12:39:55.025820+0000,/login?ok=0&sid=c653470c-8816-5d10-2555-051aeb54cf41
2026081430,ed309b4a-ee57-0a62-7961-4e1bcc883383,9100004,PROJECTA BRUTE FORCE THRESHOLD,2026-08-15T12:39:55.344415+0000,/login?ok=0&sid=ed309b4a-ee57-0a62-7961-4e1bcc883383
2026081430,0fa3b742-82b9-0196-603a-797668911f40,9100004,PROJECTA BRUTE FORCE THRESHOLD,2026-08-15T12:39:55.015048+0000,/login?ok=0&sid=0fa3b742-82b9-0196-603a-797668911f40
2026081430,210fcdb2-5b93-440b-d107-ec9c750512e5,9100004,PROJECTA BRUTE FORCE THRESHOLD,2026-08-15T12:39:55.502854+0000,/login?ok=0&sid=210fcdb2-5b93-440b-d107-ec9c750512e5
2026081430,e9ffb13f-590d-e27f-7a3b-b55fae89ab9d,9100004,PROJECTA BRUTE FORCE THRESHOLD,2026-08-15T12:39:55.053739+0000,/login?ok=0&sid=e9ffb13f-590d-e27f-7a3b-b55fae89ab9d
2026081430,bb41eae3-21ba-2673-8d97-5474d418e88d,9100004,PROJECTA BRUTE FORCE THRESHOLD,2026-08-15T12:39:55.476505+0000,/login?ok=0&sid=bb41eae3-21ba-2673-8d97-5474d418e88d
2026081430,c5874d2d-33df-1f0f-f096-6b01874dc163,9100004,PROJECTA BRUTE FORCE THRESHOLD,2026-08-15T12:39:55.537090+0000,/login?ok=0&sid=c5874d2d-33df-1f0f-f096-6b01874dc163
2026081430,52fca7b1-6c9f-f304-3206-f52ebbb3c241,9100004,PROJECTA BRUTE FORCE THRESHOLD,2026-08-15T12:39:55.334026+0000,/login?ok=0&sid=52fca7b1-6c9f-f304-3206-f52ebbb3c241
2026081430,b6f15367-c5c3-6afb-bd09-aa1acb81bed0,9100004,PROJECTA BRUTE FORCE THRESHOLD,2026-08-15T12:39:55.553356+0000,/login?ok=0&sid=b6f15367-c5c3-6afb-bd09-aa1acb81bed0
